#############################################################
#                                                           #
#    #    ##   #  #   #                           #         #
#   # #  #  #  #  #  # #                          #         #
#  ##### #  #  #  # #####  ##  ###  #  #  ## ###  ###       #
#  #   # #  #  #  # #   # #  # #  # #  # #   #  # #  #      #
#  #   # #  #  #  # #   # #  # #  # #  #   # #  # #  #      #
#  #   #  ## #  ##  #   #  ### ###   ### ##  ###  #  #      #
#                            # #             #              #
#                          ##  #             #              #
#                                                           #
#############################################################
-0.099 -0.008, 0.0 0.0, 0.0 0.0, 0.0 0.0, 1.156839149618933, 0.0, 216106.1026352289, 0.0, 0.0, 0.0, 0, 0.23300970873786409, 0, 0.7669902912621359, 0, 0.0, 0, 4.627356598475732e-06, 1e-05, 1e-05, 0.01, 0.01, 0.01, 0.01, 1
-0.099 -0.006, 0.0 0.0, 0.0 0.0, 0.0 0.0, 1.156839149618933, 0.0, 216106.1026352289, 0.0, 0.0, 0.0, 0, 0.23300970873786409, 0, 0.7669902912621359, 0, 0.0, 0, 4.627356598475732e-06, 1e-05, 1e-05, 0.01, 0.01, 0.01, 0.01, 1
-0.099 -0.004, 0.0 0.0, 0.0 0.0, 0.0 0.0, 1.156839149618933, 0.0, 216106.1026352289, 0.0, 0.0, 0.0, 0, 0.23300970873786409, 0, 0.7669902912621359, 0, 0.0, 0, 4.627356598475732e-06, 1e-05, 1e-05, 0.01, 0.01, 0.01, 0.01, 1
-0.099 -0.002, 0.0 0.0, 0.0 0.0, 0.0 0.0, 1.156839149618933, 0.0, 216106.1026352289, 0.0, 0.0, 0.0, 0, 0.23300970873786409, 0, 0.7669902912621359, 0, 0.0, 0, 4.627356598475732e-06, 1e-05, 1e-05, 0.01, 0.01, 0.01, 0.01, 1
-0.099 0.0, 0.0 0.0, 0.0 0.0, 0.0 0.0, 1.156839149618933, 0.0, 216106.1026352289, 0.0, 0.0, 0.0, 0, 0.23300970873786409, 0, 0.7669902912621359, 0, 0.0, 0, 4.627356598475732e-06, 1e-05, 1e-05, 0.01, 0.01, 0.01, 0.01, 1
-0.099 0.002, 0.0 0.0, 0.0 0.0, 0.0 0.0, 1.156839149618933, 0.0, 216106.1026352289, 0.0, 0.0, 0.0, 0, 0.23300970873786409, 0, 0.7669902912621359, 0, 0.0, 0, 4.627356598475732e-06, 1e-05, 1e-05, 0.01, 0.01, 0.01, 0.01, 1
-0.099 0.004, 0.0 0.0, 0.0 0.0, 0.0 0.0, 1.156839149618933, 0.0, 216106.1026352289, 0.0, 0.0, 0.0, 0, 0.23300970873786409, 0, 0.7669902912621359, 0, 0.0, 0, 4.627356598475732e-06, 1e-05, 1e-05, 0.01, 0.01, 0.01, 0.01, 1
-0.099 0.006, 0.0 0.0, 0.0 0.0, 0.0 0.0, 1.156839149618933, 0.0, 216106.1026352289, 0.0, 0.0, 0.0, 0, 0.23300970873786409, 0, 0.7669902912621359, 0, 0.0, 0, 4.627356598475732e-06, 1e-05, 1e-05, 0.01, 0.01, 0.01, 0.01, 1
-0.099 0.008, 0.0 0.0, 0.0 0.0, 0.0 0.0, 1.156839149618933, 0.0, 216106.1026352289, 0.0, 0.0, 0.0, 0, 0.23300970873786409, 0, 0.7669902912621359, 0, 0.0, 0, 4.627356598475732e-06, 1e-05, 1e-05, 0.01, 0.01, 0.01, 0.01, 1
-0.097 -0.008, 0.0 0.0, 0.0 0.0, 0.0 0.0, 1.156839149618933, 0.0, 216106.1026352289, 0.0, 0.0, 0.0, 0, 0.23300970873786409, 0, 0.7669902912621359, 0, 0.0, 0, 4.627356598475732e-06, 1e-05, 1e-05, 0.01, 0.01, 0.01, 0.01, 1
-0.097 -0.006, 0.0 0.0, 0.0 0.0, 0.0 0.0, 1.156839149618933, 0.0, 216106.1026352289, 0.0, 0.0, 0.0, 0, 0.23300970873786409, 0, 0.7669902912621359, 0, 0.0, 0, 4.627356598475732e-06, 1e-05, 1e-05, 0.01, 0.01, 0.01, 0.01, 1
-0.097 -0.004, 0.0 0.0, 0.0 0.0, 0.0 0.0, 1.156839149618933, 0.0, 216106.1026352289, 0.0, 0.0, 0.0, 0, 0.23300970873786409, 0, 0.7669902912621359, 0, 0.0, 0, 4.627356598475732e-06, 1e-05, 1e-05, 0.01, 0.01, 0.01, 0.01, 1
-0.097 -0.002, 0.0 0.0, 0.0 0.0, 0.0 0.0, 1.156839149618933, 0.0, 216106.1026352289, 0.0, 0.0, 0.0, 0, 0.23300970873786409, 0, 0.7669902912621359, 0, 0.0, 0, 4.627356598475732e-06, 1e-05, 1e-05, 0.01, 0.01, 0.01, 0.01, 1
-0.097 0.0, 0.0 0.0, 0.0 0.0, 0.0 0.0, 1.156839149618933, 0.0, 216106.1026352289, 0.0, 0.0, 0.0, 0, 0.23300970873786409, 0, 0.7669902912621359, 0, 0.0, 0, 4.627356598475732e-06, 1e-05, 1e-05, 0.01, 0.01, 0.01, 0.01, 1
-0.097 0.002, 0.0 0.0, 0.0 0.0, 0.0 0.0, 1.156839149618933, 0.0, 216106.1026352289, 0.0, 0.0, 0.0, 0, 0.23300970873786409, 0, 0.7669902912621359, 0, 0.0, 0, 4.627356598475732e-06, 1e-05, 1e-05, 0.01, 0.01, 0.01, 0.01, 1
-0.097 0.004, 0.0 0.0, 0.0 0.0, 0.0 0.0, 1.156839149618933, 0.0, 216106.1026352289, 0.0, 0.0, 0.0, 0, 0.23300970873786409, 0, 0.7669902912621359, 0, 0.0, 0, 4.627356598475732e-06, 1e-05, 1e-05, 0.01, 0.01, 0.01, 0.01, 1
-0.097 0.006, 0.0 0.0, 0.0 0.0, 0.0 0.0, 1.156839149618933, 0.0, 216106.1026352289, 0.0, 0.0, 0.0, 0, 0.23300970873786409, 0, 0.7669902912621359, 0, 0.0, 0, 4.627356598475732e-06, 1e-05, 1e-05, 0.01, 0.01, 0.01, 0.01, 1
-0.097 0.008, 0.0 0.0, 0.0 0.0, 0.0 0.0, 1.156839149618933, 0.0, 216106.1026352289, 0.0, 0.0, 0.0, 0, 0.23300970873786409, 0, 0.7669902912621359, 0, 0.0, 0, 4.627356598475732e-06, 1e-05, 1e-05, 0.01, 0.01, 0.01, 0.01, 1
-0.095 -0.008, 0.0 0.0, 0.0 0.0, 0.0 0.0, 1.156839149618933, 0.0, 216106.1026352289, 0.0, 0.0, 0.0, 0, 0.23300970873786409, 0, 0.7669902912621359, 0, 0.0, 0, 4.627356598475732e-06, 1e-05, 1e-05, 0.01, 0.01, 0.01, 0.01, 1
-0.095 -0.006, 0.0 0.0, 0.0 0.0, 0.0 0.0, 1.156839149618933, 0.0, 216106.1026352289, 0.0, 0.0, 0.0, 0, 0.23300970873786409, 0, 0.7669902912621359, 0, 0.0, 0, 4.627356598475732e-06, 1e-05, 1e-05, 0.01, 0.01, 0.01, 0.01, 1
-0.095 -0.004, 0.0 0.0, 0.0 0.0, 0.0 0.0, 1.156839149618933, 0.0, 216106.1026352289, 0.0, 0.0, 0.0, 0, 0.23300970873786409, 0, 0.7669902912621359, 0, 0.0, 0, 4.627356598475732e-06, 1e-05, 1e-05, 0.01, 0.01, 0.01, 0.01, 1
-0.095 -0.002, 0.0 0.0, 0.0 0.0, 0.0 0.0, 1.156839149618933, 0.0, 216106.1026352289, 0.0, 0.0, 0.0, 0, 0.23300970873786409, 0, 0.7669902912621359, 0, 0.0, 0, 4.627356598475732e-06, 1e-05, 1e-05, 0.01, 0.01, 0.01, 0.01, 1
-0.095 0.0, 0.0 0.0, 0.0 0.0, 0.0 0.0, 1.156839149618933, 0.0, 216106.1026352289, 0.0, 0.0, 0.0, 0, 0.23300970873786409, 0, 0.7669902912621359, 0, 0.0, 0, 4.627356598475732e-06, 1e-05, 1e-05, 0.01, 0.01, 0.01, 0.01, 1
-0.095 0.002, 0.0 0.0, 0.0 0.0, 0.0 0.0, 1.156839149618933, 0.0, 216106.1026352289, 0.0, 0.0, 0.0, 0, 0.23300970873786409, 0, 0.7669902912621359, 0, 0.0, 0, 4.627356598475732e-06, 1e-05, 1e-05, 0.01, 0.01, 0.01, 0.01, 1
-0.095 0.004, 0.0 0.0, 0.0 0.0, 0.0 0.0, 1.156839149618933, 0.0, 216106.1026352289, 0.0, 0.0, 0.0, 0, 0.23300970873786409, 0, 0.7669902912621359, 0, 0.0, 0, 4.627356598475732e-06, 1e-05, 1e-05, 0.01, 0.01, 0.01, 0.01, 1
-0.095 0.006, 0.0 0.0, 0.0 0.0, 0.0 0.0, 1.156839149618933, 0.0, 216106.1026352289, 0.0, 0.0, 0.0, 0, 0.23300970873786409, 0, 0.7669902912621359, 0, 0.0, 0, 4.627356598475732e-06, 1e-05, 1e-05, 0.01, 0.01, 0.01, 0.01, 1
-0.095 0.008, 0.0 0.0, 0.0 0.0, 0.0 0.0, 1.156839149618933, 0.0, 216106.1026352289, 0.0, 0.0, 0.0, 0, 0.23300970873786409, 0, 0.7669902912621359, 0, 0.0, 0, 4.627356598475732e-06, 1e-05, 1e-05, 0.01, 0.01, 0.01, 0.01, 1
-0.093 -0.008, 0.0 0.0, 0.0 0.0, 0.0 0.0, 1.156839149618933, 0.0, 216106.1026352289, 0.0, 0.0, 0.0, 0, 0.23300970873786409, 0, 0.7669902912621359, 0, 0.0, 0, 4.627356598475732e-06, 1e-05, 1e-05, 0.01, 0.01, 0.01, 0.01, 1
-0.093 -0.006, 0.0 0.0, 0.0 0.0, 0.0 0.0, 1.156839149618933, 0.0, 216106.1026352289, 0.0, 0.0, 0.0, 0, 0.23300970873786409, 0, 0.7669902912621359, 0, 0.0, 0, 4.627356598475732e-06, 1e-05, 1e-05, 0.01, 0.01, 0.01, 0.01, 1
-0.093 -0.004, 0.0 0.0, 0.0 0.0, 0.0 0.0, 1.156839149618933, 0.0, 216106.1026352289, 0.0, 0.0, 0.0, 0, 0.23300970873786409, 0, 0.7669902912621359, 0, 0.0, 0, 4.627356598475732e-06, 1e-05, 1e-05, 0.01, 0.01, 0.01, 0.01, 1
-0.093 -0.002, 0.0 0.0, 0.0 0.0, 0.0 0.0, 1.156839149618933, 0.0, 216106.1026352289, 0.0, 0.0, 0.0, 0, 0.23300970873786409, 0, 0.7669902912621359, 0, 0.0, 0, 4.627356598475732e-06, 1e-05, 1e-05, 0.01, 0.01, 0.01, 0.01, 1
-0.093 0.0, 0.0 0.0, 0.0 0.0, 0.0 0.0, 1.156839149618933, 0.0, 216106.1026352289, 0.0, 0.0, 0.0, 0, 0.23300970873786409, 0, 0.7669902912621359, 0, 0.0, 0, 4.627356598475732e-06, 1e-05, 1e-05, 0.01, 0.01, 0.01, 0.01, 1
-0.093 0.002, 0.0 0.0, 0.0 0.0, 0.0 0.0, 1.156839149618933, 0.0, 216106.1026352289, 0.0, 0.0, 0.0, 0, 0.23300970873786409, 0, 0.7669902912621359, 0, 0.0, 0, 4.627356598475732e-06, 1e-05, 1e-05, 0.01, 0.01, 0.01, 0.01, 1
-0.093 0.004, 0.0 0.0, 0.0 0.0, 0.0 0.0, 1.156839149618933, 0.0, 216106.1026352289, 0.0, 0.0, 0.0, 0, 0.23300970873786409, 0, 0.7669902912621359, 0, 0.0, 0, 4.627356598475732e-06, 1e-05, 1e-05, 0.01, 0.01, 0.01, 0.01, 1
-0.093 0.006, 0.0 0.0, 0.0 0.0, 0.0 0.0, 1.156839149618933, 0.0, 216106.1026352289, 0.0, 0.0, 0.0, 0, 0.23300970873786409, 0, 0.7669902912621359, 0, 0.0, 0, 4.627356598475732e-06, 1e-05, 1e-05, 0.01, 0.01, 0.01, 0.01, 1
-0.093 0.008, 0.0 0.0, 0.0 0.0, 0.0 0.0, 1.156839149618933, 0.0, 216106.1026352289, 0.0, 0.0, 0.0, 0, 0.23300970873786409, 0, 0.7669902912621359, 0, 0.0, 0, 4.627356598475732e-06, 1e-05, 1e-05, 0.01, 0.01, 0.01, 0.01, 1
-0.091 -0.008, 0.0 0.0, 0.0 0.0, 0.0 0.0, 1.156839149618933, 0.0, 216106.1026352289, 0.0, 0.0, 0.0, 0, 0.23300970873786409, 0, 0.7669902912621359, 0, 0.0, 0, 4.627356598475732e-06, 1e-05, 1e-05, 0.01, 0.01, 0.01, 0.01, 1
-0.091 -0.006, 0.0 0.0, 0.0 0.0, 0.0 0.0, 1.156839149618933, 0.0, 216106.1026352289, 0.0, 0.0, 0.0, 0, 0.23300970873786409, 0, 0.7669902912621359, 0, 0.0, 0, 4.627356598475732e-06, 1e-05, 1e-05, 0.01, 0.01, 0.01, 0.01, 1
-0.091 -0.004, 0.0 0.0, 0.0 0.0, 0.0 0.0, 1.156839149618933, 0.0, 216106.1026352289, 0.0, 0.0, 0.0, 0, 0.23300970873786409, 0, 0.7669902912621359, 0, 0.0, 0, 4.627356598475732e-06, 1e-05, 1e-05, 0.01, 0.01, 0.01, 0.01, 1
-0.091 -0.002, 0.0 0.0, 0.0 0.0, 0.0 0.0, 1.156839149618933, 0.0, 216106.1026352289, 0.0, 0.0, 0.0, 0, 0.23300970873786409, 0, 0.7669902912621359, 0, 0.0, 0, 4.627356598475732e-06, 1e-05, 1e-05, 0.01, 0.01, 0.01, 0.01, 1
-0.091 0.0, 0.0 0.0, 0.0 0.0, 0.0 0.0, 1.156839149618933, 0.0, 216106.1026352289, 0.0, 0.0, 0.0, 0, 0.23300970873786409, 0, 0.7669902912621359, 0, 0.0, 0, 4.627356598475732e-06, 1e-05, 1e-05, 0.01, 0.01, 0.01, 0.01, 1
-0.091 0.002, 0.0 0.0, 0.0 0.0, 0.0 0.0, 1.156839149618933, 0.0, 216106.1026352289, 0.0, 0.0, 0.0, 0, 0.23300970873786409, 0, 0.7669902912621359, 0, 0.0, 0, 4.627356598475732e-06, 1e-05, 1e-05, 0.01, 0.01, 0.01, 0.01, 1
-0.091 0.004, 0.0 0.0, 0.0 0.0, 0.0 0.0, 1.156839149618933, 0.0, 216106.1026352289, 0.0, 0.0, 0.0, 0, 0.23300970873786409, 0, 0.7669902912621359, 0, 0.0, 0, 4.627356598475732e-06, 1e-05, 1e-05, 0.01, 0.01, 0.01, 0.01, 1
-0.091 0.006, 0.0 0.0, 0.0 0.0, 0.0 0.0, 1.156839149618933, 0.0, 216106.1026352289, 0.0, 0.0, 0.0, 0, 0.23300970873786409, 0, 0.7669902912621359, 0, 0.0, 0, 4.627356598475732e-06, 1e-05, 1e-05, 0.01, 0.01, 0.01, 0.01, 1
-0.091 0.008, 0.0 0.0, 0.0 0.0, 0.0 0.0, 1.156839149618933, 0.0, 216106.1026352289, 0.0, 0.0, 0.0, 0, 0.23300970873786409, 0, 0.7669902912621359, 0, 0.0, 0, 4.627356598475732e-06, 1e-05, 1e-05, 0.01, 0.01, 0.01, 0.01, 1
-0.089 -0.008, 0.0 0.0, 0.0 0.0, 0.0 0.0, 1.156839149618933, 0.0, 216106.1026352289, 0.0, 0.0, 0.0, 0, 0.23300970873786409, 0, 0.7669902912621359, 0, 0.0, 0, 4.627356598475732e-06, 1e-05, 1e-05, 0.01, 0.01, 0.01, 0.01, 1
-0.089 -0.006, 0.0 0.0, 0.0 0.0, 0.0 0.0, 1.156839149618933, 0.0, 216106.1026352289, 0.0, 0.0, 0.0, 0, 0.23300970873786409, 0, 0.7669902912621359, 0, 0.0, 0, 4.627356598475732e-06, 1e-05, 1e-05, 0.01, 0.01, 0.01, 0.01, 1
-0.089 -0.004, 0.0 0.0, 0.0 0.0, 0.0 0.0, 1.156839149618933, 0.0, 216106.1026352289, 0.0, 0.0, 0.0, 0, 0.23300970873786409, 0, 0.7669902912621359, 0, 0.0, 0, 4.627356598475732e-06, 1e-05, 1e-05, 0.01, 0.01, 0.01, 0.01, 1
-0.089 -0.002, 0.0 0.0, 0.0 0.0, 0.0 0.0, 1.156839149618933, 0.0, 216106.1026352289, 0.0, 0.0, 0.0, 0, 0.23300970873786409, 0, 0.7669902912621359, 0, 0.0, 0, 4.627356598475732e-06, 1e-05, 1e-05, 0.01, 0.01, 0.01, 0.01, 1
-0.089 0.0, 0.0 0.0, 0.0 0.0, 0.0 0.0, 1.156839149618933, 0.0, 216106.1026352289, 0.0, 0.0, 0.0, 0, 0.23300970873786409, 0, 0.7669902912621359, 0, 0.0, 0, 4.627356598475732e-06, 1e-05, 1e-05, 0.01, 0.01, 0.01, 0.01, 1
-0.089 0.002, 0.0 0.0, 0.0 0.0, 0.0 0.0, 1.156839149618933, 0.0, 216106.1026352289, 0.0, 0.0, 0.0, 0, 0.23300970873786409, 0, 0.7669902912621359, 0, 0.0, 0, 4.627356598475732e-06, 1e-05, 1e-05, 0.01, 0.01, 0.01, 0.01, 1
-0.089 0.004, 0.0 0.0, 0.0 0.0, 0.0 0.0, 1.156839149618933, 0.0, 216106.1026352289, 0.0, 0.0, 0.0, 0, 0.23300970873786409, 0, 0.7669902912621359, 0, 0.0, 0, 4.627356598475732e-06, 1e-05, 1e-05, 0.01, 0.01, 0.01, 0.01, 1
-0.089 0.006, 0.0 0.0, 0.0 0.0, 0.0 0.0, 1.156839149618933, 0.0, 216106.1026352289, 0.0, 0.0, 0.0, 0, 0.23300970873786409, 0, 0.7669902912621359, 0, 0.0, 0, 4.627356598475732e-06, 1e-05, 1e-05, 0.01, 0.01, 0.01, 0.01, 1
-0.089 0.008, 0.0 0.0, 0.0 0.0, 0.0 0.0, 1.156839149618933, 0.0, 216106.1026352289, 0.0, 0.0, 0.0, 0, 0.23300970873786409, 0, 0.7669902912621359, 0, 0.0, 0, 4.627356598475732e-06, 1e-05, 1e-05, 0.01, 0.01, 0.01, 0.01, 1
-0.087 -0.008, 0.0 0.0, 0.0 0.0, 0.0 0.0, 1.156839149618933, 0.0, 216106.1026352289, 0.0, 0.0, 0.0, 0, 0.23300970873786409, 0, 0.7669902912621359, 0, 0.0, 0, 4.627356598475732e-06, 1e-05, 1e-05, 0.01, 0.01, 0.01, 0.01, 1
-0.087 -0.006, 0.0 0.0, 0.0 0.0, 0.0 0.0, 1.156839149618933, 0.0, 216106.1026352289, 0.0, 0.0, 0.0, 0, 0.23300970873786409, 0, 0.7669902912621359, 0, 0.0, 0, 4.627356598475732e-06, 1e-05, 1e-05, 0.01, 0.01, 0.01, 0.01, 1
-0.087 -0.004, 0.0 0.0, 0.0 0.0, 0.0 0.0, 1.156839149618933, 0.0, 216106.1026352289, 0.0, 0.0, 0.0, 0, 0.23300970873786409, 0, 0.7669902912621359, 0, 0.0, 0, 4.627356598475732e-06, 1e-05, 1e-05, 0.01, 0.01, 0.01, 0.01, 1
-0.087 -0.002, 0.0 0.0, 0.0 0.0, 0.0 0.0, 1.156839149618933, 0.0, 216106.1026352289, 0.0, 0.0, 0.0, 0, 0.23300970873786409, 0, 0.7669902912621359, 0, 0.0, 0, 4.627356598475732e-06, 1e-05, 1e-05, 0.01, 0.01, 0.01, 0.01, 1
-0.087 0.0, 0.0 0.0, 0.0 0.0, 0.0 0.0, 1.156839149618933, 0.0, 216106.1026352289, 0.0, 0.0, 0.0, 0, 0.23300970873786409, 0, 0.7669902912621359, 0, 0.0, 0, 4.627356598475732e-06, 1e-05, 1e-05, 0.01, 0.01, 0.01, 0.01, 1
-0.087 0.002, 0.0 0.0, 0.0 0.0, 0.0 0.0, 1.156839149618933, 0.0, 216106.1026352289, 0.0, 0.0, 0.0, 0, 0.23300970873786409, 0, 0.7669902912621359, 0, 0.0, 0, 4.627356598475732e-06, 1e-05, 1e-05, 0.01, 0.01, 0.01, 0.01, 1
-0.087 0.004, 0.0 0.0, 0.0 0.0, 0.0 0.0, 1.156839149618933, 0.0, 216106.1026352289, 0.0, 0.0, 0.0, 0, 0.23300970873786409, 0, 0.7669902912621359, 0, 0.0, 0, 4.627356598475732e-06, 1e-05, 1e-05, 0.01, 0.01, 0.01, 0.01, 1
-0.087 0.006, 0.0 0.0, 0.0 0.0, 0.0 0.0, 1.156839149618933, 0.0, 216106.1026352289, 0.0, 0.0, 0.0, 0, 0.23300970873786409, 0, 0.7669902912621359, 0, 0.0, 0, 4.627356598475732e-06, 1e-05, 1e-05, 0.01, 0.01, 0.01, 0.01, 1
-0.087 0.008, 0.0 0.0, 0.0 0.0, 0.0 0.0, 1.156839149618933, 0.0, 216106.1026352289, 0.0, 0.0, 0.0, 0, 0.23300970873786409, 0, 0.7669902912621359, 0, 0.0, 0, 4.627356598475732e-06, 1e-05, 1e-05, 0.01, 0.01, 0.01, 0.01, 1
-0.08499999999999999 -0.008, 0.0 0.0, 0.0 0.0, 0.0 0.0, 1.156839149618933, 0.0, 216106.1026352289, 0.0, 0.0, 0.0, 0, 0.23300970873786409, 0, 0.7669902912621359, 0, 0.0, 0, 4.627356598475732e-06, 1e-05, 1e-05, 0.01, 0.01, 0.01, 0.01, 1
-0.08499999999999999 -0.006, 0.0 0.0, 0.0 0.0, 0.0 0.0, 1.156839149618933, 0.0, 216106.1026352289, 0.0, 0.0, 0.0, 0, 0.23300970873786409, 0, 0.7669902912621359, 0, 0.0, 0, 4.627356598475732e-06, 1e-05, 1e-05, 0.01, 0.01, 0.01, 0.01, 1
-0.08499999999999999 -0.004, 0.0 0.0, 0.0 0.0, 0.0 0.0, 1.156839149618933, 0.0, 216106.1026352289, 0.0, 0.0, 0.0, 0, 0.23300970873786409, 0, 0.7669902912621359, 0, 0.0, 0, 4.627356598475732e-06, 1e-05, 1e-05, 0.01, 0.01, 0.01, 0.01, 1
-0.08499999999999999 -0.002, 0.0 0.0, 0.0 0.0, 0.0 0.0, 1.156839149618933, 0.0, 216106.1026352289, 0.0, 0.0, 0.0, 0, 0.23300970873786409, 0, 0.7669902912621359, 0, 0.0, 0, 4.627356598475732e-06, 1e-05, 1e-05, 0.01, 0.01, 0.01, 0.01, 1
-0.08499999999999999 0.0, 0.0 0.0, 0.0 0.0, 0.0 0.0, 1.156839149618933, 0.0, 216106.1026352289, 0.0, 0.0, 0.0, 0, 0.23300970873786409, 0, 0.7669902912621359, 0, 0.0, 0, 4.627356598475732e-06, 1e-05, 1e-05, 0.01, 0.01, 0.01, 0.01, 1
-0.08499999999999999 0.002, 0.0 0.0, 0.0 0.0, 0.0 0.0, 1.156839149618933, 0.0, 216106.1026352289, 0.0, 0.0, 0.0, 0, 0.23300970873786409, 0, 0.7669902912621359, 0, 0.0, 0, 4.627356598475732e-06, 1e-05, 1e-05, 0.01, 0.01, 0.01, 0.01, 1
-0.08499999999999999 0.004, 0.0 0.0, 0.0 0.0, 0.0 0.0, 1.156839149618933, 0.0, 216106.1026352289, 0.0, 0.0, 0.0, 0, 0.23300970873786409, 0, 0.7669902912621359, 0, 0.0, 0, 4.627356598475732e-06, 1e-05, 1e-05, 0.01, 0.01, 0.01, 0.01, 1
-0.08499999999999999 0.006, 0.0 0.0, 0.0 0.0, 0.0 0.0, 1.156839149618933, 0.0, 216106.1026352289, 0.0, 0.0, 0.0, 0, 0.23300970873786409, 0, 0.7669902912621359, 0, 0.0, 0, 4.627356598475732e-06, 1e-05, 1e-05, 0.01, 0.01, 0.01, 0.01, 1
-0.08499999999999999 0.008, 0.0 0.0, 0.0 0.0, 0.0 0.0, 1.156839149618933, 0.0, 216106.1026352289, 0.0, 0.0, 0.0, 0, 0.23300970873786409, 0, 0.7669902912621359, 0, 0.0, 0, 4.627356598475732e-06, 1e-05, 1e-05, 0.01, 0.01, 0.01, 0.01, 1
-0.08299999999999999 -0.008, 0.0 0.0, 0.0 0.0, 0.0 0.0, 1.156839149618933, 0.0, 216106.1026352289, 0.0, 0.0, 0.0, 0, 0.23300970873786409, 0, 0.7669902912621359, 0, 0.0, 0, 4.627356598475732e-06, 1e-05, 1e-05, 0.01, 0.01, 0.01, 0.01, 1
-0.08299999999999999 -0.006, 0.0 0.0, 0.0 0.0, 0.0 0.0, 1.156839149618933, 0.0, 216106.1026352289, 0.0, 0.0, 0.0, 0, 0.23300970873786409, 0, 0.7669902912621359, 0, 0.0, 0, 4.627356598475732e-06, 1e-05, 1e-05, 0.01, 0.01, 0.01, 0.01, 1
-0.08299999999999999 -0.004, 0.0 0.0, 0.0 0.0, 0.0 0.0, 1.156839149618933, 0.0, 216106.1026352289, 0.0, 0.0, 0.0, 0, 0.23300970873786409, 0, 0.7669902912621359, 0, 0.0, 0, 4.627356598475732e-06, 1e-05, 1e-05, 0.01, 0.01, 0.01, 0.01, 1
-0.08299999999999999 -0.002, 0.0 0.0, 0.0 0.0, 0.0 0.0, 1.156839149618933, 0.0, 216106.1026352289, 0.0, 0.0, 0.0, 0, 0.23300970873786409, 0, 0.7669902912621359, 0, 0.0, 0, 4.627356598475732e-06, 1e-05, 1e-05, 0.01, 0.01, 0.01, 0.01, 1
-0.08299999999999999 0.0, 0.0 0.0, 0.0 0.0, 0.0 0.0, 1.156839149618933, 0.0, 216106.1026352289, 0.0, 0.0, 0.0, 0, 0.23300970873786409, 0, 0.7669902912621359, 0, 0.0, 0, 4.627356598475732e-06, 1e-05, 1e-05, 0.01, 0.01, 0.01, 0.01, 1
-0.08299999999999999 0.002, 0.0 0.0, 0.0 0.0, 0.0 0.0, 1.156839149618933, 0.0, 216106.1026352289, 0.0, 0.0, 0.0, 0, 0.23300970873786409, 0, 0.7669902912621359, 0, 0.0, 0, 4.627356598475732e-06, 1e-05, 1e-05, 0.01, 0.01, 0.01, 0.01, 1
-0.08299999999999999 0.004, 0.0 0.0, 0.0 0.0, 0.0 0.0, 1.156839149618933, 0.0, 216106.1026352289, 0.0, 0.0, 0.0, 0, 0.23300970873786409, 0, 0.7669902912621359, 0, 0.0, 0, 4.627356598475732e-06, 1e-05, 1e-05, 0.01, 0.01, 0.01, 0.01, 1
-0.08299999999999999 0.006, 0.0 0.0, 0.0 0.0, 0.0 0.0, 1.156839149618933, 0.0, 216106.1026352289, 0.0, 0.0, 0.0, 0, 0.23300970873786409, 0, 0.7669902912621359, 0, 0.0, 0, 4.627356598475732e-06, 1e-05, 1e-05, 0.01, 0.01, 0.01, 0.01, 1
-0.08299999999999999 0.008, 0.0 0.0, 0.0 0.0, 0.0 0.0, 1.156839149618933, 0.0, 216106.1026352289, 0.0, 0.0, 0.0, 0, 0.23300970873786409, 0, 0.7669902912621359, 0, 0.0, 0, 4.627356598475732e-06, 1e-05, 1e-05, 0.01, 0.01, 0.01, 0.01, 1
-0.08099999999999999 -0.008, 0.0 0.0, 0.0 0.0, 0.0 0.0, 1.156839149618933, 0.0, 216106.1026352289, 0.0, 0.0, 0.0, 0, 0.23300970873786409, 0, 0.7669902912621359, 0, 0.0, 0, 4.627356598475732e-06, 1e-05, 1e-05, 0.01, 0.01, 0.01, 0.01, 1
-0.08099999999999999 -0.006, 0.0 0.0, 0.0 0.0, 0.0 0.0, 1.156839149618933, 0.0, 216106.1026352289, 0.0, 0.0, 0.0, 0, 0.23300970873786409, 0, 0.7669902912621359, 0, 0.0, 0, 4.627356598475732e-06, 1e-05, 1e-05, 0.01, 0.01, 0.01, 0.01, 1
-0.08099999999999999 -0.004, 0.0 0.0, 0.0 0.0, 0.0 0.0, 1.156839149618933, 0.0, 216106.1026352289, 0.0, 0.0, 0.0, 0, 0.23300970873786409, 0, 0.7669902912621359, 0, 0.0, 0, 4.627356598475732e-06, 1e-05, 1e-05, 0.01, 0.01, 0.01, 0.01, 1
-0.08099999999999999 -0.002, 0.0 0.0, 0.0 0.0, 0.0 0.0, 1.156839149618933, 0.0, 216106.1026352289, 0.0, 0.0, 0.0, 0, 0.23300970873786409, 0, 0.7669902912621359, 0, 0.0, 0, 4.627356598475732e-06, 1e-05, 1e-05, 0.01, 0.01, 0.01, 0.01, 1
-0.08099999999999999 0.0, 0.0 0.0, 0.0 0.0, 0.0 0.0, 1.156839149618933, 0.0, 216106.1026352289, 0.0, 0.0, 0.0, 0, 0.23300970873786409, 0, 0.7669902912621359, 0, 0.0, 0, 4.627356598475732e-06, 1e-05, 1e-05, 0.01, 0.01, 0.01, 0.01, 1
-0.08099999999999999 0.002, 0.0 0.0, 0.0 0.0, 0.0 0.0, 1.156839149618933, 0.0, 216106.1026352289, 0.0, 0.0, 0.0, 0, 0.23300970873786409, 0, 0.7669902912621359, 0, 0.0, 0, 4.627356598475732e-06, 1e-05, 1e-05, 0.01, 0.01, 0.01, 0.01, 1
-0.08099999999999999 0.004, 0.0 0.0, 0.0 0.0, 0.0 0.0, 1.156839149618933, 0.0, 216106.1026352289, 0.0, 0.0, 0.0, 0, 0.23300970873786409, 0, 0.7669902912621359, 0, 0.0, 0, 4.627356598475732e-06, 1e-05, 1e-05, 0.01, 0.01, 0.01, 0.01, 1
-0.08099999999999999 0.006, 0.0 0.0, 0.0 0.0, 0.0 0.0, 1.156839149618933, 0.0, 216106.1026352289, 0.0, 0.0, 0.0, 0, 0.23300970873786409, 0, 0.7669902912621359, 0, 0.0, 0, 4.627356598475732e-06, 1e-05, 1e-05, 0.01, 0.01, 0.01, 0.01, 1
-0.08099999999999999 0.008, 0.0 0.0, 0.0 0.0, 0.0 0.0, 1.156839149618933, 0.0, 216106.1026352289, 0.0, 0.0, 0.0, 0, 0.23300970873786409, 0, 0.7669902912621359, 0, 0.0, 0, 4.627356598475732e-06, 1e-05, 1e-05, 0.01, 0.01, 0.01, 0.01, 1
-0.07899999999999999 -0.008, 0.0 0.0, 0.0 0.0, 0.0 0.0, 1.156839149618933, 0.0, 216106.1026352289, 0.0, 0.0, 0.0, 0, 0.23300970873786409, 0, 0.7669902912621359, 0, 0.0, 0, 4.627356598475732e-06, 1e-05, 1e-05, 0.01, 0.01, 0.01, 0.01, 1
-0.07899999999999999 -0.006, 0.0 0.0, 0.0 0.0, 0.0 0.0, 1.156839149618933, 0.0, 216106.1026352289, 0.0, 0.0, 0.0, 0, 0.23300970873786409, 0, 0.7669902912621359, 0, 0.0, 0, 4.627356598475732e-06, 1e-05, 1e-05, 0.01, 0.01, 0.01, 0.01, 1
-0.07899999999999999 -0.004, 0.0 0.0, 0.0 0.0, 0.0 0.0, 1.156839149618933, 0.0, 216106.1026352289, 0.0, 0.0, 0.0, 0, 0.23300970873786409, 0, 0.7669902912621359, 0, 0.0, 0, 4.627356598475732e-06, 1e-05, 1e-05, 0.01, 0.01, 0.01, 0.01, 1
-0.07899999999999999 -0.002, 0.0 0.0, 0.0 0.0, 0.0 0.0, 1.156839149618933, 0.0, 216106.1026352289, 0.0, 0.0, 0.0, 0, 0.23300970873786409, 0, 0.7669902912621359, 0, 0.0, 0, 4.627356598475732e-06, 1e-05, 1e-05, 0.01, 0.01, 0.01, 0.01, 1
-0.07899999999999999 0.0, 0.0 0.0, 0.0 0.0, 0.0 0.0, 1.156839149618933, 0.0, 216106.1026352289, 0.0, 0.0, 0.0, 0, 0.23300970873786409, 0, 0.7669902912621359, 0, 0.0, 0, 4.627356598475732e-06, 1e-05, 1e-05, 0.01, 0.01, 0.01, 0.01, 1
-0.07899999999999999 0.002, 0.0 0.0, 0.0 0.0, 0.0 0.0, 1.156839149618933, 0.0, 216106.1026352289, 0.0, 0.0, 0.0, 0, 0.23300970873786409, 0, 0.7669902912621359, 0, 0.0, 0, 4.627356598475732e-06, 1e-05, 1e-05, 0.01, 0.01, 0.01, 0.01, 1
-0.07899999999999999 0.004, 0.0 0.0, 0.0 0.0, 0.0 0.0, 1.156839149618933, 0.0, 216106.1026352289, 0.0, 0.0, 0.0, 0, 0.23300970873786409, 0, 0.7669902912621359, 0, 0.0, 0, 4.627356598475732e-06, 1e-05, 1e-05, 0.01, 0.01, 0.01, 0.01, 1
-0.07899999999999999 0.006, 0.0 0.0, 0.0 0.0, 0.0 0.0, 1.156839149618933, 0.0, 216106.1026352289, 0.0, 0.0, 0.0, 0, 0.23300970873786409, 0, 0.7669902912621359, 0, 0.0, 0, 4.627356598475732e-06, 1e-05, 1e-05, 0.01, 0.01, 0.01, 0.01, 1
-0.07899999999999999 0.008, 0.0 0.0, 0.0 0.0, 0.0 0.0, 1.156839149618933, 0.0, 216106.1026352289, 0.0, 0.0, 0.0, 0, 0.23300970873786409, 0, 0.7669902912621359, 0, 0.0, 0, 4.627356598475732e-06, 1e-05, 1e-05, 0.01, 0.01, 0.01, 0.01, 1
-0.07699999999999999 -0.008, 0.0 0.0, 0.0 0.0, 0.0 0.0, 1.156839149618933, 0.0, 216106.1026352289, 0.0, 0.0, 0.0, 0, 0.23300970873786409, 0, 0.7669902912621359, 0, 0.0, 0, 4.627356598475732e-06, 1e-05, 1e-05, 0.01, 0.01, 0.01, 0.01, 1
-0.07699999999999999 -0.006, 0.0 0.0, 0.0 0.0, 0.0 0.0, 1.156839149618933, 0.0, 216106.1026352289, 0.0, 0.0, 0.0, 0, 0.23300970873786409, 0, 0.7669902912621359, 0, 0.0, 0, 4.627356598475732e-06, 1e-05, 1e-05, 0.01, 0.01, 0.01, 0.01, 1
-0.07699999999999999 -0.004, 0.0 0.0, 0.0 0.0, 0.0 0.0, 1.156839149618933, 0.0, 216106.1026352289, 0.0, 0.0, 0.0, 0, 0.23300970873786409, 0, 0.7669902912621359, 0, 0.0, 0, 4.627356598475732e-06, 1e-05, 1e-05, 0.01, 0.01, 0.01, 0.01, 1
-0.07699999999999999 -0.002, 0.0 0.0, 0.0 0.0, 0.0 0.0, 1.156839149618933, 0.0, 216106.1026352289, 0.0, 0.0, 0.0, 0, 0.23300970873786409, 0, 0.7669902912621359, 0, 0.0, 0, 4.627356598475732e-06, 1e-05, 1e-05, 0.01, 0.01, 0.01, 0.01, 1
-0.07699999999999999 0.0, 0.0 0.0, 0.0 0.0, 0.0 0.0, 1.156839149618933, 0.0, 216106.1026352289, 0.0, 0.0, 0.0, 0, 0.23300970873786409, 0, 0.7669902912621359, 0, 0.0, 0, 4.627356598475732e-06, 1e-05, 1e-05, 0.01, 0.01, 0.01, 0.01, 1
-0.07699999999999999 0.002, 0.0 0.0, 0.0 0.0, 0.0 0.0, 1.156839149618933, 0.0, 216106.1026352289, 0.0, 0.0, 0.0, 0, 0.23300970873786409, 0, 0.7669902912621359, 0, 0.0, 0, 4.627356598475732e-06, 1e-05, 1e-05, 0.01, 0.01, 0.01, 0.01, 1
-0.07699999999999999 0.004, 0.0 0.0, 0.0 0.0, 0.0 0.0, 1.156839149618933, 0.0, 216106.1026352289, 0.0, 0.0, 0.0, 0, 0.23300970873786409, 0, 0.7669902912621359, 0, 0.0, 0, 4.627356598475732e-06, 1e-05, 1e-05, 0.01, 0.01, 0.01, 0.01, 1
-0.07699999999999999 0.006, 0.0 0.0, 0.0 0.0, 0.0 0.0, 1.156839149618933, 0.0, 216106.1026352289, 0.0, 0.0, 0.0, 0, 0.23300970873786409, 0, 0.7669902912621359, 0, 0.0, 0, 4.627356598475732e-06, 1e-05, 1e-05, 0.01, 0.01, 0.01, 0.01, 1
-0.07699999999999999 0.008, 0.0 0.0, 0.0 0.0, 0.0 0.0, 1.156839149618933, 0.0, 216106.1026352289, 0.0, 0.0, 0.0, 0, 0.23300970873786409, 0, 0.7669902912621359, 0, 0.0, 0, 4.627356598475732e-06, 1e-05, 1e-05, 0.01, 0.01, 0.01, 0.01, 1
-0.07499999999999998 -0.008, 0.0 0.0, 0.0 0.0, 0.0 0.0, 1.156839149618933, 0.0, 216106.1026352289, 0.0, 0.0, 0.0, 0, 0.23300970873786409, 0, 0.7669902912621359, 0, 0.0, 0, 4.627356598475732e-06, 1e-05, 1e-05, 0.01, 0.01, 0.01, 0.01, 1
-0.07499999999999998 -0.006, 0.0 0.0, 0.0 0.0, 0.0 0.0, 1.156839149618933, 0.0, 216106.1026352289, 0.0, 0.0, 0.0, 0, 0.23300970873786409, 0, 0.7669902912621359, 0, 0.0, 0, 4.627356598475732e-06, 1e-05, 1e-05, 0.01, 0.01, 0.01, 0.01, 1
-0.07499999999999998 -0.004, 0.0 0.0, 0.0 0.0, 0.0 0.0, 1.156839149618933, 0.0, 216106.1026352289, 0.0, 0.0, 0.0, 0, 0.23300970873786409, 0, 0.7669902912621359, 0, 0.0, 0, 4.627356598475732e-06, 1e-05, 1e-05, 0.01, 0.01, 0.01, 0.01, 1
-0.07499999999999998 -0.002, 0.0 0.0, 0.0 0.0, 0.0 0.0, 1.156839149618933, 0.0, 216106.1026352289, 0.0, 0.0, 0.0, 0, 0.23300970873786409, 0, 0.7669902912621359, 0, 0.0, 0, 4.627356598475732e-06, 1e-05, 1e-05, 0.01, 0.01, 0.01, 0.01, 1
-0.07499999999999998 0.0, 0.0 0.0, 0.0 0.0, 0.0 0.0, 1.156839149618933, 0.0, 216106.1026352289, 0.0, 0.0, 0.0, 0, 0.23300970873786409, 0, 0.7669902912621359, 0, 0.0, 0, 4.627356598475732e-06, 1e-05, 1e-05, 0.01, 0.01, 0.01, 0.01, 1
-0.07499999999999998 0.002, 0.0 0.0, 0.0 0.0, 0.0 0.0, 1.156839149618933, 0.0, 216106.1026352289, 0.0, 0.0, 0.0, 0, 0.23300970873786409, 0, 0.7669902912621359, 0, 0.0, 0, 4.627356598475732e-06, 1e-05, 1e-05, 0.01, 0.01, 0.01, 0.01, 1
-0.07499999999999998 0.004, 0.0 0.0, 0.0 0.0, 0.0 0.0, 1.156839149618933, 0.0, 216106.1026352289, 0.0, 0.0, 0.0, 0, 0.23300970873786409, 0, 0.7669902912621359, 0, 0.0, 0, 4.627356598475732e-06, 1e-05, 1e-05, 0.01, 0.01, 0.01, 0.01, 1
-0.07499999999999998 0.006, 0.0 0.0, 0.0 0.0, 0.0 0.0, 1.156839149618933, 0.0, 216106.1026352289, 0.0, 0.0, 0.0, 0, 0.23300970873786409, 0, 0.7669902912621359, 0, 0.0, 0, 4.627356598475732e-06, 1e-05, 1e-05, 0.01, 0.01, 0.01, 0.01, 1
-0.07499999999999998 0.008, 0.0 0.0, 0.0 0.0, 0.0 0.0, 1.156839149618933, 0.0, 216106.1026352289, 0.0, 0.0, 0.0, 0, 0.23300970873786409, 0, 0.7669902912621359, 0, 0.0, 0, 4.627356598475732e-06, 1e-05, 1e-05, 0.01, 0.01, 0.01, 0.01, 1
-0.07299999999999998 -0.008, 0.0 0.0, 0.0 0.0, 0.0 0.0, 1.156839149618933, 0.0, 216106.1026352289, 0.0, 0.0, 0.0, 0, 0.23300970873786409, 0, 0.7669902912621359, 0, 0.0, 0, 4.627356598475732e-06, 1e-05, 1e-05, 0.01, 0.01, 0.01, 0.01, 1
-0.07299999999999998 -0.006, 0.0 0.0, 0.0 0.0, 0.0 0.0, 1.156839149618933, 0.0, 216106.1026352289, 0.0, 0.0, 0.0, 0, 0.23300970873786409, 0, 0.7669902912621359, 0, 0.0, 0, 4.627356598475732e-06, 1e-05, 1e-05, 0.01, 0.01, 0.01, 0.01, 1
-0.07299999999999998 -0.004, 0.0 0.0, 0.0 0.0, 0.0 0.0, 1.156839149618933, 0.0, 216106.1026352289, 0.0, 0.0, 0.0, 0, 0.23300970873786409, 0, 0.7669902912621359, 0, 0.0, 0, 4.627356598475732e-06, 1e-05, 1e-05, 0.01, 0.01, 0.01, 0.01, 1
-0.07299999999999998 -0.002, 0.0 0.0, 0.0 0.0, 0.0 0.0, 1.156839149618933, 0.0, 216106.1026352289, 0.0, 0.0, 0.0, 0, 0.23300970873786409, 0, 0.7669902912621359, 0, 0.0, 0, 4.627356598475732e-06, 1e-05, 1e-05, 0.01, 0.01, 0.01, 0.01, 1
-0.07299999999999998 0.0, 0.0 0.0, 0.0 0.0, 0.0 0.0, 1.156839149618933, 0.0, 216106.1026352289, 0.0, 0.0, 0.0, 0, 0.23300970873786409, 0, 0.7669902912621359, 0, 0.0, 0, 4.627356598475732e-06, 1e-05, 1e-05, 0.01, 0.01, 0.01, 0.01, 1
-0.07299999999999998 0.002, 0.0 0.0, 0.0 0.0, 0.0 0.0, 1.156839149618933, 0.0, 216106.1026352289, 0.0, 0.0, 0.0, 0, 0.23300970873786409, 0, 0.7669902912621359, 0, 0.0, 0, 4.627356598475732e-06, 1e-05, 1e-05, 0.01, 0.01, 0.01, 0.01, 1
-0.07299999999999998 0.004, 0.0 0.0, 0.0 0.0, 0.0 0.0, 1.156839149618933, 0.0, 216106.1026352289, 0.0, 0.0, 0.0, 0, 0.23300970873786409, 0, 0.7669902912621359, 0, 0.0, 0, 4.627356598475732e-06, 1e-05, 1e-05, 0.01, 0.01, 0.01, 0.01, 1
-0.07299999999999998 0.006, 0.0 0.0, 0.0 0.0, 0.0 0.0, 1.156839149618933, 0.0, 216106.1026352289, 0.0, 0.0, 0.0, 0, 0.23300970873786409, 0, 0.7669902912621359, 0, 0.0, 0, 4.627356598475732e-06, 1e-05, 1e-05, 0.01, 0.01, 0.01, 0.01, 1
-0.07299999999999998 0.008, 0.0 0.0, 0.0 0.0, 0.0 0.0, 1.156839149618933, 0.0, 216106.1026352289, 0.0, 0.0, 0.0, 0, 0.23300970873786409, 0, 0.7669902912621359, 0, 0.0, 0, 4.627356598475732e-06, 1e-05, 1e-05, 0.01, 0.01, 0.01, 0.01, 1
-0.07099999999999998 -0.008, 0.0 0.0, 0.0 0.0, 0.0 0.0, 1.156839149618933, 0.0, 216106.1026352289, 0.0, 0.0, 0.0, 0, 0.23300970873786409, 0, 0.7669902912621359, 0, 0.0, 0, 4.627356598475732e-06, 1e-05, 1e-05, 0.01, 0.01, 0.01, 0.01, 1
-0.07099999999999998 -0.006, 0.0 0.0, 0.0 0.0, 0.0 0.0, 1.156839149618933, 0.0, 216106.1026352289, 0.0, 0.0, 0.0, 0, 0.23300970873786409, 0, 0.7669902912621359, 0, 0.0, 0, 4.627356598475732e-06, 1e-05, 1e-05, 0.01, 0.01, 0.01, 0.01, 1
-0.07099999999999998 -0.004, 0.0 0.0, 0.0 0.0, 0.0 0.0, 1.156839149618933, 0.0, 216106.1026352289, 0.0, 0.0, 0.0, 0, 0.23300970873786409, 0, 0.7669902912621359, 0, 0.0, 0, 4.627356598475732e-06, 1e-05, 1e-05, 0.01, 0.01, 0.01, 0.01, 1
-0.07099999999999998 -0.002, 0.0 0.0, 0.0 0.0, 0.0 0.0, 1.156839149618933, 0.0, 216106.1026352289, 0.0, 0.0, 0.0, 0, 0.23300970873786409, 0, 0.7669902912621359, 0, 0.0, 0, 4.627356598475732e-06, 1e-05, 1e-05, 0.01, 0.01, 0.01, 0.01, 1
-0.07099999999999998 0.0, 0.0 0.0, 0.0 0.0, 0.0 0.0, 1.156839149618933, 0.0, 216106.1026352289, 0.0, 0.0, 0.0, 0, 0.23300970873786409, 0, 0.7669902912621359, 0, 0.0, 0, 4.627356598475732e-06, 1e-05, 1e-05, 0.01, 0.01, 0.01, 0.01, 1
-0.07099999999999998 0.002, 0.0 0.0, 0.0 0.0, 0.0 0.0, 1.156839149618933, 0.0, 216106.1026352289, 0.0, 0.0, 0.0, 0, 0.23300970873786409, 0, 0.7669902912621359, 0, 0.0, 0, 4.627356598475732e-06, 1e-05, 1e-05, 0.01, 0.01, 0.01, 0.01, 1
-0.07099999999999998 0.004, 0.0 0.0, 0.0 0.0, 0.0 0.0, 1.156839149618933, 0.0, 216106.1026352289, 0.0, 0.0, 0.0, 0, 0.23300970873786409, 0, 0.7669902912621359, 0, 0.0, 0, 4.627356598475732e-06, 1e-05, 1e-05, 0.01, 0.01, 0.01, 0.01, 1
-0.07099999999999998 0.006, 0.0 0.0, 0.0 0.0, 0.0 0.0, 1.156839149618933, 0.0, 216106.1026352289, 0.0, 0.0, 0.0, 0, 0.23300970873786409, 0, 0.7669902912621359, 0, 0.0, 0, 4.627356598475732e-06, 1e-05, 1e-05, 0.01, 0.01, 0.01, 0.01, 1
-0.07099999999999998 0.008, 0.0 0.0, 0.0 0.0, 0.0 0.0, 1.156839149618933, 0.0, 216106.1026352289, 0.0, 0.0, 0.0, 0, 0.23300970873786409, 0, 0.7669902912621359, 0, 0.0, 0, 4.627356598475732e-06, 1e-05, 1e-05, 0.01, 0.01, 0.01, 0.01, 1
-0.06899999999999998 -0.008, 0.0 0.0, 0.0 0.0, 0.0 0.0, 1.156839149618933, 0.0, 216106.1026352289, 0.0, 0.0, 0.0, 0, 0.23300970873786409, 0, 0.7669902912621359, 0, 0.0, 0, 4.627356598475732e-06, 1e-05, 1e-05, 0.01, 0.01, 0.01, 0.01, 1
-0.06899999999999998 -0.006, 0.0 0.0, 0.0 0.0, 0.0 0.0, 1.156839149618933, 0.0, 216106.1026352289, 0.0, 0.0, 0.0, 0, 0.23300970873786409, 0, 0.7669902912621359, 0, 0.0, 0, 4.627356598475732e-06, 1e-05, 1e-05, 0.01, 0.01, 0.01, 0.01, 1
-0.06899999999999998 -0.004, 0.0 0.0, 0.0 0.0, 0.0 0.0, 1.156839149618933, 0.0, 216106.1026352289, 0.0, 0.0, 0.0, 0, 0.23300970873786409, 0, 0.7669902912621359, 0, 0.0, 0, 4.627356598475732e-06, 1e-05, 1e-05, 0.01, 0.01, 0.01, 0.01, 1
-0.06899999999999998 -0.002, 0.0 0.0, 0.0 0.0, 0.0 0.0, 1.156839149618933, 0.0, 216106.1026352289, 0.0, 0.0, 0.0, 0, 0.23300970873786409, 0, 0.7669902912621359, 0, 0.0, 0, 4.627356598475732e-06, 1e-05, 1e-05, 0.01, 0.01, 0.01, 0.01, 1
-0.06899999999999998 0.0, 0.0 0.0, 0.0 0.0, 0.0 0.0, 1.156839149618933, 0.0, 216106.1026352289, 0.0, 0.0, 0.0, 0, 0.23300970873786409, 0, 0.7669902912621359, 0, 0.0, 0, 4.627356598475732e-06, 1e-05, 1e-05, 0.01, 0.01, 0.01, 0.01, 1
-0.06899999999999998 0.002, 0.0 0.0, 0.0 0.0, 0.0 0.0, 1.156839149618933, 0.0, 216106.1026352289, 0.0, 0.0, 0.0, 0, 0.23300970873786409, 0, 0.7669902912621359, 0, 0.0, 0, 4.627356598475732e-06, 1e-05, 1e-05, 0.01, 0.01, 0.01, 0.01, 1
-0.06899999999999998 0.004, 0.0 0.0, 0.0 0.0, 0.0 0.0, 1.156839149618933, 0.0, 216106.1026352289, 0.0, 0.0, 0.0, 0, 0.23300970873786409, 0, 0.7669902912621359, 0, 0.0, 0, 4.627356598475732e-06, 1e-05, 1e-05, 0.01, 0.01, 0.01, 0.01, 1
-0.06899999999999998 0.006, 0.0 0.0, 0.0 0.0, 0.0 0.0, 1.156839149618933, 0.0, 216106.1026352289, 0.0, 0.0, 0.0, 0, 0.23300970873786409, 0, 0.7669902912621359, 0, 0.0, 0, 4.627356598475732e-06, 1e-05, 1e-05, 0.01, 0.01, 0.01, 0.01, 1
-0.06899999999999998 0.008, 0.0 0.0, 0.0 0.0, 0.0 0.0, 1.156839149618933, 0.0, 216106.1026352289, 0.0, 0.0, 0.0, 0, 0.23300970873786409, 0, 0.7669902912621359, 0, 0.0, 0, 4.627356598475732e-06, 1e-05, 1e-05, 0.01, 0.01, 0.01, 0.01, 1
-0.06699999999999998 -0.008, 0.0 0.0, 0.0 0.0, 0.0 0.0, 1.156839149618933, 0.0, 216106.1026352289, 0.0, 0.0, 0.0, 0, 0.23300970873786409, 0, 0.7669902912621359, 0, 0.0, 0, 4.627356598475732e-06, 1e-05, 1e-05, 0.01, 0.01, 0.01, 0.01, 1
-0.06699999999999998 -0.006, 0.0 0.0, 0.0 0.0, 0.0 0.0, 1.156839149618933, 0.0, 216106.1026352289, 0.0, 0.0, 0.0, 0, 0.23300970873786409, 0, 0.7669902912621359, 0, 0.0, 0, 4.627356598475732e-06, 1e-05, 1e-05, 0.01, 0.01, 0.01, 0.01, 1
-0.06699999999999998 -0.004, 0.0 0.0, 0.0 0.0, 0.0 0.0, 1.156839149618933, 0.0, 216106.1026352289, 0.0, 0.0, 0.0, 0, 0.23300970873786409, 0, 0.7669902912621359, 0, 0.0, 0, 4.627356598475732e-06, 1e-05, 1e-05, 0.01, 0.01, 0.01, 0.01, 1
-0.06699999999999998 -0.002, 0.0 0.0, 0.0 0.0, 0.0 0.0, 1.156839149618933, 0.0, 216106.1026352289, 0.0, 0.0, 0.0, 0, 0.23300970873786409, 0, 0.7669902912621359, 0, 0.0, 0, 4.627356598475732e-06, 1e-05, 1e-05, 0.01, 0.01, 0.01, 0.01, 1
-0.06699999999999998 0.0, 0.0 0.0, 0.0 0.0, 0.0 0.0, 1.156839149618933, 0.0, 216106.1026352289, 0.0, 0.0, 0.0, 0, 0.23300970873786409, 0, 0.7669902912621359, 0, 0.0, 0, 4.627356598475732e-06, 1e-05, 1e-05, 0.01, 0.01, 0.01, 0.01, 1
-0.06699999999999998 0.002, 0.0 0.0, 0.0 0.0, 0.0 0.0, 1.156839149618933, 0.0, 216106.1026352289, 0.0, 0.0, 0.0, 0, 0.23300970873786409, 0, 0.7669902912621359, 0, 0.0, 0, 4.627356598475732e-06, 1e-05, 1e-05, 0.01, 0.01, 0.01, 0.01, 1
-0.06699999999999998 0.004, 0.0 0.0, 0.0 0.0, 0.0 0.0, 1.156839149618933, 0.0, 216106.1026352289, 0.0, 0.0, 0.0, 0, 0.23300970873786409, 0, 0.7669902912621359, 0, 0.0, 0, 4.627356598475732e-06, 1e-05, 1e-05, 0.01, 0.01, 0.01, 0.01, 1
-0.06699999999999998 0.006, 0.0 0.0, 0.0 0.0, 0.0 0.0, 1.156839149618933, 0.0, 216106.1026352289, 0.0, 0.0, 0.0, 0, 0.23300970873786409, 0, 0.7669902912621359, 0, 0.0, 0, 4.627356598475732e-06, 1e-05, 1e-05, 0.01, 0.01, 0.01, 0.01, 1
-0.06699999999999998 0.008, 0.0 0.0, 0.0 0.0, 0.0 0.0, 1.156839149618933, 0.0, 216106.1026352289, 0.0, 0.0, 0.0, 0, 0.23300970873786409, 0, 0.7669902912621359, 0, 0.0, 0, 4.627356598475732e-06, 1e-05, 1e-05, 0.01, 0.01, 0.01, 0.01, 1
-0.06499999999999997 -0.008, 0.0 0.0, 0.0 0.0, 0.0 0.0, 1.156839149618933, 0.0, 216106.1026352289, 0.0, 0.0, 0.0, 0, 0.23300970873786409, 0, 0.7669902912621359, 0, 0.0, 0, 4.627356598475732e-06, 1e-05, 1e-05, 0.01, 0.01, 0.01, 0.01, 1
-0.06499999999999997 -0.006, 0.0 0.0, 0.0 0.0, 0.0 0.0, 1.156839149618933, 0.0, 216106.1026352289, 0.0, 0.0, 0.0, 0, 0.23300970873786409, 0, 0.7669902912621359, 0, 0.0, 0, 4.627356598475732e-06, 1e-05, 1e-05, 0.01, 0.01, 0.01, 0.01, 1
-0.06499999999999997 -0.004, 0.0 0.0, 0.0 0.0, 0.0 0.0, 1.156839149618933, 0.0, 216106.1026352289, 0.0, 0.0, 0.0, 0, 0.23300970873786409, 0, 0.7669902912621359, 0, 0.0, 0, 4.627356598475732e-06, 1e-05, 1e-05, 0.01, 0.01, 0.01, 0.01, 1
-0.06499999999999997 -0.002, 0.0 0.0, 0.0 0.0, 0.0 0.0, 1.156839149618933, 0.0, 216106.1026352289, 0.0, 0.0, 0.0, 0, 0.23300970873786409, 0, 0.7669902912621359, 0, 0.0, 0, 4.627356598475732e-06, 1e-05, 1e-05, 0.01, 0.01, 0.01, 0.01, 1
-0.06499999999999997 0.0, 0.0 0.0, 0.0 0.0, 0.0 0.0, 1.156839149618933, 0.0, 216106.1026352289, 0.0, 0.0, 0.0, 0, 0.23300970873786409, 0, 0.7669902912621359, 0, 0.0, 0, 4.627356598475732e-06, 1e-05, 1e-05, 0.01, 0.01, 0.01, 0.01, 1
-0.06499999999999997 0.002, 0.0 0.0, 0.0 0.0, 0.0 0.0, 1.156839149618933, 0.0, 216106.1026352289, 0.0, 0.0, 0.0, 0, 0.23300970873786409, 0, 0.7669902912621359, 0, 0.0, 0, 4.627356598475732e-06, 1e-05, 1e-05, 0.01, 0.01, 0.01, 0.01, 1
-0.06499999999999997 0.004, 0.0 0.0, 0.0 0.0, 0.0 0.0, 1.156839149618933, 0.0, 216106.1026352289, 0.0, 0.0, 0.0, 0, 0.23300970873786409, 0, 0.7669902912621359, 0, 0.0, 0, 4.627356598475732e-06, 1e-05, 1e-05, 0.01, 0.01, 0.01, 0.01, 1
-0.06499999999999997 0.006, 0.0 0.0, 0.0 0.0, 0.0 0.0, 1.156839149618933, 0.0, 216106.1026352289, 0.0, 0.0, 0.0, 0, 0.23300970873786409, 0, 0.7669902912621359, 0, 0.0, 0, 4.627356598475732e-06, 1e-05, 1e-05, 0.01, 0.01, 0.01, 0.01, 1
-0.06499999999999997 0.008, 0.0 0.0, 0.0 0.0, 0.0 0.0, 1.156839149618933, 0.0, 216106.1026352289, 0.0, 0.0, 0.0, 0, 0.23300970873786409, 0, 0.7669902912621359, 0, 0.0, 0, 4.627356598475732e-06, 1e-05, 1e-05, 0.01, 0.01, 0.01, 0.01, 1
-0.06299999999999997 -0.008, 0.0 0.0, 0.0 0.0, 0.0 0.0, 1.156839149618933, 0.0, 216106.1026352289, 0.0, 0.0, 0.0, 0, 0.23300970873786409, 0, 0.7669902912621359, 0, 0.0, 0, 4.627356598475732e-06, 1e-05, 1e-05, 0.01, 0.01, 0.01, 0.01, 1
-0.06299999999999997 -0.006, 0.0 0.0, 0.0 0.0, 0.0 0.0, 1.156839149618933, 0.0, 216106.1026352289, 0.0, 0.0, 0.0, 0, 0.23300970873786409, 0, 0.7669902912621359, 0, 0.0, 0, 4.627356598475732e-06, 1e-05, 1e-05, 0.01, 0.01, 0.01, 0.01, 1
-0.06299999999999997 -0.004, 0.0 0.0, 0.0 0.0, 0.0 0.0, 1.156839149618933, 0.0, 216106.1026352289, 0.0, 0.0, 0.0, 0, 0.23300970873786409, 0, 0.7669902912621359, 0, 0.0, 0, 4.627356598475732e-06, 1e-05, 1e-05, 0.01, 0.01, 0.01, 0.01, 1
-0.06299999999999997 -0.002, 0.0 0.0, 0.0 0.0, 0.0 0.0, 1.156839149618933, 0.0, 216106.1026352289, 0.0, 0.0, 0.0, 0, 0.23300970873786409, 0, 0.7669902912621359, 0, 0.0, 0, 4.627356598475732e-06, 1e-05, 1e-05, 0.01, 0.01, 0.01, 0.01, 1
-0.06299999999999997 0.0, 0.0 0.0, 0.0 0.0, 0.0 0.0, 1.156839149618933, 0.0, 216106.1026352289, 0.0, 0.0, 0.0, 0, 0.23300970873786409, 0, 0.7669902912621359, 0, 0.0, 0, 4.627356598475732e-06, 1e-05, 1e-05, 0.01, 0.01, 0.01, 0.01, 1
-0.06299999999999997 0.002, 0.0 0.0, 0.0 0.0, 0.0 0.0, 1.156839149618933, 0.0, 216106.1026352289, 0.0, 0.0, 0.0, 0, 0.23300970873786409, 0, 0.7669902912621359, 0, 0.0, 0, 4.627356598475732e-06, 1e-05, 1e-05, 0.01, 0.01, 0.01, 0.01, 1
-0.06299999999999997 0.004, 0.0 0.0, 0.0 0.0, 0.0 0.0, 1.156839149618933, 0.0, 216106.1026352289, 0.0, 0.0, 0.0, 0, 0.23300970873786409, 0, 0.7669902912621359, 0, 0.0, 0, 4.627356598475732e-06, 1e-05, 1e-05, 0.01, 0.01, 0.01, 0.01, 1
-0.06299999999999997 0.006, 0.0 0.0, 0.0 0.0, 0.0 0.0, 1.156839149618933, 0.0, 216106.1026352289, 0.0, 0.0, 0.0, 0, 0.23300970873786409, 0, 0.7669902912621359, 0, 0.0, 0, 4.627356598475732e-06, 1e-05, 1e-05, 0.01, 0.01, 0.01, 0.01, 1
-0.06299999999999997 0.008, 0.0 0.0, 0.0 0.0, 0.0 0.0, 1.156839149618933, 0.0, 216106.1026352289, 0.0, 0.0, 0.0, 0, 0.23300970873786409, 0, 0.7669902912621359, 0, 0.0, 0, 4.627356598475732e-06, 1e-05, 1e-05, 0.01, 0.01, 0.01, 0.01, 1
-0.06099999999999997 -0.008, 0.0 0.0, 0.0 0.0, 0.0 0.0, 1.156839149618933, 0.0, 216106.1026352289, 0.0, 0.0, 0.0, 0, 0.23300970873786409, 0, 0.7669902912621359, 0, 0.0, 0, 4.627356598475732e-06, 1e-05, 1e-05, 0.01, 0.01, 0.01, 0.01, 1
-0.06099999999999997 -0.006, 0.0 0.0, 0.0 0.0, 0.0 0.0, 1.156839149618933, 0.0, 216106.1026352289, 0.0, 0.0, 0.0, 0, 0.23300970873786409, 0, 0.7669902912621359, 0, 0.0, 0, 4.627356598475732e-06, 1e-05, 1e-05, 0.01, 0.01, 0.01, 0.01, 1
-0.06099999999999997 -0.004, 0.0 0.0, 0.0 0.0, 0.0 0.0, 1.156839149618933, 0.0, 216106.1026352289, 0.0, 0.0, 0.0, 0, 0.23300970873786409, 0, 0.7669902912621359, 0, 0.0, 0, 4.627356598475732e-06, 1e-05, 1e-05, 0.01, 0.01, 0.01, 0.01, 1
-0.06099999999999997 -0.002, 0.0 0.0, 0.0 0.0, 0.0 0.0, 1.156839149618933, 0.0, 216106.1026352289, 0.0, 0.0, 0.0, 0, 0.23300970873786409, 0, 0.7669902912621359, 0, 0.0, 0, 4.627356598475732e-06, 1e-05, 1e-05, 0.01, 0.01, 0.01, 0.01, 1
-0.06099999999999997 0.0, 0.0 0.0, 0.0 0.0, 0.0 0.0, 1.156839149618933, 0.0, 216106.1026352289, 0.0, 0.0, 0.0, 0, 0.23300970873786409, 0, 0.7669902912621359, 0, 0.0, 0, 4.627356598475732e-06, 1e-05, 1e-05, 0.01, 0.01, 0.01, 0.01, 1
-0.06099999999999997 0.002, 0.0 0.0, 0.0 0.0, 0.0 0.0, 1.156839149618933, 0.0, 216106.1026352289, 0.0, 0.0, 0.0, 0, 0.23300970873786409, 0, 0.7669902912621359, 0, 0.0, 0, 4.627356598475732e-06, 1e-05, 1e-05, 0.01, 0.01, 0.01, 0.01, 1
-0.06099999999999997 0.004, 0.0 0.0, 0.0 0.0, 0.0 0.0, 1.156839149618933, 0.0, 216106.1026352289, 0.0, 0.0, 0.0, 0, 0.23300970873786409, 0, 0.7669902912621359, 0, 0.0, 0, 4.627356598475732e-06, 1e-05, 1e-05, 0.01, 0.01, 0.01, 0.01, 1
-0.06099999999999997 0.006, 0.0 0.0, 0.0 0.0, 0.0 0.0, 1.156839149618933, 0.0, 216106.1026352289, 0.0, 0.0, 0.0, 0, 0.23300970873786409, 0, 0.7669902912621359, 0, 0.0, 0, 4.627356598475732e-06, 1e-05, 1e-05, 0.01, 0.01, 0.01, 0.01, 1
-0.06099999999999997 0.008, 0.0 0.0, 0.0 0.0, 0.0 0.0, 1.156839149618933, 0.0, 216106.1026352289, 0.0, 0.0, 0.0, 0, 0.23300970873786409, 0, 0.7669902912621359, 0, 0.0, 0, 4.627356598475732e-06, 1e-05, 1e-05, 0.01, 0.01, 0.01, 0.01, 1
-0.05899999999999997 -0.008, 0.0 0.0, 0.0 0.0, 0.0 0.0, 1.156839149618933, 0.0, 216106.1026352289, 0.0, 0.0, 0.0, 0, 0.23300970873786409, 0, 0.7669902912621359, 0, 0.0, 0, 4.627356598475732e-06, 1e-05, 1e-05, 0.01, 0.01, 0.01, 0.01, 1
-0.05899999999999997 -0.006, 0.0 0.0, 0.0 0.0, 0.0 0.0, 1.156839149618933, 0.0, 216106.1026352289, 0.0, 0.0, 0.0, 0, 0.23300970873786409, 0, 0.7669902912621359, 0, 0.0, 0, 4.627356598475732e-06, 1e-05, 1e-05, 0.01, 0.01, 0.01, 0.01, 1
-0.05899999999999997 -0.004, 0.0 0.0, 0.0 0.0, 0.0 0.0, 1.156839149618933, 0.0, 216106.1026352289, 0.0, 0.0, 0.0, 0, 0.23300970873786409, 0, 0.7669902912621359, 0, 0.0, 0, 4.627356598475732e-06, 1e-05, 1e-05, 0.01, 0.01, 0.01, 0.01, 1
-0.05899999999999997 -0.002, 0.0 0.0, 0.0 0.0, 0.0 0.0, 1.156839149618933, 0.0, 216106.1026352289, 0.0, 0.0, 0.0, 0, 0.23300970873786409, 0, 0.7669902912621359, 0, 0.0, 0, 4.627356598475732e-06, 1e-05, 1e-05, 0.01, 0.01, 0.01, 0.01, 1
-0.05899999999999997 0.0, 0.0 0.0, 0.0 0.0, 0.0 0.0, 1.156839149618933, 0.0, 216106.1026352289, 0.0, 0.0, 0.0, 0, 0.23300970873786409, 0, 0.7669902912621359, 0, 0.0, 0, 4.627356598475732e-06, 1e-05, 1e-05, 0.01, 0.01, 0.01, 0.01, 1
-0.05899999999999997 0.002, 0.0 0.0, 0.0 0.0, 0.0 0.0, 1.156839149618933, 0.0, 216106.1026352289, 0.0, 0.0, 0.0, 0, 0.23300970873786409, 0, 0.7669902912621359, 0, 0.0, 0, 4.627356598475732e-06, 1e-05, 1e-05, 0.01, 0.01, 0.01, 0.01, 1
-0.05899999999999997 0.004, 0.0 0.0, 0.0 0.0, 0.0 0.0, 1.156839149618933, 0.0, 216106.1026352289, 0.0, 0.0, 0.0, 0, 0.23300970873786409, 0, 0.7669902912621359, 0, 0.0, 0, 4.627356598475732e-06, 1e-05, 1e-05, 0.01, 0.01, 0.01, 0.01, 1
-0.05899999999999997 0.006, 0.0 0.0, 0.0 0.0, 0.0 0.0, 1.156839149618933, 0.0, 216106.1026352289, 0.0, 0.0, 0.0, 0, 0.23300970873786409, 0, 0.7669902912621359, 0, 0.0, 0, 4.627356598475732e-06, 1e-05, 1e-05, 0.01, 0.01, 0.01, 0.01, 1
-0.05899999999999997 0.008, 0.0 0.0, 0.0 0.0, 0.0 0.0, 1.156839149618933, 0.0, 216106.1026352289, 0.0, 0.0, 0.0, 0, 0.23300970873786409, 0, 0.7669902912621359, 0, 0.0, 0, 4.627356598475732e-06, 1e-05, 1e-05, 0.01, 0.01, 0.01, 0.01, 1
-0.05699999999999997 -0.008, 0.0 0.0, 0.0 0.0, 0.0 0.0, 1.156839149618933, 0.0, 216106.1026352289, 0.0, 0.0, 0.0, 0, 0.23300970873786409, 0, 0.7669902912621359, 0, 0.0, 0, 4.627356598475732e-06, 1e-05, 1e-05, 0.01, 0.01, 0.01, 0.01, 1
-0.05699999999999997 -0.006, 0.0 0.0, 0.0 0.0, 0.0 0.0, 1.156839149618933, 0.0, 216106.1026352289, 0.0, 0.0, 0.0, 0, 0.23300970873786409, 0, 0.7669902912621359, 0, 0.0, 0, 4.627356598475732e-06, 1e-05, 1e-05, 0.01, 0.01, 0.01, 0.01, 1
-0.05699999999999997 -0.004, 0.0 0.0, 0.0 0.0, 0.0 0.0, 1.156839149618933, 0.0, 216106.1026352289, 0.0, 0.0, 0.0, 0, 0.23300970873786409, 0, 0.7669902912621359, 0, 0.0, 0, 4.627356598475732e-06, 1e-05, 1e-05, 0.01, 0.01, 0.01, 0.01, 1
-0.05699999999999997 -0.002, 0.0 0.0, 0.0 0.0, 0.0 0.0, 1.156839149618933, 0.0, 216106.1026352289, 0.0, 0.0, 0.0, 0, 0.23300970873786409, 0, 0.7669902912621359, 0, 0.0, 0, 4.627356598475732e-06, 1e-05, 1e-05, 0.01, 0.01, 0.01, 0.01, 1
-0.05699999999999997 0.0, 0.0 0.0, 0.0 0.0, 0.0 0.0, 1.156839149618933, 0.0, 216106.1026352289, 0.0, 0.0, 0.0, 0, 0.23300970873786409, 0, 0.7669902912621359, 0, 0.0, 0, 4.627356598475732e-06, 1e-05, 1e-05, 0.01, 0.01, 0.01, 0.01, 1
-0.05699999999999997 0.002, 0.0 0.0, 0.0 0.0, 0.0 0.0, 1.156839149618933, 0.0, 216106.1026352289, 0.0, 0.0, 0.0, 0, 0.23300970873786409, 0, 0.7669902912621359, 0, 0.0, 0, 4.627356598475732e-06, 1e-05, 1e-05, 0.01, 0.01, 0.01, 0.01, 1
-0.05699999999999997 0.004, 0.0 0.0, 0.0 0.0, 0.0 0.0, 1.156839149618933, 0.0, 216106.1026352289, 0.0, 0.0, 0.0, 0, 0.23300970873786409, 0, 0.7669902912621359, 0, 0.0, 0, 4.627356598475732e-06, 1e-05, 1e-05, 0.01, 0.01, 0.01, 0.01, 1
-0.05699999999999997 0.006, 0.0 0.0, 0.0 0.0, 0.0 0.0, 1.156839149618933, 0.0, 216106.1026352289, 0.0, 0.0, 0.0, 0, 0.23300970873786409, 0, 0.7669902912621359, 0, 0.0, 0, 4.627356598475732e-06, 1e-05, 1e-05, 0.01, 0.01, 0.01, 0.01, 1
-0.05699999999999997 0.008, 0.0 0.0, 0.0 0.0, 0.0 0.0, 1.156839149618933, 0.0, 216106.1026352289, 0.0, 0.0, 0.0, 0, 0.23300970873786409, 0, 0.7669902912621359, 0, 0.0, 0, 4.627356598475732e-06, 1e-05, 1e-05, 0.01, 0.01, 0.01, 0.01, 1
-0.054999999999999966 -0.008, 0.0 0.0, 0.0 0.0, 0.0 0.0, 1.156839149618933, 0.0, 216106.1026352289, 0.0, 0.0, 0.0, 0, 0.23300970873786409, 0, 0.7669902912621359, 0, 0.0, 0, 4.627356598475732e-06, 1e-05, 1e-05, 0.01, 0.01, 0.01, 0.01, 1
-0.054999999999999966 -0.006, 0.0 0.0, 0.0 0.0, 0.0 0.0, 1.156839149618933, 0.0, 216106.1026352289, 0.0, 0.0, 0.0, 0, 0.23300970873786409, 0, 0.7669902912621359, 0, 0.0, 0, 4.627356598475732e-06, 1e-05, 1e-05, 0.01, 0.01, 0.01, 0.01, 1
-0.054999999999999966 -0.004, 0.0 0.0, 0.0 0.0, 0.0 0.0, 1.156839149618933, 0.0, 216106.1026352289, 0.0, 0.0, 0.0, 0, 0.23300970873786409, 0, 0.7669902912621359, 0, 0.0, 0, 4.627356598475732e-06, 1e-05, 1e-05, 0.01, 0.01, 0.01, 0.01, 1
-0.054999999999999966 -0.002, 0.0 0.0, 0.0 0.0, 0.0 0.0, 1.156839149618933, 0.0, 216106.1026352289, 0.0, 0.0, 0.0, 0, 0.23300970873786409, 0, 0.7669902912621359, 0, 0.0, 0, 4.627356598475732e-06, 1e-05, 1e-05, 0.01, 0.01, 0.01, 0.01, 1
-0.054999999999999966 0.0, 0.0 0.0, 0.0 0.0, 0.0 0.0, 1.156839149618933, 0.0, 216106.1026352289, 0.0, 0.0, 0.0, 0, 0.23300970873786409, 0, 0.7669902912621359, 0, 0.0, 0, 4.627356598475732e-06, 1e-05, 1e-05, 0.01, 0.01, 0.01, 0.01, 1
-0.054999999999999966 0.002, 0.0 0.0, 0.0 0.0, 0.0 0.0, 1.156839149618933, 0.0, 216106.1026352289, 0.0, 0.0, 0.0, 0, 0.23300970873786409, 0, 0.7669902912621359, 0, 0.0, 0, 4.627356598475732e-06, 1e-05, 1e-05, 0.01, 0.01, 0.01, 0.01, 1
-0.054999999999999966 0.004, 0.0 0.0, 0.0 0.0, 0.0 0.0, 1.156839149618933, 0.0, 216106.1026352289, 0.0, 0.0, 0.0, 0, 0.23300970873786409, 0, 0.7669902912621359, 0, 0.0, 0, 4.627356598475732e-06, 1e-05, 1e-05, 0.01, 0.01, 0.01, 0.01, 1
-0.054999999999999966 0.006, 0.0 0.0, 0.0 0.0, 0.0 0.0, 1.156839149618933, 0.0, 216106.1026352289, 0.0, 0.0, 0.0, 0, 0.23300970873786409, 0, 0.7669902912621359, 0, 0.0, 0, 4.627356598475732e-06, 1e-05, 1e-05, 0.01, 0.01, 0.01, 0.01, 1
-0.054999999999999966 0.008, 0.0 0.0, 0.0 0.0, 0.0 0.0, 1.156839149618933, 0.0, 216106.1026352289, 0.0, 0.0, 0.0, 0, 0.23300970873786409, 0, 0.7669902912621359, 0, 0.0, 0, 4.627356598475732e-06, 1e-05, 1e-05, 0.01, 0.01, 0.01, 0.01, 1
-0.052999999999999964 -0.008, 0.0 0.0, 0.0 0.0, 0.0 0.0, 1.156839149618933, 0.0, 216106.1026352289, 0.0, 0.0, 0.0, 0, 0.23300970873786409, 0, 0.7669902912621359, 0, 0.0, 0, 4.627356598475732e-06, 1e-05, 1e-05, 0.01, 0.01, 0.01, 0.01, 1
-0.052999999999999964 -0.006, 0.0 0.0, 0.0 0.0, 0.0 0.0, 1.156839149618933, 0.0, 216106.1026352289, 0.0, 0.0, 0.0, 0, 0.23300970873786409, 0, 0.7669902912621359, 0, 0.0, 0, 4.627356598475732e-06, 1e-05, 1e-05, 0.01, 0.01, 0.01, 0.01, 1
-0.052999999999999964 -0.004, 0.0 0.0, 0.0 0.0, 0.0 0.0, 1.156839149618933, 0.0, 216106.1026352289, 0.0, 0.0, 0.0, 0, 0.23300970873786409, 0, 0.7669902912621359, 0, 0.0, 0, 4.627356598475732e-06, 1e-05, 1e-05, 0.01, 0.01, 0.01, 0.01, 1
-0.052999999999999964 -0.002, 0.0 0.0, 0.0 0.0, 0.0 0.0, 1.156839149618933, 0.0, 216106.1026352289, 0.0, 0.0, 0.0, 0, 0.23300970873786409, 0, 0.7669902912621359, 0, 0.0, 0, 4.627356598475732e-06, 1e-05, 1e-05, 0.01, 0.01, 0.01, 0.01, 1
-0.052999999999999964 0.0, 0.0 0.0, 0.0 0.0, 0.0 0.0, 1.156839149618933, 0.0, 216106.1026352289, 0.0, 0.0, 0.0, 0, 0.23300970873786409, 0, 0.7669902912621359, 0, 0.0, 0, 4.627356598475732e-06, 1e-05, 1e-05, 0.01, 0.01, 0.01, 0.01, 1
-0.052999999999999964 0.002, 0.0 0.0, 0.0 0.0, 0.0 0.0, 1.156839149618933, 0.0, 216106.1026352289, 0.0, 0.0, 0.0, 0, 0.23300970873786409, 0, 0.7669902912621359, 0, 0.0, 0, 4.627356598475732e-06, 1e-05, 1e-05, 0.01, 0.01, 0.01, 0.01, 1
-0.052999999999999964 0.004, 0.0 0.0, 0.0 0.0, 0.0 0.0, 1.156839149618933, 0.0, 216106.1026352289, 0.0, 0.0, 0.0, 0, 0.23300970873786409, 0, 0.7669902912621359, 0, 0.0, 0, 4.627356598475732e-06, 1e-05, 1e-05, 0.01, 0.01, 0.01, 0.01, 1
-0.052999999999999964 0.006, 0.0 0.0, 0.0 0.0, 0.0 0.0, 1.156839149618933, 0.0, 216106.1026352289, 0.0, 0.0, 0.0, 0, 0.23300970873786409, 0, 0.7669902912621359, 0, 0.0, 0, 4.627356598475732e-06, 1e-05, 1e-05, 0.01, 0.01, 0.01, 0.01, 1
-0.052999999999999964 0.008, 0.0 0.0, 0.0 0.0, 0.0 0.0, 1.156839149618933, 0.0, 216106.1026352289, 0.0, 0.0, 0.0, 0, 0.23300970873786409, 0, 0.7669902912621359, 0, 0.0, 0, 4.627356598475732e-06, 1e-05, 1e-05, 0.01, 0.01, 0.01, 0.01, 1
-0.05099999999999996 -0.008, 0.0 0.0, 0.0 0.0, 0.0 0.0, 1.156839149618933, 0.0, 216106.1026352289, 0.0, 0.0, 0.0, 0, 0.23300970873786409, 0, 0.7669902912621359, 0, 0.0, 0, 4.627356598475732e-06, 1e-05, 1e-05, 0.01, 0.01, 0.01, 0.01, 1
-0.05099999999999996 -0.006, 0.0 0.0, 0.0 0.0, 0.0 0.0, 1.156839149618933, 0.0, 216106.1026352289, 0.0, 0.0, 0.0, 0, 0.23300970873786409, 0, 0.7669902912621359, 0, 0.0, 0, 4.627356598475732e-06, 1e-05, 1e-05, 0.01, 0.01, 0.01, 0.01, 1
-0.05099999999999996 -0.004, 0.0 0.0, 0.0 0.0, 0.0 0.0, 1.156839149618933, 0.0, 216106.1026352289, 0.0, 0.0, 0.0, 0, 0.23300970873786409, 0, 0.7669902912621359, 0, 0.0, 0, 4.627356598475732e-06, 1e-05, 1e-05, 0.01, 0.01, 0.01, 0.01, 1
-0.05099999999999996 -0.002, 0.0 0.0, 0.0 0.0, 0.0 0.0, 1.156839149618933, 0.0, 216106.1026352289, 0.0, 0.0, 0.0, 0, 0.23300970873786409, 0, 0.7669902912621359, 0, 0.0, 0, 4.627356598475732e-06, 1e-05, 1e-05, 0.01, 0.01, 0.01, 0.01, 1
-0.05099999999999996 0.0, 0.0 0.0, 0.0 0.0, 0.0 0.0, 1.156839149618933, 0.0, 216106.1026352289, 0.0, 0.0, 0.0, 0, 0.23300970873786409, 0, 0.7669902912621359, 0, 0.0, 0, 4.627356598475732e-06, 1e-05, 1e-05, 0.01, 0.01, 0.01, 0.01, 1
-0.05099999999999996 0.002, 0.0 0.0, 0.0 0.0, 0.0 0.0, 1.156839149618933, 0.0, 216106.1026352289, 0.0, 0.0, 0.0, 0, 0.23300970873786409, 0, 0.7669902912621359, 0, 0.0, 0, 4.627356598475732e-06, 1e-05, 1e-05, 0.01, 0.01, 0.01, 0.01, 1
-0.05099999999999996 0.004, 0.0 0.0, 0.0 0.0, 0.0 0.0, 1.156839149618933, 0.0, 216106.1026352289, 0.0, 0.0, 0.0, 0, 0.23300970873786409, 0, 0.7669902912621359, 0, 0.0, 0, 4.627356598475732e-06, 1e-05, 1e-05, 0.01, 0.01, 0.01, 0.01, 1
-0.05099999999999996 0.006, 0.0 0.0, 0.0 0.0, 0.0 0.0, 1.156839149618933, 0.0, 216106.1026352289, 0.0, 0.0, 0.0, 0, 0.23300970873786409, 0, 0.7669902912621359, 0, 0.0, 0, 4.627356598475732e-06, 1e-05, 1e-05, 0.01, 0.01, 0.01, 0.01, 1
-0.05099999999999996 0.008, 0.0 0.0, 0.0 0.0, 0.0 0.0, 1.156839149618933, 0.0, 216106.1026352289, 0.0, 0.0, 0.0, 0, 0.23300970873786409, 0, 0.7669902912621359, 0, 0.0, 0, 4.627356598475732e-06, 1e-05, 1e-05, 0.01, 0.01, 0.01, 0.01, 1
-0.04899999999999996 -0.008, 0.0 0.0, 0.0 0.0, 0.0 0.0, 1.156839149618933, 0.0, 216106.1026352289, 0.0, 0.0, 0.0, 0, 0.23300970873786409, 0, 0.7669902912621359, 0, 0.0, 0, 4.627356598475732e-06, 1e-05, 1e-05, 0.01, 0.01, 0.01, 0.01, 1
-0.04899999999999996 -0.006, 0.0 0.0, 0.0 0.0, 0.0 0.0, 1.156839149618933, 0.0, 216106.1026352289, 0.0, 0.0, 0.0, 0, 0.23300970873786409, 0, 0.7669902912621359, 0, 0.0, 0, 4.627356598475732e-06, 1e-05, 1e-05, 0.01, 0.01, 0.01, 0.01, 1
-0.04899999999999996 -0.004, 0.0 0.0, 0.0 0.0, 0.0 0.0, 1.156839149618933, 0.0, 216106.1026352289, 0.0, 0.0, 0.0, 0, 0.23300970873786409, 0, 0.7669902912621359, 0, 0.0, 0, 4.627356598475732e-06, 1e-05, 1e-05, 0.01, 0.01, 0.01, 0.01, 1
-0.04899999999999996 -0.002, 0.0 0.0, 0.0 0.0, 0.0 0.0, 1.156839149618933, 0.0, 216106.1026352289, 0.0, 0.0, 0.0, 0, 0.23300970873786409, 0, 0.7669902912621359, 0, 0.0, 0, 4.627356598475732e-06, 1e-05, 1e-05, 0.01, 0.01, 0.01, 0.01, 1
-0.04899999999999996 0.0, 0.0 0.0, 0.0 0.0, 0.0 0.0, 1.156839149618933, 0.0, 216106.1026352289, 0.0, 0.0, 0.0, 0, 0.23300970873786409, 0, 0.7669902912621359, 0, 0.0, 0, 4.627356598475732e-06, 1e-05, 1e-05, 0.01, 0.01, 0.01, 0.01, 1
-0.04899999999999996 0.002, 0.0 0.0, 0.0 0.0, 0.0 0.0, 1.156839149618933, 0.0, 216106.1026352289, 0.0, 0.0, 0.0, 0, 0.23300970873786409, 0, 0.7669902912621359, 0, 0.0, 0, 4.627356598475732e-06, 1e-05, 1e-05, 0.01, 0.01, 0.01, 0.01, 1
-0.04899999999999996 0.004, 0.0 0.0, 0.0 0.0, 0.0 0.0, 1.156839149618933, 0.0, 216106.1026352289, 0.0, 0.0, 0.0, 0, 0.23300970873786409, 0, 0.7669902912621359, 0, 0.0, 0, 4.627356598475732e-06, 1e-05, 1e-05, 0.01, 0.01, 0.01, 0.01, 1
-0.04899999999999996 0.006, 0.0 0.0, 0.0 0.0, 0.0 0.0, 1.156839149618933, 0.0, 216106.1026352289, 0.0, 0.0, 0.0, 0, 0.23300970873786409, 0, 0.7669902912621359, 0, 0.0, 0, 4.627356598475732e-06, 1e-05, 1e-05, 0.01, 0.01, 0.01, 0.01, 1
-0.04899999999999996 0.008, 0.0 0.0, 0.0 0.0, 0.0 0.0, 1.156839149618933, 0.0, 216106.1026352289, 0.0, 0.0, 0.0, 0, 0.23300970873786409, 0, 0.7669902912621359, 0, 0.0, 0, 4.627356598475732e-06, 1e-05, 1e-05, 0.01, 0.01, 0.01, 0.01, 1
-0.04699999999999996 -0.008, 0.0 0.0, 0.0 0.0, 0.0 0.0, 1.156839149618933, 0.0, 216106.1026352289, 0.0, 0.0, 0.0, 0, 0.23300970873786409, 0, 0.7669902912621359, 0, 0.0, 0, 4.627356598475732e-06, 1e-05, 1e-05, 0.01, 0.01, 0.01, 0.01, 1
-0.04699999999999996 -0.006, 0.0 0.0, 0.0 0.0, 0.0 0.0, 1.156839149618933, 0.0, 216106.1026352289, 0.0, 0.0, 0.0, 0, 0.23300970873786409, 0, 0.7669902912621359, 0, 0.0, 0, 4.627356598475732e-06, 1e-05, 1e-05, 0.01, 0.01, 0.01, 0.01, 1
-0.04699999999999996 -0.004, 0.0 0.0, 0.0 0.0, 0.0 0.0, 1.156839149618933, 0.0, 216106.1026352289, 0.0, 0.0, 0.0, 0, 0.23300970873786409, 0, 0.7669902912621359, 0, 0.0, 0, 4.627356598475732e-06, 1e-05, 1e-05, 0.01, 0.01, 0.01, 0.01, 1
-0.04699999999999996 -0.002, 0.0 0.0, 0.0 0.0, 0.0 0.0, 1.156839149618933, 0.0, 216106.1026352289, 0.0, 0.0, 0.0, 0, 0.23300970873786409, 0, 0.7669902912621359, 0, 0.0, 0, 4.627356598475732e-06, 1e-05, 1e-05, 0.01, 0.01, 0.01, 0.01, 1
-0.04699999999999996 0.0, 0.0 0.0, 0.0 0.0, 0.0 0.0, 1.156839149618933, 0.0, 216106.1026352289, 0.0, 0.0, 0.0, 0, 0.23300970873786409, 0, 0.7669902912621359, 0, 0.0, 0, 4.627356598475732e-06, 1e-05, 1e-05, 0.01, 0.01, 0.01, 0.01, 1
-0.04699999999999996 0.002, 0.0 0.0, 0.0 0.0, 0.0 0.0, 1.156839149618933, 0.0, 216106.1026352289, 0.0, 0.0, 0.0, 0, 0.23300970873786409, 0, 0.7669902912621359, 0, 0.0, 0, 4.627356598475732e-06, 1e-05, 1e-05, 0.01, 0.01, 0.01, 0.01, 1
-0.04699999999999996 0.004, 0.0 0.0, 0.0 0.0, 0.0 0.0, 1.156839149618933, 0.0, 216106.1026352289, 0.0, 0.0, 0.0, 0, 0.23300970873786409, 0, 0.7669902912621359, 0, 0.0, 0, 4.627356598475732e-06, 1e-05, 1e-05, 0.01, 0.01, 0.01, 0.01, 1
-0.04699999999999996 0.006, 0.0 0.0, 0.0 0.0, 0.0 0.0, 1.156839149618933, 0.0, 216106.1026352289, 0.0, 0.0, 0.0, 0, 0.23300970873786409, 0, 0.7669902912621359, 0, 0.0, 0, 4.627356598475732e-06, 1e-05, 1e-05, 0.01, 0.01, 0.01, 0.01, 1
-0.04699999999999996 0.008, 0.0 0.0, 0.0 0.0, 0.0 0.0, 1.156839149618933, 0.0, 216106.1026352289, 0.0, 0.0, 0.0, 0, 0.23300970873786409, 0, 0.7669902912621359, 0, 0.0, 0, 4.627356598475732e-06, 1e-05, 1e-05, 0.01, 0.01, 0.01, 0.01, 1
-0.04499999999999996 -0.008, 0.0 0.0, 0.0 0.0, 0.0 0.0, 1.156839149618933, 0.0, 216106.1026352289, 0.0, 0.0, 0.0, 0, 0.23300970873786409, 0, 0.7669902912621359, 0, 0.0, 0, 4.627356598475732e-06, 1e-05, 1e-05, 0.01, 0.01, 0.01, 0.01, 1
-0.04499999999999996 -0.006, 0.0 0.0, 0.0 0.0, 0.0 0.0, 1.156839149618933, 0.0, 216106.1026352289, 0.0, 0.0, 0.0, 0, 0.23300970873786409, 0, 0.7669902912621359, 0, 0.0, 0, 4.627356598475732e-06, 1e-05, 1e-05, 0.01, 0.01, 0.01, 0.01, 1
-0.04499999999999996 -0.004, 0.0 0.0, 0.0 0.0, 0.0 0.0, 1.156839149618933, 0.0, 216106.1026352289, 0.0, 0.0, 0.0, 0, 0.23300970873786409, 0, 0.7669902912621359, 0, 0.0, 0, 4.627356598475732e-06, 1e-05, 1e-05, 0.01, 0.01, 0.01, 0.01, 1
-0.04499999999999996 -0.002, 0.0 0.0, 0.0 0.0, 0.0 0.0, 1.156839149618933, 0.0, 216106.1026352289, 0.0, 0.0, 0.0, 0, 0.23300970873786409, 0, 0.7669902912621359, 0, 0.0, 0, 4.627356598475732e-06, 1e-05, 1e-05, 0.01, 0.01, 0.01, 0.01, 1
-0.04499999999999996 0.0, 0.0 0.0, 0.0 0.0, 0.0 0.0, 1.156839149618933, 0.0, 216106.1026352289, 0.0, 0.0, 0.0, 0, 0.23300970873786409, 0, 0.7669902912621359, 0, 0.0, 0, 4.627356598475732e-06, 1e-05, 1e-05, 0.01, 0.01, 0.01, 0.01, 1
-0.04499999999999996 0.002, 0.0 0.0, 0.0 0.0, 0.0 0.0, 1.156839149618933, 0.0, 216106.1026352289, 0.0, 0.0, 0.0, 0, 0.23300970873786409, 0, 0.7669902912621359, 0, 0.0, 0, 4.627356598475732e-06, 1e-05, 1e-05, 0.01, 0.01, 0.01, 0.01, 1
-0.04499999999999996 0.004, 0.0 0.0, 0.0 0.0, 0.0 0.0, 1.156839149618933, 0.0, 216106.1026352289, 0.0, 0.0, 0.0, 0, 0.23300970873786409, 0, 0.7669902912621359, 0, 0.0, 0, 4.627356598475732e-06, 1e-05, 1e-05, 0.01, 0.01, 0.01, 0.01, 1
-0.04499999999999996 0.006, 0.0 0.0, 0.0 0.0, 0.0 0.0, 1.156839149618933, 0.0, 216106.1026352289, 0.0, 0.0, 0.0, 0, 0.23300970873786409, 0, 0.7669902912621359, 0, 0.0, 0, 4.627356598475732e-06, 1e-05, 1e-05, 0.01, 0.01, 0.01, 0.01, 1
-0.04499999999999996 0.008, 0.0 0.0, 0.0 0.0, 0.0 0.0, 1.156839149618933, 0.0, 216106.1026352289, 0.0, 0.0, 0.0, 0, 0.23300970873786409, 0, 0.7669902912621359, 0, 0.0, 0, 4.627356598475732e-06, 1e-05, 1e-05, 0.01, 0.01, 0.01, 0.01, 1
-0.042999999999999955 -0.008, 0.0 0.0, 0.0 0.0, 0.0 0.0, 1.156839149618933, 0.0, 216106.1026352289, 0.0, 0.0, 0.0, 0, 0.23300970873786409, 0, 0.7669902912621359, 0, 0.0, 0, 4.627356598475732e-06, 1e-05, 1e-05, 0.01, 0.01, 0.01, 0.01, 1
-0.042999999999999955 -0.006, 0.0 0.0, 0.0 0.0, 0.0 0.0, 1.156839149618933, 0.0, 216106.1026352289, 0.0, 0.0, 0.0, 0, 0.23300970873786409, 0, 0.7669902912621359, 0, 0.0, 0, 4.627356598475732e-06, 1e-05, 1e-05, 0.01, 0.01, 0.01, 0.01, 1
-0.042999999999999955 -0.004, 0.0 0.0, 0.0 0.0, 0.0 0.0, 1.156839149618933, 0.0, 216106.1026352289, 0.0, 0.0, 0.0, 0, 0.23300970873786409, 0, 0.7669902912621359, 0, 0.0, 0, 4.627356598475732e-06, 1e-05, 1e-05, 0.01, 0.01, 0.01, 0.01, 1
-0.042999999999999955 -0.002, 0.0 0.0, 0.0 0.0, 0.0 0.0, 1.156839149618933, 0.0, 216106.1026352289, 0.0, 0.0, 0.0, 0, 0.23300970873786409, 0, 0.7669902912621359, 0, 0.0, 0, 4.627356598475732e-06, 1e-05, 1e-05, 0.01, 0.01, 0.01, 0.01, 1
-0.042999999999999955 0.0, 0.0 0.0, 0.0 0.0, 0.0 0.0, 1.156839149618933, 0.0, 216106.1026352289, 0.0, 0.0, 0.0, 0, 0.23300970873786409, 0, 0.7669902912621359, 0, 0.0, 0, 4.627356598475732e-06, 1e-05, 1e-05, 0.01, 0.01, 0.01, 0.01, 1
-0.042999999999999955 0.002, 0.0 0.0, 0.0 0.0, 0.0 0.0, 1.156839149618933, 0.0, 216106.1026352289, 0.0, 0.0, 0.0, 0, 0.23300970873786409, 0, 0.7669902912621359, 0, 0.0, 0, 4.627356598475732e-06, 1e-05, 1e-05, 0.01, 0.01, 0.01, 0.01, 1
-0.042999999999999955 0.004, 0.0 0.0, 0.0 0.0, 0.0 0.0, 1.156839149618933, 0.0, 216106.1026352289, 0.0, 0.0, 0.0, 0, 0.23300970873786409, 0, 0.7669902912621359, 0, 0.0, 0, 4.627356598475732e-06, 1e-05, 1e-05, 0.01, 0.01, 0.01, 0.01, 1
-0.042999999999999955 0.006, 0.0 0.0, 0.0 0.0, 0.0 0.0, 1.156839149618933, 0.0, 216106.1026352289, 0.0, 0.0, 0.0, 0, 0.23300970873786409, 0, 0.7669902912621359, 0, 0.0, 0, 4.627356598475732e-06, 1e-05, 1e-05, 0.01, 0.01, 0.01, 0.01, 1
-0.042999999999999955 0.008, 0.0 0.0, 0.0 0.0, 0.0 0.0, 1.156839149618933, 0.0, 216106.1026352289, 0.0, 0.0, 0.0, 0, 0.23300970873786409, 0, 0.7669902912621359, 0, 0.0, 0, 4.627356598475732e-06, 1e-05, 1e-05, 0.01, 0.01, 0.01, 0.01, 1
-0.04099999999999995 -0.008, 0.0 0.0, 0.0 0.0, 0.0 0.0, 1.156839149618933, 0.0, 216106.1026352289, 0.0, 0.0, 0.0, 0, 0.23300970873786409, 0, 0.7669902912621359, 0, 0.0, 0, 4.627356598475732e-06, 1e-05, 1e-05, 0.01, 0.01, 0.01, 0.01, 1
-0.04099999999999995 -0.006, 0.0 0.0, 0.0 0.0, 0.0 0.0, 1.156839149618933, 0.0, 216106.1026352289, 0.0, 0.0, 0.0, 0, 0.23300970873786409, 0, 0.7669902912621359, 0, 0.0, 0, 4.627356598475732e-06, 1e-05, 1e-05, 0.01, 0.01, 0.01, 0.01, 1
-0.04099999999999995 -0.004, 0.0 0.0, 0.0 0.0, 0.0 0.0, 1.156839149618933, 0.0, 216106.1026352289, 0.0, 0.0, 0.0, 0, 0.23300970873786409, 0, 0.7669902912621359, 0, 0.0, 0, 4.627356598475732e-06, 1e-05, 1e-05, 0.01, 0.01, 0.01, 0.01, 1
-0.04099999999999995 -0.002, 0.0 0.0, 0.0 0.0, 0.0 0.0, 1.156839149618933, 0.0, 216106.1026352289, 0.0, 0.0, 0.0, 0, 0.23300970873786409, 0, 0.7669902912621359, 0, 0.0, 0, 4.627356598475732e-06, 1e-05, 1e-05, 0.01, 0.01, 0.01, 0.01, 1
-0.04099999999999995 0.0, 0.0 0.0, 0.0 0.0, 0.0 0.0, 1.156839149618933, 0.0, 216106.1026352289, 0.0, 0.0, 0.0, 0, 0.23300970873786409, 0, 0.7669902912621359, 0, 0.0, 0, 4.627356598475732e-06, 1e-05, 1e-05, 0.01, 0.01, 0.01, 0.01, 1
-0.04099999999999995 0.002, 0.0 0.0, 0.0 0.0, 0.0 0.0, 1.156839149618933, 0.0, 216106.1026352289, 0.0, 0.0, 0.0, 0, 0.23300970873786409, 0, 0.7669902912621359, 0, 0.0, 0, 4.627356598475732e-06, 1e-05, 1e-05, 0.01, 0.01, 0.01, 0.01, 1
-0.04099999999999995 0.004, 0.0 0.0, 0.0 0.0, 0.0 0.0, 1.156839149618933, 0.0, 216106.1026352289, 0.0, 0.0, 0.0, 0, 0.23300970873786409, 0, 0.7669902912621359, 0, 0.0, 0, 4.627356598475732e-06, 1e-05, 1e-05, 0.01, 0.01, 0.01, 0.01, 1
-0.04099999999999995 0.006, 0.0 0.0, 0.0 0.0, 0.0 0.0, 1.156839149618933, 0.0, 216106.1026352289, 0.0, 0.0, 0.0, 0, 0.23300970873786409, 0, 0.7669902912621359, 0, 0.0, 0, 4.627356598475732e-06, 1e-05, 1e-05, 0.01, 0.01, 0.01, 0.01, 1
-0.04099999999999995 0.008, 0.0 0.0, 0.0 0.0, 0.0 0.0, 1.156839149618933, 0.0, 216106.1026352289, 0.0, 0.0, 0.0, 0, 0.23300970873786409, 0, 0.7669902912621359, 0, 0.0, 0, 4.627356598475732e-06, 1e-05, 1e-05, 0.01, 0.01, 0.01, 0.01, 1
-0.03899999999999995 -0.008, 0.0 0.0, 0.0 0.0, 0.0 0.0, 1.156839149618933, 0.0, 216106.1026352289, 0.0, 0.0, 0.0, 0, 0.23300970873786409, 0, 0.7669902912621359, 0, 0.0, 0, 4.627356598475732e-06, 1e-05, 1e-05, 0.01, 0.01, 0.01, 0.01, 1
-0.03899999999999995 -0.006, 0.0 0.0, 0.0 0.0, 0.0 0.0, 1.156839149618933, 0.0, 216106.1026352289, 0.0, 0.0, 0.0, 0, 0.23300970873786409, 0, 0.7669902912621359, 0, 0.0, 0, 4.627356598475732e-06, 1e-05, 1e-05, 0.01, 0.01, 0.01, 0.01, 1
-0.03899999999999995 -0.004, 0.0 0.0, 0.0 0.0, 0.0 0.0, 1.156839149618933, 0.0, 216106.1026352289, 0.0, 0.0, 0.0, 0, 0.23300970873786409, 0, 0.7669902912621359, 0, 0.0, 0, 4.627356598475732e-06, 1e-05, 1e-05, 0.01, 0.01, 0.01, 0.01, 1
-0.03899999999999995 -0.002, 0.0 0.0, 0.0 0.0, 0.0 0.0, 1.156839149618933, 0.0, 216106.1026352289, 0.0, 0.0, 0.0, 0, 0.23300970873786409, 0, 0.7669902912621359, 0, 0.0, 0, 4.627356598475732e-06, 1e-05, 1e-05, 0.01, 0.01, 0.01, 0.01, 1
-0.03899999999999995 0.0, 0.0 0.0, 0.0 0.0, 0.0 0.0, 1.156839149618933, 0.0, 216106.1026352289, 0.0, 0.0, 0.0, 0, 0.23300970873786409, 0, 0.7669902912621359, 0, 0.0, 0, 4.627356598475732e-06, 1e-05, 1e-05, 0.01, 0.01, 0.01, 0.01, 1
-0.03899999999999995 0.002, 0.0 0.0, 0.0 0.0, 0.0 0.0, 1.156839149618933, 0.0, 216106.1026352289, 0.0, 0.0, 0.0, 0, 0.23300970873786409, 0, 0.7669902912621359, 0, 0.0, 0, 4.627356598475732e-06, 1e-05, 1e-05, 0.01, 0.01, 0.01, 0.01, 1
-0.03899999999999995 0.004, 0.0 0.0, 0.0 0.0, 0.0 0.0, 1.156839149618933, 0.0, 216106.1026352289, 0.0, 0.0, 0.0, 0, 0.23300970873786409, 0, 0.7669902912621359, 0, 0.0, 0, 4.627356598475732e-06, 1e-05, 1e-05, 0.01, 0.01, 0.01, 0.01, 1
-0.03899999999999995 0.006, 0.0 0.0, 0.0 0.0, 0.0 0.0, 1.156839149618933, 0.0, 216106.1026352289, 0.0, 0.0, 0.0, 0, 0.23300970873786409, 0, 0.7669902912621359, 0, 0.0, 0, 4.627356598475732e-06, 1e-05, 1e-05, 0.01, 0.01, 0.01, 0.01, 1
-0.03899999999999995 0.008, 0.0 0.0, 0.0 0.0, 0.0 0.0, 1.156839149618933, 0.0, 216106.1026352289, 0.0, 0.0, 0.0, 0, 0.23300970873786409, 0, 0.7669902912621359, 0, 0.0, 0, 4.627356598475732e-06, 1e-05, 1e-05, 0.01, 0.01, 0.01, 0.01, 1
-0.03699999999999995 -0.008, 0.0 0.0, 0.0 0.0, 0.0 0.0, 1.156839149618933, 0.0, 216106.1026352289, 0.0, 0.0, 0.0, 0, 0.23300970873786409, 0, 0.7669902912621359, 0, 0.0, 0, 4.627356598475732e-06, 1e-05, 1e-05, 0.01, 0.01, 0.01, 0.01, 1
-0.03699999999999995 -0.006, 0.0 0.0, 0.0 0.0, 0.0 0.0, 1.156839149618933, 0.0, 216106.1026352289, 0.0, 0.0, 0.0, 0, 0.23300970873786409, 0, 0.7669902912621359, 0, 0.0, 0, 4.627356598475732e-06, 1e-05, 1e-05, 0.01, 0.01, 0.01, 0.01, 1
-0.03699999999999995 -0.004, 0.0 0.0, 0.0 0.0, 0.0 0.0, 1.156839149618933, 0.0, 216106.1026352289, 0.0, 0.0, 0.0, 0, 0.23300970873786409, 0, 0.7669902912621359, 0, 0.0, 0, 4.627356598475732e-06, 1e-05, 1e-05, 0.01, 0.01, 0.01, 0.01, 1
-0.03699999999999995 -0.002, 0.0 0.0, 0.0 0.0, 0.0 0.0, 1.156839149618933, 0.0, 216106.1026352289, 0.0, 0.0, 0.0, 0, 0.23300970873786409, 0, 0.7669902912621359, 0, 0.0, 0, 4.627356598475732e-06, 1e-05, 1e-05, 0.01, 0.01, 0.01, 0.01, 1
-0.03699999999999995 0.0, 0.0 0.0, 0.0 0.0, 0.0 0.0, 1.156839149618933, 0.0, 216106.1026352289, 0.0, 0.0, 0.0, 0, 0.23300970873786409, 0, 0.7669902912621359, 0, 0.0, 0, 4.627356598475732e-06, 1e-05, 1e-05, 0.01, 0.01, 0.01, 0.01, 1
-0.03699999999999995 0.002, 0.0 0.0, 0.0 0.0, 0.0 0.0, 1.156839149618933, 0.0, 216106.1026352289, 0.0, 0.0, 0.0, 0, 0.23300970873786409, 0, 0.7669902912621359, 0, 0.0, 0, 4.627356598475732e-06, 1e-05, 1e-05, 0.01, 0.01, 0.01, 0.01, 1
-0.03699999999999995 0.004, 0.0 0.0, 0.0 0.0, 0.0 0.0, 1.156839149618933, 0.0, 216106.1026352289, 0.0, 0.0, 0.0, 0, 0.23300970873786409, 0, 0.7669902912621359, 0, 0.0, 0, 4.627356598475732e-06, 1e-05, 1e-05, 0.01, 0.01, 0.01, 0.01, 1
-0.03699999999999995 0.006, 0.0 0.0, 0.0 0.0, 0.0 0.0, 1.156839149618933, 0.0, 216106.1026352289, 0.0, 0.0, 0.0, 0, 0.23300970873786409, 0, 0.7669902912621359, 0, 0.0, 0, 4.627356598475732e-06, 1e-05, 1e-05, 0.01, 0.01, 0.01, 0.01, 1
-0.03699999999999995 0.008, 0.0 0.0, 0.0 0.0, 0.0 0.0, 1.156839149618933, 0.0, 216106.1026352289, 0.0, 0.0, 0.0, 0, 0.23300970873786409, 0, 0.7669902912621359, 0, 0.0, 0, 4.627356598475732e-06, 1e-05, 1e-05, 0.01, 0.01, 0.01, 0.01, 1
-0.03499999999999995 -0.008, 0.0 0.0, 0.0 0.0, 0.0 0.0, 1.156839149618933, 0.0, 216106.1026352289, 0.0, 0.0, 0.0, 0, 0.23300970873786409, 0, 0.7669902912621359, 0, 0.0, 0, 4.627356598475732e-06, 1e-05, 1e-05, 0.01, 0.01, 0.01, 0.01, 1
-0.03499999999999995 -0.006, 0.0 0.0, 0.0 0.0, 0.0 0.0, 1.156839149618933, 0.0, 216106.1026352289, 0.0, 0.0, 0.0, 0, 0.23300970873786409, 0, 0.7669902912621359, 0, 0.0, 0, 4.627356598475732e-06, 1e-05, 1e-05, 0.01, 0.01, 0.01, 0.01, 1
-0.03499999999999995 -0.004, 0.0 0.0, 0.0 0.0, 0.0 0.0, 1.156839149618933, 0.0, 216106.1026352289, 0.0, 0.0, 0.0, 0, 0.23300970873786409, 0, 0.7669902912621359, 0, 0.0, 0, 4.627356598475732e-06, 1e-05, 1e-05, 0.01, 0.01, 0.01, 0.01, 1
-0.03499999999999995 -0.002, 0.0 0.0, 0.0 0.0, 0.0 0.0, 1.156839149618933, 0.0, 216106.1026352289, 0.0, 0.0, 0.0, 0, 0.23300970873786409, 0, 0.7669902912621359, 0, 0.0, 0, 4.627356598475732e-06, 1e-05, 1e-05, 0.01, 0.01, 0.01, 0.01, 1
-0.03499999999999995 0.0, 0.0 0.0, 0.0 0.0, 0.0 0.0, 1.156839149618933, 0.0, 216106.1026352289, 0.0, 0.0, 0.0, 0, 0.23300970873786409, 0, 0.7669902912621359, 0, 0.0, 0, 4.627356598475732e-06, 1e-05, 1e-05, 0.01, 0.01, 0.01, 0.01, 1
-0.03499999999999995 0.002, 0.0 0.0, 0.0 0.0, 0.0 0.0, 1.156839149618933, 0.0, 216106.1026352289, 0.0, 0.0, 0.0, 0, 0.23300970873786409, 0, 0.7669902912621359, 0, 0.0, 0, 4.627356598475732e-06, 1e-05, 1e-05, 0.01, 0.01, 0.01, 0.01, 1
-0.03499999999999995 0.004, 0.0 0.0, 0.0 0.0, 0.0 0.0, 1.156839149618933, 0.0, 216106.1026352289, 0.0, 0.0, 0.0, 0, 0.23300970873786409, 0, 0.7669902912621359, 0, 0.0, 0, 4.627356598475732e-06, 1e-05, 1e-05, 0.01, 0.01, 0.01, 0.01, 1
-0.03499999999999995 0.006, 0.0 0.0, 0.0 0.0, 0.0 0.0, 1.156839149618933, 0.0, 216106.1026352289, 0.0, 0.0, 0.0, 0, 0.23300970873786409, 0, 0.7669902912621359, 0, 0.0, 0, 4.627356598475732e-06, 1e-05, 1e-05, 0.01, 0.01, 0.01, 0.01, 1
-0.03499999999999995 0.008, 0.0 0.0, 0.0 0.0, 0.0 0.0, 1.156839149618933, 0.0, 216106.1026352289, 0.0, 0.0, 0.0, 0, 0.23300970873786409, 0, 0.7669902912621359, 0, 0.0, 0, 4.627356598475732e-06, 1e-05, 1e-05, 0.01, 0.01, 0.01, 0.01, 1
-0.032999999999999946 -0.008, 0.0 0.0, 0.0 0.0, 0.0 0.0, 1.156839149618933, 0.0, 216106.1026352289, 0.0, 0.0, 0.0, 0, 0.23300970873786409, 0, 0.7669902912621359, 0, 0.0, 0, 4.627356598475732e-06, 1e-05, 1e-05, 0.01, 0.01, 0.01, 0.01, 1
-0.032999999999999946 -0.006, 0.0 0.0, 0.0 0.0, 0.0 0.0, 1.156839149618933, 0.0, 216106.1026352289, 0.0, 0.0, 0.0, 0, 0.23300970873786409, 0, 0.7669902912621359, 0, 0.0, 0, 4.627356598475732e-06, 1e-05, 1e-05, 0.01, 0.01, 0.01, 0.01, 1
-0.032999999999999946 -0.004, 0.0 0.0, 0.0 0.0, 0.0 0.0, 1.156839149618933, 0.0, 216106.1026352289, 0.0, 0.0, 0.0, 0, 0.23300970873786409, 0, 0.7669902912621359, 0, 0.0, 0, 4.627356598475732e-06, 1e-05, 1e-05, 0.01, 0.01, 0.01, 0.01, 1
-0.032999999999999946 -0.002, 0.0 0.0, 0.0 0.0, 0.0 0.0, 1.156839149618933, 0.0, 216106.1026352289, 0.0, 0.0, 0.0, 0, 0.23300970873786409, 0, 0.7669902912621359, 0, 0.0, 0, 4.627356598475732e-06, 1e-05, 1e-05, 0.01, 0.01, 0.01, 0.01, 1
-0.032999999999999946 0.0, 0.0 0.0, 0.0 0.0, 0.0 0.0, 1.156839149618933, 0.0, 216106.1026352289, 0.0, 0.0, 0.0, 0, 0.23300970873786409, 0, 0.7669902912621359, 0, 0.0, 0, 4.627356598475732e-06, 1e-05, 1e-05, 0.01, 0.01, 0.01, 0.01, 1
-0.032999999999999946 0.002, 0.0 0.0, 0.0 0.0, 0.0 0.0, 1.156839149618933, 0.0, 216106.1026352289, 0.0, 0.0, 0.0, 0, 0.23300970873786409, 0, 0.7669902912621359, 0, 0.0, 0, 4.627356598475732e-06, 1e-05, 1e-05, 0.01, 0.01, 0.01, 0.01, 1
-0.032999999999999946 0.004, 0.0 0.0, 0.0 0.0, 0.0 0.0, 1.156839149618933, 0.0, 216106.1026352289, 0.0, 0.0, 0.0, 0, 0.23300970873786409, 0, 0.7669902912621359, 0, 0.0, 0, 4.627356598475732e-06, 1e-05, 1e-05, 0.01, 0.01, 0.01, 0.01, 1
-0.032999999999999946 0.006, 0.0 0.0, 0.0 0.0, 0.0 0.0, 1.156839149618933, 0.0, 216106.1026352289, 0.0, 0.0, 0.0, 0, 0.23300970873786409, 0, 0.7669902912621359, 0, 0.0, 0, 4.627356598475732e-06, 1e-05, 1e-05, 0.01, 0.01, 0.01, 0.01, 1
-0.032999999999999946 0.008, 0.0 0.0, 0.0 0.0, 0.0 0.0, 1.156839149618933, 0.0, 216106.1026352289, 0.0, 0.0, 0.0, 0, 0.23300970873786409, 0, 0.7669902912621359, 0, 0.0, 0, 4.627356598475732e-06, 1e-05, 1e-05, 0.01, 0.01, 0.01, 0.01, 1
-0.030999999999999944 -0.008, 0.0 0.0, 0.0 0.0, 0.0 0.0, 1.156839149618933, 0.0, 216106.1026352289, 0.0, 0.0, 0.0, 0, 0.23300970873786409, 0, 0.7669902912621359, 0, 0.0, 0, 4.627356598475732e-06, 1e-05, 1e-05, 0.01, 0.01, 0.01, 0.01, 1
-0.030999999999999944 -0.006, 0.0 0.0, 0.0 0.0, 0.0 0.0, 1.156839149618933, 0.0, 216106.1026352289, 0.0, 0.0, 0.0, 0, 0.23300970873786409, 0, 0.7669902912621359, 0, 0.0, 0, 4.627356598475732e-06, 1e-05, 1e-05, 0.01, 0.01, 0.01, 0.01, 1
-0.030999999999999944 -0.004, 0.0 0.0, 0.0 0.0, 0.0 0.0, 1.156839149618933, 0.0, 216106.1026352289, 0.0, 0.0, 0.0, 0, 0.23300970873786409, 0, 0.7669902912621359, 0, 0.0, 0, 4.627356598475732e-06, 1e-05, 1e-05, 0.01, 0.01, 0.01, 0.01, 1
-0.030999999999999944 -0.002, 0.0 0.0, 0.0 0.0, 0.0 0.0, 1.156839149618933, 0.0, 216106.1026352289, 0.0, 0.0, 0.0, 0, 0.23300970873786409, 0, 0.7669902912621359, 0, 0.0, 0, 4.627356598475732e-06, 1e-05, 1e-05, 0.01, 0.01, 0.01, 0.01, 1
-0.030999999999999944 0.0, 0.0 0.0, 0.0 0.0, 0.0 0.0, 1.156839149618933, 0.0, 216106.1026352289, 0.0, 0.0, 0.0, 0, 0.23300970873786409, 0, 0.7669902912621359, 0, 0.0, 0, 4.627356598475732e-06, 1e-05, 1e-05, 0.01, 0.01, 0.01, 0.01, 1
-0.030999999999999944 0.002, 0.0 0.0, 0.0 0.0, 0.0 0.0, 1.156839149618933, 0.0, 216106.1026352289, 0.0, 0.0, 0.0, 0, 0.23300970873786409, 0, 0.7669902912621359, 0, 0.0, 0, 4.627356598475732e-06, 1e-05, 1e-05, 0.01, 0.01, 0.01, 0.01, 1
-0.030999999999999944 0.004, 0.0 0.0, 0.0 0.0, 0.0 0.0, 1.156839149618933, 0.0, 216106.1026352289, 0.0, 0.0, 0.0, 0, 0.23300970873786409, 0, 0.7669902912621359, 0, 0.0, 0, 4.627356598475732e-06, 1e-05, 1e-05, 0.01, 0.01, 0.01, 0.01, 1
-0.030999999999999944 0.006, 0.0 0.0, 0.0 0.0, 0.0 0.0, 1.156839149618933, 0.0, 216106.1026352289, 0.0, 0.0, 0.0, 0, 0.23300970873786409, 0, 0.7669902912621359, 0, 0.0, 0, 4.627356598475732e-06, 1e-05, 1e-05, 0.01, 0.01, 0.01, 0.01, 1
-0.030999999999999944 0.008, 0.0 0.0, 0.0 0.0, 0.0 0.0, 1.156839149618933, 0.0, 216106.1026352289, 0.0, 0.0, 0.0, 0, 0.23300970873786409, 0, 0.7669902912621359, 0, 0.0, 0, 4.627356598475732e-06, 1e-05, 1e-05, 0.01, 0.01, 0.01, 0.01, 1
-0.028999999999999942 -0.008, 0.0 0.0, 0.0 0.0, 0.0 0.0, 1.156839149618933, 0.0, 216106.1026352289, 0.0, 0.0, 0.0, 0, 0.23300970873786409, 0, 0.7669902912621359, 0, 0.0, 0, 4.627356598475732e-06, 1e-05, 1e-05, 0.01, 0.01, 0.01, 0.01, 1
-0.028999999999999942 -0.006, 0.0 0.0, 0.0 0.0, 0.0 0.0, 1.156839149618933, 0.0, 216106.1026352289, 0.0, 0.0, 0.0, 0, 0.23300970873786409, 0, 0.7669902912621359, 0, 0.0, 0, 4.627356598475732e-06, 1e-05, 1e-05, 0.01, 0.01, 0.01, 0.01, 1
-0.028999999999999942 -0.004, 0.0 0.0, 0.0 0.0, 0.0 0.0, 1.156839149618933, 0.0, 216106.1026352289, 0.0, 0.0, 0.0, 0, 0.23300970873786409, 0, 0.7669902912621359, 0, 0.0, 0, 4.627356598475732e-06, 1e-05, 1e-05, 0.01, 0.01, 0.01, 0.01, 1
-0.028999999999999942 -0.002, 0.0 0.0, 0.0 0.0, 0.0 0.0, 1.156839149618933, 0.0, 216106.1026352289, 0.0, 0.0, 0.0, 0, 0.23300970873786409, 0, 0.7669902912621359, 0, 0.0, 0, 4.627356598475732e-06, 1e-05, 1e-05, 0.01, 0.01, 0.01, 0.01, 1
-0.028999999999999942 0.0, 0.0 0.0, 0.0 0.0, 0.0 0.0, 1.156839149618933, 0.0, 216106.1026352289, 0.0, 0.0, 0.0, 0, 0.23300970873786409, 0, 0.7669902912621359, 0, 0.0, 0, 4.627356598475732e-06, 1e-05, 1e-05, 0.01, 0.01, 0.01, 0.01, 1
-0.028999999999999942 0.002, 0.0 0.0, 0.0 0.0, 0.0 0.0, 1.156839149618933, 0.0, 216106.1026352289, 0.0, 0.0, 0.0, 0, 0.23300970873786409, 0, 0.7669902912621359, 0, 0.0, 0, 4.627356598475732e-06, 1e-05, 1e-05, 0.01, 0.01, 0.01, 0.01, 1
-0.028999999999999942 0.004, 0.0 0.0, 0.0 0.0, 0.0 0.0, 1.156839149618933, 0.0, 216106.1026352289, 0.0, 0.0, 0.0, 0, 0.23300970873786409, 0, 0.7669902912621359, 0, 0.0, 0, 4.627356598475732e-06, 1e-05, 1e-05, 0.01, 0.01, 0.01, 0.01, 1
-0.028999999999999942 0.006, 0.0 0.0, 0.0 0.0, 0.0 0.0, 1.156839149618933, 0.0, 216106.1026352289, 0.0, 0.0, 0.0, 0, 0.23300970873786409, 0, 0.7669902912621359, 0, 0.0, 0, 4.627356598475732e-06, 1e-05, 1e-05, 0.01, 0.01, 0.01, 0.01, 1
-0.028999999999999942 0.008, 0.0 0.0, 0.0 0.0, 0.0 0.0, 1.156839149618933, 0.0, 216106.1026352289, 0.0, 0.0, 0.0, 0, 0.23300970873786409, 0, 0.7669902912621359, 0, 0.0, 0, 4.627356598475732e-06, 1e-05, 1e-05, 0.01, 0.01, 0.01, 0.01, 1
-0.02699999999999994 -0.008, 0.0 0.0, 0.0 0.0, 0.0 0.0, 1.156839149618933, 0.0, 216106.1026352289, 0.0, 0.0, 0.0, 0, 0.23300970873786409, 0, 0.7669902912621359, 0, 0.0, 0, 4.627356598475732e-06, 1e-05, 1e-05, 0.01, 0.01, 0.01, 0.01, 1
-0.02699999999999994 -0.006, 0.0 0.0, 0.0 0.0, 0.0 0.0, 1.156839149618933, 0.0, 216106.1026352289, 0.0, 0.0, 0.0, 0, 0.23300970873786409, 0, 0.7669902912621359, 0, 0.0, 0, 4.627356598475732e-06, 1e-05, 1e-05, 0.01, 0.01, 0.01, 0.01, 1
-0.02699999999999994 -0.004, 0.0 0.0, 0.0 0.0, 0.0 0.0, 1.156839149618933, 0.0, 216106.1026352289, 0.0, 0.0, 0.0, 0, 0.23300970873786409, 0, 0.7669902912621359, 0, 0.0, 0, 4.627356598475732e-06, 1e-05, 1e-05, 0.01, 0.01, 0.01, 0.01, 1
-0.02699999999999994 -0.002, 0.0 0.0, 0.0 0.0, 0.0 0.0, 1.156839149618933, 0.0, 216106.1026352289, 0.0, 0.0, 0.0, 0, 0.23300970873786409, 0, 0.7669902912621359, 0, 0.0, 0, 4.627356598475732e-06, 1e-05, 1e-05, 0.01, 0.01, 0.01, 0.01, 1
-0.02699999999999994 0.0, 0.0 0.0, 0.0 0.0, 0.0 0.0, 1.156839149618933, 0.0, 216106.1026352289, 0.0, 0.0, 0.0, 0, 0.23300970873786409, 0, 0.7669902912621359, 0, 0.0, 0, 4.627356598475732e-06, 1e-05, 1e-05, 0.01, 0.01, 0.01, 0.01, 1
-0.02699999999999994 0.002, 0.0 0.0, 0.0 0.0, 0.0 0.0, 1.156839149618933, 0.0, 216106.1026352289, 0.0, 0.0, 0.0, 0, 0.23300970873786409, 0, 0.7669902912621359, 0, 0.0, 0, 4.627356598475732e-06, 1e-05, 1e-05, 0.01, 0.01, 0.01, 0.01, 1
-0.02699999999999994 0.004, 0.0 0.0, 0.0 0.0, 0.0 0.0, 1.156839149618933, 0.0, 216106.1026352289, 0.0, 0.0, 0.0, 0, 0.23300970873786409, 0, 0.7669902912621359, 0, 0.0, 0, 4.627356598475732e-06, 1e-05, 1e-05, 0.01, 0.01, 0.01, 0.01, 1
-0.02699999999999994 0.006, 0.0 0.0, 0.0 0.0, 0.0 0.0, 1.156839149618933, 0.0, 216106.1026352289, 0.0, 0.0, 0.0, 0, 0.23300970873786409, 0, 0.7669902912621359, 0, 0.0, 0, 4.627356598475732e-06, 1e-05, 1e-05, 0.01, 0.01, 0.01, 0.01, 1
-0.02699999999999994 0.008, 0.0 0.0, 0.0 0.0, 0.0 0.0, 1.156839149618933, 0.0, 216106.1026352289, 0.0, 0.0, 0.0, 0, 0.23300970873786409, 0, 0.7669902912621359, 0, 0.0, 0, 4.627356598475732e-06, 1e-05, 1e-05, 0.01, 0.01, 0.01, 0.01, 1
-0.02499999999999994 -0.008, 0.0 0.0, 0.0 0.0, 0.0 0.0, 1.156839149618933, 0.0, 216106.1026352289, 0.0, 0.0, 0.0, 0, 0.23300970873786409, 0, 0.7669902912621359, 0, 0.0, 0, 4.627356598475732e-06, 1e-05, 1e-05, 0.01, 0.01, 0.01, 0.01, 1
-0.02499999999999994 -0.006, 0.0 0.0, 0.0 0.0, 0.0 0.0, 1.156839149618933, 0.0, 216106.1026352289, 0.0, 0.0, 0.0, 0, 0.23300970873786409, 0, 0.7669902912621359, 0, 0.0, 0, 4.627356598475732e-06, 1e-05, 1e-05, 0.01, 0.01, 0.01, 0.01, 1
-0.02499999999999994 -0.004, 0.0 0.0, 0.0 0.0, 0.0 0.0, 1.156839149618933, 0.0, 216106.1026352289, 0.0, 0.0, 0.0, 0, 0.23300970873786409, 0, 0.7669902912621359, 0, 0.0, 0, 4.627356598475732e-06, 1e-05, 1e-05, 0.01, 0.01, 0.01, 0.01, 1
-0.02499999999999994 -0.002, 0.0 0.0, 0.0 0.0, 0.0 0.0, 1.156839149618933, 0.0, 216106.1026352289, 0.0, 0.0, 0.0, 0, 0.23300970873786409, 0, 0.7669902912621359, 0, 0.0, 0, 4.627356598475732e-06, 1e-05, 1e-05, 0.01, 0.01, 0.01, 0.01, 1
-0.02499999999999994 0.0, 0.0 0.0, 0.0 0.0, 0.0 0.0, 1.156839149618933, 0.0, 216106.1026352289, 0.0, 0.0, 0.0, 0, 0.23300970873786409, 0, 0.7669902912621359, 0, 0.0, 0, 4.627356598475732e-06, 1e-05, 1e-05, 0.01, 0.01, 0.01, 0.01, 1
-0.02499999999999994 0.002, 0.0 0.0, 0.0 0.0, 0.0 0.0, 1.156839149618933, 0.0, 216106.1026352289, 0.0, 0.0, 0.0, 0, 0.23300970873786409, 0, 0.7669902912621359, 0, 0.0, 0, 4.627356598475732e-06, 1e-05, 1e-05, 0.01, 0.01, 0.01, 0.01, 1
-0.02499999999999994 0.004, 0.0 0.0, 0.0 0.0, 0.0 0.0, 1.156839149618933, 0.0, 216106.1026352289, 0.0, 0.0, 0.0, 0, 0.23300970873786409, 0, 0.7669902912621359, 0, 0.0, 0, 4.627356598475732e-06, 1e-05, 1e-05, 0.01, 0.01, 0.01, 0.01, 1
-0.02499999999999994 0.006, 0.0 0.0, 0.0 0.0, 0.0 0.0, 1.156839149618933, 0.0, 216106.1026352289, 0.0, 0.0, 0.0, 0, 0.23300970873786409, 0, 0.7669902912621359, 0, 0.0, 0, 4.627356598475732e-06, 1e-05, 1e-05, 0.01, 0.01, 0.01, 0.01, 1
-0.02499999999999994 0.008, 0.0 0.0, 0.0 0.0, 0.0 0.0, 1.156839149618933, 0.0, 216106.1026352289, 0.0, 0.0, 0.0, 0, 0.23300970873786409, 0, 0.7669902912621359, 0, 0.0, 0, 4.627356598475732e-06, 1e-05, 1e-05, 0.01, 0.01, 0.01, 0.01, 1
-0.022999999999999937 -0.008, 0.0 0.0, 0.0 0.0, 0.0 0.0, 1.156839149618933, 0.0, 216106.1026352289, 0.0, 0.0, 0.0, 0, 0.23300970873786409, 0, 0.7669902912621359, 0, 0.0, 0, 4.627356598475732e-06, 1e-05, 1e-05, 0.01, 0.01, 0.01, 0.01, 1
-0.022999999999999937 -0.006, 0.0 0.0, 0.0 0.0, 0.0 0.0, 1.156839149618933, 0.0, 216106.1026352289, 0.0, 0.0, 0.0, 0, 0.23300970873786409, 0, 0.7669902912621359, 0, 0.0, 0, 4.627356598475732e-06, 1e-05, 1e-05, 0.01, 0.01, 0.01, 0.01, 1
-0.022999999999999937 -0.004, 0.0 0.0, 0.0 0.0, 0.0 0.0, 1.156839149618933, 0.0, 216106.1026352289, 0.0, 0.0, 0.0, 0, 0.23300970873786409, 0, 0.7669902912621359, 0, 0.0, 0, 4.627356598475732e-06, 1e-05, 1e-05, 0.01, 0.01, 0.01, 0.01, 1
-0.022999999999999937 -0.002, 0.0 0.0, 0.0 0.0, 0.0 0.0, 1.156839149618933, 0.0, 216106.1026352289, 0.0, 0.0, 0.0, 0, 0.23300970873786409, 0, 0.7669902912621359, 0, 0.0, 0, 4.627356598475732e-06, 1e-05, 1e-05, 0.01, 0.01, 0.01, 0.01, 1
-0.022999999999999937 0.0, 0.0 0.0, 0.0 0.0, 0.0 0.0, 1.156839149618933, 0.0, 216106.1026352289, 0.0, 0.0, 0.0, 0, 0.23300970873786409, 0, 0.7669902912621359, 0, 0.0, 0, 4.627356598475732e-06, 1e-05, 1e-05, 0.01, 0.01, 0.01, 0.01, 1
-0.022999999999999937 0.002, 0.0 0.0, 0.0 0.0, 0.0 0.0, 1.156839149618933, 0.0, 216106.1026352289, 0.0, 0.0, 0.0, 0, 0.23300970873786409, 0, 0.7669902912621359, 0, 0.0, 0, 4.627356598475732e-06, 1e-05, 1e-05, 0.01, 0.01, 0.01, 0.01, 1
-0.022999999999999937 0.004, 0.0 0.0, 0.0 0.0, 0.0 0.0, 1.156839149618933, 0.0, 216106.1026352289, 0.0, 0.0, 0.0, 0, 0.23300970873786409, 0, 0.7669902912621359, 0, 0.0, 0, 4.627356598475732e-06, 1e-05, 1e-05, 0.01, 0.01, 0.01, 0.01, 1
-0.022999999999999937 0.006, 0.0 0.0, 0.0 0.0, 0.0 0.0, 1.156839149618933, 0.0, 216106.1026352289, 0.0, 0.0, 0.0, 0, 0.23300970873786409, 0, 0.7669902912621359, 0, 0.0, 0, 4.627356598475732e-06, 1e-05, 1e-05, 0.01, 0.01, 0.01, 0.01, 1
-0.022999999999999937 0.008, 0.0 0.0, 0.0 0.0, 0.0 0.0, 1.156839149618933, 0.0, 216106.1026352289, 0.0, 0.0, 0.0, 0, 0.23300970873786409, 0, 0.7669902912621359, 0, 0.0, 0, 4.627356598475732e-06, 1e-05, 1e-05, 0.01, 0.01, 0.01, 0.01, 1
-0.020999999999999935 -0.008, 0.0 0.0, 0.0 0.0, 0.0 0.0, 1.156839149618933, 0.0, 216106.1026352289, 0.0, 0.0, 0.0, 0, 0.23300970873786409, 0, 0.7669902912621359, 0, 0.0, 0, 4.627356598475732e-06, 1e-05, 1e-05, 0.01, 0.01, 0.01, 0.01, 1
-0.020999999999999935 -0.006, 0.0 0.0, 0.0 0.0, 0.0 0.0, 1.156839149618933, 0.0, 216106.1026352289, 0.0, 0.0, 0.0, 0, 0.23300970873786409, 0, 0.7669902912621359, 0, 0.0, 0, 4.627356598475732e-06, 1e-05, 1e-05, 0.01, 0.01, 0.01, 0.01, 1
-0.020999999999999935 -0.004, 0.0 0.0, 0.0 0.0, 0.0 0.0, 1.156839149618933, 0.0, 216106.1026352289, 0.0, 0.0, 0.0, 0, 0.23300970873786409, 0, 0.7669902912621359, 0, 0.0, 0, 4.627356598475732e-06, 1e-05, 1e-05, 0.01, 0.01, 0.01, 0.01, 1
-0.020999999999999935 -0.002, 0.0 0.0, 0.0 0.0, 0.0 0.0, 1.156839149618933, 0.0, 216106.1026352289, 0.0, 0.0, 0.0, 0, 0.23300970873786409, 0, 0.7669902912621359, 0, 0.0, 0, 4.627356598475732e-06, 1e-05, 1e-05, 0.01, 0.01, 0.01, 0.01, 1
-0.020999999999999935 0.0, 0.0 0.0, 0.0 0.0, 0.0 0.0, 1.156839149618933, 0.0, 216106.1026352289, 0.0, 0.0, 0.0, 0, 0.23300970873786409, 0, 0.7669902912621359, 0, 0.0, 0, 4.627356598475732e-06, 1e-05, 1e-05, 0.01, 0.01, 0.01, 0.01, 1
-0.020999999999999935 0.002, 0.0 0.0, 0.0 0.0, 0.0 0.0, 1.156839149618933, 0.0, 216106.1026352289, 0.0, 0.0, 0.0, 0, 0.23300970873786409, 0, 0.7669902912621359, 0, 0.0, 0, 4.627356598475732e-06, 1e-05, 1e-05, 0.01, 0.01, 0.01, 0.01, 1
-0.020999999999999935 0.004, 0.0 0.0, 0.0 0.0, 0.0 0.0, 1.156839149618933, 0.0, 216106.1026352289, 0.0, 0.0, 0.0, 0, 0.23300970873786409, 0, 0.7669902912621359, 0, 0.0, 0, 4.627356598475732e-06, 1e-05, 1e-05, 0.01, 0.01, 0.01, 0.01, 1
-0.020999999999999935 0.006, 0.0 0.0, 0.0 0.0, 0.0 0.0, 1.156839149618933, 0.0, 216106.1026352289, 0.0, 0.0, 0.0, 0, 0.23300970873786409, 0, 0.7669902912621359, 0, 0.0, 0, 4.627356598475732e-06, 1e-05, 1e-05, 0.01, 0.01, 0.01, 0.01, 1
-0.020999999999999935 0.008, 0.0 0.0, 0.0 0.0, 0.0 0.0, 1.156839149618933, 0.0, 216106.1026352289, 0.0, 0.0, 0.0, 0, 0.23300970873786409, 0, 0.7669902912621359, 0, 0.0, 0, 4.627356598475732e-06, 1e-05, 1e-05, 0.01, 0.01, 0.01, 0.01, 1
-0.018999999999999934 -0.008, 0.0 0.0, 0.0 0.0, 0.0 0.0, 1.156839149618933, 0.0, 216106.1026352289, 0.0, 0.0, 0.0, 0, 0.23300970873786409, 0, 0.7669902912621359, 0, 0.0, 0, 4.627356598475732e-06, 1e-05, 1e-05, 0.01, 0.01, 0.01, 0.01, 1
-0.018999999999999934 -0.006, 0.0 0.0, 0.0 0.0, 0.0 0.0, 1.156839149618933, 0.0, 216106.1026352289, 0.0, 0.0, 0.0, 0, 0.23300970873786409, 0, 0.7669902912621359, 0, 0.0, 0, 4.627356598475732e-06, 1e-05, 1e-05, 0.01, 0.01, 0.01, 0.01, 1
-0.018999999999999934 -0.004, 0.0 0.0, 0.0 0.0, 0.0 0.0, 1.156839149618933, 0.0, 216106.1026352289, 0.0, 0.0, 0.0, 0, 0.23300970873786409, 0, 0.7669902912621359, 0, 0.0, 0, 4.627356598475732e-06, 1e-05, 1e-05, 0.01, 0.01, 0.01, 0.01, 1
-0.018999999999999934 -0.002, 0.0 0.0, 0.0 0.0, 0.0 0.0, 1.156839149618933, 0.0, 216106.1026352289, 0.0, 0.0, 0.0, 0, 0.23300970873786409, 0, 0.7669902912621359, 0, 0.0, 0, 4.627356598475732e-06, 1e-05, 1e-05, 0.01, 0.01, 0.01, 0.01, 1
-0.018999999999999934 0.0, 0.0 0.0, 0.0 0.0, 0.0 0.0, 1.156839149618933, 0.0, 216106.1026352289, 0.0, 0.0, 0.0, 0, 0.23300970873786409, 0, 0.7669902912621359, 0, 0.0, 0, 4.627356598475732e-06, 1e-05, 1e-05, 0.01, 0.01, 0.01, 0.01, 1
-0.018999999999999934 0.002, 0.0 0.0, 0.0 0.0, 0.0 0.0, 1.156839149618933, 0.0, 216106.1026352289, 0.0, 0.0, 0.0, 0, 0.23300970873786409, 0, 0.7669902912621359, 0, 0.0, 0, 4.627356598475732e-06, 1e-05, 1e-05, 0.01, 0.01, 0.01, 0.01, 1
-0.018999999999999934 0.004, 0.0 0.0, 0.0 0.0, 0.0 0.0, 1.156839149618933, 0.0, 216106.1026352289, 0.0, 0.0, 0.0, 0, 0.23300970873786409, 0, 0.7669902912621359, 0, 0.0, 0, 4.627356598475732e-06, 1e-05, 1e-05, 0.01, 0.01, 0.01, 0.01, 1
-0.018999999999999934 0.006, 0.0 0.0, 0.0 0.0, 0.0 0.0, 1.156839149618933, 0.0, 216106.1026352289, 0.0, 0.0, 0.0, 0, 0.23300970873786409, 0, 0.7669902912621359, 0, 0.0, 0, 4.627356598475732e-06, 1e-05, 1e-05, 0.01, 0.01, 0.01, 0.01, 1
-0.018999999999999934 0.008, 0.0 0.0, 0.0 0.0, 0.0 0.0, 1.156839149618933, 0.0, 216106.1026352289, 0.0, 0.0, 0.0, 0, 0.23300970873786409, 0, 0.7669902912621359, 0, 0.0, 0, 4.627356598475732e-06, 1e-05, 1e-05, 0.01, 0.01, 0.01, 0.01, 1
-0.016999999999999932 -0.008, 0.0 0.0, 0.0 0.0, 0.0 0.0, 1.156839149618933, 0.0, 216106.1026352289, 0.0, 0.0, 0.0, 0, 0.23300970873786409, 0, 0.7669902912621359, 0, 0.0, 0, 4.627356598475732e-06, 1e-05, 1e-05, 0.01, 0.01, 0.01, 0.01, 1
-0.016999999999999932 -0.006, 0.0 0.0, 0.0 0.0, 0.0 0.0, 1.156839149618933, 0.0, 216106.1026352289, 0.0, 0.0, 0.0, 0, 0.23300970873786409, 0, 0.7669902912621359, 0, 0.0, 0, 4.627356598475732e-06, 1e-05, 1e-05, 0.01, 0.01, 0.01, 0.01, 1
-0.016999999999999932 -0.004, 0.0 0.0, 0.0 0.0, 0.0 0.0, 1.156839149618933, 0.0, 216106.1026352289, 0.0, 0.0, 0.0, 0, 0.23300970873786409, 0, 0.7669902912621359, 0, 0.0, 0, 4.627356598475732e-06, 1e-05, 1e-05, 0.01, 0.01, 0.01, 0.01, 1
-0.016999999999999932 -0.002, 0.0 0.0, 0.0 0.0, 0.0 0.0, 1.156839149618933, 0.0, 216106.1026352289, 0.0, 0.0, 0.0, 0, 0.23300970873786409, 0, 0.7669902912621359, 0, 0.0, 0, 4.627356598475732e-06, 1e-05, 1e-05, 0.01, 0.01, 0.01, 0.01, 1
-0.016999999999999932 0.0, 0.0 0.0, 0.0 0.0, 0.0 0.0, 1.156839149618933, 0.0, 216106.1026352289, 0.0, 0.0, 0.0, 0, 0.23300970873786409, 0, 0.7669902912621359, 0, 0.0, 0, 4.627356598475732e-06, 1e-05, 1e-05, 0.01, 0.01, 0.01, 0.01, 1
-0.016999999999999932 0.002, 0.0 0.0, 0.0 0.0, 0.0 0.0, 1.156839149618933, 0.0, 216106.1026352289, 0.0, 0.0, 0.0, 0, 0.23300970873786409, 0, 0.7669902912621359, 0, 0.0, 0, 4.627356598475732e-06, 1e-05, 1e-05, 0.01, 0.01, 0.01, 0.01, 1
-0.016999999999999932 0.004, 0.0 0.0, 0.0 0.0, 0.0 0.0, 1.156839149618933, 0.0, 216106.1026352289, 0.0, 0.0, 0.0, 0, 0.23300970873786409, 0, 0.7669902912621359, 0, 0.0, 0, 4.627356598475732e-06, 1e-05, 1e-05, 0.01, 0.01, 0.01, 0.01, 1
-0.016999999999999932 0.006, 0.0 0.0, 0.0 0.0, 0.0 0.0, 1.156839149618933, 0.0, 216106.1026352289, 0.0, 0.0, 0.0, 0, 0.23300970873786409, 0, 0.7669902912621359, 0, 0.0, 0, 4.627356598475732e-06, 1e-05, 1e-05, 0.01, 0.01, 0.01, 0.01, 1
-0.016999999999999932 0.008, 0.0 0.0, 0.0 0.0, 0.0 0.0, 1.156839149618933, 0.0, 216106.1026352289, 0.0, 0.0, 0.0, 0, 0.23300970873786409, 0, 0.7669902912621359, 0, 0.0, 0, 4.627356598475732e-06, 1e-05, 1e-05, 0.01, 0.01, 0.01, 0.01, 1
-0.014999999999999932 -0.008, 0.0 0.0, 0.0 0.0, 0.0 0.0, 1.156839149618933, 0.0, 216106.1026352289, 0.0, 0.0, 0.0, 0, 0.23300970873786409, 0, 0.7669902912621359, 0, 0.0, 0, 4.627356598475732e-06, 1e-05, 1e-05, 0.01, 0.01, 0.01, 0.01, 1
-0.014999999999999932 -0.006, 0.0 0.0, 0.0 0.0, 0.0 0.0, 1.156839149618933, 0.0, 216106.1026352289, 0.0, 0.0, 0.0, 0, 0.23300970873786409, 0, 0.7669902912621359, 0, 0.0, 0, 4.627356598475732e-06, 1e-05, 1e-05, 0.01, 0.01, 0.01, 0.01, 1
-0.014999999999999932 -0.004, 0.0 0.0, 0.0 0.0, 0.0 0.0, 1.156839149618933, 0.0, 216106.1026352289, 0.0, 0.0, 0.0, 0, 0.23300970873786409, 0, 0.7669902912621359, 0, 0.0, 0, 4.627356598475732e-06, 1e-05, 1e-05, 0.01, 0.01, 0.01, 0.01, 1
-0.014999999999999932 -0.002, 0.0 0.0, 0.0 0.0, 0.0 0.0, 1.156839149618933, 0.0, 216106.1026352289, 0.0, 0.0, 0.0, 0, 0.23300970873786409, 0, 0.7669902912621359, 0, 0.0, 0, 4.627356598475732e-06, 1e-05, 1e-05, 0.01, 0.01, 0.01, 0.01, 1
-0.014999999999999932 0.0, 0.0 0.0, 0.0 0.0, 0.0 0.0, 1.156839149618933, 0.0, 216106.1026352289, 0.0, 0.0, 0.0, 0, 0.23300970873786409, 0, 0.7669902912621359, 0, 0.0, 0, 4.627356598475732e-06, 1e-05, 1e-05, 0.01, 0.01, 0.01, 0.01, 1
-0.014999999999999932 0.002, 0.0 0.0, 0.0 0.0, 0.0 0.0, 1.156839149618933, 0.0, 216106.1026352289, 0.0, 0.0, 0.0, 0, 0.23300970873786409, 0, 0.7669902912621359, 0, 0.0, 0, 4.627356598475732e-06, 1e-05, 1e-05, 0.01, 0.01, 0.01, 0.01, 1
-0.014999999999999932 0.004, 0.0 0.0, 0.0 0.0, 0.0 0.0, 1.156839149618933, 0.0, 216106.1026352289, 0.0, 0.0, 0.0, 0, 0.23300970873786409, 0, 0.7669902912621359, 0, 0.0, 0, 4.627356598475732e-06, 1e-05, 1e-05, 0.01, 0.01, 0.01, 0.01, 1
-0.014999999999999932 0.006, 0.0 0.0, 0.0 0.0, 0.0 0.0, 1.156839149618933, 0.0, 216106.1026352289, 0.0, 0.0, 0.0, 0, 0.23300970873786409, 0, 0.7669902912621359, 0, 0.0, 0, 4.627356598475732e-06, 1e-05, 1e-05, 0.01, 0.01, 0.01, 0.01, 1
-0.014999999999999932 0.008, 0.0 0.0, 0.0 0.0, 0.0 0.0, 1.156839149618933, 0.0, 216106.1026352289, 0.0, 0.0, 0.0, 0, 0.23300970873786409, 0, 0.7669902912621359, 0, 0.0, 0, 4.627356598475732e-06, 1e-05, 1e-05, 0.01, 0.01, 0.01, 0.01, 1
-0.012999999999999932 -0.008, 0.0 0.0, 0.0 0.0, 0.0 0.0, 1.156839149618933, 0.0, 216106.1026352289, 0.0, 0.0, 0.0, 0, 0.23300970873786409, 0, 0.7669902912621359, 0, 0.0, 0, 4.627356598475732e-06, 1e-05, 1e-05, 0.01, 0.01, 0.01, 0.01, 1
-0.012999999999999932 -0.006, 0.0 0.0, 0.0 0.0, 0.0 0.0, 1.156839149618933, 0.0, 216106.1026352289, 0.0, 0.0, 0.0, 0, 0.23300970873786409, 0, 0.7669902912621359, 0, 0.0, 0, 4.627356598475732e-06, 1e-05, 1e-05, 0.01, 0.01, 0.01, 0.01, 1
-0.012999999999999932 -0.004, 0.0 0.0, 0.0 0.0, 0.0 0.0, 1.156839149618933, 0.0, 216106.1026352289, 0.0, 0.0, 0.0, 0, 0.23300970873786409, 0, 0.7669902912621359, 0, 0.0, 0, 4.627356598475732e-06, 1e-05, 1e-05, 0.01, 0.01, 0.01, 0.01, 1
-0.012999999999999932 -0.002, 0.0 0.0, 0.0 0.0, 0.0 0.0, 1.156839149618933, 0.0, 216106.1026352289, 0.0, 0.0, 0.0, 0, 0.23300970873786409, 0, 0.7669902912621359, 0, 0.0, 0, 4.627356598475732e-06, 1e-05, 1e-05, 0.01, 0.01, 0.01, 0.01, 1
-0.012999999999999932 0.0, 0.0 0.0, 0.0 0.0, 0.0 0.0, 1.156839149618933, 0.0, 216106.1026352289, 0.0, 0.0, 0.0, 0, 0.23300970873786409, 0, 0.7669902912621359, 0, 0.0, 0, 4.627356598475732e-06, 1e-05, 1e-05, 0.01, 0.01, 0.01, 0.01, 1
-0.012999999999999932 0.002, 0.0 0.0, 0.0 0.0, 0.0 0.0, 1.156839149618933, 0.0, 216106.1026352289, 0.0, 0.0, 0.0, 0, 0.23300970873786409, 0, 0.7669902912621359, 0, 0.0, 0, 4.627356598475732e-06, 1e-05, 1e-05, 0.01, 0.01, 0.01, 0.01, 1
-0.012999999999999932 0.004, 0.0 0.0, 0.0 0.0, 0.0 0.0, 1.156839149618933, 0.0, 216106.1026352289, 0.0, 0.0, 0.0, 0, 0.23300970873786409, 0, 0.7669902912621359, 0, 0.0, 0, 4.627356598475732e-06, 1e-05, 1e-05, 0.01, 0.01, 0.01, 0.01, 1
-0.012999999999999932 0.006, 0.0 0.0, 0.0 0.0, 0.0 0.0, 1.156839149618933, 0.0, 216106.1026352289, 0.0, 0.0, 0.0, 0, 0.23300970873786409, 0, 0.7669902912621359, 0, 0.0, 0, 4.627356598475732e-06, 1e-05, 1e-05, 0.01, 0.01, 0.01, 0.01, 1
-0.012999999999999932 0.008, 0.0 0.0, 0.0 0.0, 0.0 0.0, 1.156839149618933, 0.0, 216106.1026352289, 0.0, 0.0, 0.0, 0, 0.23300970873786409, 0, 0.7669902912621359, 0, 0.0, 0, 4.627356598475732e-06, 1e-05, 1e-05, 0.01, 0.01, 0.01, 0.01, 1
-0.010999999999999932 -0.008, 0.0 0.0, 0.0 0.0, 0.0 0.0, 1.156839149618933, 0.0, 216106.1026352289, 0.0, 0.0, 0.0, 0, 0.23300970873786409, 0, 0.7669902912621359, 0, 0.0, 0, 4.627356598475732e-06, 1e-05, 1e-05, 0.01, 0.01, 0.01, 0.01, 1
-0.010999999999999932 -0.006, 0.0 0.0, 0.0 0.0, 0.0 0.0, 1.156839149618933, 0.0, 216106.1026352289, 0.0, 0.0, 0.0, 0, 0.23300970873786409, 0, 0.7669902912621359, 0, 0.0, 0, 4.627356598475732e-06, 1e-05, 1e-05, 0.01, 0.01, 0.01, 0.01, 1
-0.010999999999999932 -0.004, 0.0 0.0, 0.0 0.0, 0.0 0.0, 1.156839149618933, 0.0, 216106.1026352289, 0.0, 0.0, 0.0, 0, 0.23300970873786409, 0, 0.7669902912621359, 0, 0.0, 0, 4.627356598475732e-06, 1e-05, 1e-05, 0.01, 0.01, 0.01, 0.01, 1
-0.010999999999999932 -0.002, 0.0 0.0, 0.0 0.0, 0.0 0.0, 1.156839149618933, 0.0, 216106.1026352289, 0.0, 0.0, 0.0, 0, 0.23300970873786409, 0, 0.7669902912621359, 0, 0.0, 0, 4.627356598475732e-06, 1e-05, 1e-05, 0.01, 0.01, 0.01, 0.01, 1
-0.010999999999999932 0.0, 0.0 0.0, 0.0 0.0, 0.0 0.0, 1.156839149618933, 0.0, 216106.1026352289, 0.0, 0.0, 0.0, 0, 0.23300970873786409, 0, 0.7669902912621359, 0, 0.0, 0, 4.627356598475732e-06, 1e-05, 1e-05, 0.01, 0.01, 0.01, 0.01, 1
-0.010999999999999932 0.002, 0.0 0.0, 0.0 0.0, 0.0 0.0, 1.156839149618933, 0.0, 216106.1026352289, 0.0, 0.0, 0.0, 0, 0.23300970873786409, 0, 0.7669902912621359, 0, 0.0, 0, 4.627356598475732e-06, 1e-05, 1e-05, 0.01, 0.01, 0.01, 0.01, 1
-0.010999999999999932 0.004, 0.0 0.0, 0.0 0.0, 0.0 0.0, 1.156839149618933, 0.0, 216106.1026352289, 0.0, 0.0, 0.0, 0, 0.23300970873786409, 0, 0.7669902912621359, 0, 0.0, 0, 4.627356598475732e-06, 1e-05, 1e-05, 0.01, 0.01, 0.01, 0.01, 1
-0.010999999999999932 0.006, 0.0 0.0, 0.0 0.0, 0.0 0.0, 1.156839149618933, 0.0, 216106.1026352289, 0.0, 0.0, 0.0, 0, 0.23300970873786409, 0, 0.7669902912621359, 0, 0.0, 0, 4.627356598475732e-06, 1e-05, 1e-05, 0.01, 0.01, 0.01, 0.01, 1
-0.010999999999999932 0.008, 0.0 0.0, 0.0 0.0, 0.0 0.0, 1.156839149618933, 0.0, 216106.1026352289, 0.0, 0.0, 0.0, 0, 0.23300970873786409, 0, 0.7669902912621359, 0, 0.0, 0, 4.627356598475732e-06, 1e-05, 1e-05, 0.01, 0.01, 0.01, 0.01, 1
-0.008999999999999932 -0.008, 0.0 0.0, 0.0 0.0, 0.0 0.0, 1.156839149618933, 0.0, 216106.1026352289, 0.0, 0.0, 0.0, 0, 0.23300970873786409, 0, 0.7669902912621359, 0, 0.0, 0, 4.627356598475732e-06, 1e-05, 1e-05, 0.01, 0.01, 0.01, 0.01, 1
-0.008999999999999932 -0.006, 0.0 0.0, 0.0 0.0, 0.0 0.0, 1.156839149618933, 0.0, 216106.1026352289, 0.0, 0.0, 0.0, 0, 0.23300970873786409, 0, 0.7669902912621359, 0, 0.0, 0, 4.627356598475732e-06, 1e-05, 1e-05, 0.01, 0.01, 0.01, 0.01, 1
-0.008999999999999932 -0.004, 0.0 0.0, 0.0 0.0, 0.0 0.0, 1.156839149618933, 0.0, 216106.1026352289, 0.0, 0.0, 0.0, 0, 0.23300970873786409, 0, 0.7669902912621359, 0, 0.0, 0, 4.627356598475732e-06, 1e-05, 1e-05, 0.01, 0.01, 0.01, 0.01, 1
-0.008999999999999932 -0.002, 0.0 0.0, 0.0 0.0, 0.0 0.0, 1.156839149618933, 0.0, 216106.1026352289, 0.0, 0.0, 0.0, 0, 0.23300970873786409, 0, 0.7669902912621359, 0, 0.0, 0, 4.627356598475732e-06, 1e-05, 1e-05, 0.01, 0.01, 0.01, 0.01, 1
-0.008999999999999932 0.0, 0.0 0.0, 0.0 0.0, 0.0 0.0, 1.156839149618933, 0.0, 216106.1026352289, 0.0, 0.0, 0.0, 0, 0.23300970873786409, 0, 0.7669902912621359, 0, 0.0, 0, 4.627356598475732e-06, 1e-05, 1e-05, 0.01, 0.01, 0.01, 0.01, 1
-0.008999999999999932 0.002, 0.0 0.0, 0.0 0.0, 0.0 0.0, 1.156839149618933, 0.0, 216106.1026352289, 0.0, 0.0, 0.0, 0, 0.23300970873786409, 0, 0.7669902912621359, 0, 0.0, 0, 4.627356598475732e-06, 1e-05, 1e-05, 0.01, 0.01, 0.01, 0.01, 1
-0.008999999999999932 0.004, 0.0 0.0, 0.0 0.0, 0.0 0.0, 1.156839149618933, 0.0, 216106.1026352289, 0.0, 0.0, 0.0, 0, 0.23300970873786409, 0, 0.7669902912621359, 0, 0.0, 0, 4.627356598475732e-06, 1e-05, 1e-05, 0.01, 0.01, 0.01, 0.01, 1
-0.008999999999999932 0.006, 0.0 0.0, 0.0 0.0, 0.0 0.0, 1.156839149618933, 0.0, 216106.1026352289, 0.0, 0.0, 0.0, 0, 0.23300970873786409, 0, 0.7669902912621359, 0, 0.0, 0, 4.627356598475732e-06, 1e-05, 1e-05, 0.01, 0.01, 0.01, 0.01, 1
-0.008999999999999932 0.008, 0.0 0.0, 0.0 0.0, 0.0 0.0, 1.156839149618933, 0.0, 216106.1026352289, 0.0, 0.0, 0.0, 0, 0.23300970873786409, 0, 0.7669902912621359, 0, 0.0, 0, 4.627356598475732e-06, 1e-05, 1e-05, 0.01, 0.01, 0.01, 0.01, 1
-0.006999999999999932 -0.008, 0.0 0.0, 0.0 0.0, 0.0 0.0, 1.156839149618933, 0.0, 216106.1026352289, 0.0, 0.0, 0.0, 0, 0.23300970873786409, 0, 0.7669902912621359, 0, 0.0, 0, 4.627356598475732e-06, 1e-05, 1e-05, 0.01, 0.01, 0.01, 0.01, 1
-0.006999999999999932 -0.006, 0.0 0.0, 0.0 0.0, 0.0 0.0, 1.156839149618933, 0.0, 216106.1026352289, 0.0, 0.0, 0.0, 0, 0.23300970873786409, 0, 0.7669902912621359, 0, 0.0, 0, 4.627356598475732e-06, 1e-05, 1e-05, 0.01, 0.01, 0.01, 0.01, 1
-0.006999999999999932 -0.004, 0.0 0.0, 0.0 0.0, 0.0 0.0, 1.156839149618933, 0.0, 216106.1026352289, 0.0, 0.0, 0.0, 0, 0.23300970873786409, 0, 0.7669902912621359, 0, 0.0, 0, 4.627356598475732e-06, 1e-05, 1e-05, 0.01, 0.01, 0.01, 0.01, 1
-0.006999999999999932 -0.002, 0.0 0.0, 0.0 0.0, 0.0 0.0, 1.156839149618933, 0.0, 216106.1026352289, 0.0, 0.0, 0.0, 0, 0.23300970873786409, 0, 0.7669902912621359, 0, 0.0, 0, 4.627356598475732e-06, 1e-05, 1e-05, 0.01, 0.01, 0.01, 0.01, 1
-0.006999999999999932 0.0, 0.0 0.0, 0.0 0.0, 0.0 0.0, 1.156839149618933, 0.0, 216106.1026352289, 0.0, 0.0, 0.0, 0, 0.23300970873786409, 0, 0.7669902912621359, 0, 0.0, 0, 4.627356598475732e-06, 1e-05, 1e-05, 0.01, 0.01, 0.01, 0.01, 1
-0.006999999999999932 0.002, 0.0 0.0, 0.0 0.0, 0.0 0.0, 1.156839149618933, 0.0, 216106.1026352289, 0.0, 0.0, 0.0, 0, 0.23300970873786409, 0, 0.7669902912621359, 0, 0.0, 0, 4.627356598475732e-06, 1e-05, 1e-05, 0.01, 0.01, 0.01, 0.01, 1
-0.006999999999999932 0.004, 0.0 0.0, 0.0 0.0, 0.0 0.0, 1.156839149618933, 0.0, 216106.1026352289, 0.0, 0.0, 0.0, 0, 0.23300970873786409, 0, 0.7669902912621359, 0, 0.0, 0, 4.627356598475732e-06, 1e-05, 1e-05, 0.01, 0.01, 0.01, 0.01, 1
-0.006999999999999932 0.006, 0.0 0.0, 0.0 0.0, 0.0 0.0, 1.156839149618933, 0.0, 216106.1026352289, 0.0, 0.0, 0.0, 0, 0.23300970873786409, 0, 0.7669902912621359, 0, 0.0, 0, 4.627356598475732e-06, 1e-05, 1e-05, 0.01, 0.01, 0.01, 0.01, 1
-0.006999999999999932 0.008, 0.0 0.0, 0.0 0.0, 0.0 0.0, 1.156839149618933, 0.0, 216106.1026352289, 0.0, 0.0, 0.0, 0, 0.23300970873786409, 0, 0.7669902912621359, 0, 0.0, 0, 4.627356598475732e-06, 1e-05, 1e-05, 0.01, 0.01, 0.01, 0.01, 1
-0.004999999999999932 -0.008, 0.0 0.0, 0.0 0.0, 0.0 0.0, 1.156839149618933, 0.0, 216106.1026352289, 0.0, 0.0, 0.0, 0, 0.23300970873786409, 0, 0.7669902912621359, 0, 0.0, 0, 4.627356598475732e-06, 1e-05, 1e-05, 0.01, 0.01, 0.01, 0.01, 1
-0.004999999999999932 -0.006, 0.0 0.0, 0.0 0.0, 0.0 0.0, 1.156839149618933, 0.0, 216106.1026352289, 0.0, 0.0, 0.0, 0, 0.23300970873786409, 0, 0.7669902912621359, 0, 0.0, 0, 4.627356598475732e-06, 1e-05, 1e-05, 0.01, 0.01, 0.01, 0.01, 1
-0.004999999999999932 -0.004, 0.0 0.0, 0.0 0.0, 0.0 0.0, 1.156839149618933, 0.0, 216106.1026352289, 0.0, 0.0, 0.0, 0, 0.23300970873786409, 0, 0.7669902912621359, 0, 0.0, 0, 4.627356598475732e-06, 1e-05, 1e-05, 0.01, 0.01, 0.01, 0.01, 1
-0.004999999999999932 -0.002, 0.0 0.0, 0.0 0.0, 0.0 0.0, 1.156839149618933, 0.0, 216106.1026352289, 0.0, 0.0, 0.0, 0, 0.23300970873786409, 0, 0.7669902912621359, 0, 0.0, 0, 4.627356598475732e-06, 1e-05, 1e-05, 0.01, 0.01, 0.01, 0.01, 1
-0.004999999999999932 0.0, 0.0 0.0, 0.0 0.0, 0.0 0.0, 1.156839149618933, 0.0, 216106.1026352289, 0.0, 0.0, 0.0, 0, 0.23300970873786409, 0, 0.7669902912621359, 0, 0.0, 0, 4.627356598475732e-06, 1e-05, 1e-05, 0.01, 0.01, 0.01, 0.01, 1
-0.004999999999999932 0.002, 0.0 0.0, 0.0 0.0, 0.0 0.0, 1.156839149618933, 0.0, 216106.1026352289, 0.0, 0.0, 0.0, 0, 0.23300970873786409, 0, 0.7669902912621359, 0, 0.0, 0, 4.627356598475732e-06, 1e-05, 1e-05, 0.01, 0.01, 0.01, 0.01, 1
-0.004999999999999932 0.004, 0.0 0.0, 0.0 0.0, 0.0 0.0, 1.156839149618933, 0.0, 216106.1026352289, 0.0, 0.0, 0.0, 0, 0.23300970873786409, 0, 0.7669902912621359, 0, 0.0, 0, 4.627356598475732e-06, 1e-05, 1e-05, 0.01, 0.01, 0.01, 0.01, 1
-0.004999999999999932 0.006, 0.0 0.0, 0.0 0.0, 0.0 0.0, 1.156839149618933, 0.0, 216106.1026352289, 0.0, 0.0, 0.0, 0, 0.23300970873786409, 0, 0.7669902912621359, 0, 0.0, 0, 4.627356598475732e-06, 1e-05, 1e-05, 0.01, 0.01, 0.01, 0.01, 1
-0.004999999999999932 0.008, 0.0 0.0, 0.0 0.0, 0.0 0.0, 1.156839149618933, 0.0, 216106.1026352289, 0.0, 0.0, 0.0, 0, 0.23300970873786409, 0, 0.7669902912621359, 0, 0.0, 0, 4.627356598475732e-06, 1e-05, 1e-05, 0.01, 0.01, 0.01, 0.01, 1
-0.0029999999999999315 -0.008, 0.0 0.0, 0.0 0.0, 0.0 0.0, 1.156839149618933, 0.0, 216106.1026352289, 0.0, 0.0, 0.0, 0, 0.23300970873786409, 0, 0.7669902912621359, 0, 0.0, 0, 4.627356598475732e-06, 1e-05, 1e-05, 0.01, 0.01, 0.01, 0.01, 1
-0.0029999999999999315 -0.006, 0.0 0.0, 0.0 0.0, 0.0 0.0, 1.156839149618933, 0.0, 216106.1026352289, 0.0, 0.0, 0.0, 0, 0.23300970873786409, 0, 0.7669902912621359, 0, 0.0, 0, 4.627356598475732e-06, 1e-05, 1e-05, 0.01, 0.01, 0.01, 0.01, 1
-0.0029999999999999315 -0.004, 0.0 0.0, 0.0 0.0, 0.0 0.0, 1.156839149618933, 0.0, 216106.1026352289, 0.0, 0.0, 0.0, 0, 0.23300970873786409, 0, 0.7669902912621359, 0, 0.0, 0, 4.627356598475732e-06, 1e-05, 1e-05, 0.01, 0.01, 0.01, 0.01, 1
-0.0029999999999999315 -0.002, 0.0 0.0, 0.0 0.0, 0.0 0.0, 1.156839149618933, 0.0, 216106.1026352289, 0.0, 0.0, 0.0, 0, 0.23300970873786409, 0, 0.7669902912621359, 0, 0.0, 0, 4.627356598475732e-06, 1e-05, 1e-05, 0.01, 0.01, 0.01, 0.01, 1
-0.0029999999999999315 0.0, 0.0 0.0, 0.0 0.0, 0.0 0.0, 1.156839149618933, 0.0, 216106.1026352289, 0.0, 0.0, 0.0, 0, 0.23300970873786409, 0, 0.7669902912621359, 0, 0.0, 0, 4.627356598475732e-06, 1e-05, 1e-05, 0.01, 0.01, 0.01, 0.01, 1
-0.0029999999999999315 0.002, 0.0 0.0, 0.0 0.0, 0.0 0.0, 1.156839149618933, 0.0, 216106.1026352289, 0.0, 0.0, 0.0, 0, 0.23300970873786409, 0, 0.7669902912621359, 0, 0.0, 0, 4.627356598475732e-06, 1e-05, 1e-05, 0.01, 0.01, 0.01, 0.01, 1
-0.0029999999999999315 0.004, 0.0 0.0, 0.0 0.0, 0.0 0.0, 1.156839149618933, 0.0, 216106.1026352289, 0.0, 0.0, 0.0, 0, 0.23300970873786409, 0, 0.7669902912621359, 0, 0.0, 0, 4.627356598475732e-06, 1e-05, 1e-05, 0.01, 0.01, 0.01, 0.01, 1
-0.0029999999999999315 0.006, 0.0 0.0, 0.0 0.0, 0.0 0.0, 1.156839149618933, 0.0, 216106.1026352289, 0.0, 0.0, 0.0, 0, 0.23300970873786409, 0, 0.7669902912621359, 0, 0.0, 0, 4.627356598475732e-06, 1e-05, 1e-05, 0.01, 0.01, 0.01, 0.01, 1
-0.0029999999999999315 0.008, 0.0 0.0, 0.0 0.0, 0.0 0.0, 1.156839149618933, 0.0, 216106.1026352289, 0.0, 0.0, 0.0, 0, 0.23300970873786409, 0, 0.7669902912621359, 0, 0.0, 0, 4.627356598475732e-06, 1e-05, 1e-05, 0.01, 0.01, 0.01, 0.01, 1
-0.0009999999999999315 -0.008, 0.0 0.0, 0.0 0.0, 0.0 0.0, 1.156839149618933, 0.0, 216106.1026352289, 0.0, 0.0, 0.0, 0, 0.23300970873786409, 0, 0.7669902912621359, 0, 0.0, 0, 4.627356598475732e-06, 1e-05, 1e-05, 0.01, 0.01, 0.01, 0.01, 1
-0.0009999999999999315 -0.006, 0.0 0.0, 0.0 0.0, 0.0 0.0, 1.156839149618933, 0.0, 216106.1026352289, 0.0, 0.0, 0.0, 0, 0.23300970873786409, 0, 0.7669902912621359, 0, 0.0, 0, 4.627356598475732e-06, 1e-05, 1e-05, 0.01, 0.01, 0.01, 0.01, 1
-0.0009999999999999315 -0.004, 0.0 0.0, 0.0 0.0, 0.0 0.0, 1.156839149618933, 0.0, 216106.1026352289, 0.0, 0.0, 0.0, 0, 0.23300970873786409, 0, 0.7669902912621359, 0, 0.0, 0, 4.627356598475732e-06, 1e-05, 1e-05, 0.01, 0.01, 0.01, 0.01, 1
-0.0009999999999999315 -0.002, 0.0 0.0, 0.0 0.0, 0.0 0.0, 1.156839149618933, 0.0, 216106.1026352289, 0.0, 0.0, 0.0, 0, 0.23300970873786409, 0, 0.7669902912621359, 0, 0.0, 0, 4.627356598475732e-06, 1e-05, 1e-05, 0.01, 0.01, 0.01, 0.01, 1
-0.0009999999999999315 0.0, 0.0 0.0, 0.0 0.0, 0.0 0.0, 1.156839149618933, 0.0, 216106.1026352289, 0.0, 0.0, 0.0, 0, 0.23300970873786409, 0, 0.7669902912621359, 0, 0.0, 0, 4.627356598475732e-06, 1e-05, 1e-05, 0.01, 0.01, 0.01, 0.01, 1
-0.0009999999999999315 0.002, 0.0 0.0, 0.0 0.0, 0.0 0.0, 1.156839149618933, 0.0, 216106.1026352289, 0.0, 0.0, 0.0, 0, 0.23300970873786409, 0, 0.7669902912621359, 0, 0.0, 0, 4.627356598475732e-06, 1e-05, 1e-05, 0.01, 0.01, 0.01, 0.01, 1
-0.0009999999999999315 0.004, 0.0 0.0, 0.0 0.0, 0.0 0.0, 1.156839149618933, 0.0, 216106.1026352289, 0.0, 0.0, 0.0, 0, 0.23300970873786409, 0, 0.7669902912621359, 0, 0.0, 0, 4.627356598475732e-06, 1e-05, 1e-05, 0.01, 0.01, 0.01, 0.01, 1
-0.0009999999999999315 0.006, 0.0 0.0, 0.0 0.0, 0.0 0.0, 1.156839149618933, 0.0, 216106.1026352289, 0.0, 0.0, 0.0, 0, 0.23300970873786409, 0, 0.7669902912621359, 0, 0.0, 0, 4.627356598475732e-06, 1e-05, 1e-05, 0.01, 0.01, 0.01, 0.01, 1
-0.0009999999999999315 0.008, 0.0 0.0, 0.0 0.0, 0.0 0.0, 1.156839149618933, 0.0, 216106.1026352289, 0.0, 0.0, 0.0, 0, 0.23300970873786409, 0, 0.7669902912621359, 0, 0.0, 0, 4.627356598475732e-06, 1e-05, 1e-05, 0.01, 0.01, 0.01, 0.01, 1
0.0010000000000000685 -0.008, 0.0 0.0, 0.0 0.0, 0.0 0.0, 1.1461795999094495, 0.0, 218115.9043659044, 0.0, 0.000693000693000693, 0.000693000693000693, 0, 0.23284823284823283, 0, 0.7664587664587665, 0, 0.0, 0, 4.584718399637798e-06, 1e-05, 1e-05, 0.01, 0.01, 0.01, 0.01, 1
0.0010000000000000685 -0.006, 0.0 0.0, 0.0 0.0, 0.0 0.0, 1.1461795999094495, 0.0, 218115.9043659044, 0.0, 0.000693000693000693, 0.000693000693000693, 0, 0.23284823284823283, 0, 0.7664587664587665, 0, 0.0, 0, 4.584718399637798e-06, 1e-05, 1e-05, 0.01, 0.01, 0.01, 0.01, 1
0.0010000000000000685 -0.004, 0.0 0.0, 0.0 0.0, 0.0 0.0, 1.1461795999094495, 0.0, 218115.9043659044, 0.0, 0.000693000693000693, 0.000693000693000693, 0, 0.23284823284823283, 0, 0.7664587664587665, 0, 0.0, 0, 4.584718399637798e-06, 1e-05, 1e-05, 0.01, 0.01, 0.01, 0.01, 1
0.0010000000000000685 -0.002, 0.0 0.0, 0.0 0.0, 0.0 0.0, 1.1461795999094495, 0.0, 218115.9043659044, 0.0, 0.000693000693000693, 0.000693000693000693, 0, 0.23284823284823283, 0, 0.7664587664587665, 0, 0.0, 0, 4.584718399637798e-06, 1e-05, 1e-05, 0.01, 0.01, 0.01, 0.01, 1
0.0010000000000000685 0.0, 0.0 0.0, 0.0 0.0, 0.0 0.0, 1.1461795999094495, 0.0, 218115.9043659044, 0.0, 0.000693000693000693, 0.000693000693000693, 0, 0.23284823284823283, 0, 0.7664587664587665, 0, 0.0, 0, 4.584718399637798e-06, 1e-05, 1e-05, 0.01, 0.01, 0.01, 0.01, 1
0.0010000000000000685 0.002, 0.0 0.0, 0.0 0.0, 0.0 0.0, 1.1461795999094495, 0.0, 218115.9043659044, 0.0, 0.000693000693000693, 0.000693000693000693, 0, 0.23284823284823283, 0, 0.7664587664587665, 0, 0.0, 0, 4.584718399637798e-06, 1e-05, 1e-05, 0.01, 0.01, 0.01, 0.01, 1
0.0010000000000000685 0.004, 0.0 0.0, 0.0 0.0, 0.0 0.0, 1.1461795999094495, 0.0, 218115.9043659044, 0.0, 0.000693000693000693, 0.000693000693000693, 0, 0.23284823284823283, 0, 0.7664587664587665, 0, 0.0, 0, 4.584718399637798e-06, 1e-05, 1e-05, 0.01, 0.01, 0.01, 0.01, 1
0.0010000000000000685 0.006, 0.0 0.0, 0.0 0.0, 0.0 0.0, 1.1461795999094495, 0.0, 218115.9043659044, 0.0, 0.000693000693000693, 0.000693000693000693, 0, 0.23284823284823283, 0, 0.7664587664587665, 0, 0.0, 0, 4.584718399637798e-06, 1e-05, 1e-05, 0.01, 0.01, 0.01, 0.01, 1
0.0010000000000000685 0.008, 0.0 0.0, 0.0 0.0, 0.0 0.0, 1.1461795999094495, 0.0, 218115.9043659044, 0.0, 0.000693000693000693, 0.000693000693000693, 0, 0.23284823284823283, 0, 0.7664587664587665, 0, 0.0, 0, 4.584718399637798e-06, 1e-05, 1e-05, 0.01, 0.01, 0.01, 0.01, 1
0.0030000000000000686 -0.008, 0.0 0.0, 0.0 0.0, 0.0 0.0, 1.1461795999094495, 0.0, 218115.9043659044, 0.0, 0.000693000693000693, 0.000693000693000693, 0, 0.23284823284823283, 0, 0.7664587664587665, 0, 0.0, 0, 4.584718399637798e-06, 1e-05, 1e-05, 0.01, 0.01, 0.01, 0.01, 1
0.0030000000000000686 -0.006, 0.0 0.0, 0.0 0.0, 0.0 0.0, 1.1461795999094495, 0.0, 218115.9043659044, 0.0, 0.000693000693000693, 0.000693000693000693, 0, 0.23284823284823283, 0, 0.7664587664587665, 0, 0.0, 0, 4.584718399637798e-06, 1e-05, 1e-05, 0.01, 0.01, 0.01, 0.01, 1
0.0030000000000000686 -0.004, 0.0 0.0, 0.0 0.0, 0.0 0.0, 1.1461795999094495, 0.0, 218115.9043659044, 0.0, 0.000693000693000693, 0.000693000693000693, 0, 0.23284823284823283, 0, 0.7664587664587665, 0, 0.0, 0, 4.584718399637798e-06, 1e-05, 1e-05, 0.01, 0.01, 0.01, 0.01, 1
0.0030000000000000686 -0.002, 0.0 0.0, 0.0 0.0, 0.0 0.0, 1.1461795999094495, 0.0, 218115.9043659044, 0.0, 0.000693000693000693, 0.000693000693000693, 0, 0.23284823284823283, 0, 0.7664587664587665, 0, 0.0, 0, 4.584718399637798e-06, 1e-05, 1e-05, 0.01, 0.01, 0.01, 0.01, 1
0.0030000000000000686 0.0, 0.0 0.0, 0.0 0.0, 0.0 0.0, 1.1461795999094495, 0.0, 218115.9043659044, 0.0, 0.000693000693000693, 0.000693000693000693, 0, 0.23284823284823283, 0, 0.7664587664587665, 0, 0.0, 0, 4.584718399637798e-06, 1e-05, 1e-05, 0.01, 0.01, 0.01, 0.01, 1
0.0030000000000000686 0.002, 0.0 0.0, 0.0 0.0, 0.0 0.0, 1.1461795999094495, 0.0, 218115.9043659044, 0.0, 0.000693000693000693, 0.000693000693000693, 0, 0.23284823284823283, 0, 0.7664587664587665, 0, 0.0, 0, 4.584718399637798e-06, 1e-05, 1e-05, 0.01, 0.01, 0.01, 0.01, 1
0.0030000000000000686 0.004, 0.0 0.0, 0.0 0.0, 0.0 0.0, 1.1461795999094495, 0.0, 218115.9043659044, 0.0, 0.000693000693000693, 0.000693000693000693, 0, 0.23284823284823283, 0, 0.7664587664587665, 0, 0.0, 0, 4.584718399637798e-06, 1e-05, 1e-05, 0.01, 0.01, 0.01, 0.01, 1
0.0030000000000000686 0.006, 0.0 0.0, 0.0 0.0, 0.0 0.0, 1.1461795999094495, 0.0, 218115.9043659044, 0.0, 0.000693000693000693, 0.000693000693000693, 0, 0.23284823284823283, 0, 0.7664587664587665, 0, 0.0, 0, 4.584718399637798e-06, 1e-05, 1e-05, 0.01, 0.01, 0.01, 0.01, 1
0.0030000000000000686 0.008, 0.0 0.0, 0.0 0.0, 0.0 0.0, 1.1461795999094495, 0.0, 218115.9043659044, 0.0, 0.000693000693000693, 0.000693000693000693, 0, 0.23284823284823283, 0, 0.7664587664587665, 0, 0.0, 0, 4.584718399637798e-06, 1e-05, 1e-05, 0.01, 0.01, 0.01, 0.01, 1
0.005000000000000069 -0.008, 0.0 0.0, 0.0 0.0, 0.0 0.0, 1.1461795999094495, 0.0, 218115.9043659044, 0.0, 0.000693000693000693, 0.000693000693000693, 0, 0.23284823284823283, 0, 0.7664587664587665, 0, 0.0, 0, 4.584718399637798e-06, 1e-05, 1e-05, 0.01, 0.01, 0.01, 0.01, 1
0.005000000000000069 -0.006, 0.0 0.0, 0.0 0.0, 0.0 0.0, 1.1461795999094495, 0.0, 218115.9043659044, 0.0, 0.000693000693000693, 0.000693000693000693, 0, 0.23284823284823283, 0, 0.7664587664587665, 0, 0.0, 0, 4.584718399637798e-06, 1e-05, 1e-05, 0.01, 0.01, 0.01, 0.01, 1
0.005000000000000069 -0.004, 0.0 0.0, 0.0 0.0, 0.0 0.0, 1.1461795999094495, 0.0, 218115.9043659044, 0.0, 0.000693000693000693, 0.000693000693000693, 0, 0.23284823284823283, 0, 0.7664587664587665, 0, 0.0, 0, 4.584718399637798e-06, 1e-05, 1e-05, 0.01, 0.01, 0.01, 0.01, 1
0.005000000000000069 -0.002, 0.0 0.0, 0.0 0.0, 0.0 0.0, 1.1461795999094495, 0.0, 218115.9043659044, 0.0, 0.000693000693000693, 0.000693000693000693, 0, 0.23284823284823283, 0, 0.7664587664587665, 0, 0.0, 0, 4.584718399637798e-06, 1e-05, 1e-05, 0.01, 0.01, 0.01, 0.01, 1
0.005000000000000069 0.0, 0.0 0.0, 0.0 0.0, 0.0 0.0, 1.1461795999094495, 0.0, 218115.9043659044, 0.0, 0.000693000693000693, 0.000693000693000693, 0, 0.23284823284823283, 0, 0.7664587664587665, 0, 0.0, 0, 4.584718399637798e-06, 1e-05, 1e-05, 0.01, 0.01, 0.01, 0.01, 1
0.005000000000000069 0.002, 0.0 0.0, 0.0 0.0, 0.0 0.0, 1.1461795999094495, 0.0, 218115.9043659044, 0.0, 0.000693000693000693, 0.000693000693000693, 0, 0.23284823284823283, 0, 0.7664587664587665, 0, 0.0, 0, 4.584718399637798e-06, 1e-05, 1e-05, 0.01, 0.01, 0.01, 0.01, 1
0.005000000000000069 0.004, 0.0 0.0, 0.0 0.0, 0.0 0.0, 1.1461795999094495, 0.0, 218115.9043659044, 0.0, 0.000693000693000693, 0.000693000693000693, 0, 0.23284823284823283, 0, 0.7664587664587665, 0, 0.0, 0, 4.584718399637798e-06, 1e-05, 1e-05, 0.01, 0.01, 0.01, 0.01, 1
0.005000000000000069 0.006, 0.0 0.0, 0.0 0.0, 0.0 0.0, 1.1461795999094495, 0.0, 218115.9043659044, 0.0, 0.000693000693000693, 0.000693000693000693, 0, 0.23284823284823283, 0, 0.7664587664587665, 0, 0.0, 0, 4.584718399637798e-06, 1e-05, 1e-05, 0.01, 0.01, 0.01, 0.01, 1
0.005000000000000069 0.008, 0.0 0.0, 0.0 0.0, 0.0 0.0, 1.1461795999094495, 0.0, 218115.9043659044, 0.0, 0.000693000693000693, 0.000693000693000693, 0, 0.23284823284823283, 0, 0.7664587664587665, 0, 0.0, 0, 4.584718399637798e-06, 1e-05, 1e-05, 0.01, 0.01, 0.01, 0.01, 1
0.007000000000000069 -0.008, 0.0 0.0, 0.0 0.0, 0.0 0.0, 1.1461795999094495, 0.0, 218115.9043659044, 0.0, 0.000693000693000693, 0.000693000693000693, 0, 0.23284823284823283, 0, 0.7664587664587665, 0, 0.0, 0, 4.584718399637798e-06, 1e-05, 1e-05, 0.01, 0.01, 0.01, 0.01, 1
0.007000000000000069 -0.006, 0.0 0.0, 0.0 0.0, 0.0 0.0, 1.1461795999094495, 0.0, 218115.9043659044, 0.0, 0.000693000693000693, 0.000693000693000693, 0, 0.23284823284823283, 0, 0.7664587664587665, 0, 0.0, 0, 4.584718399637798e-06, 1e-05, 1e-05, 0.01, 0.01, 0.01, 0.01, 1
0.007000000000000069 -0.004, 0.0 0.0, 0.0 0.0, 0.0 0.0, 1.1461795999094495, 0.0, 218115.9043659044, 0.0, 0.000693000693000693, 0.000693000693000693, 0, 0.23284823284823283, 0, 0.7664587664587665, 0, 0.0, 0, 4.584718399637798e-06, 1e-05, 1e-05, 0.01, 0.01, 0.01, 0.01, 1
0.007000000000000069 -0.002, 0.0 0.0, 0.0 0.0, 0.0 0.0, 1.1461795999094495, 0.0, 218115.9043659044, 0.0, 0.000693000693000693, 0.000693000693000693, 0, 0.23284823284823283, 0, 0.7664587664587665, 0, 0.0, 0, 4.584718399637798e-06, 1e-05, 1e-05, 0.01, 0.01, 0.01, 0.01, 1
0.007000000000000069 0.0, 0.0 0.0, 0.0 0.0, 0.0 0.0, 1.1461795999094495, 0.0, 218115.9043659044, 0.0, 0.000693000693000693, 0.000693000693000693, 0, 0.23284823284823283, 0, 0.7664587664587665, 0, 0.0, 0, 4.584718399637798e-06, 1e-05, 1e-05, 0.01, 0.01, 0.01, 0.01, 1
0.007000000000000069 0.002, 0.0 0.0, 0.0 0.0, 0.0 0.0, 1.1461795999094495, 0.0, 218115.9043659044, 0.0, 0.000693000693000693, 0.000693000693000693, 0, 0.23284823284823283, 0, 0.7664587664587665, 0, 0.0, 0, 4.584718399637798e-06, 1e-05, 1e-05, 0.01, 0.01, 0.01, 0.01, 1
0.007000000000000069 0.004, 0.0 0.0, 0.0 0.0, 0.0 0.0, 1.1461795999094495, 0.0, 218115.9043659044, 0.0, 0.000693000693000693, 0.000693000693000693, 0, 0.23284823284823283, 0, 0.7664587664587665, 0, 0.0, 0, 4.584718399637798e-06, 1e-05, 1e-05, 0.01, 0.01, 0.01, 0.01, 1
0.007000000000000069 0.006, 0.0 0.0, 0.0 0.0, 0.0 0.0, 1.1461795999094495, 0.0, 218115.9043659044, 0.0, 0.000693000693000693, 0.000693000693000693, 0, 0.23284823284823283, 0, 0.7664587664587665, 0, 0.0, 0, 4.584718399637798e-06, 1e-05, 1e-05, 0.01, 0.01, 0.01, 0.01, 1
0.007000000000000069 0.008, 0.0 0.0, 0.0 0.0, 0.0 0.0, 1.1461795999094495, 0.0, 218115.9043659044, 0.0, 0.000693000693000693, 0.000693000693000693, 0, 0.23284823284823283, 0, 0.7664587664587665, 0, 0.0, 0, 4.584718399637798e-06, 1e-05, 1e-05, 0.01, 0.01, 0.01, 0.01, 1
0.009000000000000069 -0.008, 0.0 0.0, 0.0 0.0, 0.0 0.0, 1.1461795999094495, 0.0, 218115.9043659044, 0.0, 0.000693000693000693, 0.000693000693000693, 0, 0.23284823284823283, 0, 0.7664587664587665, 0, 0.0, 0, 4.584718399637798e-06, 1e-05, 1e-05, 0.01, 0.01, 0.01, 0.01, 1
0.009000000000000069 -0.006, 0.0 0.0, 0.0 0.0, 0.0 0.0, 1.1461795999094495, 0.0, 218115.9043659044, 0.0, 0.000693000693000693, 0.000693000693000693, 0, 0.23284823284823283, 0, 0.7664587664587665, 0, 0.0, 0, 4.584718399637798e-06, 1e-05, 1e-05, 0.01, 0.01, 0.01, 0.01, 1
0.009000000000000069 -0.004, 0.0 0.0, 0.0 0.0, 0.0 0.0, 1.1461795999094495, 0.0, 218115.9043659044, 0.0, 0.000693000693000693, 0.000693000693000693, 0, 0.23284823284823283, 0, 0.7664587664587665, 0, 0.0, 0, 4.584718399637798e-06, 1e-05, 1e-05, 0.01, 0.01, 0.01, 0.01, 1
0.009000000000000069 -0.002, 0.0 0.0, 0.0 0.0, 0.0 0.0, 1.1461795999094495, 0.0, 218115.9043659044, 0.0, 0.000693000693000693, 0.000693000693000693, 0, 0.23284823284823283, 0, 0.7664587664587665, 0, 0.0, 0, 4.584718399637798e-06, 1e-05, 1e-05, 0.01, 0.01, 0.01, 0.01, 1
0.009000000000000069 0.0, 0.0 0.0, 0.0 0.0, 0.0 0.0, 1.1461795999094495, 0.0, 218115.9043659044, 0.0, 0.000693000693000693, 0.000693000693000693, 0, 0.23284823284823283, 0, 0.7664587664587665, 0, 0.0, 0, 4.584718399637798e-06, 1e-05, 1e-05, 0.01, 0.01, 0.01, 0.01, 1
0.009000000000000069 0.002, 0.0 0.0, 0.0 0.0, 0.0 0.0, 1.1461795999094495, 0.0, 218115.9043659044, 0.0, 0.000693000693000693, 0.000693000693000693, 0, 0.23284823284823283, 0, 0.7664587664587665, 0, 0.0, 0, 4.584718399637798e-06, 1e-05, 1e-05, 0.01, 0.01, 0.01, 0.01, 1
0.009000000000000069 0.004, 0.0 0.0, 0.0 0.0, 0.0 0.0, 1.1461795999094495, 0.0, 218115.9043659044, 0.0, 0.000693000693000693, 0.000693000693000693, 0, 0.23284823284823283, 0, 0.7664587664587665, 0, 0.0, 0, 4.584718399637798e-06, 1e-05, 1e-05, 0.01, 0.01, 0.01, 0.01, 1
0.009000000000000069 0.006, 0.0 0.0, 0.0 0.0, 0.0 0.0, 1.1461795999094495, 0.0, 218115.9043659044, 0.0, 0.000693000693000693, 0.000693000693000693, 0, 0.23284823284823283, 0, 0.7664587664587665, 0, 0.0, 0, 4.584718399637798e-06, 1e-05, 1e-05, 0.01, 0.01, 0.01, 0.01, 1
0.009000000000000069 0.008, 0.0 0.0, 0.0 0.0, 0.0 0.0, 1.1461795999094495, 0.0, 218115.9043659044, 0.0, 0.000693000693000693, 0.000693000693000693, 0, 0.23284823284823283, 0, 0.7664587664587665, 0, 0.0, 0, 4.584718399637798e-06, 1e-05, 1e-05, 0.01, 0.01, 0.01, 0.01, 1
0.011000000000000069 -0.008, 0.0 0.0, 0.0 0.0, 0.0 0.0, 1.1461795999094495, 0.0, 218115.9043659044, 0.0, 0.000693000693000693, 0.000693000693000693, 0, 0.23284823284823283, 0, 0.7664587664587665, 0, 0.0, 0, 4.584718399637798e-06, 1e-05, 1e-05, 0.01, 0.01, 0.01, 0.01, 1
0.011000000000000069 -0.006, 0.0 0.0, 0.0 0.0, 0.0 0.0, 1.1461795999094495, 0.0, 218115.9043659044, 0.0, 0.000693000693000693, 0.000693000693000693, 0, 0.23284823284823283, 0, 0.7664587664587665, 0, 0.0, 0, 4.584718399637798e-06, 1e-05, 1e-05, 0.01, 0.01, 0.01, 0.01, 1
0.011000000000000069 -0.004, 0.0 0.0, 0.0 0.0, 0.0 0.0, 1.1461795999094495, 0.0, 218115.9043659044, 0.0, 0.000693000693000693, 0.000693000693000693, 0, 0.23284823284823283, 0, 0.7664587664587665, 0, 0.0, 0, 4.584718399637798e-06, 1e-05, 1e-05, 0.01, 0.01, 0.01, 0.01, 1
0.011000000000000069 -0.002, 0.0 0.0, 0.0 0.0, 0.0 0.0, 1.1461795999094495, 0.0, 218115.9043659044, 0.0, 0.000693000693000693, 0.000693000693000693, 0, 0.23284823284823283, 0, 0.7664587664587665, 0, 0.0, 0, 4.584718399637798e-06, 1e-05, 1e-05, 0.01, 0.01, 0.01, 0.01, 1
0.011000000000000069 0.0, 0.0 0.0, 0.0 0.0, 0.0 0.0, 1.1461795999094495, 0.0, 218115.9043659044, 0.0, 0.000693000693000693, 0.000693000693000693, 0, 0.23284823284823283, 0, 0.7664587664587665, 0, 0.0, 0, 4.584718399637798e-06, 1e-05, 1e-05, 0.01, 0.01, 0.01, 0.01, 1
0.011000000000000069 0.002, 0.0 0.0, 0.0 0.0, 0.0 0.0, 1.1461795999094495, 0.0, 218115.9043659044, 0.0, 0.000693000693000693, 0.000693000693000693, 0, 0.23284823284823283, 0, 0.7664587664587665, 0, 0.0, 0, 4.584718399637798e-06, 1e-05, 1e-05, 0.01, 0.01, 0.01, 0.01, 1
0.011000000000000069 0.004, 0.0 0.0, 0.0 0.0, 0.0 0.0, 1.1461795999094495, 0.0, 218115.9043659044, 0.0, 0.000693000693000693, 0.000693000693000693, 0, 0.23284823284823283, 0, 0.7664587664587665, 0, 0.0, 0, 4.584718399637798e-06, 1e-05, 1e-05, 0.01, 0.01, 0.01, 0.01, 1
0.011000000000000069 0.006, 0.0 0.0, 0.0 0.0, 0.0 0.0, 1.1461795999094495, 0.0, 218115.9043659044, 0.0, 0.000693000693000693, 0.000693000693000693, 0, 0.23284823284823283, 0, 0.7664587664587665, 0, 0.0, 0, 4.584718399637798e-06, 1e-05, 1e-05, 0.01, 0.01, 0.01, 0.01, 1
0.011000000000000069 0.008, 0.0 0.0, 0.0 0.0, 0.0 0.0, 1.1461795999094495, 0.0, 218115.9043659044, 0.0, 0.000693000693000693, 0.000693000693000693, 0, 0.23284823284823283, 0, 0.7664587664587665, 0, 0.0, 0, 4.584718399637798e-06, 1e-05, 1e-05, 0.01, 0.01, 0.01, 0.01, 1
0.013000000000000069 -0.008, 0.0 0.0, 0.0 0.0, 0.0 0.0, 1.1461795999094495, 0.0, 218115.9043659044, 0.0, 0.000693000693000693, 0.000693000693000693, 0, 0.23284823284823283, 0, 0.7664587664587665, 0, 0.0, 0, 4.584718399637798e-06, 1e-05, 1e-05, 0.01, 0.01, 0.01, 0.01, 1
0.013000000000000069 -0.006, 0.0 0.0, 0.0 0.0, 0.0 0.0, 1.1461795999094495, 0.0, 218115.9043659044, 0.0, 0.000693000693000693, 0.000693000693000693, 0, 0.23284823284823283, 0, 0.7664587664587665, 0, 0.0, 0, 4.584718399637798e-06, 1e-05, 1e-05, 0.01, 0.01, 0.01, 0.01, 1
0.013000000000000069 -0.004, 0.0 0.0, 0.0 0.0, 0.0 0.0, 1.1461795999094495, 0.0, 218115.9043659044, 0.0, 0.000693000693000693, 0.000693000693000693, 0, 0.23284823284823283, 0, 0.7664587664587665, 0, 0.0, 0, 4.584718399637798e-06, 1e-05, 1e-05, 0.01, 0.01, 0.01, 0.01, 1
0.013000000000000069 -0.002, 0.0 0.0, 0.0 0.0, 0.0 0.0, 1.1461795999094495, 0.0, 218115.9043659044, 0.0, 0.000693000693000693, 0.000693000693000693, 0, 0.23284823284823283, 0, 0.7664587664587665, 0, 0.0, 0, 4.584718399637798e-06, 1e-05, 1e-05, 0.01, 0.01, 0.01, 0.01, 1
0.013000000000000069 0.0, 0.0 0.0, 0.0 0.0, 0.0 0.0, 1.1461795999094495, 0.0, 218115.9043659044, 0.0, 0.000693000693000693, 0.000693000693000693, 0, 0.23284823284823283, 0, 0.7664587664587665, 0, 0.0, 0, 4.584718399637798e-06, 1e-05, 1e-05, 0.01, 0.01, 0.01, 0.01, 1
0.013000000000000069 0.002, 0.0 0.0, 0.0 0.0, 0.0 0.0, 1.1461795999094495, 0.0, 218115.9043659044, 0.0, 0.000693000693000693, 0.000693000693000693, 0, 0.23284823284823283, 0, 0.7664587664587665, 0, 0.0, 0, 4.584718399637798e-06, 1e-05, 1e-05, 0.01, 0.01, 0.01, 0.01, 1
0.013000000000000069 0.004, 0.0 0.0, 0.0 0.0, 0.0 0.0, 1.1461795999094495, 0.0, 218115.9043659044, 0.0, 0.000693000693000693, 0.000693000693000693, 0, 0.23284823284823283, 0, 0.7664587664587665, 0, 0.0, 0, 4.584718399637798e-06, 1e-05, 1e-05, 0.01, 0.01, 0.01, 0.01, 1
0.013000000000000069 0.006, 0.0 0.0, 0.0 0.0, 0.0 0.0, 1.1461795999094495, 0.0, 218115.9043659044, 0.0, 0.000693000693000693, 0.000693000693000693, 0, 0.23284823284823283, 0, 0.7664587664587665, 0, 0.0, 0, 4.584718399637798e-06, 1e-05, 1e-05, 0.01, 0.01, 0.01, 0.01, 1
0.013000000000000069 0.008, 0.0 0.0, 0.0 0.0, 0.0 0.0, 1.1461795999094495, 0.0, 218115.9043659044, 0.0, 0.000693000693000693, 0.000693000693000693, 0, 0.23284823284823283, 0, 0.7664587664587665, 0, 0.0, 0, 4.584718399637798e-06, 1e-05, 1e-05, 0.01, 0.01, 0.01, 0.01, 1
0.015000000000000069 -0.008, 0.0 0.0, 0.0 0.0, 0.0 0.0, 1.1461795999094495, 0.0, 218115.9043659044, 0.0, 0.000693000693000693, 0.000693000693000693, 0, 0.23284823284823283, 0, 0.7664587664587665, 0, 0.0, 0, 4.584718399637798e-06, 1e-05, 1e-05, 0.01, 0.01, 0.01, 0.01, 1
0.015000000000000069 -0.006, 0.0 0.0, 0.0 0.0, 0.0 0.0, 1.1461795999094495, 0.0, 218115.9043659044, 0.0, 0.000693000693000693, 0.000693000693000693, 0, 0.23284823284823283, 0, 0.7664587664587665, 0, 0.0, 0, 4.584718399637798e-06, 1e-05, 1e-05, 0.01, 0.01, 0.01, 0.01, 1
0.015000000000000069 -0.004, 0.0 0.0, 0.0 0.0, 0.0 0.0, 1.1461795999094495, 0.0, 218115.9043659044, 0.0, 0.000693000693000693, 0.000693000693000693, 0, 0.23284823284823283, 0, 0.7664587664587665, 0, 0.0, 0, 4.584718399637798e-06, 1e-05, 1e-05, 0.01, 0.01, 0.01, 0.01, 1
0.015000000000000069 -0.002, 0.0 0.0, 0.0 0.0, 0.0 0.0, 1.1461795999094495, 0.0, 218115.9043659044, 0.0, 0.000693000693000693, 0.000693000693000693, 0, 0.23284823284823283, 0, 0.7664587664587665, 0, 0.0, 0, 4.584718399637798e-06, 1e-05, 1e-05, 0.01, 0.01, 0.01, 0.01, 1
0.015000000000000069 0.0, 0.0 0.0, 0.0 0.0, 0.0 0.0, 1.1461795999094495, 0.0, 218115.9043659044, 0.0, 0.000693000693000693, 0.000693000693000693, 0, 0.23284823284823283, 0, 0.7664587664587665, 0, 0.0, 0, 4.584718399637798e-06, 1e-05, 1e-05, 0.01, 0.01, 0.01, 0.01, 1
0.015000000000000069 0.002, 0.0 0.0, 0.0 0.0, 0.0 0.0, 1.1461795999094495, 0.0, 218115.9043659044, 0.0, 0.000693000693000693, 0.000693000693000693, 0, 0.23284823284823283, 0, 0.7664587664587665, 0, 0.0, 0, 4.584718399637798e-06, 1e-05, 1e-05, 0.01, 0.01, 0.01, 0.01, 1
0.015000000000000069 0.004, 0.0 0.0, 0.0 0.0, 0.0 0.0, 1.1461795999094495, 0.0, 218115.9043659044, 0.0, 0.000693000693000693, 0.000693000693000693, 0, 0.23284823284823283, 0, 0.7664587664587665, 0, 0.0, 0, 4.584718399637798e-06, 1e-05, 1e-05, 0.01, 0.01, 0.01, 0.01, 1
0.015000000000000069 0.006, 0.0 0.0, 0.0 0.0, 0.0 0.0, 1.1461795999094495, 0.0, 218115.9043659044, 0.0, 0.000693000693000693, 0.000693000693000693, 0, 0.23284823284823283, 0, 0.7664587664587665, 0, 0.0, 0, 4.584718399637798e-06, 1e-05, 1e-05, 0.01, 0.01, 0.01, 0.01, 1
0.015000000000000069 0.008, 0.0 0.0, 0.0 0.0, 0.0 0.0, 1.1461795999094495, 0.0, 218115.9043659044, 0.0, 0.000693000693000693, 0.000693000693000693, 0, 0.23284823284823283, 0, 0.7664587664587665, 0, 0.0, 0, 4.584718399637798e-06, 1e-05, 1e-05, 0.01, 0.01, 0.01, 0.01, 1
0.01700000000000007 -0.008, 0.0 0.0, 0.0 0.0, 0.0 0.0, 1.1461795999094495, 0.0, 218115.9043659044, 0.0, 0.000693000693000693, 0.000693000693000693, 0, 0.23284823284823283, 0, 0.7664587664587665, 0, 0.0, 0, 4.584718399637798e-06, 1e-05, 1e-05, 0.01, 0.01, 0.01, 0.01, 1
0.01700000000000007 -0.006, 0.0 0.0, 0.0 0.0, 0.0 0.0, 1.1461795999094495, 0.0, 218115.9043659044, 0.0, 0.000693000693000693, 0.000693000693000693, 0, 0.23284823284823283, 0, 0.7664587664587665, 0, 0.0, 0, 4.584718399637798e-06, 1e-05, 1e-05, 0.01, 0.01, 0.01, 0.01, 1
0.01700000000000007 -0.004, 0.0 0.0, 0.0 0.0, 0.0 0.0, 1.1461795999094495, 0.0, 218115.9043659044, 0.0, 0.000693000693000693, 0.000693000693000693, 0, 0.23284823284823283, 0, 0.7664587664587665, 0, 0.0, 0, 4.584718399637798e-06, 1e-05, 1e-05, 0.01, 0.01, 0.01, 0.01, 1
0.01700000000000007 -0.002, 0.0 0.0, 0.0 0.0, 0.0 0.0, 1.1461795999094495, 0.0, 218115.9043659044, 0.0, 0.000693000693000693, 0.000693000693000693, 0, 0.23284823284823283, 0, 0.7664587664587665, 0, 0.0, 0, 4.584718399637798e-06, 1e-05, 1e-05, 0.01, 0.01, 0.01, 0.01, 1
0.01700000000000007 0.0, 0.0 0.0, 0.0 0.0, 0.0 0.0, 1.1461795999094495, 0.0, 218115.9043659044, 0.0, 0.000693000693000693, 0.000693000693000693, 0, 0.23284823284823283, 0, 0.7664587664587665, 0, 0.0, 0, 4.584718399637798e-06, 1e-05, 1e-05, 0.01, 0.01, 0.01, 0.01, 1
0.01700000000000007 0.002, 0.0 0.0, 0.0 0.0, 0.0 0.0, 1.1461795999094495, 0.0, 218115.9043659044, 0.0, 0.000693000693000693, 0.000693000693000693, 0, 0.23284823284823283, 0, 0.7664587664587665, 0, 0.0, 0, 4.584718399637798e-06, 1e-05, 1e-05, 0.01, 0.01, 0.01, 0.01, 1
0.01700000000000007 0.004, 0.0 0.0, 0.0 0.0, 0.0 0.0, 1.1461795999094495, 0.0, 218115.9043659044, 0.0, 0.000693000693000693, 0.000693000693000693, 0, 0.23284823284823283, 0, 0.7664587664587665, 0, 0.0, 0, 4.584718399637798e-06, 1e-05, 1e-05, 0.01, 0.01, 0.01, 0.01, 1
0.01700000000000007 0.006, 0.0 0.0, 0.0 0.0, 0.0 0.0, 1.1461795999094495, 0.0, 218115.9043659044, 0.0, 0.000693000693000693, 0.000693000693000693, 0, 0.23284823284823283, 0, 0.7664587664587665, 0, 0.0, 0, 4.584718399637798e-06, 1e-05, 1e-05, 0.01, 0.01, 0.01, 0.01, 1
0.01700000000000007 0.008, 0.0 0.0, 0.0 0.0, 0.0 0.0, 1.1461795999094495, 0.0, 218115.9043659044, 0.0, 0.000693000693000693, 0.000693000693000693, 0, 0.23284823284823283, 0, 0.7664587664587665, 0, 0.0, 0, 4.584718399637798e-06, 1e-05, 1e-05, 0.01, 0.01, 0.01, 0.01, 1
0.019000000000000072 -0.008, 0.0 0.0, 0.0 0.0, 0.0 0.0, 1.1461795999094495, 0.0, 218115.9043659044, 0.0, 0.000693000693000693, 0.000693000693000693, 0, 0.23284823284823283, 0, 0.7664587664587665, 0, 0.0, 0, 4.584718399637798e-06, 1e-05, 1e-05, 0.01, 0.01, 0.01, 0.01, 1
0.019000000000000072 -0.006, 0.0 0.0, 0.0 0.0, 0.0 0.0, 1.1461795999094495, 0.0, 218115.9043659044, 0.0, 0.000693000693000693, 0.000693000693000693, 0, 0.23284823284823283, 0, 0.7664587664587665, 0, 0.0, 0, 4.584718399637798e-06, 1e-05, 1e-05, 0.01, 0.01, 0.01, 0.01, 1
0.019000000000000072 -0.004, 0.0 0.0, 0.0 0.0, 0.0 0.0, 1.1461795999094495, 0.0, 218115.9043659044, 0.0, 0.000693000693000693, 0.000693000693000693, 0, 0.23284823284823283, 0, 0.7664587664587665, 0, 0.0, 0, 4.584718399637798e-06, 1e-05, 1e-05, 0.01, 0.01, 0.01, 0.01, 1
0.019000000000000072 -0.002, 0.0 0.0, 0.0 0.0, 0.0 0.0, 1.1461795999094495, 0.0, 218115.9043659044, 0.0, 0.000693000693000693, 0.000693000693000693, 0, 0.23284823284823283, 0, 0.7664587664587665, 0, 0.0, 0, 4.584718399637798e-06, 1e-05, 1e-05, 0.01, 0.01, 0.01, 0.01, 1
0.019000000000000072 0.0, 0.0 0.0, 0.0 0.0, 0.0 0.0, 1.1461795999094495, 0.0, 218115.9043659044, 0.0, 0.000693000693000693, 0.000693000693000693, 0, 0.23284823284823283, 0, 0.7664587664587665, 0, 0.0, 0, 4.584718399637798e-06, 1e-05, 1e-05, 0.01, 0.01, 0.01, 0.01, 1
0.019000000000000072 0.002, 0.0 0.0, 0.0 0.0, 0.0 0.0, 1.1461795999094495, 0.0, 218115.9043659044, 0.0, 0.000693000693000693, 0.000693000693000693, 0, 0.23284823284823283, 0, 0.7664587664587665, 0, 0.0, 0, 4.584718399637798e-06, 1e-05, 1e-05, 0.01, 0.01, 0.01, 0.01, 1
0.019000000000000072 0.004, 0.0 0.0, 0.0 0.0, 0.0 0.0, 1.1461795999094495, 0.0, 218115.9043659044, 0.0, 0.000693000693000693, 0.000693000693000693, 0, 0.23284823284823283, 0, 0.7664587664587665, 0, 0.0, 0, 4.584718399637798e-06, 1e-05, 1e-05, 0.01, 0.01, 0.01, 0.01, 1
0.019000000000000072 0.006, 0.0 0.0, 0.0 0.0, 0.0 0.0, 1.1461795999094495, 0.0, 218115.9043659044, 0.0, 0.000693000693000693, 0.000693000693000693, 0, 0.23284823284823283, 0, 0.7664587664587665, 0, 0.0, 0, 4.584718399637798e-06, 1e-05, 1e-05, 0.01, 0.01, 0.01, 0.01, 1
0.019000000000000072 0.008, 0.0 0.0, 0.0 0.0, 0.0 0.0, 1.1461795999094495, 0.0, 218115.9043659044, 0.0, 0.000693000693000693, 0.000693000693000693, 0, 0.23284823284823283, 0, 0.7664587664587665, 0, 0.0, 0, 4.584718399637798e-06, 1e-05, 1e-05, 0.01, 0.01, 0.01, 0.01, 1
0.021000000000000074 -0.008, 0.0 0.0, 0.0 0.0, 0.0 0.0, 1.1461795999094495, 0.0, 218115.9043659044, 0.0, 0.000693000693000693, 0.000693000693000693, 0, 0.23284823284823283, 0, 0.7664587664587665, 0, 0.0, 0, 4.584718399637798e-06, 1e-05, 1e-05, 0.01, 0.01, 0.01, 0.01, 1
0.021000000000000074 -0.006, 0.0 0.0, 0.0 0.0, 0.0 0.0, 1.1461795999094495, 0.0, 218115.9043659044, 0.0, 0.000693000693000693, 0.000693000693000693, 0, 0.23284823284823283, 0, 0.7664587664587665, 0, 0.0, 0, 4.584718399637798e-06, 1e-05, 1e-05, 0.01, 0.01, 0.01, 0.01, 1
0.021000000000000074 -0.004, 0.0 0.0, 0.0 0.0, 0.0 0.0, 1.1461795999094495, 0.0, 218115.9043659044, 0.0, 0.000693000693000693, 0.000693000693000693, 0, 0.23284823284823283, 0, 0.7664587664587665, 0, 0.0, 0, 4.584718399637798e-06, 1e-05, 1e-05, 0.01, 0.01, 0.01, 0.01, 1
0.021000000000000074 -0.002, 0.0 0.0, 0.0 0.0, 0.0 0.0, 1.1461795999094495, 0.0, 218115.9043659044, 0.0, 0.000693000693000693, 0.000693000693000693, 0, 0.23284823284823283, 0, 0.7664587664587665, 0, 0.0, 0, 4.584718399637798e-06, 1e-05, 1e-05, 0.01, 0.01, 0.01, 0.01, 1
0.021000000000000074 0.0, 0.0 0.0, 0.0 0.0, 0.0 0.0, 1.1461795999094495, 0.0, 218115.9043659044, 0.0, 0.000693000693000693, 0.000693000693000693, 0, 0.23284823284823283, 0, 0.7664587664587665, 0, 0.0, 0, 4.584718399637798e-06, 1e-05, 1e-05, 0.01, 0.01, 0.01, 0.01, 1
0.021000000000000074 0.002, 0.0 0.0, 0.0 0.0, 0.0 0.0, 1.1461795999094495, 0.0, 218115.9043659044, 0.0, 0.000693000693000693, 0.000693000693000693, 0, 0.23284823284823283, 0, 0.7664587664587665, 0, 0.0, 0, 4.584718399637798e-06, 1e-05, 1e-05, 0.01, 0.01, 0.01, 0.01, 1
0.021000000000000074 0.004, 0.0 0.0, 0.0 0.0, 0.0 0.0, 1.1461795999094495, 0.0, 218115.9043659044, 0.0, 0.000693000693000693, 0.000693000693000693, 0, 0.23284823284823283, 0, 0.7664587664587665, 0, 0.0, 0, 4.584718399637798e-06, 1e-05, 1e-05, 0.01, 0.01, 0.01, 0.01, 1
0.021000000000000074 0.006, 0.0 0.0, 0.0 0.0, 0.0 0.0, 1.1461795999094495, 0.0, 218115.9043659044, 0.0, 0.000693000693000693, 0.000693000693000693, 0, 0.23284823284823283, 0, 0.7664587664587665, 0, 0.0, 0, 4.584718399637798e-06, 1e-05, 1e-05, 0.01, 0.01, 0.01, 0.01, 1
0.021000000000000074 0.008, 0.0 0.0, 0.0 0.0, 0.0 0.0, 1.1461795999094495, 0.0, 218115.9043659044, 0.0, 0.000693000693000693, 0.000693000693000693, 0, 0.23284823284823283, 0, 0.7664587664587665, 0, 0.0, 0, 4.584718399637798e-06, 1e-05, 1e-05, 0.01, 0.01, 0.01, 0.01, 1
0.023000000000000076 -0.008, 0.0 0.0, 0.0 0.0, 0.0 0.0, 1.1461795999094495, 0.0, 218115.9043659044, 0.0, 0.000693000693000693, 0.000693000693000693, 0, 0.23284823284823283, 0, 0.7664587664587665, 0, 0.0, 0, 4.584718399637798e-06, 1e-05, 1e-05, 0.01, 0.01, 0.01, 0.01, 1
0.023000000000000076 -0.006, 0.0 0.0, 0.0 0.0, 0.0 0.0, 1.1461795999094495, 0.0, 218115.9043659044, 0.0, 0.000693000693000693, 0.000693000693000693, 0, 0.23284823284823283, 0, 0.7664587664587665, 0, 0.0, 0, 4.584718399637798e-06, 1e-05, 1e-05, 0.01, 0.01, 0.01, 0.01, 1
0.023000000000000076 -0.004, 0.0 0.0, 0.0 0.0, 0.0 0.0, 1.1461795999094495, 0.0, 218115.9043659044, 0.0, 0.000693000693000693, 0.000693000693000693, 0, 0.23284823284823283, 0, 0.7664587664587665, 0, 0.0, 0, 4.584718399637798e-06, 1e-05, 1e-05, 0.01, 0.01, 0.01, 0.01, 1
0.023000000000000076 -0.002, 0.0 0.0, 0.0 0.0, 0.0 0.0, 1.1461795999094495, 0.0, 218115.9043659044, 0.0, 0.000693000693000693, 0.000693000693000693, 0, 0.23284823284823283, 0, 0.7664587664587665, 0, 0.0, 0, 4.584718399637798e-06, 1e-05, 1e-05, 0.01, 0.01, 0.01, 0.01, 1
0.023000000000000076 0.0, 0.0 0.0, 0.0 0.0, 0.0 0.0, 1.1461795999094495, 0.0, 218115.9043659044, 0.0, 0.000693000693000693, 0.000693000693000693, 0, 0.23284823284823283, 0, 0.7664587664587665, 0, 0.0, 0, 4.584718399637798e-06, 1e-05, 1e-05, 0.01, 0.01, 0.01, 0.01, 1
0.023000000000000076 0.002, 0.0 0.0, 0.0 0.0, 0.0 0.0, 1.1461795999094495, 0.0, 218115.9043659044, 0.0, 0.000693000693000693, 0.000693000693000693, 0, 0.23284823284823283, 0, 0.7664587664587665, 0, 0.0, 0, 4.584718399637798e-06, 1e-05, 1e-05, 0.01, 0.01, 0.01, 0.01, 1
0.023000000000000076 0.004, 0.0 0.0, 0.0 0.0, 0.0 0.0, 1.1461795999094495, 0.0, 218115.9043659044, 0.0, 0.000693000693000693, 0.000693000693000693, 0, 0.23284823284823283, 0, 0.7664587664587665, 0, 0.0, 0, 4.584718399637798e-06, 1e-05, 1e-05, 0.01, 0.01, 0.01, 0.01, 1
0.023000000000000076 0.006, 0.0 0.0, 0.0 0.0, 0.0 0.0, 1.1461795999094495, 0.0, 218115.9043659044, 0.0, 0.000693000693000693, 0.000693000693000693, 0, 0.23284823284823283, 0, 0.7664587664587665, 0, 0.0, 0, 4.584718399637798e-06, 1e-05, 1e-05, 0.01, 0.01, 0.01, 0.01, 1
0.023000000000000076 0.008, 0.0 0.0, 0.0 0.0, 0.0 0.0, 1.1461795999094495, 0.0, 218115.9043659044, 0.0, 0.000693000693000693, 0.000693000693000693, 0, 0.23284823284823283, 0, 0.7664587664587665, 0, 0.0, 0, 4.584718399637798e-06, 1e-05, 1e-05, 0.01, 0.01, 0.01, 0.01, 1
0.025000000000000078 -0.008, 0.0 0.0, 0.0 0.0, 0.0 0.0, 1.1461795999094495, 0.0, 218115.9043659044, 0.0, 0.000693000693000693, 0.000693000693000693, 0, 0.23284823284823283, 0, 0.7664587664587665, 0, 0.0, 0, 4.584718399637798e-06, 1e-05, 1e-05, 0.01, 0.01, 0.01, 0.01, 1
0.025000000000000078 -0.006, 0.0 0.0, 0.0 0.0, 0.0 0.0, 1.1461795999094495, 0.0, 218115.9043659044, 0.0, 0.000693000693000693, 0.000693000693000693, 0, 0.23284823284823283, 0, 0.7664587664587665, 0, 0.0, 0, 4.584718399637798e-06, 1e-05, 1e-05, 0.01, 0.01, 0.01, 0.01, 1
0.025000000000000078 -0.004, 0.0 0.0, 0.0 0.0, 0.0 0.0, 1.1461795999094495, 0.0, 218115.9043659044, 0.0, 0.000693000693000693, 0.000693000693000693, 0, 0.23284823284823283, 0, 0.7664587664587665, 0, 0.0, 0, 4.584718399637798e-06, 1e-05, 1e-05, 0.01, 0.01, 0.01, 0.01, 1
0.025000000000000078 -0.002, 0.0 0.0, 0.0 0.0, 0.0 0.0, 1.1461795999094495, 0.0, 218115.9043659044, 0.0, 0.000693000693000693, 0.000693000693000693, 0, 0.23284823284823283, 0, 0.7664587664587665, 0, 0.0, 0, 4.584718399637798e-06, 1e-05, 1e-05, 0.01, 0.01, 0.01, 0.01, 1
0.025000000000000078 0.0, 0.0 0.0, 0.0 0.0, 0.0 0.0, 1.1461795999094495, 0.0, 218115.9043659044, 0.0, 0.000693000693000693, 0.000693000693000693, 0, 0.23284823284823283, 0, 0.7664587664587665, 0, 0.0, 0, 4.584718399637798e-06, 1e-05, 1e-05, 0.01, 0.01, 0.01, 0.01, 1
0.025000000000000078 0.002, 0.0 0.0, 0.0 0.0, 0.0 0.0, 1.1461795999094495, 0.0, 218115.9043659044, 0.0, 0.000693000693000693, 0.000693000693000693, 0, 0.23284823284823283, 0, 0.7664587664587665, 0, 0.0, 0, 4.584718399637798e-06, 1e-05, 1e-05, 0.01, 0.01, 0.01, 0.01, 1
0.025000000000000078 0.004, 0.0 0.0, 0.0 0.0, 0.0 0.0, 1.1461795999094495, 0.0, 218115.9043659044, 0.0, 0.000693000693000693, 0.000693000693000693, 0, 0.23284823284823283, 0, 0.7664587664587665, 0, 0.0, 0, 4.584718399637798e-06, 1e-05, 1e-05, 0.01, 0.01, 0.01, 0.01, 1
0.025000000000000078 0.006, 0.0 0.0, 0.0 0.0, 0.0 0.0, 1.1461795999094495, 0.0, 218115.9043659044, 0.0, 0.000693000693000693, 0.000693000693000693, 0, 0.23284823284823283, 0, 0.7664587664587665, 0, 0.0, 0, 4.584718399637798e-06, 1e-05, 1e-05, 0.01, 0.01, 0.01, 0.01, 1
0.025000000000000078 0.008, 0.0 0.0, 0.0 0.0, 0.0 0.0, 1.1461795999094495, 0.0, 218115.9043659044, 0.0, 0.000693000693000693, 0.000693000693000693, 0, 0.23284823284823283, 0, 0.7664587664587665, 0, 0.0, 0, 4.584718399637798e-06, 1e-05, 1e-05, 0.01, 0.01, 0.01, 0.01, 1
0.02700000000000008 -0.008, 0.0 0.0, 0.0 0.0, 0.0 0.0, 1.1461795999094495, 0.0, 218115.9043659044, 0.0, 0.000693000693000693, 0.000693000693000693, 0, 0.23284823284823283, 0, 0.7664587664587665, 0, 0.0, 0, 4.584718399637798e-06, 1e-05, 1e-05, 0.01, 0.01, 0.01, 0.01, 1
0.02700000000000008 -0.006, 0.0 0.0, 0.0 0.0, 0.0 0.0, 1.1461795999094495, 0.0, 218115.9043659044, 0.0, 0.000693000693000693, 0.000693000693000693, 0, 0.23284823284823283, 0, 0.7664587664587665, 0, 0.0, 0, 4.584718399637798e-06, 1e-05, 1e-05, 0.01, 0.01, 0.01, 0.01, 1
0.02700000000000008 -0.004, 0.0 0.0, 0.0 0.0, 0.0 0.0, 1.1461795999094495, 0.0, 218115.9043659044, 0.0, 0.000693000693000693, 0.000693000693000693, 0, 0.23284823284823283, 0, 0.7664587664587665, 0, 0.0, 0, 4.584718399637798e-06, 1e-05, 1e-05, 0.01, 0.01, 0.01, 0.01, 1
0.02700000000000008 -0.002, 0.0 0.0, 0.0 0.0, 0.0 0.0, 1.1461795999094495, 0.0, 218115.9043659044, 0.0, 0.000693000693000693, 0.000693000693000693, 0, 0.23284823284823283, 0, 0.7664587664587665, 0, 0.0, 0, 4.584718399637798e-06, 1e-05, 1e-05, 0.01, 0.01, 0.01, 0.01, 1
0.02700000000000008 0.0, 0.0 0.0, 0.0 0.0, 0.0 0.0, 1.1461795999094495, 0.0, 218115.9043659044, 0.0, 0.000693000693000693, 0.000693000693000693, 0, 0.23284823284823283, 0, 0.7664587664587665, 0, 0.0, 0, 4.584718399637798e-06, 1e-05, 1e-05, 0.01, 0.01, 0.01, 0.01, 1
0.02700000000000008 0.002, 0.0 0.0, 0.0 0.0, 0.0 0.0, 1.1461795999094495, 0.0, 218115.9043659044, 0.0, 0.000693000693000693, 0.000693000693000693, 0, 0.23284823284823283, 0, 0.7664587664587665, 0, 0.0, 0, 4.584718399637798e-06, 1e-05, 1e-05, 0.01, 0.01, 0.01, 0.01, 1
0.02700000000000008 0.004, 0.0 0.0, 0.0 0.0, 0.0 0.0, 1.1461795999094495, 0.0, 218115.9043659044, 0.0, 0.000693000693000693, 0.000693000693000693, 0, 0.23284823284823283, 0, 0.7664587664587665, 0, 0.0, 0, 4.584718399637798e-06, 1e-05, 1e-05, 0.01, 0.01, 0.01, 0.01, 1
0.02700000000000008 0.006, 0.0 0.0, 0.0 0.0, 0.0 0.0, 1.1461795999094495, 0.0, 218115.9043659044, 0.0, 0.000693000693000693, 0.000693000693000693, 0, 0.23284823284823283, 0, 0.7664587664587665, 0, 0.0, 0, 4.584718399637798e-06, 1e-05, 1e-05, 0.01, 0.01, 0.01, 0.01, 1
0.02700000000000008 0.008, 0.0 0.0, 0.0 0.0, 0.0 0.0, 1.1461795999094495, 0.0, 218115.9043659044, 0.0, 0.000693000693000693, 0.000693000693000693, 0, 0.23284823284823283, 0, 0.7664587664587665, 0, 0.0, 0, 4.584718399637798e-06, 1e-05, 1e-05, 0.01, 0.01, 0.01, 0.01, 1
0.02900000000000008 -0.008, 0.0 0.0, 0.0 0.0, 0.0 0.0, 1.1461795999094495, 0.0, 218115.9043659044, 0.0, 0.000693000693000693, 0.000693000693000693, 0, 0.23284823284823283, 0, 0.7664587664587665, 0, 0.0, 0, 4.584718399637798e-06, 1e-05, 1e-05, 0.01, 0.01, 0.01, 0.01, 1
0.02900000000000008 -0.006, 0.0 0.0, 0.0 0.0, 0.0 0.0, 1.1461795999094495, 0.0, 218115.9043659044, 0.0, 0.000693000693000693, 0.000693000693000693, 0, 0.23284823284823283, 0, 0.7664587664587665, 0, 0.0, 0, 4.584718399637798e-06, 1e-05, 1e-05, 0.01, 0.01, 0.01, 0.01, 1
0.02900000000000008 -0.004, 0.0 0.0, 0.0 0.0, 0.0 0.0, 1.1461795999094495, 0.0, 218115.9043659044, 0.0, 0.000693000693000693, 0.000693000693000693, 0, 0.23284823284823283, 0, 0.7664587664587665, 0, 0.0, 0, 4.584718399637798e-06, 1e-05, 1e-05, 0.01, 0.01, 0.01, 0.01, 1
0.02900000000000008 -0.002, 0.0 0.0, 0.0 0.0, 0.0 0.0, 1.1461795999094495, 0.0, 218115.9043659044, 0.0, 0.000693000693000693, 0.000693000693000693, 0, 0.23284823284823283, 0, 0.7664587664587665, 0, 0.0, 0, 4.584718399637798e-06, 1e-05, 1e-05, 0.01, 0.01, 0.01, 0.01, 1
0.02900000000000008 0.0, 0.0 0.0, 0.0 0.0, 0.0 0.0, 1.1461795999094495, 0.0, 218115.9043659044, 0.0, 0.000693000693000693, 0.000693000693000693, 0, 0.23284823284823283, 0, 0.7664587664587665, 0, 0.0, 0, 4.584718399637798e-06, 1e-05, 1e-05, 0.01, 0.01, 0.01, 0.01, 1
0.02900000000000008 0.002, 0.0 0.0, 0.0 0.0, 0.0 0.0, 1.1461795999094495, 0.0, 218115.9043659044, 0.0, 0.000693000693000693, 0.000693000693000693, 0, 0.23284823284823283, 0, 0.7664587664587665, 0, 0.0, 0, 4.584718399637798e-06, 1e-05, 1e-05, 0.01, 0.01, 0.01, 0.01, 1
0.02900000000000008 0.004, 0.0 0.0, 0.0 0.0, 0.0 0.0, 1.1461795999094495, 0.0, 218115.9043659044, 0.0, 0.000693000693000693, 0.000693000693000693, 0, 0.23284823284823283, 0, 0.7664587664587665, 0, 0.0, 0, 4.584718399637798e-06, 1e-05, 1e-05, 0.01, 0.01, 0.01, 0.01, 1
0.02900000000000008 0.006, 0.0 0.0, 0.0 0.0, 0.0 0.0, 1.1461795999094495, 0.0, 218115.9043659044, 0.0, 0.000693000693000693, 0.000693000693000693, 0, 0.23284823284823283, 0, 0.7664587664587665, 0, 0.0, 0, 4.584718399637798e-06, 1e-05, 1e-05, 0.01, 0.01, 0.01, 0.01, 1
0.02900000000000008 0.008, 0.0 0.0, 0.0 0.0, 0.0 0.0, 1.1461795999094495, 0.0, 218115.9043659044, 0.0, 0.000693000693000693, 0.000693000693000693, 0, 0.23284823284823283, 0, 0.7664587664587665, 0, 0.0, 0, 4.584718399637798e-06, 1e-05, 1e-05, 0.01, 0.01, 0.01, 0.01, 1
0.031000000000000083 -0.008, 0.0 0.0, 0.0 0.0, 0.0 0.0, 1.1461795999094495, 0.0, 218115.9043659044, 0.0, 0.000693000693000693, 0.000693000693000693, 0, 0.23284823284823283, 0, 0.7664587664587665, 0, 0.0, 0, 4.584718399637798e-06, 1e-05, 1e-05, 0.01, 0.01, 0.01, 0.01, 1
0.031000000000000083 -0.006, 0.0 0.0, 0.0 0.0, 0.0 0.0, 1.1461795999094495, 0.0, 218115.9043659044, 0.0, 0.000693000693000693, 0.000693000693000693, 0, 0.23284823284823283, 0, 0.7664587664587665, 0, 0.0, 0, 4.584718399637798e-06, 1e-05, 1e-05, 0.01, 0.01, 0.01, 0.01, 1
0.031000000000000083 -0.004, 0.0 0.0, 0.0 0.0, 0.0 0.0, 1.1461795999094495, 0.0, 218115.9043659044, 0.0, 0.000693000693000693, 0.000693000693000693, 0, 0.23284823284823283, 0, 0.7664587664587665, 0, 0.0, 0, 4.584718399637798e-06, 1e-05, 1e-05, 0.01, 0.01, 0.01, 0.01, 1
0.031000000000000083 -0.002, 0.0 0.0, 0.0 0.0, 0.0 0.0, 1.1461795999094495, 0.0, 218115.9043659044, 0.0, 0.000693000693000693, 0.000693000693000693, 0, 0.23284823284823283, 0, 0.7664587664587665, 0, 0.0, 0, 4.584718399637798e-06, 1e-05, 1e-05, 0.01, 0.01, 0.01, 0.01, 1
0.031000000000000083 0.0, 0.0 0.0, 0.0 0.0, 0.0 0.0, 1.1461795999094495, 0.0, 218115.9043659044, 0.0, 0.000693000693000693, 0.000693000693000693, 0, 0.23284823284823283, 0, 0.7664587664587665, 0, 0.0, 0, 4.584718399637798e-06, 1e-05, 1e-05, 0.01, 0.01, 0.01, 0.01, 1
0.031000000000000083 0.002, 0.0 0.0, 0.0 0.0, 0.0 0.0, 1.1461795999094495, 0.0, 218115.9043659044, 0.0, 0.000693000693000693, 0.000693000693000693, 0, 0.23284823284823283, 0, 0.7664587664587665, 0, 0.0, 0, 4.584718399637798e-06, 1e-05, 1e-05, 0.01, 0.01, 0.01, 0.01, 1
0.031000000000000083 0.004, 0.0 0.0, 0.0 0.0, 0.0 0.0, 1.1461795999094495, 0.0, 218115.9043659044, 0.0, 0.000693000693000693, 0.000693000693000693, 0, 0.23284823284823283, 0, 0.7664587664587665, 0, 0.0, 0, 4.584718399637798e-06, 1e-05, 1e-05, 0.01, 0.01, 0.01, 0.01, 1
0.031000000000000083 0.006, 0.0 0.0, 0.0 0.0, 0.0 0.0, 1.1461795999094495, 0.0, 218115.9043659044, 0.0, 0.000693000693000693, 0.000693000693000693, 0, 0.23284823284823283, 0, 0.7664587664587665, 0, 0.0, 0, 4.584718399637798e-06, 1e-05, 1e-05, 0.01, 0.01, 0.01, 0.01, 1
0.031000000000000083 0.008, 0.0 0.0, 0.0 0.0, 0.0 0.0, 1.1461795999094495, 0.0, 218115.9043659044, 0.0, 0.000693000693000693, 0.000693000693000693, 0, 0.23284823284823283, 0, 0.7664587664587665, 0, 0.0, 0, 4.584718399637798e-06, 1e-05, 1e-05, 0.01, 0.01, 0.01, 0.01, 1
0.033000000000000085 -0.008, 0.0 0.0, 0.0 0.0, 0.0 0.0, 1.1461795999094495, 0.0, 218115.9043659044, 0.0, 0.000693000693000693, 0.000693000693000693, 0, 0.23284823284823283, 0, 0.7664587664587665, 0, 0.0, 0, 4.584718399637798e-06, 1e-05, 1e-05, 0.01, 0.01, 0.01, 0.01, 1
0.033000000000000085 -0.006, 0.0 0.0, 0.0 0.0, 0.0 0.0, 1.1461795999094495, 0.0, 218115.9043659044, 0.0, 0.000693000693000693, 0.000693000693000693, 0, 0.23284823284823283, 0, 0.7664587664587665, 0, 0.0, 0, 4.584718399637798e-06, 1e-05, 1e-05, 0.01, 0.01, 0.01, 0.01, 1
0.033000000000000085 -0.004, 0.0 0.0, 0.0 0.0, 0.0 0.0, 1.1461795999094495, 0.0, 218115.9043659044, 0.0, 0.000693000693000693, 0.000693000693000693, 0, 0.23284823284823283, 0, 0.7664587664587665, 0, 0.0, 0, 4.584718399637798e-06, 1e-05, 1e-05, 0.01, 0.01, 0.01, 0.01, 1
0.033000000000000085 -0.002, 0.0 0.0, 0.0 0.0, 0.0 0.0, 1.1461795999094495, 0.0, 218115.9043659044, 0.0, 0.000693000693000693, 0.000693000693000693, 0, 0.23284823284823283, 0, 0.7664587664587665, 0, 0.0, 0, 4.584718399637798e-06, 1e-05, 1e-05, 0.01, 0.01, 0.01, 0.01, 1
0.033000000000000085 0.0, 0.0 0.0, 0.0 0.0, 0.0 0.0, 1.1461795999094495, 0.0, 218115.9043659044, 0.0, 0.000693000693000693, 0.000693000693000693, 0, 0.23284823284823283, 0, 0.7664587664587665, 0, 0.0, 0, 4.584718399637798e-06, 1e-05, 1e-05, 0.01, 0.01, 0.01, 0.01, 1
0.033000000000000085 0.002, 0.0 0.0, 0.0 0.0, 0.0 0.0, 1.1461795999094495, 0.0, 218115.9043659044, 0.0, 0.000693000693000693, 0.000693000693000693, 0, 0.23284823284823283, 0, 0.7664587664587665, 0, 0.0, 0, 4.584718399637798e-06, 1e-05, 1e-05, 0.01, 0.01, 0.01, 0.01, 1
0.033000000000000085 0.004, 0.0 0.0, 0.0 0.0, 0.0 0.0, 1.1461795999094495, 0.0, 218115.9043659044, 0.0, 0.000693000693000693, 0.000693000693000693, 0, 0.23284823284823283, 0, 0.7664587664587665, 0, 0.0, 0, 4.584718399637798e-06, 1e-05, 1e-05, 0.01, 0.01, 0.01, 0.01, 1
0.033000000000000085 0.006, 0.0 0.0, 0.0 0.0, 0.0 0.0, 1.1461795999094495, 0.0, 218115.9043659044, 0.0, 0.000693000693000693, 0.000693000693000693, 0, 0.23284823284823283, 0, 0.7664587664587665, 0, 0.0, 0, 4.584718399637798e-06, 1e-05, 1e-05, 0.01, 0.01, 0.01, 0.01, 1
0.033000000000000085 0.008, 0.0 0.0, 0.0 0.0, 0.0 0.0, 1.1461795999094495, 0.0, 218115.9043659044, 0.0, 0.000693000693000693, 0.000693000693000693, 0, 0.23284823284823283, 0, 0.7664587664587665, 0, 0.0, 0, 4.584718399637798e-06, 1e-05, 1e-05, 0.01, 0.01, 0.01, 0.01, 1
0.03500000000000009 -0.008, 0.0 0.0, 0.0 0.0, 0.0 0.0, 1.1461795999094495, 0.0, 218115.9043659044, 0.0, 0.000693000693000693, 0.000693000693000693, 0, 0.23284823284823283, 0, 0.7664587664587665, 0, 0.0, 0, 4.584718399637798e-06, 1e-05, 1e-05, 0.01, 0.01, 0.01, 0.01, 1
0.03500000000000009 -0.006, 0.0 0.0, 0.0 0.0, 0.0 0.0, 1.1461795999094495, 0.0, 218115.9043659044, 0.0, 0.000693000693000693, 0.000693000693000693, 0, 0.23284823284823283, 0, 0.7664587664587665, 0, 0.0, 0, 4.584718399637798e-06, 1e-05, 1e-05, 0.01, 0.01, 0.01, 0.01, 1
0.03500000000000009 -0.004, 0.0 0.0, 0.0 0.0, 0.0 0.0, 1.1461795999094495, 0.0, 218115.9043659044, 0.0, 0.000693000693000693, 0.000693000693000693, 0, 0.23284823284823283, 0, 0.7664587664587665, 0, 0.0, 0, 4.584718399637798e-06, 1e-05, 1e-05, 0.01, 0.01, 0.01, 0.01, 1
0.03500000000000009 -0.002, 0.0 0.0, 0.0 0.0, 0.0 0.0, 1.1461795999094495, 0.0, 218115.9043659044, 0.0, 0.000693000693000693, 0.000693000693000693, 0, 0.23284823284823283, 0, 0.7664587664587665, 0, 0.0, 0, 4.584718399637798e-06, 1e-05, 1e-05, 0.01, 0.01, 0.01, 0.01, 1
0.03500000000000009 0.0, 0.0 0.0, 0.0 0.0, 0.0 0.0, 1.1461795999094495, 0.0, 218115.9043659044, 0.0, 0.000693000693000693, 0.000693000693000693, 0, 0.23284823284823283, 0, 0.7664587664587665, 0, 0.0, 0, 4.584718399637798e-06, 1e-05, 1e-05, 0.01, 0.01, 0.01, 0.01, 1
0.03500000000000009 0.002, 0.0 0.0, 0.0 0.0, 0.0 0.0, 1.1461795999094495, 0.0, 218115.9043659044, 0.0, 0.000693000693000693, 0.000693000693000693, 0, 0.23284823284823283, 0, 0.7664587664587665, 0, 0.0, 0, 4.584718399637798e-06, 1e-05, 1e-05, 0.01, 0.01, 0.01, 0.01, 1
0.03500000000000009 0.004, 0.0 0.0, 0.0 0.0, 0.0 0.0, 1.1461795999094495, 0.0, 218115.9043659044, 0.0, 0.000693000693000693, 0.000693000693000693, 0, 0.23284823284823283, 0, 0.7664587664587665, 0, 0.0, 0, 4.584718399637798e-06, 1e-05, 1e-05, 0.01, 0.01, 0.01, 0.01, 1
0.03500000000000009 0.006, 0.0 0.0, 0.0 0.0, 0.0 0.0, 1.1461795999094495, 0.0, 218115.9043659044, 0.0, 0.000693000693000693, 0.000693000693000693, 0, 0.23284823284823283, 0, 0.7664587664587665, 0, 0.0, 0, 4.584718399637798e-06, 1e-05, 1e-05, 0.01, 0.01, 0.01, 0.01, 1
0.03500000000000009 0.008, 0.0 0.0, 0.0 0.0, 0.0 0.0, 1.1461795999094495, 0.0, 218115.9043659044, 0.0, 0.000693000693000693, 0.000693000693000693, 0, 0.23284823284823283, 0, 0.7664587664587665, 0, 0.0, 0, 4.584718399637798e-06, 1e-05, 1e-05, 0.01, 0.01, 0.01, 0.01, 1
0.03700000000000009 -0.008, 0.0 0.0, 0.0 0.0, 0.0 0.0, 1.1461795999094495, 0.0, 218115.9043659044, 0.0, 0.000693000693000693, 0.000693000693000693, 0, 0.23284823284823283, 0, 0.7664587664587665, 0, 0.0, 0, 4.584718399637798e-06, 1e-05, 1e-05, 0.01, 0.01, 0.01, 0.01, 1
0.03700000000000009 -0.006, 0.0 0.0, 0.0 0.0, 0.0 0.0, 1.1461795999094495, 0.0, 218115.9043659044, 0.0, 0.000693000693000693, 0.000693000693000693, 0, 0.23284823284823283, 0, 0.7664587664587665, 0, 0.0, 0, 4.584718399637798e-06, 1e-05, 1e-05, 0.01, 0.01, 0.01, 0.01, 1
0.03700000000000009 -0.004, 0.0 0.0, 0.0 0.0, 0.0 0.0, 1.1461795999094495, 0.0, 218115.9043659044, 0.0, 0.000693000693000693, 0.000693000693000693, 0, 0.23284823284823283, 0, 0.7664587664587665, 0, 0.0, 0, 4.584718399637798e-06, 1e-05, 1e-05, 0.01, 0.01, 0.01, 0.01, 1
0.03700000000000009 -0.002, 0.0 0.0, 0.0 0.0, 0.0 0.0, 1.1461795999094495, 0.0, 218115.9043659044, 0.0, 0.000693000693000693, 0.000693000693000693, 0, 0.23284823284823283, 0, 0.7664587664587665, 0, 0.0, 0, 4.584718399637798e-06, 1e-05, 1e-05, 0.01, 0.01, 0.01, 0.01, 1
0.03700000000000009 0.0, 0.0 0.0, 0.0 0.0, 0.0 0.0, 1.1461795999094495, 0.0, 218115.9043659044, 0.0, 0.000693000693000693, 0.000693000693000693, 0, 0.23284823284823283, 0, 0.7664587664587665, 0, 0.0, 0, 4.584718399637798e-06, 1e-05, 1e-05, 0.01, 0.01, 0.01, 0.01, 1
0.03700000000000009 0.002, 0.0 0.0, 0.0 0.0, 0.0 0.0, 1.1461795999094495, 0.0, 218115.9043659044, 0.0, 0.000693000693000693, 0.000693000693000693, 0, 0.23284823284823283, 0, 0.7664587664587665, 0, 0.0, 0, 4.584718399637798e-06, 1e-05, 1e-05, 0.01, 0.01, 0.01, 0.01, 1
0.03700000000000009 0.004, 0.0 0.0, 0.0 0.0, 0.0 0.0, 1.1461795999094495, 0.0, 218115.9043659044, 0.0, 0.000693000693000693, 0.000693000693000693, 0, 0.23284823284823283, 0, 0.7664587664587665, 0, 0.0, 0, 4.584718399637798e-06, 1e-05, 1e-05, 0.01, 0.01, 0.01, 0.01, 1
0.03700000000000009 0.006, 0.0 0.0, 0.0 0.0, 0.0 0.0, 1.1461795999094495, 0.0, 218115.9043659044, 0.0, 0.000693000693000693, 0.000693000693000693, 0, 0.23284823284823283, 0, 0.7664587664587665, 0, 0.0, 0, 4.584718399637798e-06, 1e-05, 1e-05, 0.01, 0.01, 0.01, 0.01, 1
0.03700000000000009 0.008, 0.0 0.0, 0.0 0.0, 0.0 0.0, 1.1461795999094495, 0.0, 218115.9043659044, 0.0, 0.000693000693000693, 0.000693000693000693, 0, 0.23284823284823283, 0, 0.7664587664587665, 0, 0.0, 0, 4.584718399637798e-06, 1e-05, 1e-05, 0.01, 0.01, 0.01, 0.01, 1
0.03900000000000009 -0.008, 0.0 0.0, 0.0 0.0, 0.0 0.0, 1.1461795999094495, 0.0, 218115.9043659044, 0.0, 0.000693000693000693, 0.000693000693000693, 0, 0.23284823284823283, 0, 0.7664587664587665, 0, 0.0, 0, 4.584718399637798e-06, 1e-05, 1e-05, 0.01, 0.01, 0.01, 0.01, 1
0.03900000000000009 -0.006, 0.0 0.0, 0.0 0.0, 0.0 0.0, 1.1461795999094495, 0.0, 218115.9043659044, 0.0, 0.000693000693000693, 0.000693000693000693, 0, 0.23284823284823283, 0, 0.7664587664587665, 0, 0.0, 0, 4.584718399637798e-06, 1e-05, 1e-05, 0.01, 0.01, 0.01, 0.01, 1
0.03900000000000009 -0.004, 0.0 0.0, 0.0 0.0, 0.0 0.0, 1.1461795999094495, 0.0, 218115.9043659044, 0.0, 0.000693000693000693, 0.000693000693000693, 0, 0.23284823284823283, 0, 0.7664587664587665, 0, 0.0, 0, 4.584718399637798e-06, 1e-05, 1e-05, 0.01, 0.01, 0.01, 0.01, 1
0.03900000000000009 -0.002, 0.0 0.0, 0.0 0.0, 0.0 0.0, 1.1461795999094495, 0.0, 218115.9043659044, 0.0, 0.000693000693000693, 0.000693000693000693, 0, 0.23284823284823283, 0, 0.7664587664587665, 0, 0.0, 0, 4.584718399637798e-06, 1e-05, 1e-05, 0.01, 0.01, 0.01, 0.01, 1
0.03900000000000009 0.0, 0.0 0.0, 0.0 0.0, 0.0 0.0, 1.1461795999094495, 0.0, 218115.9043659044, 0.0, 0.000693000693000693, 0.000693000693000693, 0, 0.23284823284823283, 0, 0.7664587664587665, 0, 0.0, 0, 4.584718399637798e-06, 1e-05, 1e-05, 0.01, 0.01, 0.01, 0.01, 1
0.03900000000000009 0.002, 0.0 0.0, 0.0 0.0, 0.0 0.0, 1.1461795999094495, 0.0, 218115.9043659044, 0.0, 0.000693000693000693, 0.000693000693000693, 0, 0.23284823284823283, 0, 0.7664587664587665, 0, 0.0, 0, 4.584718399637798e-06, 1e-05, 1e-05, 0.01, 0.01, 0.01, 0.01, 1
0.03900000000000009 0.004, 0.0 0.0, 0.0 0.0, 0.0 0.0, 1.1461795999094495, 0.0, 218115.9043659044, 0.0, 0.000693000693000693, 0.000693000693000693, 0, 0.23284823284823283, 0, 0.7664587664587665, 0, 0.0, 0, 4.584718399637798e-06, 1e-05, 1e-05, 0.01, 0.01, 0.01, 0.01, 1
0.03900000000000009 0.006, 0.0 0.0, 0.0 0.0, 0.0 0.0, 1.1461795999094495, 0.0, 218115.9043659044, 0.0, 0.000693000693000693, 0.000693000693000693, 0, 0.23284823284823283, 0, 0.7664587664587665, 0, 0.0, 0, 4.584718399637798e-06, 1e-05, 1e-05, 0.01, 0.01, 0.01, 0.01, 1
0.03900000000000009 0.008, 0.0 0.0, 0.0 0.0, 0.0 0.0, 1.1461795999094495, 0.0, 218115.9043659044, 0.0, 0.000693000693000693, 0.000693000693000693, 0, 0.23284823284823283, 0, 0.7664587664587665, 0, 0.0, 0, 4.584718399637798e-06, 1e-05, 1e-05, 0.01, 0.01, 0.01, 0.01, 1
0.04100000000000009 -0.008, 0.0 0.0, 0.0 0.0, 0.0 0.0, 1.1461795999094495, 0.0, 218115.9043659044, 0.0, 0.000693000693000693, 0.000693000693000693, 0, 0.23284823284823283, 0, 0.7664587664587665, 0, 0.0, 0, 4.584718399637798e-06, 1e-05, 1e-05, 0.01, 0.01, 0.01, 0.01, 1
0.04100000000000009 -0.006, 0.0 0.0, 0.0 0.0, 0.0 0.0, 1.1461795999094495, 0.0, 218115.9043659044, 0.0, 0.000693000693000693, 0.000693000693000693, 0, 0.23284823284823283, 0, 0.7664587664587665, 0, 0.0, 0, 4.584718399637798e-06, 1e-05, 1e-05, 0.01, 0.01, 0.01, 0.01, 1
0.04100000000000009 -0.004, 0.0 0.0, 0.0 0.0, 0.0 0.0, 1.1461795999094495, 0.0, 218115.9043659044, 0.0, 0.000693000693000693, 0.000693000693000693, 0, 0.23284823284823283, 0, 0.7664587664587665, 0, 0.0, 0, 4.584718399637798e-06, 1e-05, 1e-05, 0.01, 0.01, 0.01, 0.01, 1
0.04100000000000009 -0.002, 0.0 0.0, 0.0 0.0, 0.0 0.0, 1.1461795999094495, 0.0, 218115.9043659044, 0.0, 0.000693000693000693, 0.000693000693000693, 0, 0.23284823284823283, 0, 0.7664587664587665, 0, 0.0, 0, 4.584718399637798e-06, 1e-05, 1e-05, 0.01, 0.01, 0.01, 0.01, 1
0.04100000000000009 0.0, 0.0 0.0, 0.0 0.0, 0.0 0.0, 1.1461795999094495, 0.0, 218115.9043659044, 0.0, 0.000693000693000693, 0.000693000693000693, 0, 0.23284823284823283, 0, 0.7664587664587665, 0, 0.0, 0, 4.584718399637798e-06, 1e-05, 1e-05, 0.01, 0.01, 0.01, 0.01, 1
0.04100000000000009 0.002, 0.0 0.0, 0.0 0.0, 0.0 0.0, 1.1461795999094495, 0.0, 218115.9043659044, 0.0, 0.000693000693000693, 0.000693000693000693, 0, 0.23284823284823283, 0, 0.7664587664587665, 0, 0.0, 0, 4.584718399637798e-06, 1e-05, 1e-05, 0.01, 0.01, 0.01, 0.01, 1
0.04100000000000009 0.004, 0.0 0.0, 0.0 0.0, 0.0 0.0, 1.1461795999094495, 0.0, 218115.9043659044, 0.0, 0.000693000693000693, 0.000693000693000693, 0, 0.23284823284823283, 0, 0.7664587664587665, 0, 0.0, 0, 4.584718399637798e-06, 1e-05, 1e-05, 0.01, 0.01, 0.01, 0.01, 1
0.04100000000000009 0.006, 0.0 0.0, 0.0 0.0, 0.0 0.0, 1.1461795999094495, 0.0, 218115.9043659044, 0.0, 0.000693000693000693, 0.000693000693000693, 0, 0.23284823284823283, 0, 0.7664587664587665, 0, 0.0, 0, 4.584718399637798e-06, 1e-05, 1e-05, 0.01, 0.01, 0.01, 0.01, 1
0.04100000000000009 0.008, 0.0 0.0, 0.0 0.0, 0.0 0.0, 1.1461795999094495, 0.0, 218115.9043659044, 0.0, 0.000693000693000693, 0.000693000693000693, 0, 0.23284823284823283, 0, 0.7664587664587665, 0, 0.0, 0, 4.584718399637798e-06, 1e-05, 1e-05, 0.01, 0.01, 0.01, 0.01, 1
0.043000000000000094 -0.008, 0.0 0.0, 0.0 0.0, 0.0 0.0, 1.1461795999094495, 0.0, 218115.9043659044, 0.0, 0.000693000693000693, 0.000693000693000693, 0, 0.23284823284823283, 0, 0.7664587664587665, 0, 0.0, 0, 4.584718399637798e-06, 1e-05, 1e-05, 0.01, 0.01, 0.01, 0.01, 1
0.043000000000000094 -0.006, 0.0 0.0, 0.0 0.0, 0.0 0.0, 1.1461795999094495, 0.0, 218115.9043659044, 0.0, 0.000693000693000693, 0.000693000693000693, 0, 0.23284823284823283, 0, 0.7664587664587665, 0, 0.0, 0, 4.584718399637798e-06, 1e-05, 1e-05, 0.01, 0.01, 0.01, 0.01, 1
0.043000000000000094 -0.004, 0.0 0.0, 0.0 0.0, 0.0 0.0, 1.1461795999094495, 0.0, 218115.9043659044, 0.0, 0.000693000693000693, 0.000693000693000693, 0, 0.23284823284823283, 0, 0.7664587664587665, 0, 0.0, 0, 4.584718399637798e-06, 1e-05, 1e-05, 0.01, 0.01, 0.01, 0.01, 1
0.043000000000000094 -0.002, 0.0 0.0, 0.0 0.0, 0.0 0.0, 1.1461795999094495, 0.0, 218115.9043659044, 0.0, 0.000693000693000693, 0.000693000693000693, 0, 0.23284823284823283, 0, 0.7664587664587665, 0, 0.0, 0, 4.584718399637798e-06, 1e-05, 1e-05, 0.01, 0.01, 0.01, 0.01, 1
0.043000000000000094 0.0, 0.0 0.0, 0.0 0.0, 0.0 0.0, 1.1461795999094495, 0.0, 218115.9043659044, 0.0, 0.000693000693000693, 0.000693000693000693, 0, 0.23284823284823283, 0, 0.7664587664587665, 0, 0.0, 0, 4.584718399637798e-06, 1e-05, 1e-05, 0.01, 0.01, 0.01, 0.01, 1
0.043000000000000094 0.002, 0.0 0.0, 0.0 0.0, 0.0 0.0, 1.1461795999094495, 0.0, 218115.9043659044, 0.0, 0.000693000693000693, 0.000693000693000693, 0, 0.23284823284823283, 0, 0.7664587664587665, 0, 0.0, 0, 4.584718399637798e-06, 1e-05, 1e-05, 0.01, 0.01, 0.01, 0.01, 1
0.043000000000000094 0.004, 0.0 0.0, 0.0 0.0, 0.0 0.0, 1.1461795999094495, 0.0, 218115.9043659044, 0.0, 0.000693000693000693, 0.000693000693000693, 0, 0.23284823284823283, 0, 0.7664587664587665, 0, 0.0, 0, 4.584718399637798e-06, 1e-05, 1e-05, 0.01, 0.01, 0.01, 0.01, 1
0.043000000000000094 0.006, 0.0 0.0, 0.0 0.0, 0.0 0.0, 1.1461795999094495, 0.0, 218115.9043659044, 0.0, 0.000693000693000693, 0.000693000693000693, 0, 0.23284823284823283, 0, 0.7664587664587665, 0, 0.0, 0, 4.584718399637798e-06, 1e-05, 1e-05, 0.01, 0.01, 0.01, 0.01, 1
0.043000000000000094 0.008, 0.0 0.0, 0.0 0.0, 0.0 0.0, 1.1461795999094495, 0.0, 218115.9043659044, 0.0, 0.000693000693000693, 0.000693000693000693, 0, 0.23284823284823283, 0, 0.7664587664587665, 0, 0.0, 0, 4.584718399637798e-06, 1e-05, 1e-05, 0.01, 0.01, 0.01, 0.01, 1
0.045000000000000095 -0.008, 0.0 0.0, 0.0 0.0, 0.0 0.0, 1.1461795999094495, 0.0, 218115.9043659044, 0.0, 0.000693000693000693, 0.000693000693000693, 0, 0.23284823284823283, 0, 0.7664587664587665, 0, 0.0, 0, 4.584718399637798e-06, 1e-05, 1e-05, 0.01, 0.01, 0.01, 0.01, 1
0.045000000000000095 -0.006, 0.0 0.0, 0.0 0.0, 0.0 0.0, 1.1461795999094495, 0.0, 218115.9043659044, 0.0, 0.000693000693000693, 0.000693000693000693, 0, 0.23284823284823283, 0, 0.7664587664587665, 0, 0.0, 0, 4.584718399637798e-06, 1e-05, 1e-05, 0.01, 0.01, 0.01, 0.01, 1
0.045000000000000095 -0.004, 0.0 0.0, 0.0 0.0, 0.0 0.0, 1.1461795999094495, 0.0, 218115.9043659044, 0.0, 0.000693000693000693, 0.000693000693000693, 0, 0.23284823284823283, 0, 0.7664587664587665, 0, 0.0, 0, 4.584718399637798e-06, 1e-05, 1e-05, 0.01, 0.01, 0.01, 0.01, 1
0.045000000000000095 -0.002, 0.0 0.0, 0.0 0.0, 0.0 0.0, 1.1461795999094495, 0.0, 218115.9043659044, 0.0, 0.000693000693000693, 0.000693000693000693, 0, 0.23284823284823283, 0, 0.7664587664587665, 0, 0.0, 0, 4.584718399637798e-06, 1e-05, 1e-05, 0.01, 0.01, 0.01, 0.01, 1
0.045000000000000095 0.0, 0.0 0.0, 0.0 0.0, 0.0 0.0, 1.1461795999094495, 0.0, 218115.9043659044, 0.0, 0.000693000693000693, 0.000693000693000693, 0, 0.23284823284823283, 0, 0.7664587664587665, 0, 0.0, 0, 4.584718399637798e-06, 1e-05, 1e-05, 0.01, 0.01, 0.01, 0.01, 1
0.045000000000000095 0.002, 0.0 0.0, 0.0 0.0, 0.0 0.0, 1.1461795999094495, 0.0, 218115.9043659044, 0.0, 0.000693000693000693, 0.000693000693000693, 0, 0.23284823284823283, 0, 0.7664587664587665, 0, 0.0, 0, 4.584718399637798e-06, 1e-05, 1e-05, 0.01, 0.01, 0.01, 0.01, 1
0.045000000000000095 0.004, 0.0 0.0, 0.0 0.0, 0.0 0.0, 1.1461795999094495, 0.0, 218115.9043659044, 0.0, 0.000693000693000693, 0.000693000693000693, 0, 0.23284823284823283, 0, 0.7664587664587665, 0, 0.0, 0, 4.584718399637798e-06, 1e-05, 1e-05, 0.01, 0.01, 0.01, 0.01, 1
0.045000000000000095 0.006, 0.0 0.0, 0.0 0.0, 0.0 0.0, 1.1461795999094495, 0.0, 218115.9043659044, 0.0, 0.000693000693000693, 0.000693000693000693, 0, 0.23284823284823283, 0, 0.7664587664587665, 0, 0.0, 0, 4.584718399637798e-06, 1e-05, 1e-05, 0.01, 0.01, 0.01, 0.01, 1
0.045000000000000095 0.008, 0.0 0.0, 0.0 0.0, 0.0 0.0, 1.1461795999094495, 0.0, 218115.9043659044, 0.0, 0.000693000693000693, 0.000693000693000693, 0, 0.23284823284823283, 0, 0.7664587664587665, 0, 0.0, 0, 4.584718399637798e-06, 1e-05, 1e-05, 0.01, 0.01, 0.01, 0.01, 1
0.0470000000000001 -0.008, 0.0 0.0, 0.0 0.0, 0.0 0.0, 1.1461795999094495, 0.0, 218115.9043659044, 0.0, 0.000693000693000693, 0.000693000693000693, 0, 0.23284823284823283, 0, 0.7664587664587665, 0, 0.0, 0, 4.584718399637798e-06, 1e-05, 1e-05, 0.01, 0.01, 0.01, 0.01, 1
0.0470000000000001 -0.006, 0.0 0.0, 0.0 0.0, 0.0 0.0, 1.1461795999094495, 0.0, 218115.9043659044, 0.0, 0.000693000693000693, 0.000693000693000693, 0, 0.23284823284823283, 0, 0.7664587664587665, 0, 0.0, 0, 4.584718399637798e-06, 1e-05, 1e-05, 0.01, 0.01, 0.01, 0.01, 1
0.0470000000000001 -0.004, 0.0 0.0, 0.0 0.0, 0.0 0.0, 1.1461795999094495, 0.0, 218115.9043659044, 0.0, 0.000693000693000693, 0.000693000693000693, 0, 0.23284823284823283, 0, 0.7664587664587665, 0, 0.0, 0, 4.584718399637798e-06, 1e-05, 1e-05, 0.01, 0.01, 0.01, 0.01, 1
0.0470000000000001 -0.002, 0.0 0.0, 0.0 0.0, 0.0 0.0, 1.1461795999094495, 0.0, 218115.9043659044, 0.0, 0.000693000693000693, 0.000693000693000693, 0, 0.23284823284823283, 0, 0.7664587664587665, 0, 0.0, 0, 4.584718399637798e-06, 1e-05, 1e-05, 0.01, 0.01, 0.01, 0.01, 1
0.0470000000000001 0.0, 0.0 0.0, 0.0 0.0, 0.0 0.0, 1.1461795999094495, 0.0, 218115.9043659044, 0.0, 0.000693000693000693, 0.000693000693000693, 0, 0.23284823284823283, 0, 0.7664587664587665, 0, 0.0, 0, 4.584718399637798e-06, 1e-05, 1e-05, 0.01, 0.01, 0.01, 0.01, 1
0.0470000000000001 0.002, 0.0 0.0, 0.0 0.0, 0.0 0.0, 1.1461795999094495, 0.0, 218115.9043659044, 0.0, 0.000693000693000693, 0.000693000693000693, 0, 0.23284823284823283, 0, 0.7664587664587665, 0, 0.0, 0, 4.584718399637798e-06, 1e-05, 1e-05, 0.01, 0.01, 0.01, 0.01, 1
0.0470000000000001 0.004, 0.0 0.0, 0.0 0.0, 0.0 0.0, 1.1461795999094495, 0.0, 218115.9043659044, 0.0, 0.000693000693000693, 0.000693000693000693, 0, 0.23284823284823283, 0, 0.7664587664587665, 0, 0.0, 0, 4.584718399637798e-06, 1e-05, 1e-05, 0.01, 0.01, 0.01, 0.01, 1
0.0470000000000001 0.006, 0.0 0.0, 0.0 0.0, 0.0 0.0, 1.1461795999094495, 0.0, 218115.9043659044, 0.0, 0.000693000693000693, 0.000693000693000693, 0, 0.23284823284823283, 0, 0.7664587664587665, 0, 0.0, 0, 4.584718399637798e-06, 1e-05, 1e-05, 0.01, 0.01, 0.01, 0.01, 1
0.0470000000000001 0.008, 0.0 0.0, 0.0 0.0, 0.0 0.0, 1.1461795999094495, 0.0, 218115.9043659044, 0.0, 0.000693000693000693, 0.000693000693000693, 0, 0.23284823284823283, 0, 0.7664587664587665, 0, 0.0, 0, 4.584718399637798e-06, 1e-05, 1e-05, 0.01, 0.01, 0.01, 0.01, 1
0.0490000000000001 -0.008, 0.0 0.0, 0.0 0.0, 0.0 0.0, 1.1461795999094495, 0.0, 218115.9043659044, 0.0, 0.000693000693000693, 0.000693000693000693, 0, 0.23284823284823283, 0, 0.7664587664587665, 0, 0.0, 0, 4.584718399637798e-06, 1e-05, 1e-05, 0.01, 0.01, 0.01, 0.01, 1
0.0490000000000001 -0.006, 0.0 0.0, 0.0 0.0, 0.0 0.0, 1.1461795999094495, 0.0, 218115.9043659044, 0.0, 0.000693000693000693, 0.000693000693000693, 0, 0.23284823284823283, 0, 0.7664587664587665, 0, 0.0, 0, 4.584718399637798e-06, 1e-05, 1e-05, 0.01, 0.01, 0.01, 0.01, 1
0.0490000000000001 -0.004, 0.0 0.0, 0.0 0.0, 0.0 0.0, 1.1461795999094495, 0.0, 218115.9043659044, 0.0, 0.000693000693000693, 0.000693000693000693, 0, 0.23284823284823283, 0, 0.7664587664587665, 0, 0.0, 0, 4.584718399637798e-06, 1e-05, 1e-05, 0.01, 0.01, 0.01, 0.01, 1
0.0490000000000001 -0.002, 0.0 0.0, 0.0 0.0, 0.0 0.0, 1.1461795999094495, 0.0, 218115.9043659044, 0.0, 0.000693000693000693, 0.000693000693000693, 0, 0.23284823284823283, 0, 0.7664587664587665, 0, 0.0, 0, 4.584718399637798e-06, 1e-05, 1e-05, 0.01, 0.01, 0.01, 0.01, 1
0.0490000000000001 0.0, 0.0 0.0, 0.0 0.0, 0.0 0.0, 1.1461795999094495, 0.0, 218115.9043659044, 0.0, 0.000693000693000693, 0.000693000693000693, 0, 0.23284823284823283, 0, 0.7664587664587665, 0, 0.0, 0, 4.584718399637798e-06, 1e-05, 1e-05, 0.01, 0.01, 0.01, 0.01, 1
0.0490000000000001 0.002, 0.0 0.0, 0.0 0.0, 0.0 0.0, 1.1461795999094495, 0.0, 218115.9043659044, 0.0, 0.000693000693000693, 0.000693000693000693, 0, 0.23284823284823283, 0, 0.7664587664587665, 0, 0.0, 0, 4.584718399637798e-06, 1e-05, 1e-05, 0.01, 0.01, 0.01, 0.01, 1
0.0490000000000001 0.004, 0.0 0.0, 0.0 0.0, 0.0 0.0, 1.1461795999094495, 0.0, 218115.9043659044, 0.0, 0.000693000693000693, 0.000693000693000693, 0, 0.23284823284823283, 0, 0.7664587664587665, 0, 0.0, 0, 4.584718399637798e-06, 1e-05, 1e-05, 0.01, 0.01, 0.01, 0.01, 1
0.0490000000000001 0.006, 0.0 0.0, 0.0 0.0, 0.0 0.0, 1.1461795999094495, 0.0, 218115.9043659044, 0.0, 0.000693000693000693, 0.000693000693000693, 0, 0.23284823284823283, 0, 0.7664587664587665, 0, 0.0, 0, 4.584718399637798e-06, 1e-05, 1e-05, 0.01, 0.01, 0.01, 0.01, 1
0.0490000000000001 0.008, 0.0 0.0, 0.0 0.0, 0.0 0.0, 1.1461795999094495, 0.0, 218115.9043659044, 0.0, 0.000693000693000693, 0.000693000693000693, 0, 0.23284823284823283, 0, 0.7664587664587665, 0, 0.0, 0, 4.584718399637798e-06, 1e-05, 1e-05, 0.01, 0.01, 0.01, 0.01, 1
0.0510000000000001 -0.008, 0.0 0.0, 0.0 0.0, 0.0 0.0, 1.1461795999094495, 0.0, 218115.9043659044, 0.0, 0.000693000693000693, 0.000693000693000693, 0, 0.23284823284823283, 0, 0.7664587664587665, 0, 0.0, 0, 4.584718399637798e-06, 1e-05, 1e-05, 0.01, 0.01, 0.01, 0.01, 1
0.0510000000000001 -0.006, 0.0 0.0, 0.0 0.0, 0.0 0.0, 1.1461795999094495, 0.0, 218115.9043659044, 0.0, 0.000693000693000693, 0.000693000693000693, 0, 0.23284823284823283, 0, 0.7664587664587665, 0, 0.0, 0, 4.584718399637798e-06, 1e-05, 1e-05, 0.01, 0.01, 0.01, 0.01, 1
0.0510000000000001 -0.004, 0.0 0.0, 0.0 0.0, 0.0 0.0, 1.1461795999094495, 0.0, 218115.9043659044, 0.0, 0.000693000693000693, 0.000693000693000693, 0, 0.23284823284823283, 0, 0.7664587664587665, 0, 0.0, 0, 4.584718399637798e-06, 1e-05, 1e-05, 0.01, 0.01, 0.01, 0.01, 1
0.0510000000000001 -0.002, 0.0 0.0, 0.0 0.0, 0.0 0.0, 1.1461795999094495, 0.0, 218115.9043659044, 0.0, 0.000693000693000693, 0.000693000693000693, 0, 0.23284823284823283, 0, 0.7664587664587665, 0, 0.0, 0, 4.584718399637798e-06, 1e-05, 1e-05, 0.01, 0.01, 0.01, 0.01, 1
0.0510000000000001 0.0, 0.0 0.0, 0.0 0.0, 0.0 0.0, 1.1461795999094495, 0.0, 218115.9043659044, 0.0, 0.000693000693000693, 0.000693000693000693, 0, 0.23284823284823283, 0, 0.7664587664587665, 0, 0.0, 0, 4.584718399637798e-06, 1e-05, 1e-05, 0.01, 0.01, 0.01, 0.01, 1
0.0510000000000001 0.002, 0.0 0.0, 0.0 0.0, 0.0 0.0, 1.1461795999094495, 0.0, 218115.9043659044, 0.0, 0.000693000693000693, 0.000693000693000693, 0, 0.23284823284823283, 0, 0.7664587664587665, 0, 0.0, 0, 4.584718399637798e-06, 1e-05, 1e-05, 0.01, 0.01, 0.01, 0.01, 1
0.0510000000000001 0.004, 0.0 0.0, 0.0 0.0, 0.0 0.0, 1.1461795999094495, 0.0, 218115.9043659044, 0.0, 0.000693000693000693, 0.000693000693000693, 0, 0.23284823284823283, 0, 0.7664587664587665, 0, 0.0, 0, 4.584718399637798e-06, 1e-05, 1e-05, 0.01, 0.01, 0.01, 0.01, 1
0.0510000000000001 0.006, 0.0 0.0, 0.0 0.0, 0.0 0.0, 1.1461795999094495, 0.0, 218115.9043659044, 0.0, 0.000693000693000693, 0.000693000693000693, 0, 0.23284823284823283, 0, 0.7664587664587665, 0, 0.0, 0, 4.584718399637798e-06, 1e-05, 1e-05, 0.01, 0.01, 0.01, 0.01, 1
0.0510000000000001 0.008, 0.0 0.0, 0.0 0.0, 0.0 0.0, 1.1461795999094495, 0.0, 218115.9043659044, 0.0, 0.000693000693000693, 0.000693000693000693, 0, 0.23284823284823283, 0, 0.7664587664587665, 0, 0.0, 0, 4.584718399637798e-06, 1e-05, 1e-05, 0.01, 0.01, 0.01, 0.01, 1
0.0530000000000001 -0.008, 0.0 0.0, 0.0 0.0, 0.0 0.0, 1.1461795999094495, 0.0, 218115.9043659044, 0.0, 0.000693000693000693, 0.000693000693000693, 0, 0.23284823284823283, 0, 0.7664587664587665, 0, 0.0, 0, 4.584718399637798e-06, 1e-05, 1e-05, 0.01, 0.01, 0.01, 0.01, 1
0.0530000000000001 -0.006, 0.0 0.0, 0.0 0.0, 0.0 0.0, 1.1461795999094495, 0.0, 218115.9043659044, 0.0, 0.000693000693000693, 0.000693000693000693, 0, 0.23284823284823283, 0, 0.7664587664587665, 0, 0.0, 0, 4.584718399637798e-06, 1e-05, 1e-05, 0.01, 0.01, 0.01, 0.01, 1
0.0530000000000001 -0.004, 0.0 0.0, 0.0 0.0, 0.0 0.0, 1.1461795999094495, 0.0, 218115.9043659044, 0.0, 0.000693000693000693, 0.000693000693000693, 0, 0.23284823284823283, 0, 0.7664587664587665, 0, 0.0, 0, 4.584718399637798e-06, 1e-05, 1e-05, 0.01, 0.01, 0.01, 0.01, 1
0.0530000000000001 -0.002, 0.0 0.0, 0.0 0.0, 0.0 0.0, 1.1461795999094495, 0.0, 218115.9043659044, 0.0, 0.000693000693000693, 0.000693000693000693, 0, 0.23284823284823283, 0, 0.7664587664587665, 0, 0.0, 0, 4.584718399637798e-06, 1e-05, 1e-05, 0.01, 0.01, 0.01, 0.01, 1
0.0530000000000001 0.0, 0.0 0.0, 0.0 0.0, 0.0 0.0, 1.1461795999094495, 0.0, 218115.9043659044, 0.0, 0.000693000693000693, 0.000693000693000693, 0, 0.23284823284823283, 0, 0.7664587664587665, 0, 0.0, 0, 4.584718399637798e-06, 1e-05, 1e-05, 0.01, 0.01, 0.01, 0.01, 1
0.0530000000000001 0.002, 0.0 0.0, 0.0 0.0, 0.0 0.0, 1.1461795999094495, 0.0, 218115.9043659044, 0.0, 0.000693000693000693, 0.000693000693000693, 0, 0.23284823284823283, 0, 0.7664587664587665, 0, 0.0, 0, 4.584718399637798e-06, 1e-05, 1e-05, 0.01, 0.01, 0.01, 0.01, 1
0.0530000000000001 0.004, 0.0 0.0, 0.0 0.0, 0.0 0.0, 1.1461795999094495, 0.0, 218115.9043659044, 0.0, 0.000693000693000693, 0.000693000693000693, 0, 0.23284823284823283, 0, 0.7664587664587665, 0, 0.0, 0, 4.584718399637798e-06, 1e-05, 1e-05, 0.01, 0.01, 0.01, 0.01, 1
0.0530000000000001 0.006, 0.0 0.0, 0.0 0.0, 0.0 0.0, 1.1461795999094495, 0.0, 218115.9043659044, 0.0, 0.000693000693000693, 0.000693000693000693, 0, 0.23284823284823283, 0, 0.7664587664587665, 0, 0.0, 0, 4.584718399637798e-06, 1e-05, 1e-05, 0.01, 0.01, 0.01, 0.01, 1
0.0530000000000001 0.008, 0.0 0.0, 0.0 0.0, 0.0 0.0, 1.1461795999094495, 0.0, 218115.9043659044, 0.0, 0.000693000693000693, 0.000693000693000693, 0, 0.23284823284823283, 0, 0.7664587664587665, 0, 0.0, 0, 4.584718399637798e-06, 1e-05, 1e-05, 0.01, 0.01, 0.01, 0.01, 1
0.055000000000000104 -0.008, 0.0 0.0, 0.0 0.0, 0.0 0.0, 1.1461795999094495, 0.0, 218115.9043659044, 0.0, 0.000693000693000693, 0.000693000693000693, 0, 0.23284823284823283, 0, 0.7664587664587665, 0, 0.0, 0, 4.584718399637798e-06, 1e-05, 1e-05, 0.01, 0.01, 0.01, 0.01, 1
0.055000000000000104 -0.006, 0.0 0.0, 0.0 0.0, 0.0 0.0, 1.1461795999094495, 0.0, 218115.9043659044, 0.0, 0.000693000693000693, 0.000693000693000693, 0, 0.23284823284823283, 0, 0.7664587664587665, 0, 0.0, 0, 4.584718399637798e-06, 1e-05, 1e-05, 0.01, 0.01, 0.01, 0.01, 1
0.055000000000000104 -0.004, 0.0 0.0, 0.0 0.0, 0.0 0.0, 1.1461795999094495, 0.0, 218115.9043659044, 0.0, 0.000693000693000693, 0.000693000693000693, 0, 0.23284823284823283, 0, 0.7664587664587665, 0, 0.0, 0, 4.584718399637798e-06, 1e-05, 1e-05, 0.01, 0.01, 0.01, 0.01, 1
0.055000000000000104 -0.002, 0.0 0.0, 0.0 0.0, 0.0 0.0, 1.1461795999094495, 0.0, 218115.9043659044, 0.0, 0.000693000693000693, 0.000693000693000693, 0, 0.23284823284823283, 0, 0.7664587664587665, 0, 0.0, 0, 4.584718399637798e-06, 1e-05, 1e-05, 0.01, 0.01, 0.01, 0.01, 1
0.055000000000000104 0.0, 0.0 0.0, 0.0 0.0, 0.0 0.0, 1.1461795999094495, 0.0, 218115.9043659044, 0.0, 0.000693000693000693, 0.000693000693000693, 0, 0.23284823284823283, 0, 0.7664587664587665, 0, 0.0, 0, 4.584718399637798e-06, 1e-05, 1e-05, 0.01, 0.01, 0.01, 0.01, 1
0.055000000000000104 0.002, 0.0 0.0, 0.0 0.0, 0.0 0.0, 1.1461795999094495, 0.0, 218115.9043659044, 0.0, 0.000693000693000693, 0.000693000693000693, 0, 0.23284823284823283, 0, 0.7664587664587665, 0, 0.0, 0, 4.584718399637798e-06, 1e-05, 1e-05, 0.01, 0.01, 0.01, 0.01, 1
0.055000000000000104 0.004, 0.0 0.0, 0.0 0.0, 0.0 0.0, 1.1461795999094495, 0.0, 218115.9043659044, 0.0, 0.000693000693000693, 0.000693000693000693, 0, 0.23284823284823283, 0, 0.7664587664587665, 0, 0.0, 0, 4.584718399637798e-06, 1e-05, 1e-05, 0.01, 0.01, 0.01, 0.01, 1
0.055000000000000104 0.006, 0.0 0.0, 0.0 0.0, 0.0 0.0, 1.1461795999094495, 0.0, 218115.9043659044, 0.0, 0.000693000693000693, 0.000693000693000693, 0, 0.23284823284823283, 0, 0.7664587664587665, 0, 0.0, 0, 4.584718399637798e-06, 1e-05, 1e-05, 0.01, 0.01, 0.01, 0.01, 1
0.055000000000000104 0.008, 0.0 0.0, 0.0 0.0, 0.0 0.0, 1.1461795999094495, 0.0, 218115.9043659044, 0.0, 0.000693000693000693, 0.000693000693000693, 0, 0.23284823284823283, 0, 0.7664587664587665, 0, 0.0, 0, 4.584718399637798e-06, 1e-05, 1e-05, 0.01, 0.01, 0.01, 0.01, 1
0.057000000000000106 -0.008, 0.0 0.0, 0.0 0.0, 0.0 0.0, 1.1461795999094495, 0.0, 218115.9043659044, 0.0, 0.000693000693000693, 0.000693000693000693, 0, 0.23284823284823283, 0, 0.7664587664587665, 0, 0.0, 0, 4.584718399637798e-06, 1e-05, 1e-05, 0.01, 0.01, 0.01, 0.01, 1
0.057000000000000106 -0.006, 0.0 0.0, 0.0 0.0, 0.0 0.0, 1.1461795999094495, 0.0, 218115.9043659044, 0.0, 0.000693000693000693, 0.000693000693000693, 0, 0.23284823284823283, 0, 0.7664587664587665, 0, 0.0, 0, 4.584718399637798e-06, 1e-05, 1e-05, 0.01, 0.01, 0.01, 0.01, 1
0.057000000000000106 -0.004, 0.0 0.0, 0.0 0.0, 0.0 0.0, 1.1461795999094495, 0.0, 218115.9043659044, 0.0, 0.000693000693000693, 0.000693000693000693, 0, 0.23284823284823283, 0, 0.7664587664587665, 0, 0.0, 0, 4.584718399637798e-06, 1e-05, 1e-05, 0.01, 0.01, 0.01, 0.01, 1
0.057000000000000106 -0.002, 0.0 0.0, 0.0 0.0, 0.0 0.0, 1.1461795999094495, 0.0, 218115.9043659044, 0.0, 0.000693000693000693, 0.000693000693000693, 0, 0.23284823284823283, 0, 0.7664587664587665, 0, 0.0, 0, 4.584718399637798e-06, 1e-05, 1e-05, 0.01, 0.01, 0.01, 0.01, 1
0.057000000000000106 0.0, 0.0 0.0, 0.0 0.0, 0.0 0.0, 1.1461795999094495, 0.0, 218115.9043659044, 0.0, 0.000693000693000693, 0.000693000693000693, 0, 0.23284823284823283, 0, 0.7664587664587665, 0, 0.0, 0, 4.584718399637798e-06, 1e-05, 1e-05, 0.01, 0.01, 0.01, 0.01, 1
0.057000000000000106 0.002, 0.0 0.0, 0.0 0.0, 0.0 0.0, 1.1461795999094495, 0.0, 218115.9043659044, 0.0, 0.000693000693000693, 0.000693000693000693, 0, 0.23284823284823283, 0, 0.7664587664587665, 0, 0.0, 0, 4.584718399637798e-06, 1e-05, 1e-05, 0.01, 0.01, 0.01, 0.01, 1
0.057000000000000106 0.004, 0.0 0.0, 0.0 0.0, 0.0 0.0, 1.1461795999094495, 0.0, 218115.9043659044, 0.0, 0.000693000693000693, 0.000693000693000693, 0, 0.23284823284823283, 0, 0.7664587664587665, 0, 0.0, 0, 4.584718399637798e-06, 1e-05, 1e-05, 0.01, 0.01, 0.01, 0.01, 1
0.057000000000000106 0.006, 0.0 0.0, 0.0 0.0, 0.0 0.0, 1.1461795999094495, 0.0, 218115.9043659044, 0.0, 0.000693000693000693, 0.000693000693000693, 0, 0.23284823284823283, 0, 0.7664587664587665, 0, 0.0, 0, 4.584718399637798e-06, 1e-05, 1e-05, 0.01, 0.01, 0.01, 0.01, 1
0.057000000000000106 0.008, 0.0 0.0, 0.0 0.0, 0.0 0.0, 1.1461795999094495, 0.0, 218115.9043659044, 0.0, 0.000693000693000693, 0.000693000693000693, 0, 0.23284823284823283, 0, 0.7664587664587665, 0, 0.0, 0, 4.584718399637798e-06, 1e-05, 1e-05, 0.01, 0.01, 0.01, 0.01, 1
0.05900000000000011 -0.008, 0.0 0.0, 0.0 0.0, 0.0 0.0, 1.1461795999094495, 0.0, 218115.9043659044, 0.0, 0.000693000693000693, 0.000693000693000693, 0, 0.23284823284823283, 0, 0.7664587664587665, 0, 0.0, 0, 4.584718399637798e-06, 1e-05, 1e-05, 0.01, 0.01, 0.01, 0.01, 1
0.05900000000000011 -0.006, 0.0 0.0, 0.0 0.0, 0.0 0.0, 1.1461795999094495, 0.0, 218115.9043659044, 0.0, 0.000693000693000693, 0.000693000693000693, 0, 0.23284823284823283, 0, 0.7664587664587665, 0, 0.0, 0, 4.584718399637798e-06, 1e-05, 1e-05, 0.01, 0.01, 0.01, 0.01, 1
0.05900000000000011 -0.004, 0.0 0.0, 0.0 0.0, 0.0 0.0, 1.1461795999094495, 0.0, 218115.9043659044, 0.0, 0.000693000693000693, 0.000693000693000693, 0, 0.23284823284823283, 0, 0.7664587664587665, 0, 0.0, 0, 4.584718399637798e-06, 1e-05, 1e-05, 0.01, 0.01, 0.01, 0.01, 1
0.05900000000000011 -0.002, 0.0 0.0, 0.0 0.0, 0.0 0.0, 1.1461795999094495, 0.0, 218115.9043659044, 0.0, 0.000693000693000693, 0.000693000693000693, 0, 0.23284823284823283, 0, 0.7664587664587665, 0, 0.0, 0, 4.584718399637798e-06, 1e-05, 1e-05, 0.01, 0.01, 0.01, 0.01, 1
0.05900000000000011 0.0, 0.0 0.0, 0.0 0.0, 0.0 0.0, 1.1461795999094495, 0.0, 218115.9043659044, 0.0, 0.000693000693000693, 0.000693000693000693, 0, 0.23284823284823283, 0, 0.7664587664587665, 0, 0.0, 0, 4.584718399637798e-06, 1e-05, 1e-05, 0.01, 0.01, 0.01, 0.01, 1
0.05900000000000011 0.002, 0.0 0.0, 0.0 0.0, 0.0 0.0, 1.1461795999094495, 0.0, 218115.9043659044, 0.0, 0.000693000693000693, 0.000693000693000693, 0, 0.23284823284823283, 0, 0.7664587664587665, 0, 0.0, 0, 4.584718399637798e-06, 1e-05, 1e-05, 0.01, 0.01, 0.01, 0.01, 1
0.05900000000000011 0.004, 0.0 0.0, 0.0 0.0, 0.0 0.0, 1.1461795999094495, 0.0, 218115.9043659044, 0.0, 0.000693000693000693, 0.000693000693000693, 0, 0.23284823284823283, 0, 0.7664587664587665, 0, 0.0, 0, 4.584718399637798e-06, 1e-05, 1e-05, 0.01, 0.01, 0.01, 0.01, 1
0.05900000000000011 0.006, 0.0 0.0, 0.0 0.0, 0.0 0.0, 1.1461795999094495, 0.0, 218115.9043659044, 0.0, 0.000693000693000693, 0.000693000693000693, 0, 0.23284823284823283, 0, 0.7664587664587665, 0, 0.0, 0, 4.584718399637798e-06, 1e-05, 1e-05, 0.01, 0.01, 0.01, 0.01, 1
0.05900000000000011 0.008, 0.0 0.0, 0.0 0.0, 0.0 0.0, 1.1461795999094495, 0.0, 218115.9043659044, 0.0, 0.000693000693000693, 0.000693000693000693, 0, 0.23284823284823283, 0, 0.7664587664587665, 0, 0.0, 0, 4.584718399637798e-06, 1e-05, 1e-05, 0.01, 0.01, 0.01, 0.01, 1
0.06100000000000011 -0.008, 0.0 0.0, 0.0 0.0, 0.0 0.0, 1.1461795999094495, 0.0, 218115.9043659044, 0.0, 0.000693000693000693, 0.000693000693000693, 0, 0.23284823284823283, 0, 0.7664587664587665, 0, 0.0, 0, 4.584718399637798e-06, 1e-05, 1e-05, 0.01, 0.01, 0.01, 0.01, 1
0.06100000000000011 -0.006, 0.0 0.0, 0.0 0.0, 0.0 0.0, 1.1461795999094495, 0.0, 218115.9043659044, 0.0, 0.000693000693000693, 0.000693000693000693, 0, 0.23284823284823283, 0, 0.7664587664587665, 0, 0.0, 0, 4.584718399637798e-06, 1e-05, 1e-05, 0.01, 0.01, 0.01, 0.01, 1
0.06100000000000011 -0.004, 0.0 0.0, 0.0 0.0, 0.0 0.0, 1.1461795999094495, 0.0, 218115.9043659044, 0.0, 0.000693000693000693, 0.000693000693000693, 0, 0.23284823284823283, 0, 0.7664587664587665, 0, 0.0, 0, 4.584718399637798e-06, 1e-05, 1e-05, 0.01, 0.01, 0.01, 0.01, 1
0.06100000000000011 -0.002, 0.0 0.0, 0.0 0.0, 0.0 0.0, 1.1461795999094495, 0.0, 218115.9043659044, 0.0, 0.000693000693000693, 0.000693000693000693, 0, 0.23284823284823283, 0, 0.7664587664587665, 0, 0.0, 0, 4.584718399637798e-06, 1e-05, 1e-05, 0.01, 0.01, 0.01, 0.01, 1
0.06100000000000011 0.0, 0.0 0.0, 0.0 0.0, 0.0 0.0, 1.1461795999094495, 0.0, 218115.9043659044, 0.0, 0.000693000693000693, 0.000693000693000693, 0, 0.23284823284823283, 0, 0.7664587664587665, 0, 0.0, 0, 4.584718399637798e-06, 1e-05, 1e-05, 0.01, 0.01, 0.01, 0.01, 1
0.06100000000000011 0.002, 0.0 0.0, 0.0 0.0, 0.0 0.0, 1.1461795999094495, 0.0, 218115.9043659044, 0.0, 0.000693000693000693, 0.000693000693000693, 0, 0.23284823284823283, 0, 0.7664587664587665, 0, 0.0, 0, 4.584718399637798e-06, 1e-05, 1e-05, 0.01, 0.01, 0.01, 0.01, 1
0.06100000000000011 0.004, 0.0 0.0, 0.0 0.0, 0.0 0.0, 1.1461795999094495, 0.0, 218115.9043659044, 0.0, 0.000693000693000693, 0.000693000693000693, 0, 0.23284823284823283, 0, 0.7664587664587665, 0, 0.0, 0, 4.584718399637798e-06, 1e-05, 1e-05, 0.01, 0.01, 0.01, 0.01, 1
0.06100000000000011 0.006, 0.0 0.0, 0.0 0.0, 0.0 0.0, 1.1461795999094495, 0.0, 218115.9043659044, 0.0, 0.000693000693000693, 0.000693000693000693, 0, 0.23284823284823283, 0, 0.7664587664587665, 0, 0.0, 0, 4.584718399637798e-06, 1e-05, 1e-05, 0.01, 0.01, 0.01, 0.01, 1
0.06100000000000011 0.008, 0.0 0.0, 0.0 0.0, 0.0 0.0, 1.1461795999094495, 0.0, 218115.9043659044, 0.0, 0.000693000693000693, 0.000693000693000693, 0, 0.23284823284823283, 0, 0.7664587664587665, 0, 0.0, 0, 4.584718399637798e-06, 1e-05, 1e-05, 0.01, 0.01, 0.01, 0.01, 1
0.06300000000000011 -0.008, 0.0 0.0, 0.0 0.0, 0.0 0.0, 1.1461795999094495, 0.0, 218115.9043659044, 0.0, 0.000693000693000693, 0.000693000693000693, 0, 0.23284823284823283, 0, 0.7664587664587665, 0, 0.0, 0, 4.584718399637798e-06, 1e-05, 1e-05, 0.01, 0.01, 0.01, 0.01, 1
0.06300000000000011 -0.006, 0.0 0.0, 0.0 0.0, 0.0 0.0, 1.1461795999094495, 0.0, 218115.9043659044, 0.0, 0.000693000693000693, 0.000693000693000693, 0, 0.23284823284823283, 0, 0.7664587664587665, 0, 0.0, 0, 4.584718399637798e-06, 1e-05, 1e-05, 0.01, 0.01, 0.01, 0.01, 1
0.06300000000000011 -0.004, 0.0 0.0, 0.0 0.0, 0.0 0.0, 1.1461795999094495, 0.0, 218115.9043659044, 0.0, 0.000693000693000693, 0.000693000693000693, 0, 0.23284823284823283, 0, 0.7664587664587665, 0, 0.0, 0, 4.584718399637798e-06, 1e-05, 1e-05, 0.01, 0.01, 0.01, 0.01, 1
0.06300000000000011 -0.002, 0.0 0.0, 0.0 0.0, 0.0 0.0, 1.1461795999094495, 0.0, 218115.9043659044, 0.0, 0.000693000693000693, 0.000693000693000693, 0, 0.23284823284823283, 0, 0.7664587664587665, 0, 0.0, 0, 4.584718399637798e-06, 1e-05, 1e-05, 0.01, 0.01, 0.01, 0.01, 1
0.06300000000000011 0.0, 0.0 0.0, 0.0 0.0, 0.0 0.0, 1.1461795999094495, 0.0, 218115.9043659044, 0.0, 0.000693000693000693, 0.000693000693000693, 0, 0.23284823284823283, 0, 0.7664587664587665, 0, 0.0, 0, 4.584718399637798e-06, 1e-05, 1e-05, 0.01, 0.01, 0.01, 0.01, 1
0.06300000000000011 0.002, 0.0 0.0, 0.0 0.0, 0.0 0.0, 1.1461795999094495, 0.0, 218115.9043659044, 0.0, 0.000693000693000693, 0.000693000693000693, 0, 0.23284823284823283, 0, 0.7664587664587665, 0, 0.0, 0, 4.584718399637798e-06, 1e-05, 1e-05, 0.01, 0.01, 0.01, 0.01, 1
0.06300000000000011 0.004, 0.0 0.0, 0.0 0.0, 0.0 0.0, 1.1461795999094495, 0.0, 218115.9043659044, 0.0, 0.000693000693000693, 0.000693000693000693, 0, 0.23284823284823283, 0, 0.7664587664587665, 0, 0.0, 0, 4.584718399637798e-06, 1e-05, 1e-05, 0.01, 0.01, 0.01, 0.01, 1
0.06300000000000011 0.006, 0.0 0.0, 0.0 0.0, 0.0 0.0, 1.1461795999094495, 0.0, 218115.9043659044, 0.0, 0.000693000693000693, 0.000693000693000693, 0, 0.23284823284823283, 0, 0.7664587664587665, 0, 0.0, 0, 4.584718399637798e-06, 1e-05, 1e-05, 0.01, 0.01, 0.01, 0.01, 1
0.06300000000000011 0.008, 0.0 0.0, 0.0 0.0, 0.0 0.0, 1.1461795999094495, 0.0, 218115.9043659044, 0.0, 0.000693000693000693, 0.000693000693000693, 0, 0.23284823284823283, 0, 0.7664587664587665, 0, 0.0, 0, 4.584718399637798e-06, 1e-05, 1e-05, 0.01, 0.01, 0.01, 0.01, 1
0.06500000000000011 -0.008, 0.0 0.0, 0.0 0.0, 0.0 0.0, 1.1461795999094495, 0.0, 218115.9043659044, 0.0, 0.000693000693000693, 0.000693000693000693, 0, 0.23284823284823283, 0, 0.7664587664587665, 0, 0.0, 0, 4.584718399637798e-06, 1e-05, 1e-05, 0.01, 0.01, 0.01, 0.01, 1
0.06500000000000011 -0.006, 0.0 0.0, 0.0 0.0, 0.0 0.0, 1.1461795999094495, 0.0, 218115.9043659044, 0.0, 0.000693000693000693, 0.000693000693000693, 0, 0.23284823284823283, 0, 0.7664587664587665, 0, 0.0, 0, 4.584718399637798e-06, 1e-05, 1e-05, 0.01, 0.01, 0.01, 0.01, 1
0.06500000000000011 -0.004, 0.0 0.0, 0.0 0.0, 0.0 0.0, 1.1461795999094495, 0.0, 218115.9043659044, 0.0, 0.000693000693000693, 0.000693000693000693, 0, 0.23284823284823283, 0, 0.7664587664587665, 0, 0.0, 0, 4.584718399637798e-06, 1e-05, 1e-05, 0.01, 0.01, 0.01, 0.01, 1
0.06500000000000011 -0.002, 0.0 0.0, 0.0 0.0, 0.0 0.0, 1.1461795999094495, 0.0, 218115.9043659044, 0.0, 0.000693000693000693, 0.000693000693000693, 0, 0.23284823284823283, 0, 0.7664587664587665, 0, 0.0, 0, 4.584718399637798e-06, 1e-05, 1e-05, 0.01, 0.01, 0.01, 0.01, 1
0.06500000000000011 0.0, 0.0 0.0, 0.0 0.0, 0.0 0.0, 1.1461795999094495, 0.0, 218115.9043659044, 0.0, 0.000693000693000693, 0.000693000693000693, 0, 0.23284823284823283, 0, 0.7664587664587665, 0, 0.0, 0, 4.584718399637798e-06, 1e-05, 1e-05, 0.01, 0.01, 0.01, 0.01, 1
0.06500000000000011 0.002, 0.0 0.0, 0.0 0.0, 0.0 0.0, 1.1461795999094495, 0.0, 218115.9043659044, 0.0, 0.000693000693000693, 0.000693000693000693, 0, 0.23284823284823283, 0, 0.7664587664587665, 0, 0.0, 0, 4.584718399637798e-06, 1e-05, 1e-05, 0.01, 0.01, 0.01, 0.01, 1
0.06500000000000011 0.004, 0.0 0.0, 0.0 0.0, 0.0 0.0, 1.1461795999094495, 0.0, 218115.9043659044, 0.0, 0.000693000693000693, 0.000693000693000693, 0, 0.23284823284823283, 0, 0.7664587664587665, 0, 0.0, 0, 4.584718399637798e-06, 1e-05, 1e-05, 0.01, 0.01, 0.01, 0.01, 1
0.06500000000000011 0.006, 0.0 0.0, 0.0 0.0, 0.0 0.0, 1.1461795999094495, 0.0, 218115.9043659044, 0.0, 0.000693000693000693, 0.000693000693000693, 0, 0.23284823284823283, 0, 0.7664587664587665, 0, 0.0, 0, 4.584718399637798e-06, 1e-05, 1e-05, 0.01, 0.01, 0.01, 0.01, 1
0.06500000000000011 0.008, 0.0 0.0, 0.0 0.0, 0.0 0.0, 1.1461795999094495, 0.0, 218115.9043659044, 0.0, 0.000693000693000693, 0.000693000693000693, 0, 0.23284823284823283, 0, 0.7664587664587665, 0, 0.0, 0, 4.584718399637798e-06, 1e-05, 1e-05, 0.01, 0.01, 0.01, 0.01, 1
0.06700000000000012 -0.008, 0.0 0.0, 0.0 0.0, 0.0 0.0, 1.1461795999094495, 0.0, 218115.9043659044, 0.0, 0.000693000693000693, 0.000693000693000693, 0, 0.23284823284823283, 0, 0.7664587664587665, 0, 0.0, 0, 4.584718399637798e-06, 1e-05, 1e-05, 0.01, 0.01, 0.01, 0.01, 1
0.06700000000000012 -0.006, 0.0 0.0, 0.0 0.0, 0.0 0.0, 1.1461795999094495, 0.0, 218115.9043659044, 0.0, 0.000693000693000693, 0.000693000693000693, 0, 0.23284823284823283, 0, 0.7664587664587665, 0, 0.0, 0, 4.584718399637798e-06, 1e-05, 1e-05, 0.01, 0.01, 0.01, 0.01, 1
0.06700000000000012 -0.004, 0.0 0.0, 0.0 0.0, 0.0 0.0, 1.1461795999094495, 0.0, 218115.9043659044, 0.0, 0.000693000693000693, 0.000693000693000693, 0, 0.23284823284823283, 0, 0.7664587664587665, 0, 0.0, 0, 4.584718399637798e-06, 1e-05, 1e-05, 0.01, 0.01, 0.01, 0.01, 1
0.06700000000000012 -0.002, 0.0 0.0, 0.0 0.0, 0.0 0.0, 1.1461795999094495, 0.0, 218115.9043659044, 0.0, 0.000693000693000693, 0.000693000693000693, 0, 0.23284823284823283, 0, 0.7664587664587665, 0, 0.0, 0, 4.584718399637798e-06, 1e-05, 1e-05, 0.01, 0.01, 0.01, 0.01, 1
0.06700000000000012 0.0, 0.0 0.0, 0.0 0.0, 0.0 0.0, 1.1461795999094495, 0.0, 218115.9043659044, 0.0, 0.000693000693000693, 0.000693000693000693, 0, 0.23284823284823283, 0, 0.7664587664587665, 0, 0.0, 0, 4.584718399637798e-06, 1e-05, 1e-05, 0.01, 0.01, 0.01, 0.01, 1
0.06700000000000012 0.002, 0.0 0.0, 0.0 0.0, 0.0 0.0, 1.1461795999094495, 0.0, 218115.9043659044, 0.0, 0.000693000693000693, 0.000693000693000693, 0, 0.23284823284823283, 0, 0.7664587664587665, 0, 0.0, 0, 4.584718399637798e-06, 1e-05, 1e-05, 0.01, 0.01, 0.01, 0.01, 1
0.06700000000000012 0.004, 0.0 0.0, 0.0 0.0, 0.0 0.0, 1.1461795999094495, 0.0, 218115.9043659044, 0.0, 0.000693000693000693, 0.000693000693000693, 0, 0.23284823284823283, 0, 0.7664587664587665, 0, 0.0, 0, 4.584718399637798e-06, 1e-05, 1e-05, 0.01, 0.01, 0.01, 0.01, 1
0.06700000000000012 0.006, 0.0 0.0, 0.0 0.0, 0.0 0.0, 1.1461795999094495, 0.0, 218115.9043659044, 0.0, 0.000693000693000693, 0.000693000693000693, 0, 0.23284823284823283, 0, 0.7664587664587665, 0, 0.0, 0, 4.584718399637798e-06, 1e-05, 1e-05, 0.01, 0.01, 0.01, 0.01, 1
0.06700000000000012 0.008, 0.0 0.0, 0.0 0.0, 0.0 0.0, 1.1461795999094495, 0.0, 218115.9043659044, 0.0, 0.000693000693000693, 0.000693000693000693, 0, 0.23284823284823283, 0, 0.7664587664587665, 0, 0.0, 0, 4.584718399637798e-06, 1e-05, 1e-05, 0.01, 0.01, 0.01, 0.01, 1
0.06900000000000012 -0.008, 0.0 0.0, 0.0 0.0, 0.0 0.0, 1.1461795999094495, 0.0, 218115.9043659044, 0.0, 0.000693000693000693, 0.000693000693000693, 0, 0.23284823284823283, 0, 0.7664587664587665, 0, 0.0, 0, 4.584718399637798e-06, 1e-05, 1e-05, 0.01, 0.01, 0.01, 0.01, 1
0.06900000000000012 -0.006, 0.0 0.0, 0.0 0.0, 0.0 0.0, 1.1461795999094495, 0.0, 218115.9043659044, 0.0, 0.000693000693000693, 0.000693000693000693, 0, 0.23284823284823283, 0, 0.7664587664587665, 0, 0.0, 0, 4.584718399637798e-06, 1e-05, 1e-05, 0.01, 0.01, 0.01, 0.01, 1
0.06900000000000012 -0.004, 0.0 0.0, 0.0 0.0, 0.0 0.0, 1.1461795999094495, 0.0, 218115.9043659044, 0.0, 0.000693000693000693, 0.000693000693000693, 0, 0.23284823284823283, 0, 0.7664587664587665, 0, 0.0, 0, 4.584718399637798e-06, 1e-05, 1e-05, 0.01, 0.01, 0.01, 0.01, 1
0.06900000000000012 -0.002, 0.0 0.0, 0.0 0.0, 0.0 0.0, 1.1461795999094495, 0.0, 218115.9043659044, 0.0, 0.000693000693000693, 0.000693000693000693, 0, 0.23284823284823283, 0, 0.7664587664587665, 0, 0.0, 0, 4.584718399637798e-06, 1e-05, 1e-05, 0.01, 0.01, 0.01, 0.01, 1
0.06900000000000012 0.0, 0.0 0.0, 0.0 0.0, 0.0 0.0, 1.1461795999094495, 0.0, 218115.9043659044, 0.0, 0.000693000693000693, 0.000693000693000693, 0, 0.23284823284823283, 0, 0.7664587664587665, 0, 0.0, 0, 4.584718399637798e-06, 1e-05, 1e-05, 0.01, 0.01, 0.01, 0.01, 1
0.06900000000000012 0.002, 0.0 0.0, 0.0 0.0, 0.0 0.0, 1.1461795999094495, 0.0, 218115.9043659044, 0.0, 0.000693000693000693, 0.000693000693000693, 0, 0.23284823284823283, 0, 0.7664587664587665, 0, 0.0, 0, 4.584718399637798e-06, 1e-05, 1e-05, 0.01, 0.01, 0.01, 0.01, 1
0.06900000000000012 0.004, 0.0 0.0, 0.0 0.0, 0.0 0.0, 1.1461795999094495, 0.0, 218115.9043659044, 0.0, 0.000693000693000693, 0.000693000693000693, 0, 0.23284823284823283, 0, 0.7664587664587665, 0, 0.0, 0, 4.584718399637798e-06, 1e-05, 1e-05, 0.01, 0.01, 0.01, 0.01, 1
0.06900000000000012 0.006, 0.0 0.0, 0.0 0.0, 0.0 0.0, 1.1461795999094495, 0.0, 218115.9043659044, 0.0, 0.000693000693000693, 0.000693000693000693, 0, 0.23284823284823283, 0, 0.7664587664587665, 0, 0.0, 0, 4.584718399637798e-06, 1e-05, 1e-05, 0.01, 0.01, 0.01, 0.01, 1
0.06900000000000012 0.008, 0.0 0.0, 0.0 0.0, 0.0 0.0, 1.1461795999094495, 0.0, 218115.9043659044, 0.0, 0.000693000693000693, 0.000693000693000693, 0, 0.23284823284823283, 0, 0.7664587664587665, 0, 0.0, 0, 4.584718399637798e-06, 1e-05, 1e-05, 0.01, 0.01, 0.01, 0.01, 1
0.07100000000000012 -0.008, 0.0 0.0, 0.0 0.0, 0.0 0.0, 1.1461795999094495, 0.0, 218115.9043659044, 0.0, 0.000693000693000693, 0.000693000693000693, 0, 0.23284823284823283, 0, 0.7664587664587665, 0, 0.0, 0, 4.584718399637798e-06, 1e-05, 1e-05, 0.01, 0.01, 0.01, 0.01, 1
0.07100000000000012 -0.006, 0.0 0.0, 0.0 0.0, 0.0 0.0, 1.1461795999094495, 0.0, 218115.9043659044, 0.0, 0.000693000693000693, 0.000693000693000693, 0, 0.23284823284823283, 0, 0.7664587664587665, 0, 0.0, 0, 4.584718399637798e-06, 1e-05, 1e-05, 0.01, 0.01, 0.01, 0.01, 1
0.07100000000000012 -0.004, 0.0 0.0, 0.0 0.0, 0.0 0.0, 1.1461795999094495, 0.0, 218115.9043659044, 0.0, 0.000693000693000693, 0.000693000693000693, 0, 0.23284823284823283, 0, 0.7664587664587665, 0, 0.0, 0, 4.584718399637798e-06, 1e-05, 1e-05, 0.01, 0.01, 0.01, 0.01, 1
0.07100000000000012 -0.002, 0.0 0.0, 0.0 0.0, 0.0 0.0, 1.1461795999094495, 0.0, 218115.9043659044, 0.0, 0.000693000693000693, 0.000693000693000693, 0, 0.23284823284823283, 0, 0.7664587664587665, 0, 0.0, 0, 4.584718399637798e-06, 1e-05, 1e-05, 0.01, 0.01, 0.01, 0.01, 1
0.07100000000000012 0.0, 0.0 0.0, 0.0 0.0, 0.0 0.0, 1.1461795999094495, 0.0, 218115.9043659044, 0.0, 0.000693000693000693, 0.000693000693000693, 0, 0.23284823284823283, 0, 0.7664587664587665, 0, 0.0, 0, 4.584718399637798e-06, 1e-05, 1e-05, 0.01, 0.01, 0.01, 0.01, 1
0.07100000000000012 0.002, 0.0 0.0, 0.0 0.0, 0.0 0.0, 1.1461795999094495, 0.0, 218115.9043659044, 0.0, 0.000693000693000693, 0.000693000693000693, 0, 0.23284823284823283, 0, 0.7664587664587665, 0, 0.0, 0, 4.584718399637798e-06, 1e-05, 1e-05, 0.01, 0.01, 0.01, 0.01, 1
0.07100000000000012 0.004, 0.0 0.0, 0.0 0.0, 0.0 0.0, 1.1461795999094495, 0.0, 218115.9043659044, 0.0, 0.000693000693000693, 0.000693000693000693, 0, 0.23284823284823283, 0, 0.7664587664587665, 0, 0.0, 0, 4.584718399637798e-06, 1e-05, 1e-05, 0.01, 0.01, 0.01, 0.01, 1
0.07100000000000012 0.006, 0.0 0.0, 0.0 0.0, 0.0 0.0, 1.1461795999094495, 0.0, 218115.9043659044, 0.0, 0.000693000693000693, 0.000693000693000693, 0, 0.23284823284823283, 0, 0.7664587664587665, 0, 0.0, 0, 4.584718399637798e-06, 1e-05, 1e-05, 0.01, 0.01, 0.01, 0.01, 1
0.07100000000000012 0.008, 0.0 0.0, 0.0 0.0, 0.0 0.0, 1.1461795999094495, 0.0, 218115.9043659044, 0.0, 0.000693000693000693, 0.000693000693000693, 0, 0.23284823284823283, 0, 0.7664587664587665, 0, 0.0, 0, 4.584718399637798e-06, 1e-05, 1e-05, 0.01, 0.01, 0.01, 0.01, 1
0.07300000000000012 -0.008, 0.0 0.0, 0.0 0.0, 0.0 0.0, 1.1461795999094495, 0.0, 218115.9043659044, 0.0, 0.000693000693000693, 0.000693000693000693, 0, 0.23284823284823283, 0, 0.7664587664587665, 0, 0.0, 0, 4.584718399637798e-06, 1e-05, 1e-05, 0.01, 0.01, 0.01, 0.01, 1
0.07300000000000012 -0.006, 0.0 0.0, 0.0 0.0, 0.0 0.0, 1.1461795999094495, 0.0, 218115.9043659044, 0.0, 0.000693000693000693, 0.000693000693000693, 0, 0.23284823284823283, 0, 0.7664587664587665, 0, 0.0, 0, 4.584718399637798e-06, 1e-05, 1e-05, 0.01, 0.01, 0.01, 0.01, 1
0.07300000000000012 -0.004, 0.0 0.0, 0.0 0.0, 0.0 0.0, 1.1461795999094495, 0.0, 218115.9043659044, 0.0, 0.000693000693000693, 0.000693000693000693, 0, 0.23284823284823283, 0, 0.7664587664587665, 0, 0.0, 0, 4.584718399637798e-06, 1e-05, 1e-05, 0.01, 0.01, 0.01, 0.01, 1
0.07300000000000012 -0.002, 0.0 0.0, 0.0 0.0, 0.0 0.0, 1.1461795999094495, 0.0, 218115.9043659044, 0.0, 0.000693000693000693, 0.000693000693000693, 0, 0.23284823284823283, 0, 0.7664587664587665, 0, 0.0, 0, 4.584718399637798e-06, 1e-05, 1e-05, 0.01, 0.01, 0.01, 0.01, 1
0.07300000000000012 0.0, 0.0 0.0, 0.0 0.0, 0.0 0.0, 1.1461795999094495, 0.0, 218115.9043659044, 0.0, 0.000693000693000693, 0.000693000693000693, 0, 0.23284823284823283, 0, 0.7664587664587665, 0, 0.0, 0, 4.584718399637798e-06, 1e-05, 1e-05, 0.01, 0.01, 0.01, 0.01, 1
0.07300000000000012 0.002, 0.0 0.0, 0.0 0.0, 0.0 0.0, 1.1461795999094495, 0.0, 218115.9043659044, 0.0, 0.000693000693000693, 0.000693000693000693, 0, 0.23284823284823283, 0, 0.7664587664587665, 0, 0.0, 0, 4.584718399637798e-06, 1e-05, 1e-05, 0.01, 0.01, 0.01, 0.01, 1
0.07300000000000012 0.004, 0.0 0.0, 0.0 0.0, 0.0 0.0, 1.1461795999094495, 0.0, 218115.9043659044, 0.0, 0.000693000693000693, 0.000693000693000693, 0, 0.23284823284823283, 0, 0.7664587664587665, 0, 0.0, 0, 4.584718399637798e-06, 1e-05, 1e-05, 0.01, 0.01, 0.01, 0.01, 1
0.07300000000000012 0.006, 0.0 0.0, 0.0 0.0, 0.0 0.0, 1.1461795999094495, 0.0, 218115.9043659044, 0.0, 0.000693000693000693, 0.000693000693000693, 0, 0.23284823284823283, 0, 0.7664587664587665, 0, 0.0, 0, 4.584718399637798e-06, 1e-05, 1e-05, 0.01, 0.01, 0.01, 0.01, 1
0.07300000000000012 0.008, 0.0 0.0, 0.0 0.0, 0.0 0.0, 1.1461795999094495, 0.0, 218115.9043659044, 0.0, 0.000693000693000693, 0.000693000693000693, 0, 0.23284823284823283, 0, 0.7664587664587665, 0, 0.0, 0, 4.584718399637798e-06, 1e-05, 1e-05, 0.01, 0.01, 0.01, 0.01, 1
0.07500000000000012 -0.008, 0.0 0.0, 0.0 0.0, 0.0 0.0, 1.1461795999094495, 0.0, 218115.9043659044, 0.0, 0.000693000693000693, 0.000693000693000693, 0, 0.23284823284823283, 0, 0.7664587664587665, 0, 0.0, 0, 4.584718399637798e-06, 1e-05, 1e-05, 0.01, 0.01, 0.01, 0.01, 1
0.07500000000000012 -0.006, 0.0 0.0, 0.0 0.0, 0.0 0.0, 1.1461795999094495, 0.0, 218115.9043659044, 0.0, 0.000693000693000693, 0.000693000693000693, 0, 0.23284823284823283, 0, 0.7664587664587665, 0, 0.0, 0, 4.584718399637798e-06, 1e-05, 1e-05, 0.01, 0.01, 0.01, 0.01, 1
0.07500000000000012 -0.004, 0.0 0.0, 0.0 0.0, 0.0 0.0, 1.1461795999094495, 0.0, 218115.9043659044, 0.0, 0.000693000693000693, 0.000693000693000693, 0, 0.23284823284823283, 0, 0.7664587664587665, 0, 0.0, 0, 4.584718399637798e-06, 1e-05, 1e-05, 0.01, 0.01, 0.01, 0.01, 1
0.07500000000000012 -0.002, 0.0 0.0, 0.0 0.0, 0.0 0.0, 1.1461795999094495, 0.0, 218115.9043659044, 0.0, 0.000693000693000693, 0.000693000693000693, 0, 0.23284823284823283, 0, 0.7664587664587665, 0, 0.0, 0, 4.584718399637798e-06, 1e-05, 1e-05, 0.01, 0.01, 0.01, 0.01, 1
0.07500000000000012 0.0, 0.0 0.0, 0.0 0.0, 0.0 0.0, 1.1461795999094495, 0.0, 218115.9043659044, 0.0, 0.000693000693000693, 0.000693000693000693, 0, 0.23284823284823283, 0, 0.7664587664587665, 0, 0.0, 0, 4.584718399637798e-06, 1e-05, 1e-05, 0.01, 0.01, 0.01, 0.01, 1
0.07500000000000012 0.002, 0.0 0.0, 0.0 0.0, 0.0 0.0, 1.1461795999094495, 0.0, 218115.9043659044, 0.0, 0.000693000693000693, 0.000693000693000693, 0, 0.23284823284823283, 0, 0.7664587664587665, 0, 0.0, 0, 4.584718399637798e-06, 1e-05, 1e-05, 0.01, 0.01, 0.01, 0.01, 1
0.07500000000000012 0.004, 0.0 0.0, 0.0 0.0, 0.0 0.0, 1.1461795999094495, 0.0, 218115.9043659044, 0.0, 0.000693000693000693, 0.000693000693000693, 0, 0.23284823284823283, 0, 0.7664587664587665, 0, 0.0, 0, 4.584718399637798e-06, 1e-05, 1e-05, 0.01, 0.01, 0.01, 0.01, 1
0.07500000000000012 0.006, 0.0 0.0, 0.0 0.0, 0.0 0.0, 1.1461795999094495, 0.0, 218115.9043659044, 0.0, 0.000693000693000693, 0.000693000693000693, 0, 0.23284823284823283, 0, 0.7664587664587665, 0, 0.0, 0, 4.584718399637798e-06, 1e-05, 1e-05, 0.01, 0.01, 0.01, 0.01, 1
0.07500000000000012 0.008, 0.0 0.0, 0.0 0.0, 0.0 0.0, 1.1461795999094495, 0.0, 218115.9043659044, 0.0, 0.000693000693000693, 0.000693000693000693, 0, 0.23284823284823283, 0, 0.7664587664587665, 0, 0.0, 0, 4.584718399637798e-06, 1e-05, 1e-05, 0.01, 0.01, 0.01, 0.01, 1
0.07700000000000012 -0.008, 0.0 0.0, 0.0 0.0, 0.0 0.0, 1.1461795999094495, 0.0, 218115.9043659044, 0.0, 0.000693000693000693, 0.000693000693000693, 0, 0.23284823284823283, 0, 0.7664587664587665, 0, 0.0, 0, 4.584718399637798e-06, 1e-05, 1e-05, 0.01, 0.01, 0.01, 0.01, 1
0.07700000000000012 -0.006, 0.0 0.0, 0.0 0.0, 0.0 0.0, 1.1461795999094495, 0.0, 218115.9043659044, 0.0, 0.000693000693000693, 0.000693000693000693, 0, 0.23284823284823283, 0, 0.7664587664587665, 0, 0.0, 0, 4.584718399637798e-06, 1e-05, 1e-05, 0.01, 0.01, 0.01, 0.01, 1
0.07700000000000012 -0.004, 0.0 0.0, 0.0 0.0, 0.0 0.0, 1.1461795999094495, 0.0, 218115.9043659044, 0.0, 0.000693000693000693, 0.000693000693000693, 0, 0.23284823284823283, 0, 0.7664587664587665, 0, 0.0, 0, 4.584718399637798e-06, 1e-05, 1e-05, 0.01, 0.01, 0.01, 0.01, 1
0.07700000000000012 -0.002, 0.0 0.0, 0.0 0.0, 0.0 0.0, 1.1461795999094495, 0.0, 218115.9043659044, 0.0, 0.000693000693000693, 0.000693000693000693, 0, 0.23284823284823283, 0, 0.7664587664587665, 0, 0.0, 0, 4.584718399637798e-06, 1e-05, 1e-05, 0.01, 0.01, 0.01, 0.01, 1
0.07700000000000012 0.0, 0.0 0.0, 0.0 0.0, 0.0 0.0, 1.1461795999094495, 0.0, 218115.9043659044, 0.0, 0.000693000693000693, 0.000693000693000693, 0, 0.23284823284823283, 0, 0.7664587664587665, 0, 0.0, 0, 4.584718399637798e-06, 1e-05, 1e-05, 0.01, 0.01, 0.01, 0.01, 1
0.07700000000000012 0.002, 0.0 0.0, 0.0 0.0, 0.0 0.0, 1.1461795999094495, 0.0, 218115.9043659044, 0.0, 0.000693000693000693, 0.000693000693000693, 0, 0.23284823284823283, 0, 0.7664587664587665, 0, 0.0, 0, 4.584718399637798e-06, 1e-05, 1e-05, 0.01, 0.01, 0.01, 0.01, 1
0.07700000000000012 0.004, 0.0 0.0, 0.0 0.0, 0.0 0.0, 1.1461795999094495, 0.0, 218115.9043659044, 0.0, 0.000693000693000693, 0.000693000693000693, 0, 0.23284823284823283, 0, 0.7664587664587665, 0, 0.0, 0, 4.584718399637798e-06, 1e-05, 1e-05, 0.01, 0.01, 0.01, 0.01, 1
0.07700000000000012 0.006, 0.0 0.0, 0.0 0.0, 0.0 0.0, 1.1461795999094495, 0.0, 218115.9043659044, 0.0, 0.000693000693000693, 0.000693000693000693, 0, 0.23284823284823283, 0, 0.7664587664587665, 0, 0.0, 0, 4.584718399637798e-06, 1e-05, 1e-05, 0.01, 0.01, 0.01, 0.01, 1
0.07700000000000012 0.008, 0.0 0.0, 0.0 0.0, 0.0 0.0, 1.1461795999094495, 0.0, 218115.9043659044, 0.0, 0.000693000693000693, 0.000693000693000693, 0, 0.23284823284823283, 0, 0.7664587664587665, 0, 0.0, 0, 4.584718399637798e-06, 1e-05, 1e-05, 0.01, 0.01, 0.01, 0.01, 1
0.07900000000000013 -0.008, 0.0 0.0, 0.0 0.0, 0.0 0.0, 1.1461795999094495, 0.0, 218115.9043659044, 0.0, 0.000693000693000693, 0.000693000693000693, 0, 0.23284823284823283, 0, 0.7664587664587665, 0, 0.0, 0, 4.584718399637798e-06, 1e-05, 1e-05, 0.01, 0.01, 0.01, 0.01, 1
0.07900000000000013 -0.006, 0.0 0.0, 0.0 0.0, 0.0 0.0, 1.1461795999094495, 0.0, 218115.9043659044, 0.0, 0.000693000693000693, 0.000693000693000693, 0, 0.23284823284823283, 0, 0.7664587664587665, 0, 0.0, 0, 4.584718399637798e-06, 1e-05, 1e-05, 0.01, 0.01, 0.01, 0.01, 1
0.07900000000000013 -0.004, 0.0 0.0, 0.0 0.0, 0.0 0.0, 1.1461795999094495, 0.0, 218115.9043659044, 0.0, 0.000693000693000693, 0.000693000693000693, 0, 0.23284823284823283, 0, 0.7664587664587665, 0, 0.0, 0, 4.584718399637798e-06, 1e-05, 1e-05, 0.01, 0.01, 0.01, 0.01, 1
0.07900000000000013 -0.002, 0.0 0.0, 0.0 0.0, 0.0 0.0, 1.1461795999094495, 0.0, 218115.9043659044, 0.0, 0.000693000693000693, 0.000693000693000693, 0, 0.23284823284823283, 0, 0.7664587664587665, 0, 0.0, 0, 4.584718399637798e-06, 1e-05, 1e-05, 0.01, 0.01, 0.01, 0.01, 1
0.07900000000000013 0.0, 0.0 0.0, 0.0 0.0, 0.0 0.0, 1.1461795999094495, 0.0, 218115.9043659044, 0.0, 0.000693000693000693, 0.000693000693000693, 0, 0.23284823284823283, 0, 0.7664587664587665, 0, 0.0, 0, 4.584718399637798e-06, 1e-05, 1e-05, 0.01, 0.01, 0.01, 0.01, 1
0.07900000000000013 0.002, 0.0 0.0, 0.0 0.0, 0.0 0.0, 1.1461795999094495, 0.0, 218115.9043659044, 0.0, 0.000693000693000693, 0.000693000693000693, 0, 0.23284823284823283, 0, 0.7664587664587665, 0, 0.0, 0, 4.584718399637798e-06, 1e-05, 1e-05, 0.01, 0.01, 0.01, 0.01, 1
0.07900000000000013 0.004, 0.0 0.0, 0.0 0.0, 0.0 0.0, 1.1461795999094495, 0.0, 218115.9043659044, 0.0, 0.000693000693000693, 0.000693000693000693, 0, 0.23284823284823283, 0, 0.7664587664587665, 0, 0.0, 0, 4.584718399637798e-06, 1e-05, 1e-05, 0.01, 0.01, 0.01, 0.01, 1
0.07900000000000013 0.006, 0.0 0.0, 0.0 0.0, 0.0 0.0, 1.1461795999094495, 0.0, 218115.9043659044, 0.0, 0.000693000693000693, 0.000693000693000693, 0, 0.23284823284823283, 0, 0.7664587664587665, 0, 0.0, 0, 4.584718399637798e-06, 1e-05, 1e-05, 0.01, 0.01, 0.01, 0.01, 1
0.07900000000000013 0.008, 0.0 0.0, 0.0 0.0, 0.0 0.0, 1.1461795999094495, 0.0, 218115.9043659044, 0.0, 0.000693000693000693, 0.000693000693000693, 0, 0.23284823284823283, 0, 0.7664587664587665, 0, 0.0, 0, 4.584718399637798e-06, 1e-05, 1e-05, 0.01, 0.01, 0.01, 0.01, 1
0.08100000000000013 -0.008, 0.0 0.0, 0.0 0.0, 0.0 0.0, 1.1461795999094495, 0.0, 218115.9043659044, 0.0, 0.000693000693000693, 0.000693000693000693, 0, 0.23284823284823283, 0, 0.7664587664587665, 0, 0.0, 0, 4.584718399637798e-06, 1e-05, 1e-05, 0.01, 0.01, 0.01, 0.01, 1
0.08100000000000013 -0.006, 0.0 0.0, 0.0 0.0, 0.0 0.0, 1.1461795999094495, 0.0, 218115.9043659044, 0.0, 0.000693000693000693, 0.000693000693000693, 0, 0.23284823284823283, 0, 0.7664587664587665, 0, 0.0, 0, 4.584718399637798e-06, 1e-05, 1e-05, 0.01, 0.01, 0.01, 0.01, 1
0.08100000000000013 -0.004, 0.0 0.0, 0.0 0.0, 0.0 0.0, 1.1461795999094495, 0.0, 218115.9043659044, 0.0, 0.000693000693000693, 0.000693000693000693, 0, 0.23284823284823283, 0, 0.7664587664587665, 0, 0.0, 0, 4.584718399637798e-06, 1e-05, 1e-05, 0.01, 0.01, 0.01, 0.01, 1
0.08100000000000013 -0.002, 0.0 0.0, 0.0 0.0, 0.0 0.0, 1.1461795999094495, 0.0, 218115.9043659044, 0.0, 0.000693000693000693, 0.000693000693000693, 0, 0.23284823284823283, 0, 0.7664587664587665, 0, 0.0, 0, 4.584718399637798e-06, 1e-05, 1e-05, 0.01, 0.01, 0.01, 0.01, 1
0.08100000000000013 0.0, 0.0 0.0, 0.0 0.0, 0.0 0.0, 1.1461795999094495, 0.0, 218115.9043659044, 0.0, 0.000693000693000693, 0.000693000693000693, 0, 0.23284823284823283, 0, 0.7664587664587665, 0, 0.0, 0, 4.584718399637798e-06, 1e-05, 1e-05, 0.01, 0.01, 0.01, 0.01, 1
0.08100000000000013 0.002, 0.0 0.0, 0.0 0.0, 0.0 0.0, 1.1461795999094495, 0.0, 218115.9043659044, 0.0, 0.000693000693000693, 0.000693000693000693, 0, 0.23284823284823283, 0, 0.7664587664587665, 0, 0.0, 0, 4.584718399637798e-06, 1e-05, 1e-05, 0.01, 0.01, 0.01, 0.01, 1
0.08100000000000013 0.004, 0.0 0.0, 0.0 0.0, 0.0 0.0, 1.1461795999094495, 0.0, 218115.9043659044, 0.0, 0.000693000693000693, 0.000693000693000693, 0, 0.23284823284823283, 0, 0.7664587664587665, 0, 0.0, 0, 4.584718399637798e-06, 1e-05, 1e-05, 0.01, 0.01, 0.01, 0.01, 1
0.08100000000000013 0.006, 0.0 0.0, 0.0 0.0, 0.0 0.0, 1.1461795999094495, 0.0, 218115.9043659044, 0.0, 0.000693000693000693, 0.000693000693000693, 0, 0.23284823284823283, 0, 0.7664587664587665, 0, 0.0, 0, 4.584718399637798e-06, 1e-05, 1e-05, 0.01, 0.01, 0.01, 0.01, 1
0.08100000000000013 0.008, 0.0 0.0, 0.0 0.0, 0.0 0.0, 1.1461795999094495, 0.0, 218115.9043659044, 0.0, 0.000693000693000693, 0.000693000693000693, 0, 0.23284823284823283, 0, 0.7664587664587665, 0, 0.0, 0, 4.584718399637798e-06, 1e-05, 1e-05, 0.01, 0.01, 0.01, 0.01, 1
0.08300000000000013 -0.008, 0.0 0.0, 0.0 0.0, 0.0 0.0, 1.1461795999094495, 0.0, 218115.9043659044, 0.0, 0.000693000693000693, 0.000693000693000693, 0, 0.23284823284823283, 0, 0.7664587664587665, 0, 0.0, 0, 4.584718399637798e-06, 1e-05, 1e-05, 0.01, 0.01, 0.01, 0.01, 1
0.08300000000000013 -0.006, 0.0 0.0, 0.0 0.0, 0.0 0.0, 1.1461795999094495, 0.0, 218115.9043659044, 0.0, 0.000693000693000693, 0.000693000693000693, 0, 0.23284823284823283, 0, 0.7664587664587665, 0, 0.0, 0, 4.584718399637798e-06, 1e-05, 1e-05, 0.01, 0.01, 0.01, 0.01, 1
0.08300000000000013 -0.004, 0.0 0.0, 0.0 0.0, 0.0 0.0, 1.1461795999094495, 0.0, 218115.9043659044, 0.0, 0.000693000693000693, 0.000693000693000693, 0, 0.23284823284823283, 0, 0.7664587664587665, 0, 0.0, 0, 4.584718399637798e-06, 1e-05, 1e-05, 0.01, 0.01, 0.01, 0.01, 1
0.08300000000000013 -0.002, 0.0 0.0, 0.0 0.0, 0.0 0.0, 1.1461795999094495, 0.0, 218115.9043659044, 0.0, 0.000693000693000693, 0.000693000693000693, 0, 0.23284823284823283, 0, 0.7664587664587665, 0, 0.0, 0, 4.584718399637798e-06, 1e-05, 1e-05, 0.01, 0.01, 0.01, 0.01, 1
0.08300000000000013 0.0, 0.0 0.0, 0.0 0.0, 0.0 0.0, 1.1461795999094495, 0.0, 218115.9043659044, 0.0, 0.000693000693000693, 0.000693000693000693, 0, 0.23284823284823283, 0, 0.7664587664587665, 0, 0.0, 0, 4.584718399637798e-06, 1e-05, 1e-05, 0.01, 0.01, 0.01, 0.01, 1
0.08300000000000013 0.002, 0.0 0.0, 0.0 0.0, 0.0 0.0, 1.1461795999094495, 0.0, 218115.9043659044, 0.0, 0.000693000693000693, 0.000693000693000693, 0, 0.23284823284823283, 0, 0.7664587664587665, 0, 0.0, 0, 4.584718399637798e-06, 1e-05, 1e-05, 0.01, 0.01, 0.01, 0.01, 1
0.08300000000000013 0.004, 0.0 0.0, 0.0 0.0, 0.0 0.0, 1.1461795999094495, 0.0, 218115.9043659044, 0.0, 0.000693000693000693, 0.000693000693000693, 0, 0.23284823284823283, 0, 0.7664587664587665, 0, 0.0, 0, 4.584718399637798e-06, 1e-05, 1e-05, 0.01, 0.01, 0.01, 0.01, 1
0.08300000000000013 0.006, 0.0 0.0, 0.0 0.0, 0.0 0.0, 1.1461795999094495, 0.0, 218115.9043659044, 0.0, 0.000693000693000693, 0.000693000693000693, 0, 0.23284823284823283, 0, 0.7664587664587665, 0, 0.0, 0, 4.584718399637798e-06, 1e-05, 1e-05, 0.01, 0.01, 0.01, 0.01, 1
0.08300000000000013 0.008, 0.0 0.0, 0.0 0.0, 0.0 0.0, 1.1461795999094495, 0.0, 218115.9043659044, 0.0, 0.000693000693000693, 0.000693000693000693, 0, 0.23284823284823283, 0, 0.7664587664587665, 0, 0.0, 0, 4.584718399637798e-06, 1e-05, 1e-05, 0.01, 0.01, 0.01, 0.01, 1
0.08500000000000013 -0.008, 0.0 0.0, 0.0 0.0, 0.0 0.0, 1.1461795999094495, 0.0, 218115.9043659044, 0.0, 0.000693000693000693, 0.000693000693000693, 0, 0.23284823284823283, 0, 0.7664587664587665, 0, 0.0, 0, 4.584718399637798e-06, 1e-05, 1e-05, 0.01, 0.01, 0.01, 0.01, 1
0.08500000000000013 -0.006, 0.0 0.0, 0.0 0.0, 0.0 0.0, 1.1461795999094495, 0.0, 218115.9043659044, 0.0, 0.000693000693000693, 0.000693000693000693, 0, 0.23284823284823283, 0, 0.7664587664587665, 0, 0.0, 0, 4.584718399637798e-06, 1e-05, 1e-05, 0.01, 0.01, 0.01, 0.01, 1
0.08500000000000013 -0.004, 0.0 0.0, 0.0 0.0, 0.0 0.0, 1.1461795999094495, 0.0, 218115.9043659044, 0.0, 0.000693000693000693, 0.000693000693000693, 0, 0.23284823284823283, 0, 0.7664587664587665, 0, 0.0, 0, 4.584718399637798e-06, 1e-05, 1e-05, 0.01, 0.01, 0.01, 0.01, 1
0.08500000000000013 -0.002, 0.0 0.0, 0.0 0.0, 0.0 0.0, 1.1461795999094495, 0.0, 218115.9043659044, 0.0, 0.000693000693000693, 0.000693000693000693, 0, 0.23284823284823283, 0, 0.7664587664587665, 0, 0.0, 0, 4.584718399637798e-06, 1e-05, 1e-05, 0.01, 0.01, 0.01, 0.01, 1
0.08500000000000013 0.0, 0.0 0.0, 0.0 0.0, 0.0 0.0, 1.1461795999094495, 0.0, 218115.9043659044, 0.0, 0.000693000693000693, 0.000693000693000693, 0, 0.23284823284823283, 0, 0.7664587664587665, 0, 0.0, 0, 4.584718399637798e-06, 1e-05, 1e-05, 0.01, 0.01, 0.01, 0.01, 1
0.08500000000000013 0.002, 0.0 0.0, 0.0 0.0, 0.0 0.0, 1.1461795999094495, 0.0, 218115.9043659044, 0.0, 0.000693000693000693, 0.000693000693000693, 0, 0.23284823284823283, 0, 0.7664587664587665, 0, 0.0, 0, 4.584718399637798e-06, 1e-05, 1e-05, 0.01, 0.01, 0.01, 0.01, 1
0.08500000000000013 0.004, 0.0 0.0, 0.0 0.0, 0.0 0.0, 1.1461795999094495, 0.0, 218115.9043659044, 0.0, 0.000693000693000693, 0.000693000693000693, 0, 0.23284823284823283, 0, 0.7664587664587665, 0, 0.0, 0, 4.584718399637798e-06, 1e-05, 1e-05, 0.01, 0.01, 0.01, 0.01, 1
0.08500000000000013 0.006, 0.0 0.0, 0.0 0.0, 0.0 0.0, 1.1461795999094495, 0.0, 218115.9043659044, 0.0, 0.000693000693000693, 0.000693000693000693, 0, 0.23284823284823283, 0, 0.7664587664587665, 0, 0.0, 0, 4.584718399637798e-06, 1e-05, 1e-05, 0.01, 0.01, 0.01, 0.01, 1
0.08500000000000013 0.008, 0.0 0.0, 0.0 0.0, 0.0 0.0, 1.1461795999094495, 0.0, 218115.9043659044, 0.0, 0.000693000693000693, 0.000693000693000693, 0, 0.23284823284823283, 0, 0.7664587664587665, 0, 0.0, 0, 4.584718399637798e-06, 1e-05, 1e-05, 0.01, 0.01, 0.01, 0.01, 1
0.08700000000000013 -0.008, 0.0 0.0, 0.0 0.0, 0.0 0.0, 1.1461795999094495, 0.0, 218115.9043659044, 0.0, 0.000693000693000693, 0.000693000693000693, 0, 0.23284823284823283, 0, 0.7664587664587665, 0, 0.0, 0, 4.584718399637798e-06, 1e-05, 1e-05, 0.01, 0.01, 0.01, 0.01, 1
0.08700000000000013 -0.006, 0.0 0.0, 0.0 0.0, 0.0 0.0, 1.1461795999094495, 0.0, 218115.9043659044, 0.0, 0.000693000693000693, 0.000693000693000693, 0, 0.23284823284823283, 0, 0.7664587664587665, 0, 0.0, 0, 4.584718399637798e-06, 1e-05, 1e-05, 0.01, 0.01, 0.01, 0.01, 1
0.08700000000000013 -0.004, 0.0 0.0, 0.0 0.0, 0.0 0.0, 1.1461795999094495, 0.0, 218115.9043659044, 0.0, 0.000693000693000693, 0.000693000693000693, 0, 0.23284823284823283, 0, 0.7664587664587665, 0, 0.0, 0, 4.584718399637798e-06, 1e-05, 1e-05, 0.01, 0.01, 0.01, 0.01, 1
0.08700000000000013 -0.002, 0.0 0.0, 0.0 0.0, 0.0 0.0, 1.1461795999094495, 0.0, 218115.9043659044, 0.0, 0.000693000693000693, 0.000693000693000693, 0, 0.23284823284823283, 0, 0.7664587664587665, 0, 0.0, 0, 4.584718399637798e-06, 1e-05, 1e-05, 0.01, 0.01, 0.01, 0.01, 1
0.08700000000000013 0.0, 0.0 0.0, 0.0 0.0, 0.0 0.0, 1.1461795999094495, 0.0, 218115.9043659044, 0.0, 0.000693000693000693, 0.000693000693000693, 0, 0.23284823284823283, 0, 0.7664587664587665, 0, 0.0, 0, 4.584718399637798e-06, 1e-05, 1e-05, 0.01, 0.01, 0.01, 0.01, 1
0.08700000000000013 0.002, 0.0 0.0, 0.0 0.0, 0.0 0.0, 1.1461795999094495, 0.0, 218115.9043659044, 0.0, 0.000693000693000693, 0.000693000693000693, 0, 0.23284823284823283, 0, 0.7664587664587665, 0, 0.0, 0, 4.584718399637798e-06, 1e-05, 1e-05, 0.01, 0.01, 0.01, 0.01, 1
0.08700000000000013 0.004, 0.0 0.0, 0.0 0.0, 0.0 0.0, 1.1461795999094495, 0.0, 218115.9043659044, 0.0, 0.000693000693000693, 0.000693000693000693, 0, 0.23284823284823283, 0, 0.7664587664587665, 0, 0.0, 0, 4.584718399637798e-06, 1e-05, 1e-05, 0.01, 0.01, 0.01, 0.01, 1
0.08700000000000013 0.006, 0.0 0.0, 0.0 0.0, 0.0 0.0, 1.1461795999094495, 0.0, 218115.9043659044, 0.0, 0.000693000693000693, 0.000693000693000693, 0, 0.23284823284823283, 0, 0.7664587664587665, 0, 0.0, 0, 4.584718399637798e-06, 1e-05, 1e-05, 0.01, 0.01, 0.01, 0.01, 1
0.08700000000000013 0.008, 0.0 0.0, 0.0 0.0, 0.0 0.0, 1.1461795999094495, 0.0, 218115.9043659044, 0.0, 0.000693000693000693, 0.000693000693000693, 0, 0.23284823284823283, 0, 0.7664587664587665, 0, 0.0, 0, 4.584718399637798e-06, 1e-05, 1e-05, 0.01, 0.01, 0.01, 0.01, 1
0.08900000000000013 -0.008, 0.0 0.0, 0.0 0.0, 0.0 0.0, 1.1461795999094495, 0.0, 218115.9043659044, 0.0, 0.000693000693000693, 0.000693000693000693, 0, 0.23284823284823283, 0, 0.7664587664587665, 0, 0.0, 0, 4.584718399637798e-06, 1e-05, 1e-05, 0.01, 0.01, 0.01, 0.01, 1
0.08900000000000013 -0.006, 0.0 0.0, 0.0 0.0, 0.0 0.0, 1.1461795999094495, 0.0, 218115.9043659044, 0.0, 0.000693000693000693, 0.000693000693000693, 0, 0.23284823284823283, 0, 0.7664587664587665, 0, 0.0, 0, 4.584718399637798e-06, 1e-05, 1e-05, 0.01, 0.01, 0.01, 0.01, 1
0.08900000000000013 -0.004, 0.0 0.0, 0.0 0.0, 0.0 0.0, 1.1461795999094495, 0.0, 218115.9043659044, 0.0, 0.000693000693000693, 0.000693000693000693, 0, 0.23284823284823283, 0, 0.7664587664587665, 0, 0.0, 0, 4.584718399637798e-06, 1e-05, 1e-05, 0.01, 0.01, 0.01, 0.01, 1
0.08900000000000013 -0.002, 0.0 0.0, 0.0 0.0, 0.0 0.0, 1.1461795999094495, 0.0, 218115.9043659044, 0.0, 0.000693000693000693, 0.000693000693000693, 0, 0.23284823284823283, 0, 0.7664587664587665, 0, 0.0, 0, 4.584718399637798e-06, 1e-05, 1e-05, 0.01, 0.01, 0.01, 0.01, 1
0.08900000000000013 0.0, 0.0 0.0, 0.0 0.0, 0.0 0.0, 1.1461795999094495, 0.0, 218115.9043659044, 0.0, 0.000693000693000693, 0.000693000693000693, 0, 0.23284823284823283, 0, 0.7664587664587665, 0, 0.0, 0, 4.584718399637798e-06, 1e-05, 1e-05, 0.01, 0.01, 0.01, 0.01, 1
0.08900000000000013 0.002, 0.0 0.0, 0.0 0.0, 0.0 0.0, 1.1461795999094495, 0.0, 218115.9043659044, 0.0, 0.000693000693000693, 0.000693000693000693, 0, 0.23284823284823283, 0, 0.7664587664587665, 0, 0.0, 0, 4.584718399637798e-06, 1e-05, 1e-05, 0.01, 0.01, 0.01, 0.01, 1
0.08900000000000013 0.004, 0.0 0.0, 0.0 0.0, 0.0 0.0, 1.1461795999094495, 0.0, 218115.9043659044, 0.0, 0.000693000693000693, 0.000693000693000693, 0, 0.23284823284823283, 0, 0.7664587664587665, 0, 0.0, 0, 4.584718399637798e-06, 1e-05, 1e-05, 0.01, 0.01, 0.01, 0.01, 1
0.08900000000000013 0.006, 0.0 0.0, 0.0 0.0, 0.0 0.0, 1.1461795999094495, 0.0, 218115.9043659044, 0.0, 0.000693000693000693, 0.000693000693000693, 0, 0.23284823284823283, 0, 0.7664587664587665, 0, 0.0, 0, 4.584718399637798e-06, 1e-05, 1e-05, 0.01, 0.01, 0.01, 0.01, 1
0.08900000000000013 0.008, 0.0 0.0, 0.0 0.0, 0.0 0.0, 1.1461795999094495, 0.0, 218115.9043659044, 0.0, 0.000693000693000693, 0.000693000693000693, 0, 0.23284823284823283, 0, 0.7664587664587665, 0, 0.0, 0, 4.584718399637798e-06, 1e-05, 1e-05, 0.01, 0.01, 0.01, 0.01, 1
0.09100000000000014 -0.008, 0.0 0.0, 0.0 0.0, 0.0 0.0, 1.1461795999094495, 0.0, 218115.9043659044, 0.0, 0.000693000693000693, 0.000693000693000693, 0, 0.23284823284823283, 0, 0.7664587664587665, 0, 0.0, 0, 4.584718399637798e-06, 1e-05, 1e-05, 0.01, 0.01, 0.01, 0.01, 1
0.09100000000000014 -0.006, 0.0 0.0, 0.0 0.0, 0.0 0.0, 1.1461795999094495, 0.0, 218115.9043659044, 0.0, 0.000693000693000693, 0.000693000693000693, 0, 0.23284823284823283, 0, 0.7664587664587665, 0, 0.0, 0, 4.584718399637798e-06, 1e-05, 1e-05, 0.01, 0.01, 0.01, 0.01, 1
0.09100000000000014 -0.004, 0.0 0.0, 0.0 0.0, 0.0 0.0, 1.1461795999094495, 0.0, 218115.9043659044, 0.0, 0.000693000693000693, 0.000693000693000693, 0, 0.23284823284823283, 0, 0.7664587664587665, 0, 0.0, 0, 4.584718399637798e-06, 1e-05, 1e-05, 0.01, 0.01, 0.01, 0.01, 1
0.09100000000000014 -0.002, 0.0 0.0, 0.0 0.0, 0.0 0.0, 1.1461795999094495, 0.0, 218115.9043659044, 0.0, 0.000693000693000693, 0.000693000693000693, 0, 0.23284823284823283, 0, 0.7664587664587665, 0, 0.0, 0, 4.584718399637798e-06, 1e-05, 1e-05, 0.01, 0.01, 0.01, 0.01, 1
0.09100000000000014 0.0, 0.0 0.0, 0.0 0.0, 0.0 0.0, 1.1461795999094495, 0.0, 218115.9043659044, 0.0, 0.000693000693000693, 0.000693000693000693, 0, 0.23284823284823283, 0, 0.7664587664587665, 0, 0.0, 0, 4.584718399637798e-06, 1e-05, 1e-05, 0.01, 0.01, 0.01, 0.01, 1
0.09100000000000014 0.002, 0.0 0.0, 0.0 0.0, 0.0 0.0, 1.1461795999094495, 0.0, 218115.9043659044, 0.0, 0.000693000693000693, 0.000693000693000693, 0, 0.23284823284823283, 0, 0.7664587664587665, 0, 0.0, 0, 4.584718399637798e-06, 1e-05, 1e-05, 0.01, 0.01, 0.01, 0.01, 1
0.09100000000000014 0.004, 0.0 0.0, 0.0 0.0, 0.0 0.0, 1.1461795999094495, 0.0, 218115.9043659044, 0.0, 0.000693000693000693, 0.000693000693000693, 0, 0.23284823284823283, 0, 0.7664587664587665, 0, 0.0, 0, 4.584718399637798e-06, 1e-05, 1e-05, 0.01, 0.01, 0.01, 0.01, 1
0.09100000000000014 0.006, 0.0 0.0, 0.0 0.0, 0.0 0.0, 1.1461795999094495, 0.0, 218115.9043659044, 0.0, 0.000693000693000693, 0.000693000693000693, 0, 0.23284823284823283, 0, 0.7664587664587665, 0, 0.0, 0, 4.584718399637798e-06, 1e-05, 1e-05, 0.01, 0.01, 0.01, 0.01, 1
0.09100000000000014 0.008, 0.0 0.0, 0.0 0.0, 0.0 0.0, 1.1461795999094495, 0.0, 218115.9043659044, 0.0, 0.000693000693000693, 0.000693000693000693, 0, 0.23284823284823283, 0, 0.7664587664587665, 0, 0.0, 0, 4.584718399637798e-06, 1e-05, 1e-05, 0.01, 0.01, 0.01, 0.01, 1
0.09300000000000014 -0.008, 0.0 0.0, 0.0 0.0, 0.0 0.0, 1.1461795999094495, 0.0, 218115.9043659044, 0.0, 0.000693000693000693, 0.000693000693000693, 0, 0.23284823284823283, 0, 0.7664587664587665, 0, 0.0, 0, 4.584718399637798e-06, 1e-05, 1e-05, 0.01, 0.01, 0.01, 0.01, 1
0.09300000000000014 -0.006, 0.0 0.0, 0.0 0.0, 0.0 0.0, 1.1461795999094495, 0.0, 218115.9043659044, 0.0, 0.000693000693000693, 0.000693000693000693, 0, 0.23284823284823283, 0, 0.7664587664587665, 0, 0.0, 0, 4.584718399637798e-06, 1e-05, 1e-05, 0.01, 0.01, 0.01, 0.01, 1
0.09300000000000014 -0.004, 0.0 0.0, 0.0 0.0, 0.0 0.0, 1.1461795999094495, 0.0, 218115.9043659044, 0.0, 0.000693000693000693, 0.000693000693000693, 0, 0.23284823284823283, 0, 0.7664587664587665, 0, 0.0, 0, 4.584718399637798e-06, 1e-05, 1e-05, 0.01, 0.01, 0.01, 0.01, 1
0.09300000000000014 -0.002, 0.0 0.0, 0.0 0.0, 0.0 0.0, 1.1461795999094495, 0.0, 218115.9043659044, 0.0, 0.000693000693000693, 0.000693000693000693, 0, 0.23284823284823283, 0, 0.7664587664587665, 0, 0.0, 0, 4.584718399637798e-06, 1e-05, 1e-05, 0.01, 0.01, 0.01, 0.01, 1
0.09300000000000014 0.0, 0.0 0.0, 0.0 0.0, 0.0 0.0, 1.1461795999094495, 0.0, 218115.9043659044, 0.0, 0.000693000693000693, 0.000693000693000693, 0, 0.23284823284823283, 0, 0.7664587664587665, 0, 0.0, 0, 4.584718399637798e-06, 1e-05, 1e-05, 0.01, 0.01, 0.01, 0.01, 1
0.09300000000000014 0.002, 0.0 0.0, 0.0 0.0, 0.0 0.0, 1.1461795999094495, 0.0, 218115.9043659044, 0.0, 0.000693000693000693, 0.000693000693000693, 0, 0.23284823284823283, 0, 0.7664587664587665, 0, 0.0, 0, 4.584718399637798e-06, 1e-05, 1e-05, 0.01, 0.01, 0.01, 0.01, 1
0.09300000000000014 0.004, 0.0 0.0, 0.0 0.0, 0.0 0.0, 1.1461795999094495, 0.0, 218115.9043659044, 0.0, 0.000693000693000693, 0.000693000693000693, 0, 0.23284823284823283, 0, 0.7664587664587665, 0, 0.0, 0, 4.584718399637798e-06, 1e-05, 1e-05, 0.01, 0.01, 0.01, 0.01, 1
0.09300000000000014 0.006, 0.0 0.0, 0.0 0.0, 0.0 0.0, 1.1461795999094495, 0.0, 218115.9043659044, 0.0, 0.000693000693000693, 0.000693000693000693, 0, 0.23284823284823283, 0, 0.7664587664587665, 0, 0.0, 0, 4.584718399637798e-06, 1e-05, 1e-05, 0.01, 0.01, 0.01, 0.01, 1
0.09300000000000014 0.008, 0.0 0.0, 0.0 0.0, 0.0 0.0, 1.1461795999094495, 0.0, 218115.9043659044, 0.0, 0.000693000693000693, 0.000693000693000693, 0, 0.23284823284823283, 0, 0.7664587664587665, 0, 0.0, 0, 4.584718399637798e-06, 1e-05, 1e-05, 0.01, 0.01, 0.01, 0.01, 1
0.09500000000000014 -0.008, 0.0 0.0, 0.0 0.0, 0.0 0.0, 1.1461795999094495, 0.0, 218115.9043659044, 0.0, 0.000693000693000693, 0.000693000693000693, 0, 0.23284823284823283, 0, 0.7664587664587665, 0, 0.0, 0, 4.584718399637798e-06, 1e-05, 1e-05, 0.01, 0.01, 0.01, 0.01, 1
0.09500000000000014 -0.006, 0.0 0.0, 0.0 0.0, 0.0 0.0, 1.1461795999094495, 0.0, 218115.9043659044, 0.0, 0.000693000693000693, 0.000693000693000693, 0, 0.23284823284823283, 0, 0.7664587664587665, 0, 0.0, 0, 4.584718399637798e-06, 1e-05, 1e-05, 0.01, 0.01, 0.01, 0.01, 1
0.09500000000000014 -0.004, 0.0 0.0, 0.0 0.0, 0.0 0.0, 1.1461795999094495, 0.0, 218115.9043659044, 0.0, 0.000693000693000693, 0.000693000693000693, 0, 0.23284823284823283, 0, 0.7664587664587665, 0, 0.0, 0, 4.584718399637798e-06, 1e-05, 1e-05, 0.01, 0.01, 0.01, 0.01, 1
0.09500000000000014 -0.002, 0.0 0.0, 0.0 0.0, 0.0 0.0, 1.1461795999094495, 0.0, 218115.9043659044, 0.0, 0.000693000693000693, 0.000693000693000693, 0, 0.23284823284823283, 0, 0.7664587664587665, 0, 0.0, 0, 4.584718399637798e-06, 1e-05, 1e-05, 0.01, 0.01, 0.01, 0.01, 1
0.09500000000000014 0.0, 0.0 0.0, 0.0 0.0, 0.0 0.0, 1.1461795999094495, 0.0, 218115.9043659044, 0.0, 0.000693000693000693, 0.000693000693000693, 0, 0.23284823284823283, 0, 0.7664587664587665, 0, 0.0, 0, 4.584718399637798e-06, 1e-05, 1e-05, 0.01, 0.01, 0.01, 0.01, 1
0.09500000000000014 0.002, 0.0 0.0, 0.0 0.0, 0.0 0.0, 1.1461795999094495, 0.0, 218115.9043659044, 0.0, 0.000693000693000693, 0.000693000693000693, 0, 0.23284823284823283, 0, 0.7664587664587665, 0, 0.0, 0, 4.584718399637798e-06, 1e-05, 1e-05, 0.01, 0.01, 0.01, 0.01, 1
0.09500000000000014 0.004, 0.0 0.0, 0.0 0.0, 0.0 0.0, 1.1461795999094495, 0.0, 218115.9043659044, 0.0, 0.000693000693000693, 0.000693000693000693, 0, 0.23284823284823283, 0, 0.7664587664587665, 0, 0.0, 0, 4.584718399637798e-06, 1e-05, 1e-05, 0.01, 0.01, 0.01, 0.01, 1
0.09500000000000014 0.006, 0.0 0.0, 0.0 0.0, 0.0 0.0, 1.1461795999094495, 0.0, 218115.9043659044, 0.0, 0.000693000693000693, 0.000693000693000693, 0, 0.23284823284823283, 0, 0.7664587664587665, 0, 0.0, 0, 4.584718399637798e-06, 1e-05, 1e-05, 0.01, 0.01, 0.01, 0.01, 1
0.09500000000000014 0.008, 0.0 0.0, 0.0 0.0, 0.0 0.0, 1.1461795999094495, 0.0, 218115.9043659044, 0.0, 0.000693000693000693, 0.000693000693000693, 0, 0.23284823284823283, 0, 0.7664587664587665, 0, 0.0, 0, 4.584718399637798e-06, 1e-05, 1e-05, 0.01, 0.01, 0.01, 0.01, 1
0.09700000000000014 -0.008, 0.0 0.0, 0.0 0.0, 0.0 0.0, 1.1461795999094495, 0.0, 218115.9043659044, 0.0, 0.000693000693000693, 0.000693000693000693, 0, 0.23284823284823283, 0, 0.7664587664587665, 0, 0.0, 0, 4.584718399637798e-06, 1e-05, 1e-05, 0.01, 0.01, 0.01, 0.01, 1
0.09700000000000014 -0.006, 0.0 0.0, 0.0 0.0, 0.0 0.0, 1.1461795999094495, 0.0, 218115.9043659044, 0.0, 0.000693000693000693, 0.000693000693000693, 0, 0.23284823284823283, 0, 0.7664587664587665, 0, 0.0, 0, 4.584718399637798e-06, 1e-05, 1e-05, 0.01, 0.01, 0.01, 0.01, 1
0.09700000000000014 -0.004, 0.0 0.0, 0.0 0.0, 0.0 0.0, 1.1461795999094495, 0.0, 218115.9043659044, 0.0, 0.000693000693000693, 0.000693000693000693, 0, 0.23284823284823283, 0, 0.7664587664587665, 0, 0.0, 0, 4.584718399637798e-06, 1e-05, 1e-05, 0.01, 0.01, 0.01, 0.01, 1
0.09700000000000014 -0.002, 0.0 0.0, 0.0 0.0, 0.0 0.0, 1.1461795999094495, 0.0, 218115.9043659044, 0.0, 0.000693000693000693, 0.000693000693000693, 0, 0.23284823284823283, 0, 0.7664587664587665, 0, 0.0, 0, 4.584718399637798e-06, 1e-05, 1e-05, 0.01, 0.01, 0.01, 0.01, 1
0.09700000000000014 0.0, 0.0 0.0, 0.0 0.0, 0.0 0.0, 1.1461795999094495, 0.0, 218115.9043659044, 0.0, 0.000693000693000693, 0.000693000693000693, 0, 0.23284823284823283, 0, 0.7664587664587665, 0, 0.0, 0, 4.584718399637798e-06, 1e-05, 1e-05, 0.01, 0.01, 0.01, 0.01, 1
0.09700000000000014 0.002, 0.0 0.0, 0.0 0.0, 0.0 0.0, 1.1461795999094495, 0.0, 218115.9043659044, 0.0, 0.000693000693000693, 0.000693000693000693, 0, 0.23284823284823283, 0, 0.7664587664587665, 0, 0.0, 0, 4.584718399637798e-06, 1e-05, 1e-05, 0.01, 0.01, 0.01, 0.01, 1
0.09700000000000014 0.004, 0.0 0.0, 0.0 0.0, 0.0 0.0, 1.1461795999094495, 0.0, 218115.9043659044, 0.0, 0.000693000693000693, 0.000693000693000693, 0, 0.23284823284823283, 0, 0.7664587664587665, 0, 0.0, 0, 4.584718399637798e-06, 1e-05, 1e-05, 0.01, 0.01, 0.01, 0.01, 1
0.09700000000000014 0.006, 0.0 0.0, 0.0 0.0, 0.0 0.0, 1.1461795999094495, 0.0, 218115.9043659044, 0.0, 0.000693000693000693, 0.000693000693000693, 0, 0.23284823284823283, 0, 0.7664587664587665, 0, 0.0, 0, 4.584718399637798e-06, 1e-05, 1e-05, 0.01, 0.01, 0.01, 0.01, 1
0.09700000000000014 0.008, 0.0 0.0, 0.0 0.0, 0.0 0.0, 1.1461795999094495, 0.0, 218115.9043659044, 0.0, 0.000693000693000693, 0.000693000693000693, 0, 0.23284823284823283, 0, 0.7664587664587665, 0, 0.0, 0, 4.584718399637798e-06, 1e-05, 1e-05, 0.01, 0.01, 0.01, 0.01, 1
0.09900000000000014 -0.008, 0.0 0.0, 0.0 0.0, 0.0 0.0, 1.1461795999094495, 0.0, 218115.9043659044, 0.0, 0.000693000693000693, 0.000693000693000693, 0, 0.23284823284823283, 0, 0.7664587664587665, 0, 0.0, 0, 4.584718399637798e-06, 1e-05, 1e-05, 0.01, 0.01, 0.01, 0.01, 1
0.09900000000000014 -0.006, 0.0 0.0, 0.0 0.0, 0.0 0.0, 1.1461795999094495, 0.0, 218115.9043659044, 0.0, 0.000693000693000693, 0.000693000693000693, 0, 0.23284823284823283, 0, 0.7664587664587665, 0, 0.0, 0, 4.584718399637798e-06, 1e-05, 1e-05, 0.01, 0.01, 0.01, 0.01, 1
0.09900000000000014 -0.004, 0.0 0.0, 0.0 0.0, 0.0 0.0, 1.1461795999094495, 0.0, 218115.9043659044, 0.0, 0.000693000693000693, 0.000693000693000693, 0, 0.23284823284823283, 0, 0.7664587664587665, 0, 0.0, 0, 4.584718399637798e-06, 1e-05, 1e-05, 0.01, 0.01, 0.01, 0.01, 1
0.09900000000000014 -0.002, 0.0 0.0, 0.0 0.0, 0.0 0.0, 1.1461795999094495, 0.0, 218115.9043659044, 0.0, 0.000693000693000693, 0.000693000693000693, 0, 0.23284823284823283, 0, 0.7664587664587665, 0, 0.0, 0, 4.584718399637798e-06, 1e-05, 1e-05, 0.01, 0.01, 0.01, 0.01, 1
0.09900000000000014 0.0, 0.0 0.0, 0.0 0.0, 0.0 0.0, 1.1461795999094495, 0.0, 218115.9043659044, 0.0, 0.000693000693000693, 0.000693000693000693, 0, 0.23284823284823283, 0, 0.7664587664587665, 0, 0.0, 0, 4.584718399637798e-06, 1e-05, 1e-05, 0.01, 0.01, 0.01, 0.01, 1
0.09900000000000014 0.002, 0.0 0.0, 0.0 0.0, 0.0 0.0, 1.1461795999094495, 0.0, 218115.9043659044, 0.0, 0.000693000693000693, 0.000693000693000693, 0, 0.23284823284823283, 0, 0.7664587664587665, 0, 0.0, 0, 4.584718399637798e-06, 1e-05, 1e-05, 0.01, 0.01, 0.01, 0.01, 1
0.09900000000000014 0.004, 0.0 0.0, 0.0 0.0, 0.0 0.0, 1.1461795999094495, 0.0, 218115.9043659044, 0.0, 0.000693000693000693, 0.000693000693000693, 0, 0.23284823284823283, 0, 0.7664587664587665, 0, 0.0, 0, 4.584718399637798e-06, 1e-05, 1e-05, 0.01, 0.01, 0.01, 0.01, 1
0.09900000000000014 0.006, 0.0 0.0, 0.0 0.0, 0.0 0.0, 1.1461795999094495, 0.0, 218115.9043659044, 0.0, 0.000693000693000693, 0.000693000693000693, 0, 0.23284823284823283, 0, 0.7664587664587665, 0, 0.0, 0, 4.584718399637798e-06, 1e-05, 1e-05, 0.01, 0.01, 0.01, 0.01, 1
0.09900000000000014 0.008, 0.0 0.0, 0.0 0.0, 0.0 0.0, 1.1461795999094495, 0.0, 218115.9043659044, 0.0, 0.000693000693000693, 0.000693000693000693, 0, 0.23284823284823283, 0, 0.7664587664587665, 0, 0.0, 0, 4.584718399637798e-06, 1e-05, 1e-05, 0.01, 0.01, 0.01, 0.01, 1
0.11600000000000002 0.043000000000000003, 0.0 0.0, 0.0 0.0, 0.0 0.0, 1.156839149618933, 0.0, 216106.1026352289, 0.0, 0.0, 0.0, 0, 0.23300970873786409, 0, 0.7669902912621359, 0, 0.0, 0, 4.627356598475732e-06, 1e-05, 1e-05, 0.01, 0.01, 0.01, 0.01, -255
0.11600000000000002 0.043000000000000003, 0.0 0.0, 0.0 0.0, 0.0 0.0, 1.156839149618933, 0.0, 216106.1026352289, 0.0, 0.0, 0.0, 0, 0.23300970873786409, 0, 0.7669902912621359, 0, 0.0, 0, 4.627356598475732e-06, 1e-05, 1e-05, 0.01, 0.01, 0.01, 0.01, -255
0.11600000000000002 0.043000000000000003, 0.0 0.0, 0.0 0.0, 0.0 0.0, 1.156839149618933, 0.0, 216106.1026352289, 0.0, 0.0, 0.0, 0, 0.23300970873786409, 0, 0.7669902912621359, 0, 0.0, 0, 4.627356598475732e-06, 1e-05, 1e-05, 0.01, 0.01, 0.01, 0.01, -255
0.11600000000000002 0.043000000000000003, 0.0 0.0, 0.0 0.0, 0.0 0.0, 1.156839149618933, 0.0, 216106.1026352289, 0.0, 0.0, 0.0, 0, 0.23300970873786409, 0, 0.7669902912621359, 0, 0.0, 0, 4.627356598475732e-06, 1e-05, 1e-05, 0.01, 0.01, 0.01, 0.01, -255
0.11600000000000002 0.043000000000000003, 0.0 0.0, 0.0 0.0, 0.0 0.0, 1.156839149618933, 0.0, 216106.1026352289, 0.0, 0.0, 0.0, 0, 0.23300970873786409, 0, 0.7669902912621359, 0, 0.0, 0, 4.627356598475732e-06, 1e-05, 1e-05, 0.01, 0.01, 0.01, 0.01, -255
0.11600000000000002 0.043000000000000003, 0.0 0.0, 0.0 0.0, 0.0 0.0, 1.156839149618933, 0.0, 216106.1026352289, 0.0, 0.0, 0.0, 0, 0.23300970873786409, 0, 0.7669902912621359, 0, 0.0, 0, 4.627356598475732e-06, 1e-05, 1e-05, 0.01, 0.01, 0.01, 0.01, -255
0.11600000000000002 0.043000000000000003, 0.0 0.0, 0.0 0.0, 0.0 0.0, 1.156839149618933, 0.0, 216106.1026352289, 0.0, 0.0, 0.0, 0, 0.23300970873786409, 0, 0.7669902912621359, 0, 0.0, 0, 4.627356598475732e-06, 1e-05, 1e-05, 0.01, 0.01, 0.01, 0.01, -255
0.11600000000000002 0.043000000000000003, 0.0 0.0, 0.0 0.0, 0.0 0.0, 1.156839149618933, 0.0, 216106.1026352289, 0.0, 0.0, 0.0, 0, 0.23300970873786409, 0, 0.7669902912621359, 0, 0.0, 0, 4.627356598475732e-06, 1e-05, 1e-05, 0.01, 0.01, 0.01, 0.01, -255
0.11600000000000002 0.043000000000000003, 0.0 0.0, 0.0 0.0, 0.0 0.0, 1.156839149618933, 0.0, 216106.1026352289, 0.0, 0.0, 0.0, 0, 0.23300970873786409, 0, 0.7669902912621359, 0, 0.0, 0, 4.627356598475732e-06, 1e-05, 1e-05, 0.01, 0.01, 0.01, 0.01, -255
0.11600000000000002 0.043000000000000003, 0.0 0.0, 0.0 0.0, 0.0 0.0, 1.156839149618933, 0.0, 216106.1026352289, 0.0, 0.0, 0.0, 0, 0.23300970873786409, 0, 0.7669902912621359, 0, 0.0, 0, 4.627356598475732e-06, 1e-05, 1e-05, 0.01, 0.01, 0.01, 0.01, -255
0.11600000000000002 0.043000000000000003, 0.0 0.0, 0.0 0.0, 0.0 0.0, 1.156839149618933, 0.0, 216106.1026352289, 0.0, 0.0, 0.0, 0, 0.23300970873786409, 0, 0.7669902912621359, 0, 0.0, 0, 4.627356598475732e-06, 1e-05, 1e-05, 0.01, 0.01, 0.01, 0.01, -255
0.11600000000000002 0.043000000000000003, 0.0 0.0, 0.0 0.0, 0.0 0.0, 1.156839149618933, 0.0, 216106.1026352289, 0.0, 0.0, 0.0, 0, 0.23300970873786409, 0, 0.7669902912621359, 0, 0.0, 0, 4.627356598475732e-06, 1e-05, 1e-05, 0.01, 0.01, 0.01, 0.01, -255
0.11600000000000002 0.043000000000000003, 0.0 0.0, 0.0 0.0, 0.0 0.0, 1.156839149618933, 0.0, 216106.1026352289, 0.0, 0.0, 0.0, 0, 0.23300970873786409, 0, 0.7669902912621359, 0, 0.0, 0, 4.627356598475732e-06, 1e-05, 1e-05, 0.01, 0.01, 0.01, 0.01, -255
0.11600000000000002 0.043000000000000003, 0.0 0.0, 0.0 0.0, 0.0 0.0, 1.156839149618933, 0.0, 216106.1026352289, 0.0, 0.0, 0.0, 0, 0.23300970873786409, 0, 0.7669902912621359, 0, 0.0, 0, 4.627356598475732e-06, 1e-05, 1e-05, 0.01, 0.01, 0.01, 0.01, -255
0.11600000000000002 0.043000000000000003, 0.0 0.0, 0.0 0.0, 0.0 0.0, 1.156839149618933, 0.0, 216106.1026352289, 0.0, 0.0, 0.0, 0, 0.23300970873786409, 0, 0.7669902912621359, 0, 0.0, 0, 4.627356598475732e-06, 1e-05, 1e-05, 0.01, 0.01, 0.01, 0.01, -255
0.11600000000000002 0.043000000000000003, 0.0 0.0, 0.0 0.0, 0.0 0.0, 1.156839149618933, 0.0, 216106.1026352289, 0.0, 0.0, 0.0, 0, 0.23300970873786409, 0, 0.7669902912621359, 0, 0.0, 0, 4.627356598475732e-06, 1e-05, 1e-05, 0.01, 0.01, 0.01, 0.01, -255
0.11600000000000002 0.043000000000000003, 0.0 0.0, 0.0 0.0, 0.0 0.0, 1.156839149618933, 0.0, 216106.1026352289, 0.0, 0.0, 0.0, 0, 0.23300970873786409, 0, 0.7669902912621359, 0, 0.0, 0, 4.627356598475732e-06, 1e-05, 1e-05, 0.01, 0.01, 0.01, 0.01, -255
0.11600000000000002 0.043000000000000003, 0.0 0.0, 0.0 0.0, 0.0 0.0, 1.156839149618933, 0.0, 216106.1026352289, 0.0, 0.0, 0.0, 0, 0.23300970873786409, 0, 0.7669902912621359, 0, 0.0, 0, 4.627356598475732e-06, 1e-05, 1e-05, 0.01, 0.01, 0.01, 0.01, -255
0.11600000000000002 0.043000000000000003, 0.0 0.0, 0.0 0.0, 0.0 0.0, 1.156839149618933, 0.0, 216106.1026352289, 0.0, 0.0, 0.0, 0, 0.23300970873786409, 0, 0.7669902912621359, 0, 0.0, 0, 4.627356598475732e-06, 1e-05, 1e-05, 0.01, 0.01, 0.01, 0.01, -255
0.11600000000000002 0.043000000000000003, 0.0 0.0, 0.0 0.0, 0.0 0.0, 1.156839149618933, 0.0, 216106.1026352289, 0.0, 0.0, 0.0, 0, 0.23300970873786409, 0, 0.7669902912621359, 0, 0.0, 0, 4.627356598475732e-06, 1e-05, 1e-05, 0.01, 0.01, 0.01, 0.01, -255
0.11600000000000002 0.043000000000000003, 0.0 0.0, 0.0 0.0, 0.0 0.0, 1.156839149618933, 0.0, 216106.1026352289, 0.0, 0.0, 0.0, 0, 0.23300970873786409, 0, 0.7669902912621359, 0, 0.0, 0, 4.627356598475732e-06, 1e-05, 1e-05, 0.01, 0.01, 0.01, 0.01, -255
0.11600000000000002 0.043000000000000003, 0.0 0.0, 0.0 0.0, 0.0 0.0, 1.156839149618933, 0.0, 216106.1026352289, 0.0, 0.0, 0.0, 0, 0.23300970873786409, 0, 0.7669902912621359, 0, 0.0, 0, 4.627356598475732e-06, 1e-05, 1e-05, 0.01, 0.01, 0.01, 0.01, -255
0.11600000000000002 0.043000000000000003, 0.0 0.0, 0.0 0.0, 0.0 0.0, 1.156839149618933, 0.0, 216106.1026352289, 0.0, 0.0, 0.0, 0, 0.23300970873786409, 0, 0.7669902912621359, 0, 0.0, 0, 4.627356598475732e-06, 1e-05, 1e-05, 0.01, 0.01, 0.01, 0.01, -255
0.11600000000000002 0.043000000000000003, 0.0 0.0, 0.0 0.0, 0.0 0.0, 1.156839149618933, 0.0, 216106.1026352289, 0.0, 0.0, 0.0, 0, 0.23300970873786409, 0, 0.7669902912621359, 0, 0.0, 0, 4.627356598475732e-06, 1e-05, 1e-05, 0.01, 0.01, 0.01, 0.01, -255
0.11600000000000002 0.043000000000000003, 0.0 0.0, 0.0 0.0, 0.0 0.0, 1.156839149618933, 0.0, 216106.1026352289, 0.0, 0.0, 0.0, 0, 0.23300970873786409, 0, 0.7669902912621359, 0, 0.0, 0, 4.627356598475732e-06, 1e-05, 1e-05, 0.01, 0.01, 0.01, 0.01, -255
0.11600000000000002 0.043000000000000003, 0.0 0.0, 0.0 0.0, 0.0 0.0, 1.156839149618933, 0.0, 216106.1026352289, 0.0, 0.0, 0.0, 0, 0.23300970873786409, 0, 0.7669902912621359, 0, 0.0, 0, 4.627356598475732e-06, 1e-05, 1e-05, 0.01, 0.01, 0.01, 0.01, -255
0.11600000000000002 0.043000000000000003, 0.0 0.0, 0.0 0.0, 0.0 0.0, 1.156839149618933, 0.0, 216106.1026352289, 0.0, 0.0, 0.0, 0, 0.23300970873786409, 0, 0.7669902912621359, 0, 0.0, 0, 4.627356598475732e-06, 1e-05, 1e-05, 0.01, 0.01, 0.01, 0.01, -255
0.11600000000000002 0.043000000000000003, 0.0 0.0, 0.0 0.0, 0.0 0.0, 1.156839149618933, 0.0, 216106.1026352289, 0.0, 0.0, 0.0, 0, 0.23300970873786409, 0, 0.7669902912621359, 0, 0.0, 0, 4.627356598475732e-06, 1e-05, 1e-05, 0.01, 0.01, 0.01, 0.01, -255
0.11600000000000002 0.043000000000000003, 0.0 0.0, 0.0 0.0, 0.0 0.0, 1.156839149618933, 0.0, 216106.1026352289, 0.0, 0.0, 0.0, 0, 0.23300970873786409, 0, 0.7669902912621359, 0, 0.0, 0, 4.627356598475732e-06, 1e-05, 1e-05, 0.01, 0.01, 0.01, 0.01, -255
0.11600000000000002 0.043000000000000003, 0.0 0.0, 0.0 0.0, 0.0 0.0, 1.156839149618933, 0.0, 216106.1026352289, 0.0, 0.0, 0.0, 0, 0.23300970873786409, 0, 0.7669902912621359, 0, 0.0, 0, 4.627356598475732e-06, 1e-05, 1e-05, 0.01, 0.01, 0.01, 0.01, -255
0.11600000000000002 0.043000000000000003, 0.0 0.0, 0.0 0.0, 0.0 0.0, 1.156839149618933, 0.0, 216106.1026352289, 0.0, 0.0, 0.0, 0, 0.23300970873786409, 0, 0.7669902912621359, 0, 0.0, 0, 4.627356598475732e-06, 1e-05, 1e-05, 0.01, 0.01, 0.01, 0.01, -255
0.11600000000000002 0.043000000000000003, 0.0 0.0, 0.0 0.0, 0.0 0.0, 1.156839149618933, 0.0, 216106.1026352289, 0.0, 0.0, 0.0, 0, 0.23300970873786409, 0, 0.7669902912621359, 0, 0.0, 0, 4.627356598475732e-06, 1e-05, 1e-05, 0.01, 0.01, 0.01, 0.01, -255
0.11600000000000002 0.043000000000000003, 0.0 0.0, 0.0 0.0, 0.0 0.0, 1.156839149618933, 0.0, 216106.1026352289, 0.0, 0.0, 0.0, 0, 0.23300970873786409, 0, 0.7669902912621359, 0, 0.0, 0, 4.627356598475732e-06, 1e-05, 1e-05, 0.01, 0.01, 0.01, 0.01, -255
0.11600000000000002 0.043000000000000003, 0.0 0.0, 0.0 0.0, 0.0 0.0, 1.156839149618933, 0.0, 216106.1026352289, 0.0, 0.0, 0.0, 0, 0.23300970873786409, 0, 0.7669902912621359, 0, 0.0, 0, 4.627356598475732e-06, 1e-05, 1e-05, 0.01, 0.01, 0.01, 0.01, -255
0.11600000000000002 0.043000000000000003, 0.0 0.0, 0.0 0.0, 0.0 0.0, 1.156839149618933, 0.0, 216106.1026352289, 0.0, 0.0, 0.0, 0, 0.23300970873786409, 0, 0.7669902912621359, 0, 0.0, 0, 4.627356598475732e-06, 1e-05, 1e-05, 0.01, 0.01, 0.01, 0.01, -255
0.11600000000000002 0.043000000000000003, 0.0 0.0, 0.0 0.0, 0.0 0.0, 1.156839149618933, 0.0, 216106.1026352289, 0.0, 0.0, 0.0, 0, 0.23300970873786409, 0, 0.7669902912621359, 0, 0.0, 0, 4.627356598475732e-06, 1e-05, 1e-05, 0.01, 0.01, 0.01, 0.01, -255
0.11600000000000002 0.043000000000000003, 0.0 0.0, 0.0 0.0, 0.0 0.0, 1.156839149618933, 0.0, 216106.1026352289, 0.0, 0.0, 0.0, 0, 0.23300970873786409, 0, 0.7669902912621359, 0, 0.0, 0, 4.627356598475732e-06, 1e-05, 1e-05, 0.01, 0.01, 0.01, 0.01, -255
0.11600000000000002 0.043000000000000003, 0.0 0.0, 0.0 0.0, 0.0 0.0, 1.156839149618933, 0.0, 216106.1026352289, 0.0, 0.0, 0.0, 0, 0.23300970873786409, 0, 0.7669902912621359, 0, 0.0, 0, 4.627356598475732e-06, 1e-05, 1e-05, 0.01, 0.01, 0.01, 0.01, -255
0.11600000000000002 0.043000000000000003, 0.0 0.0, 0.0 0.0, 0.0 0.0, 1.156839149618933, 0.0, 216106.1026352289, 0.0, 0.0, 0.0, 0, 0.23300970873786409, 0, 0.7669902912621359, 0, 0.0, 0, 4.627356598475732e-06, 1e-05, 1e-05, 0.01, 0.01, 0.01, 0.01, -255
0.11600000000000002 0.043000000000000003, 0.0 0.0, 0.0 0.0, 0.0 0.0, 1.156839149618933, 0.0, 216106.1026352289, 0.0, 0.0, 0.0, 0, 0.23300970873786409, 0, 0.7669902912621359, 0, 0.0, 0, 4.627356598475732e-06, 1e-05, 1e-05, 0.01, 0.01, 0.01, 0.01, -255
0.11600000000000002 0.043000000000000003, 0.0 0.0, 0.0 0.0, 0.0 0.0, 1.156839149618933, 0.0, 216106.1026352289, 0.0, 0.0, 0.0, 0, 0.23300970873786409, 0, 0.7669902912621359, 0, 0.0, 0, 4.627356598475732e-06, 1e-05, 1e-05, 0.01, 0.01, 0.01, 0.01, -255
0.11600000000000002 0.043000000000000003, 0.0 0.0, 0.0 0.0, 0.0 0.0, 1.156839149618933, 0.0, 216106.1026352289, 0.0, 0.0, 0.0, 0, 0.23300970873786409, 0, 0.7669902912621359, 0, 0.0, 0, 4.627356598475732e-06, 1e-05, 1e-05, 0.01, 0.01, 0.01, 0.01, -255
0.11600000000000002 0.043000000000000003, 0.0 0.0, 0.0 0.0, 0.0 0.0, 1.156839149618933, 0.0, 216106.1026352289, 0.0, 0.0, 0.0, 0, 0.23300970873786409, 0, 0.7669902912621359, 0, 0.0, 0, 4.627356598475732e-06, 1e-05, 1e-05, 0.01, 0.01, 0.01, 0.01, -255
0.11600000000000002 0.043000000000000003, 0.0 0.0, 0.0 0.0, 0.0 0.0, 1.156839149618933, 0.0, 216106.1026352289, 0.0, 0.0, 0.0, 0, 0.23300970873786409, 0, 0.7669902912621359, 0, 0.0, 0, 4.627356598475732e-06, 1e-05, 1e-05, 0.01, 0.01, 0.01, 0.01, -255
0.11600000000000002 0.043000000000000003, 0.0 0.0, 0.0 0.0, 0.0 0.0, 1.156839149618933, 0.0, 216106.1026352289, 0.0, 0.0, 0.0, 0, 0.23300970873786409, 0, 0.7669902912621359, 0, 0.0, 0, 4.627356598475732e-06, 1e-05, 1e-05, 0.01, 0.01, 0.01, 0.01, -255
0.11600000000000002 0.043000000000000003, 0.0 0.0, 0.0 0.0, 0.0 0.0, 1.156839149618933, 0.0, 216106.1026352289, 0.0, 0.0, 0.0, 0, 0.23300970873786409, 0, 0.7669902912621359, 0, 0.0, 0, 4.627356598475732e-06, 1e-05, 1e-05, 0.01, 0.01, 0.01, 0.01, -255
0.11600000000000002 0.043000000000000003, 0.0 0.0, 0.0 0.0, 0.0 0.0, 1.156839149618933, 0.0, 216106.1026352289, 0.0, 0.0, 0.0, 0, 0.23300970873786409, 0, 0.7669902912621359, 0, 0.0, 0, 4.627356598475732e-06, 1e-05, 1e-05, 0.01, 0.01, 0.01, 0.01, -255
0.11600000000000002 0.043000000000000003, 0.0 0.0, 0.0 0.0, 0.0 0.0, 1.156839149618933, 0.0, 216106.1026352289, 0.0, 0.0, 0.0, 0, 0.23300970873786409, 0, 0.7669902912621359, 0, 0.0, 0, 4.627356598475732e-06, 1e-05, 1e-05, 0.01, 0.01, 0.01, 0.01, -255
0.11600000000000002 0.043000000000000003, 0.0 0.0, 0.0 0.0, 0.0 0.0, 1.156839149618933, 0.0, 216106.1026352289, 0.0, 0.0, 0.0, 0, 0.23300970873786409, 0, 0.7669902912621359, 0, 0.0, 0, 4.627356598475732e-06, 1e-05, 1e-05, 0.01, 0.01, 0.01, 0.01, -255
0.11600000000000002 0.043000000000000003, 0.0 0.0, 0.0 0.0, 0.0 0.0, 1.156839149618933, 0.0, 216106.1026352289, 0.0, 0.0, 0.0, 0, 0.23300970873786409, 0, 0.7669902912621359, 0, 0.0, 0, 4.627356598475732e-06, 1e-05, 1e-05, 0.01, 0.01, 0.01, 0.01, -255
0.11600000000000002 0.043000000000000003, 0.0 0.0, 0.0 0.0, 0.0 0.0, 1.156839149618933, 0.0, 216106.1026352289, 0.0, 0.0, 0.0, 0, 0.23300970873786409, 0, 0.7669902912621359, 0, 0.0, 0, 4.627356598475732e-06, 1e-05, 1e-05, 0.01, 0.01, 0.01, 0.01, -255
0.11600000000000002 0.043000000000000003, 0.0 0.0, 0.0 0.0, 0.0 0.0, 1.156839149618933, 0.0, 216106.1026352289, 0.0, 0.0, 0.0, 0, 0.23300970873786409, 0, 0.7669902912621359, 0, 0.0, 0, 4.627356598475732e-06, 1e-05, 1e-05, 0.01, 0.01, 0.01, 0.01, -255
0.11600000000000002 0.043000000000000003, 0.0 0.0, 0.0 0.0, 0.0 0.0, 1.156839149618933, 0.0, 216106.1026352289, 0.0, 0.0, 0.0, 0, 0.23300970873786409, 0, 0.7669902912621359, 0, 0.0, 0, 4.627356598475732e-06, 1e-05, 1e-05, 0.01, 0.01, 0.01, 0.01, -255
0.11600000000000002 0.043000000000000003, 0.0 0.0, 0.0 0.0, 0.0 0.0, 1.156839149618933, 0.0, 216106.1026352289, 0.0, 0.0, 0.0, 0, 0.23300970873786409, 0, 0.7669902912621359, 0, 0.0, 0, 4.627356598475732e-06, 1e-05, 1e-05, 0.01, 0.01, 0.01, 0.01, -255
0.11600000000000002 0.043000000000000003, 0.0 0.0, 0.0 0.0, 0.0 0.0, 1.156839149618933, 0.0, 216106.1026352289, 0.0, 0.0, 0.0, 0, 0.23300970873786409, 0, 0.7669902912621359, 0, 0.0, 0, 4.627356598475732e-06, 1e-05, 1e-05, 0.01, 0.01, 0.01, 0.01, -255
0.11600000000000002 0.043000000000000003, 0.0 0.0, 0.0 0.0, 0.0 0.0, 1.156839149618933, 0.0, 216106.1026352289, 0.0, 0.0, 0.0, 0, 0.23300970873786409, 0, 0.7669902912621359, 0, 0.0, 0, 4.627356598475732e-06, 1e-05, 1e-05, 0.01, 0.01, 0.01, 0.01, -255
0.11600000000000002 0.043000000000000003, 0.0 0.0, 0.0 0.0, 0.0 0.0, 1.156839149618933, 0.0, 216106.1026352289, 0.0, 0.0, 0.0, 0, 0.23300970873786409, 0, 0.7669902912621359, 0, 0.0, 0, 4.627356598475732e-06, 1e-05, 1e-05, 0.01, 0.01, 0.01, 0.01, -255
0.11600000000000002 0.043000000000000003, 0.0 0.0, 0.0 0.0, 0.0 0.0, 1.156839149618933, 0.0, 216106.1026352289, 0.0, 0.0, 0.0, 0, 0.23300970873786409, 0, 0.7669902912621359, 0, 0.0, 0, 4.627356598475732e-06, 1e-05, 1e-05, 0.01, 0.01, 0.01, 0.01, -255
0.11600000000000002 0.043000000000000003, 0.0 0.0, 0.0 0.0, 0.0 0.0, 1.156839149618933, 0.0, 216106.1026352289, 0.0, 0.0, 0.0, 0, 0.23300970873786409, 0, 0.7669902912621359, 0, 0.0, 0, 4.627356598475732e-06, 1e-05, 1e-05, 0.01, 0.01, 0.01, 0.01, -255
0.11600000000000002 0.043000000000000003, 0.0 0.0, 0.0 0.0, 0.0 0.0, 1.156839149618933, 0.0, 216106.1026352289, 0.0, 0.0, 0.0, 0, 0.23300970873786409, 0, 0.7669902912621359, 0, 0.0, 0, 4.627356598475732e-06, 1e-05, 1e-05, 0.01, 0.01, 0.01, 0.01, -255
0.11600000000000002 0.043000000000000003, 0.0 0.0, 0.0 0.0, 0.0 0.0, 1.156839149618933, 0.0, 216106.1026352289, 0.0, 0.0, 0.0, 0, 0.23300970873786409, 0, 0.7669902912621359, 0, 0.0, 0, 4.627356598475732e-06, 1e-05, 1e-05, 0.01, 0.01, 0.01, 0.01, -255
0.11600000000000002 0.043000000000000003, 0.0 0.0, 0.0 0.0, 0.0 0.0, 1.156839149618933, 0.0, 216106.1026352289, 0.0, 0.0, 0.0, 0, 0.23300970873786409, 0, 0.7669902912621359, 0, 0.0, 0, 4.627356598475732e-06, 1e-05, 1e-05, 0.01, 0.01, 0.01, 0.01, -255
0.11600000000000002 0.043000000000000003, 0.0 0.0, 0.0 0.0, 0.0 0.0, 1.156839149618933, 0.0, 216106.1026352289, 0.0, 0.0, 0.0, 0, 0.23300970873786409, 0, 0.7669902912621359, 0, 0.0, 0, 4.627356598475732e-06, 1e-05, 1e-05, 0.01, 0.01, 0.01, 0.01, -255
0.11600000000000002 0.043000000000000003, 0.0 0.0, 0.0 0.0, 0.0 0.0, 1.156839149618933, 0.0, 216106.1026352289, 0.0, 0.0, 0.0, 0, 0.23300970873786409, 0, 0.7669902912621359, 0, 0.0, 0, 4.627356598475732e-06, 1e-05, 1e-05, 0.01, 0.01, 0.01, 0.01, -255
0.11600000000000002 0.043000000000000003, 0.0 0.0, 0.0 0.0, 0.0 0.0, 1.156839149618933, 0.0, 216106.1026352289, 0.0, 0.0, 0.0, 0, 0.23300970873786409, 0, 0.7669902912621359, 0, 0.0, 0, 4.627356598475732e-06, 1e-05, 1e-05, 0.01, 0.01, 0.01, 0.01, -255
0.11600000000000002 0.043000000000000003, 0.0 0.0, 0.0 0.0, 0.0 0.0, 1.156839149618933, 0.0, 216106.1026352289, 0.0, 0.0, 0.0, 0, 0.23300970873786409, 0, 0.7669902912621359, 0, 0.0, 0, 4.627356598475732e-06, 1e-05, 1e-05, 0.01, 0.01, 0.01, 0.01, -255
0.11600000000000002 0.043000000000000003, 0.0 0.0, 0.0 0.0, 0.0 0.0, 1.156839149618933, 0.0, 216106.1026352289, 0.0, 0.0, 0.0, 0, 0.23300970873786409, 0, 0.7669902912621359, 0, 0.0, 0, 4.627356598475732e-06, 1e-05, 1e-05, 0.01, 0.01, 0.01, 0.01, -255
0.11600000000000002 0.043000000000000003, 0.0 0.0, 0.0 0.0, 0.0 0.0, 1.156839149618933, 0.0, 216106.1026352289, 0.0, 0.0, 0.0, 0, 0.23300970873786409, 0, 0.7669902912621359, 0, 0.0, 0, 4.627356598475732e-06, 1e-05, 1e-05, 0.01, 0.01, 0.01, 0.01, -255
0.11600000000000002 0.043000000000000003, 0.0 0.0, 0.0 0.0, 0.0 0.0, 1.156839149618933, 0.0, 216106.1026352289, 0.0, 0.0, 0.0, 0, 0.23300970873786409, 0, 0.7669902912621359, 0, 0.0, 0, 4.627356598475732e-06, 1e-05, 1e-05, 0.01, 0.01, 0.01, 0.01, -255
0.11600000000000002 0.043000000000000003, 0.0 0.0, 0.0 0.0, 0.0 0.0, 1.156839149618933, 0.0, 216106.1026352289, 0.0, 0.0, 0.0, 0, 0.23300970873786409, 0, 0.7669902912621359, 0, 0.0, 0, 4.627356598475732e-06, 1e-05, 1e-05, 0.01, 0.01, 0.01, 0.01, -255
0.11600000000000002 0.043000000000000003, 0.0 0.0, 0.0 0.0, 0.0 0.0, 1.156839149618933, 0.0, 216106.1026352289, 0.0, 0.0, 0.0, 0, 0.23300970873786409, 0, 0.7669902912621359, 0, 0.0, 0, 4.627356598475732e-06, 1e-05, 1e-05, 0.01, 0.01, 0.01, 0.01, -255
0.11600000000000002 0.043000000000000003, 0.0 0.0, 0.0 0.0, 0.0 0.0, 1.156839149618933, 0.0, 216106.1026352289, 0.0, 0.0, 0.0, 0, 0.23300970873786409, 0, 0.7669902912621359, 0, 0.0, 0, 4.627356598475732e-06, 1e-05, 1e-05, 0.01, 0.01, 0.01, 0.01, -255
0.11600000000000002 0.043000000000000003, 0.0 0.0, 0.0 0.0, 0.0 0.0, 1.156839149618933, 0.0, 216106.1026352289, 0.0, 0.0, 0.0, 0, 0.23300970873786409, 0, 0.7669902912621359, 0, 0.0, 0, 4.627356598475732e-06, 1e-05, 1e-05, 0.01, 0.01, 0.01, 0.01, -255
0.11600000000000002 0.043000000000000003, 0.0 0.0, 0.0 0.0, 0.0 0.0, 1.156839149618933, 0.0, 216106.1026352289, 0.0, 0.0, 0.0, 0, 0.23300970873786409, 0, 0.7669902912621359, 0, 0.0, 0, 4.627356598475732e-06, 1e-05, 1e-05, 0.01, 0.01, 0.01, 0.01, -255
0.11600000000000002 0.043000000000000003, 0.0 0.0, 0.0 0.0, 0.0 0.0, 1.156839149618933, 0.0, 216106.1026352289, 0.0, 0.0, 0.0, 0, 0.23300970873786409, 0, 0.7669902912621359, 0, 0.0, 0, 4.627356598475732e-06, 1e-05, 1e-05, 0.01, 0.01, 0.01, 0.01, -255
0.11600000000000002 0.043000000000000003, 0.0 0.0, 0.0 0.0, 0.0 0.0, 1.156839149618933, 0.0, 216106.1026352289, 0.0, 0.0, 0.0, 0, 0.23300970873786409, 0, 0.7669902912621359, 0, 0.0, 0, 4.627356598475732e-06, 1e-05, 1e-05, 0.01, 0.01, 0.01, 0.01, -255
0.11600000000000002 0.043000000000000003, 0.0 0.0, 0.0 0.0, 0.0 0.0, 1.156839149618933, 0.0, 216106.1026352289, 0.0, 0.0, 0.0, 0, 0.23300970873786409, 0, 0.7669902912621359, 0, 0.0, 0, 4.627356598475732e-06, 1e-05, 1e-05, 0.01, 0.01, 0.01, 0.01, -255
0.11600000000000002 0.043000000000000003, 0.0 0.0, 0.0 0.0, 0.0 0.0, 1.156839149618933, 0.0, 216106.1026352289, 0.0, 0.0, 0.0, 0, 0.23300970873786409, 0, 0.7669902912621359, 0, 0.0, 0, 4.627356598475732e-06, 1e-05, 1e-05, 0.01, 0.01, 0.01, 0.01, -255
0.11600000000000002 0.043000000000000003, 0.0 0.0, 0.0 0.0, 0.0 0.0, 1.156839149618933, 0.0, 216106.1026352289, 0.0, 0.0, 0.0, 0, 0.23300970873786409, 0, 0.7669902912621359, 0, 0.0, 0, 4.627356598475732e-06, 1e-05, 1e-05, 0.01, 0.01, 0.01, 0.01, -255
0.11600000000000002 0.043000000000000003, 0.0 0.0, 0.0 0.0, 0.0 0.0, 1.156839149618933, 0.0, 216106.1026352289, 0.0, 0.0, 0.0, 0, 0.23300970873786409, 0, 0.7669902912621359, 0, 0.0, 0, 4.627356598475732e-06, 1e-05, 1e-05, 0.01, 0.01, 0.01, 0.01, -255
0.11600000000000002 0.043000000000000003, 0.0 0.0, 0.0 0.0, 0.0 0.0, 1.156839149618933, 0.0, 216106.1026352289, 0.0, 0.0, 0.0, 0, 0.23300970873786409, 0, 0.7669902912621359, 0, 0.0, 0, 4.627356598475732e-06, 1e-05, 1e-05, 0.01, 0.01, 0.01, 0.01, -255
0.11600000000000002 0.043000000000000003, 0.0 0.0, 0.0 0.0, 0.0 0.0, 1.156839149618933, 0.0, 216106.1026352289, 0.0, 0.0, 0.0, 0, 0.23300970873786409, 0, 0.7669902912621359, 0, 0.0, 0, 4.627356598475732e-06, 1e-05, 1e-05, 0.01, 0.01, 0.01, 0.01, -255
0.11600000000000002 0.043000000000000003, 0.0 0.0, 0.0 0.0, 0.0 0.0, 1.156839149618933, 0.0, 216106.1026352289, 0.0, 0.0, 0.0, 0, 0.23300970873786409, 0, 0.7669902912621359, 0, 0.0, 0, 4.627356598475732e-06, 1e-05, 1e-05, 0.01, 0.01, 0.01, 0.01, -255
0.11600000000000002 0.043000000000000003, 0.0 0.0, 0.0 0.0, 0.0 0.0, 1.156839149618933, 0.0, 216106.1026352289, 0.0, 0.0, 0.0, 0, 0.23300970873786409, 0, 0.7669902912621359, 0, 0.0, 0, 4.627356598475732e-06, 1e-05, 1e-05, 0.01, 0.01, 0.01, 0.01, -255
0.11600000000000002 0.043000000000000003, 0.0 0.0, 0.0 0.0, 0.0 0.0, 1.156839149618933, 0.0, 216106.1026352289, 0.0, 0.0, 0.0, 0, 0.23300970873786409, 0, 0.7669902912621359, 0, 0.0, 0, 4.627356598475732e-06, 1e-05, 1e-05, 0.01, 0.01, 0.01, 0.01, -255
0.11600000000000002 0.043000000000000003, 0.0 0.0, 0.0 0.0, 0.0 0.0, 1.156839149618933, 0.0, 216106.1026352289, 0.0, 0.0, 0.0, 0, 0.23300970873786409, 0, 0.7669902912621359, 0, 0.0, 0, 4.627356598475732e-06, 1e-05, 1e-05, 0.01, 0.01, 0.01, 0.01, -255
0.11600000000000002 0.043000000000000003, 0.0 0.0, 0.0 0.0, 0.0 0.0, 1.156839149618933, 0.0, 216106.1026352289, 0.0, 0.0, 0.0, 0, 0.23300970873786409, 0, 0.7669902912621359, 0, 0.0, 0, 4.627356598475732e-06, 1e-05, 1e-05, 0.01, 0.01, 0.01, 0.01, -255
0.11600000000000002 0.043000000000000003, 0.0 0.0, 0.0 0.0, 0.0 0.0, 1.156839149618933, 0.0, 216106.1026352289, 0.0, 0.0, 0.0, 0, 0.23300970873786409, 0, 0.7669902912621359, 0, 0.0, 0, 4.627356598475732e-06, 1e-05, 1e-05, 0.01, 0.01, 0.01, 0.01, -255
0.11600000000000002 0.043000000000000003, 0.0 0.0, 0.0 0.0, 0.0 0.0, 1.156839149618933, 0.0, 216106.1026352289, 0.0, 0.0, 0.0, 0, 0.23300970873786409, 0, 0.7669902912621359, 0, 0.0, 0, 4.627356598475732e-06, 1e-05, 1e-05, 0.01, 0.01, 0.01, 0.01, -255
0.11600000000000002 0.043000000000000003, 0.0 0.0, 0.0 0.0, 0.0 0.0, 1.156839149618933, 0.0, 216106.1026352289, 0.0, 0.0, 0.0, 0, 0.23300970873786409, 0, 0.7669902912621359, 0, 0.0, 0, 4.627356598475732e-06, 1e-05, 1e-05, 0.01, 0.01, 0.01, 0.01, -255
0.11600000000000002 0.043000000000000003, 0.0 0.0, 0.0 0.0, 0.0 0.0, 1.156839149618933, 0.0, 216106.1026352289, 0.0, 0.0, 0.0, 0, 0.23300970873786409, 0, 0.7669902912621359, 0, 0.0, 0, 4.627356598475732e-06, 1e-05, 1e-05, 0.01, 0.01, 0.01, 0.01, -255
0.11600000000000002 0.043000000000000003, 0.0 0.0, 0.0 0.0, 0.0 0.0, 1.156839149618933, 0.0, 216106.1026352289, 0.0, 0.0, 0.0, 0, 0.23300970873786409, 0, 0.7669902912621359, 0, 0.0, 0, 4.627356598475732e-06, 1e-05, 1e-05, 0.01, 0.01, 0.01, 0.01, -255
0.11600000000000002 0.043000000000000003, 0.0 0.0, 0.0 0.0, 0.0 0.0, 1.156839149618933, 0.0, 216106.1026352289, 0.0, 0.0, 0.0, 0, 0.23300970873786409, 0, 0.7669902912621359, 0, 0.0, 0, 4.627356598475732e-06, 1e-05, 1e-05, 0.01, 0.01, 0.01, 0.01, -255
0.11600000000000002 0.043000000000000003, 0.0 0.0, 0.0 0.0, 0.0 0.0, 1.156839149618933, 0.0, 216106.1026352289, 0.0, 0.0, 0.0, 0, 0.23300970873786409, 0, 0.7669902912621359, 0, 0.0, 0, 4.627356598475732e-06, 1e-05, 1e-05, 0.01, 0.01, 0.01, 0.01, -255
0.11600000000000002 0.043000000000000003, 0.0 0.0, 0.0 0.0, 0.0 0.0, 1.156839149618933, 0.0, 216106.1026352289, 0.0, 0.0, 0.0, 0, 0.23300970873786409, 0, 0.7669902912621359, 0, 0.0, 0, 4.627356598475732e-06, 1e-05, 1e-05, 0.01, 0.01, 0.01, 0.01, -255
0.11600000000000002 0.043000000000000003, 0.0 0.0, 0.0 0.0, 0.0 0.0, 1.156839149618933, 0.0, 216106.1026352289, 0.0, 0.0, 0.0, 0, 0.23300970873786409, 0, 0.7669902912621359, 0, 0.0, 0, 4.627356598475732e-06, 1e-05, 1e-05, 0.01, 0.01, 0.01, 0.01, -255
0.11600000000000002 0.043000000000000003, 0.0 0.0, 0.0 0.0, 0.0 0.0, 1.156839149618933, 0.0, 216106.1026352289, 0.0, 0.0, 0.0, 0, 0.23300970873786409, 0, 0.7669902912621359, 0, 0.0, 0, 4.627356598475732e-06, 1e-05, 1e-05, 0.01, 0.01, 0.01, 0.01, -255
0.11600000000000002 0.043000000000000003, 0.0 0.0, 0.0 0.0, 0.0 0.0, 1.156839149618933, 0.0, 216106.1026352289, 0.0, 0.0, 0.0, 0, 0.23300970873786409, 0, 0.7669902912621359, 0, 0.0, 0, 4.627356598475732e-06, 1e-05, 1e-05, 0.01, 0.01, 0.01, 0.01, -255
0.11600000000000002 0.043000000000000003, 0.0 0.0, 0.0 0.0, 0.0 0.0, 1.156839149618933, 0.0, 216106.1026352289, 0.0, 0.0, 0.0, 0, 0.23300970873786409, 0, 0.7669902912621359, 0, 0.0, 0, 4.627356598475732e-06, 1e-05, 1e-05, 0.01, 0.01, 0.01, 0.01, -255
0.11600000000000002 0.043000000000000003, 0.0 0.0, 0.0 0.0, 0.0 0.0, 1.156839149618933, 0.0, 216106.1026352289, 0.0, 0.0, 0.0, 0, 0.23300970873786409, 0, 0.7669902912621359, 0, 0.0, 0, 4.627356598475732e-06, 1e-05, 1e-05, 0.01, 0.01, 0.01, 0.01, -255
0.11600000000000002 0.043000000000000003, 0.0 0.0, 0.0 0.0, 0.0 0.0, 1.156839149618933, 0.0, 216106.1026352289, 0.0, 0.0, 0.0, 0, 0.23300970873786409, 0, 0.7669902912621359, 0, 0.0, 0, 4.627356598475732e-06, 1e-05, 1e-05, 0.01, 0.01, 0.01, 0.01, -255
0.11600000000000002 0.043000000000000003, 0.0 0.0, 0.0 0.0, 0.0 0.0, 1.156839149618933, 0.0, 216106.1026352289, 0.0, 0.0, 0.0, 0, 0.23300970873786409, 0, 0.7669902912621359, 0, 0.0, 0, 4.627356598475732e-06, 1e-05, 1e-05, 0.01, 0.01, 0.01, 0.01, -255
0.11600000000000002 0.043000000000000003, 0.0 0.0, 0.0 0.0, 0.0 0.0, 1.156839149618933, 0.0, 216106.1026352289, 0.0, 0.0, 0.0, 0, 0.23300970873786409, 0, 0.7669902912621359, 0, 0.0, 0, 4.627356598475732e-06, 1e-05, 1e-05, 0.01, 0.01, 0.01, 0.01, -255
0.11600000000000002 0.043000000000000003, 0.0 0.0, 0.0 0.0, 0.0 0.0, 1.156839149618933, 0.0, 216106.1026352289, 0.0, 0.0, 0.0, 0, 0.23300970873786409, 0, 0.7669902912621359, 0, 0.0, 0, 4.627356598475732e-06, 1e-05, 1e-05, 0.01, 0.01, 0.01, 0.01, -255
0.11600000000000002 0.043000000000000003, 0.0 0.0, 0.0 0.0, 0.0 0.0, 1.156839149618933, 0.0, 216106.1026352289, 0.0, 0.0, 0.0, 0, 0.23300970873786409, 0, 0.7669902912621359, 0, 0.0, 0, 4.627356598475732e-06, 1e-05, 1e-05, 0.01, 0.01, 0.01, 0.01, -255
0.11600000000000002 0.043000000000000003, 0.0 0.0, 0.0 0.0, 0.0 0.0, 1.156839149618933, 0.0, 216106.1026352289, 0.0, 0.0, 0.0, 0, 0.23300970873786409, 0, 0.7669902912621359, 0, 0.0, 0, 4.627356598475732e-06, 1e-05, 1e-05, 0.01, 0.01, 0.01, 0.01, -255
0.11600000000000002 0.043000000000000003, 0.0 0.0, 0.0 0.0, 0.0 0.0, 1.156839149618933, 0.0, 216106.1026352289, 0.0, 0.0, 0.0, 0, 0.23300970873786409, 0, 0.7669902912621359, 0, 0.0, 0, 4.627356598475732e-06, 1e-05, 1e-05, 0.01, 0.01, 0.01, 0.01, -255
0.11600000000000002 0.043000000000000003, 0.0 0.0, 0.0 0.0, 0.0 0.0, 1.156839149618933, 0.0, 216106.1026352289, 0.0, 0.0, 0.0, 0, 0.23300970873786409, 0, 0.7669902912621359, 0, 0.0, 0, 4.627356598475732e-06, 1e-05, 1e-05, 0.01, 0.01, 0.01, 0.01, -255
0.11600000000000002 0.043000000000000003, 0.0 0.0, 0.0 0.0, 0.0 0.0, 1.156839149618933, 0.0, 216106.1026352289, 0.0, 0.0, 0.0, 0, 0.23300970873786409, 0, 0.7669902912621359, 0, 0.0, 0, 4.627356598475732e-06, 1e-05, 1e-05, 0.01, 0.01, 0.01, 0.01, -255
0.11600000000000002 0.043000000000000003, 0.0 0.0, 0.0 0.0, 0.0 0.0, 1.156839149618933, 0.0, 216106.1026352289, 0.0, 0.0, 0.0, 0, 0.23300970873786409, 0, 0.7669902912621359, 0, 0.0, 0, 4.627356598475732e-06, 1e-05, 1e-05, 0.01, 0.01, 0.01, 0.01, -255
0.11600000000000002 0.043000000000000003, 0.0 0.0, 0.0 0.0, 0.0 0.0, 1.156839149618933, 0.0, 216106.1026352289, 0.0, 0.0, 0.0, 0, 0.23300970873786409, 0, 0.7669902912621359, 0, 0.0, 0, 4.627356598475732e-06, 1e-05, 1e-05, 0.01, 0.01, 0.01, 0.01, -255
0.11600000000000002 0.043000000000000003, 0.0 0.0, 0.0 0.0, 0.0 0.0, 1.156839149618933, 0.0, 216106.1026352289, 0.0, 0.0, 0.0, 0, 0.23300970873786409, 0, 0.7669902912621359, 0, 0.0, 0, 4.627356598475732e-06, 1e-05, 1e-05, 0.01, 0.01, 0.01, 0.01, -255
0.11600000000000002 0.043000000000000003, 0.0 0.0, 0.0 0.0, 0.0 0.0, 1.156839149618933, 0.0, 216106.1026352289, 0.0, 0.0, 0.0, 0, 0.23300970873786409, 0, 0.7669902912621359, 0, 0.0, 0, 4.627356598475732e-06, 1e-05, 1e-05, 0.01, 0.01, 0.01, 0.01, -255
0.11600000000000002 0.043000000000000003, 0.0 0.0, 0.0 0.0, 0.0 0.0, 1.156839149618933, 0.0, 216106.1026352289, 0.0, 0.0, 0.0, 0, 0.23300970873786409, 0, 0.7669902912621359, 0, 0.0, 0, 4.627356598475732e-06, 1e-05, 1e-05, 0.01, 0.01, 0.01, 0.01, -255
0.11600000000000002 0.043000000000000003, 0.0 0.0, 0.0 0.0, 0.0 0.0, 1.156839149618933, 0.0, 216106.1026352289, 0.0, 0.0, 0.0, 0, 0.23300970873786409, 0, 0.7669902912621359, 0, 0.0, 0, 4.627356598475732e-06, 1e-05, 1e-05, 0.01, 0.01, 0.01, 0.01, -255
0.11600000000000002 0.043000000000000003, 0.0 0.0, 0.0 0.0, 0.0 0.0, 1.156839149618933, 0.0, 216106.1026352289, 0.0, 0.0, 0.0, 0, 0.23300970873786409, 0, 0.7669902912621359, 0, 0.0, 0, 4.627356598475732e-06, 1e-05, 1e-05, 0.01, 0.01, 0.01, 0.01, -255
0.11600000000000002 0.043000000000000003, 0.0 0.0, 0.0 0.0, 0.0 0.0, 1.156839149618933, 0.0, 216106.1026352289, 0.0, 0.0, 0.0, 0, 0.23300970873786409, 0, 0.7669902912621359, 0, 0.0, 0, 4.627356598475732e-06, 1e-05, 1e-05, 0.01, 0.01, 0.01, 0.01, -255
0.11600000000000002 0.043000000000000003, 0.0 0.0, 0.0 0.0, 0.0 0.0, 1.156839149618933, 0.0, 216106.1026352289, 0.0, 0.0, 0.0, 0, 0.23300970873786409, 0, 0.7669902912621359, 0, 0.0, 0, 4.627356598475732e-06, 1e-05, 1e-05, 0.01, 0.01, 0.01, 0.01, -255
0.11600000000000002 0.043000000000000003, 0.0 0.0, 0.0 0.0, 0.0 0.0, 1.156839149618933, 0.0, 216106.1026352289, 0.0, 0.0, 0.0, 0, 0.23300970873786409, 0, 0.7669902912621359, 0, 0.0, 0, 4.627356598475732e-06, 1e-05, 1e-05, 0.01, 0.01, 0.01, 0.01, -255
0.11600000000000002 0.043000000000000003, 0.0 0.0, 0.0 0.0, 0.0 0.0, 1.156839149618933, 0.0, 216106.1026352289, 0.0, 0.0, 0.0, 0, 0.23300970873786409, 0, 0.7669902912621359, 0, 0.0, 0, 4.627356598475732e-06, 1e-05, 1e-05, 0.01, 0.01, 0.01, 0.01, -255
0.11600000000000002 0.043000000000000003, 0.0 0.0, 0.0 0.0, 0.0 0.0, 1.156839149618933, 0.0, 216106.1026352289, 0.0, 0.0, 0.0, 0, 0.23300970873786409, 0, 0.7669902912621359, 0, 0.0, 0, 4.627356598475732e-06, 1e-05, 1e-05, 0.01, 0.01, 0.01, 0.01, -255
0.11600000000000002 0.043000000000000003, 0.0 0.0, 0.0 0.0, 0.0 0.0, 1.156839149618933, 0.0, 216106.1026352289, 0.0, 0.0, 0.0, 0, 0.23300970873786409, 0, 0.7669902912621359, 0, 0.0, 0, 4.627356598475732e-06, 1e-05, 1e-05, 0.01, 0.01, 0.01, 0.01, -255
0.11600000000000002 0.043000000000000003, 0.0 0.0, 0.0 0.0, 0.0 0.0, 1.156839149618933, 0.0, 216106.1026352289, 0.0, 0.0, 0.0, 0, 0.23300970873786409, 0, 0.7669902912621359, 0, 0.0, 0, 4.627356598475732e-06, 1e-05, 1e-05, 0.01, 0.01, 0.01, 0.01, -255
0.11600000000000002 0.043000000000000003, 0.0 0.0, 0.0 0.0, 0.0 0.0, 1.156839149618933, 0.0, 216106.1026352289, 0.0, 0.0, 0.0, 0, 0.23300970873786409, 0, 0.7669902912621359, 0, 0.0, 0, 4.627356598475732e-06, 1e-05, 1e-05, 0.01, 0.01, 0.01, 0.01, -255
0.11600000000000002 0.043000000000000003, 0.0 0.0, 0.0 0.0, 0.0 0.0, 1.156839149618933, 0.0, 216106.1026352289, 0.0, 0.0, 0.0, 0, 0.23300970873786409, 0, 0.7669902912621359, 0, 0.0, 0, 4.627356598475732e-06, 1e-05, 1e-05, 0.01, 0.01, 0.01, 0.01, -255
0.11600000000000002 0.043000000000000003, 0.0 0.0, 0.0 0.0, 0.0 0.0, 1.156839149618933, 0.0, 216106.1026352289, 0.0, 0.0, 0.0, 0, 0.23300970873786409, 0, 0.7669902912621359, 0, 0.0, 0, 4.627356598475732e-06, 1e-05, 1e-05, 0.01, 0.01, 0.01, 0.01, -255
0.11600000000000002 0.043000000000000003, 0.0 0.0, 0.0 0.0, 0.0 0.0, 1.156839149618933, 0.0, 216106.1026352289, 0.0, 0.0, 0.0, 0, 0.23300970873786409, 0, 0.7669902912621359, 0, 0.0, 0, 4.627356598475732e-06, 1e-05, 1e-05, 0.01, 0.01, 0.01, 0.01, -255
0.11600000000000002 0.043000000000000003, 0.0 0.0, 0.0 0.0, 0.0 0.0, 1.156839149618933, 0.0, 216106.1026352289, 0.0, 0.0, 0.0, 0, 0.23300970873786409, 0, 0.7669902912621359, 0, 0.0, 0, 4.627356598475732e-06, 1e-05, 1e-05, 0.01, 0.01, 0.01, 0.01, -255
0.11600000000000002 0.043000000000000003, 0.0 0.0, 0.0 0.0, 0.0 0.0, 1.156839149618933, 0.0, 216106.1026352289, 0.0, 0.0, 0.0, 0, 0.23300970873786409, 0, 0.7669902912621359, 0, 0.0, 0, 4.627356598475732e-06, 1e-05, 1e-05, 0.01, 0.01, 0.01, 0.01, -255
0.11600000000000002 0.043000000000000003, 0.0 0.0, 0.0 0.0, 0.0 0.0, 1.156839149618933, 0.0, 216106.1026352289, 0.0, 0.0, 0.0, 0, 0.23300970873786409, 0, 0.7669902912621359, 0, 0.0, 0, 4.627356598475732e-06, 1e-05, 1e-05, 0.01, 0.01, 0.01, 0.01, -255
0.11600000000000002 0.043000000000000003, 0.0 0.0, 0.0 0.0, 0.0 0.0, 1.156839149618933, 0.0, 216106.1026352289, 0.0, 0.0, 0.0, 0, 0.23300970873786409, 0, 0.7669902912621359, 0, 0.0, 0, 4.627356598475732e-06, 1e-05, 1e-05, 0.01, 0.01, 0.01, 0.01, -255
0.11600000000000002 0.043000000000000003, 0.0 0.0, 0.0 0.0, 0.0 0.0, 1.156839149618933, 0.0, 216106.1026352289, 0.0, 0.0, 0.0, 0, 0.23300970873786409, 0, 0.7669902912621359, 0, 0.0, 0, 4.627356598475732e-06, 1e-05, 1e-05, 0.01, 0.01, 0.01, 0.01, -255
0.11600000000000002 0.043000000000000003, 0.0 0.0, 0.0 0.0, 0.0 0.0, 1.156839149618933, 0.0, 216106.1026352289, 0.0, 0.0, 0.0, 0, 0.23300970873786409, 0, 0.7669902912621359, 0, 0.0, 0, 4.627356598475732e-06, 1e-05, 1e-05, 0.01, 0.01, 0.01, 0.01, -255
0.11600000000000002 0.043000000000000003, 0.0 0.0, 0.0 0.0, 0.0 0.0, 1.156839149618933, 0.0, 216106.1026352289, 0.0, 0.0, 0.0, 0, 0.23300970873786409, 0, 0.7669902912621359, 0, 0.0, 0, 4.627356598475732e-06, 1e-05, 1e-05, 0.01, 0.01, 0.01, 0.01, -255
0.11600000000000002 0.043000000000000003, 0.0 0.0, 0.0 0.0, 0.0 0.0, 1.156839149618933, 0.0, 216106.1026352289, 0.0, 0.0, 0.0, 0, 0.23300970873786409, 0, 0.7669902912621359, 0, 0.0, 0, 4.627356598475732e-06, 1e-05, 1e-05, 0.01, 0.01, 0.01, 0.01, -255
0.11600000000000002 0.043000000000000003, 0.0 0.0, 0.0 0.0, 0.0 0.0, 1.156839149618933, 0.0, 216106.1026352289, 0.0, 0.0, 0.0, 0, 0.23300970873786409, 0, 0.7669902912621359, 0, 0.0, 0, 4.627356598475732e-06, 1e-05, 1e-05, 0.01, 0.01, 0.01, 0.01, -255
0.11600000000000002 0.043000000000000003, 0.0 0.0, 0.0 0.0, 0.0 0.0, 1.156839149618933, 0.0, 216106.1026352289, 0.0, 0.0, 0.0, 0, 0.23300970873786409, 0, 0.7669902912621359, 0, 0.0, 0, 4.627356598475732e-06, 1e-05, 1e-05, 0.01, 0.01, 0.01, 0.01, -255
0.11600000000000002 0.043000000000000003, 0.0 0.0, 0.0 0.0, 0.0 0.0, 1.156839149618933, 0.0, 216106.1026352289, 0.0, 0.0, 0.0, 0, 0.23300970873786409, 0, 0.7669902912621359, 0, 0.0, 0, 4.627356598475732e-06, 1e-05, 1e-05, 0.01, 0.01, 0.01, 0.01, -255
0.11600000000000002 0.043000000000000003, 0.0 0.0, 0.0 0.0, 0.0 0.0, 1.156839149618933, 0.0, 216106.1026352289, 0.0, 0.0, 0.0, 0, 0.23300970873786409, 0, 0.7669902912621359, 0, 0.0, 0, 4.627356598475732e-06, 1e-05, 1e-05, 0.01, 0.01, 0.01, 0.01, -255
0.11600000000000002 0.043000000000000003, 0.0 0.0, 0.0 0.0, 0.0 0.0, 1.156839149618933, 0.0, 216106.1026352289, 0.0, 0.0, 0.0, 0, 0.23300970873786409, 0, 0.7669902912621359, 0, 0.0, 0, 4.627356598475732e-06, 1e-05, 1e-05, 0.01, 0.01, 0.01, 0.01, -255
0.11600000000000002 0.043000000000000003, 0.0 0.0, 0.0 0.0, 0.0 0.0, 1.156839149618933, 0.0, 216106.1026352289, 0.0, 0.0, 0.0, 0, 0.23300970873786409, 0, 0.7669902912621359, 0, 0.0, 0, 4.627356598475732e-06, 1e-05, 1e-05, 0.01, 0.01, 0.01, 0.01, -255
0.11600000000000002 0.043000000000000003, 0.0 0.0, 0.0 0.0, 0.0 0.0, 1.156839149618933, 0.0, 216106.1026352289, 0.0, 0.0, 0.0, 0, 0.23300970873786409, 0, 0.7669902912621359, 0, 0.0, 0, 4.627356598475732e-06, 1e-05, 1e-05, 0.01, 0.01, 0.01, 0.01, -255
0.11600000000000002 0.043000000000000003, 0.0 0.0, 0.0 0.0, 0.0 0.0, 1.156839149618933, 0.0, 216106.1026352289, 0.0, 0.0, 0.0, 0, 0.23300970873786409, 0, 0.7669902912621359, 0, 0.0, 0, 4.627356598475732e-06, 1e-05, 1e-05, 0.01, 0.01, 0.01, 0.01, -255
0.11600000000000002 0.043000000000000003, 0.0 0.0, 0.0 0.0, 0.0 0.0, 1.156839149618933, 0.0, 216106.1026352289, 0.0, 0.0, 0.0, 0, 0.23300970873786409, 0, 0.7669902912621359, 0, 0.0, 0, 4.627356598475732e-06, 1e-05, 1e-05, 0.01, 0.01, 0.01, 0.01, -255
0.11600000000000002 0.043000000000000003, 0.0 0.0, 0.0 0.0, 0.0 0.0, 1.156839149618933, 0.0, 216106.1026352289, 0.0, 0.0, 0.0, 0, 0.23300970873786409, 0, 0.7669902912621359, 0, 0.0, 0, 4.627356598475732e-06, 1e-05, 1e-05, 0.01, 0.01, 0.01, 0.01, -255
0.11600000000000002 0.043000000000000003, 0.0 0.0, 0.0 0.0, 0.0 0.0, 1.156839149618933, 0.0, 216106.1026352289, 0.0, 0.0, 0.0, 0, 0.23300970873786409, 0, 0.7669902912621359, 0, 0.0, 0, 4.627356598475732e-06, 1e-05, 1e-05, 0.01, 0.01, 0.01, 0.01, -255
0.11600000000000002 0.043000000000000003, 0.0 0.0, 0.0 0.0, 0.0 0.0, 1.156839149618933, 0.0, 216106.1026352289, 0.0, 0.0, 0.0, 0, 0.23300970873786409, 0, 0.7669902912621359, 0, 0.0, 0, 4.627356598475732e-06, 1e-05, 1e-05, 0.01, 0.01, 0.01, 0.01, -255
0.11600000000000002 0.043000000000000003, 0.0 0.0, 0.0 0.0, 0.0 0.0, 1.156839149618933, 0.0, 216106.1026352289, 0.0, 0.0, 0.0, 0, 0.23300970873786409, 0, 0.7669902912621359, 0, 0.0, 0, 4.627356598475732e-06, 1e-05, 1e-05, 0.01, 0.01, 0.01, 0.01, -255
0.11600000000000002 0.043000000000000003, 0.0 0.0, 0.0 0.0, 0.0 0.0, 1.156839149618933, 0.0, 216106.1026352289, 0.0, 0.0, 0.0, 0, 0.23300970873786409, 0, 0.7669902912621359, 0, 0.0, 0, 4.627356598475732e-06, 1e-05, 1e-05, 0.01, 0.01, 0.01, 0.01, -255
0.11600000000000002 0.043000000000000003, 0.0 0.0, 0.0 0.0, 0.0 0.0, 1.156839149618933, 0.0, 216106.1026352289, 0.0, 0.0, 0.0, 0, 0.23300970873786409, 0, 0.7669902912621359, 0, 0.0, 0, 4.627356598475732e-06, 1e-05, 1e-05, 0.01, 0.01, 0.01, 0.01, -255
0.11600000000000002 0.043000000000000003, 0.0 0.0, 0.0 0.0, 0.0 0.0, 1.156839149618933, 0.0, 216106.1026352289, 0.0, 0.0, 0.0, 0, 0.23300970873786409, 0, 0.7669902912621359, 0, 0.0, 0, 4.627356598475732e-06, 1e-05, 1e-05, 0.01, 0.01, 0.01, 0.01, -255
0.11600000000000002 0.043000000000000003, 0.0 0.0, 0.0 0.0, 0.0 0.0, 1.156839149618933, 0.0, 216106.1026352289, 0.0, 0.0, 0.0, 0, 0.23300970873786409, 0, 0.7669902912621359, 0, 0.0, 0, 4.627356598475732e-06, 1e-05, 1e-05, 0.01, 0.01, 0.01, 0.01, -255
0.11600000000000002 0.043000000000000003, 0.0 0.0, 0.0 0.0, 0.0 0.0, 1.156839149618933, 0.0, 216106.1026352289, 0.0, 0.0, 0.0, 0, 0.23300970873786409, 0, 0.7669902912621359, 0, 0.0, 0, 4.627356598475732e-06, 1e-05, 1e-05, 0.01, 0.01, 0.01, 0.01, -255
0.11600000000000002 0.043000000000000003, 0.0 0.0, 0.0 0.0, 0.0 0.0, 1.156839149618933, 0.0, 216106.1026352289, 0.0, 0.0, 0.0, 0, 0.23300970873786409, 0, 0.7669902912621359, 0, 0.0, 0, 4.627356598475732e-06, 1e-05, 1e-05, 0.01, 0.01, 0.01, 0.01, -255
0.11600000000000002 0.043000000000000003, 0.0 0.0, 0.0 0.0, 0.0 0.0, 1.156839149618933, 0.0, 216106.1026352289, 0.0, 0.0, 0.0, 0, 0.23300970873786409, 0, 0.7669902912621359, 0, 0.0, 0, 4.627356598475732e-06, 1e-05, 1e-05, 0.01, 0.01, 0.01, 0.01, -255
0.11600000000000002 0.043000000000000003, 0.0 0.0, 0.0 0.0, 0.0 0.0, 1.156839149618933, 0.0, 216106.1026352289, 0.0, 0.0, 0.0, 0, 0.23300970873786409, 0, 0.7669902912621359, 0, 0.0, 0, 4.627356598475732e-06, 1e-05, 1e-05, 0.01, 0.01, 0.01, 0.01, -255
0.11600000000000002 0.043000000000000003, 0.0 0.0, 0.0 0.0, 0.0 0.0, 1.156839149618933, 0.0, 216106.1026352289, 0.0, 0.0, 0.0, 0, 0.23300970873786409, 0, 0.7669902912621359, 0, 0.0, 0, 4.627356598475732e-06, 1e-05, 1e-05, 0.01, 0.01, 0.01, 0.01, -255
0.11600000000000002 0.043000000000000003, 0.0 0.0, 0.0 0.0, 0.0 0.0, 1.156839149618933, 0.0, 216106.1026352289, 0.0, 0.0, 0.0, 0, 0.23300970873786409, 0, 0.7669902912621359, 0, 0.0, 0, 4.627356598475732e-06, 1e-05, 1e-05, 0.01, 0.01, 0.01, 0.01, -255
0.11600000000000002 0.043000000000000003, 0.0 0.0, 0.0 0.0, 0.0 0.0, 1.156839149618933, 0.0, 216106.1026352289, 0.0, 0.0, 0.0, 0, 0.23300970873786409, 0, 0.7669902912621359, 0, 0.0, 0, 4.627356598475732e-06, 1e-05, 1e-05, 0.01, 0.01, 0.01, 0.01, -255
0.11600000000000002 0.043000000000000003, 0.0 0.0, 0.0 0.0, 0.0 0.0, 1.156839149618933, 0.0, 216106.1026352289, 0.0, 0.0, 0.0, 0, 0.23300970873786409, 0, 0.7669902912621359, 0, 0.0, 0, 4.627356598475732e-06, 1e-05, 1e-05, 0.01, 0.01, 0.01, 0.01, -255
0.11600000000000002 0.043000000000000003, 0.0 0.0, 0.0 0.0, 0.0 0.0, 1.156839149618933, 0.0, 216106.1026352289, 0.0, 0.0, 0.0, 0, 0.23300970873786409, 0, 0.7669902912621359, 0, 0.0, 0, 4.627356598475732e-06, 1e-05, 1e-05, 0.01, 0.01, 0.01, 0.01, -255
0.11600000000000002 0.043000000000000003, 0.0 0.0, 0.0 0.0, 0.0 0.0, 1.156839149618933, 0.0, 216106.1026352289, 0.0, 0.0, 0.0, 0, 0.23300970873786409, 0, 0.7669902912621359, 0, 0.0, 0, 4.627356598475732e-06, 1e-05, 1e-05, 0.01, 0.01, 0.01, 0.01, -255
0.11600000000000002 0.043000000000000003, 0.0 0.0, 0.0 0.0, 0.0 0.0, 1.156839149618933, 0.0, 216106.1026352289, 0.0, 0.0, 0.0, 0, 0.23300970873786409, 0, 0.7669902912621359, 0, 0.0, 0, 4.627356598475732e-06, 1e-05, 1e-05, 0.01, 0.01, 0.01, 0.01, -255
0.11600000000000002 0.043000000000000003, 0.0 0.0, 0.0 0.0, 0.0 0.0, 1.156839149618933, 0.0, 216106.1026352289, 0.0, 0.0, 0.0, 0, 0.23300970873786409, 0, 0.7669902912621359, 0, 0.0, 0, 4.627356598475732e-06, 1e-05, 1e-05, 0.01, 0.01, 0.01, 0.01, -255
0.11600000000000002 0.043000000000000003, 0.0 0.0, 0.0 0.0, 0.0 0.0, 1.156839149618933, 0.0, 216106.1026352289, 0.0, 0.0, 0.0, 0, 0.23300970873786409, 0, 0.7669902912621359, 0, 0.0, 0, 4.627356598475732e-06, 1e-05, 1e-05, 0.01, 0.01, 0.01, 0.01, -255
0.11600000000000002 0.043000000000000003, 0.0 0.0, 0.0 0.0, 0.0 0.0, 1.156839149618933, 0.0, 216106.1026352289, 0.0, 0.0, 0.0, 0, 0.23300970873786409, 0, 0.7669902912621359, 0, 0.0, 0, 4.627356598475732e-06, 1e-05, 1e-05, 0.01, 0.01, 0.01, 0.01, -255
0.11600000000000002 0.043000000000000003, 0.0 0.0, 0.0 0.0, 0.0 0.0, 1.156839149618933, 0.0, 216106.1026352289, 0.0, 0.0, 0.0, 0, 0.23300970873786409, 0, 0.7669902912621359, 0, 0.0, 0, 4.627356598475732e-06, 1e-05, 1e-05, 0.01, 0.01, 0.01, 0.01, -255
0.11600000000000002 0.043000000000000003, 0.0 0.0, 0.0 0.0, 0.0 0.0, 1.156839149618933, 0.0, 216106.1026352289, 0.0, 0.0, 0.0, 0, 0.23300970873786409, 0, 0.7669902912621359, 0, 0.0, 0, 4.627356598475732e-06, 1e-05, 1e-05, 0.01, 0.01, 0.01, 0.01, -255
0.11600000000000002 0.043000000000000003, 0.0 0.0, 0.0 0.0, 0.0 0.0, 1.156839149618933, 0.0, 216106.1026352289, 0.0, 0.0, 0.0, 0, 0.23300970873786409, 0, 0.7669902912621359, 0, 0.0, 0, 4.627356598475732e-06, 1e-05, 1e-05, 0.01, 0.01, 0.01, 0.01, -255
0.11600000000000002 0.043000000000000003, 0.0 0.0, 0.0 0.0, 0.0 0.0, 1.156839149618933, 0.0, 216106.1026352289, 0.0, 0.0, 0.0, 0, 0.23300970873786409, 0, 0.7669902912621359, 0, 0.0, 0, 4.627356598475732e-06, 1e-05, 1e-05, 0.01, 0.01, 0.01, 0.01, -255
0.11600000000000002 0.043000000000000003, 0.0 0.0, 0.0 0.0, 0.0 0.0, 1.156839149618933, 0.0, 216106.1026352289, 0.0, 0.0, 0.0, 0, 0.23300970873786409, 0, 0.7669902912621359, 0, 0.0, 0, 4.627356598475732e-06, 1e-05, 1e-05, 0.01, 0.01, 0.01, 0.01, -255
0.11600000000000002 0.043000000000000003, 0.0 0.0, 0.0 0.0, 0.0 0.0, 1.156839149618933, 0.0, 216106.1026352289, 0.0, 0.0, 0.0, 0, 0.23300970873786409, 0, 0.7669902912621359, 0, 0.0, 0, 4.627356598475732e-06, 1e-05, 1e-05, 0.01, 0.01, 0.01, 0.01, -255
0.11600000000000002 0.043000000000000003, 0.0 0.0, 0.0 0.0, 0.0 0.0, 1.156839149618933, 0.0, 216106.1026352289, 0.0, 0.0, 0.0, 0, 0.23300970873786409, 0, 0.7669902912621359, 0, 0.0, 0, 4.627356598475732e-06, 1e-05, 1e-05, 0.01, 0.01, 0.01, 0.01, -255
0.11600000000000002 0.043000000000000003, 0.0 0.0, 0.0 0.0, 0.0 0.0, 1.156839149618933, 0.0, 216106.1026352289, 0.0, 0.0, 0.0, 0, 0.23300970873786409, 0, 0.7669902912621359, 0, 0.0, 0, 4.627356598475732e-06, 1e-05, 1e-05, 0.01, 0.01, 0.01, 0.01, -255
0.11600000000000002 0.043000000000000003, 0.0 0.0, 0.0 0.0, 0.0 0.0, 1.156839149618933, 0.0, 216106.1026352289, 0.0, 0.0, 0.0, 0, 0.23300970873786409, 0, 0.7669902912621359, 0, 0.0, 0, 4.627356598475732e-06, 1e-05, 1e-05, 0.01, 0.01, 0.01, 0.01, -255
0.11600000000000002 0.043000000000000003, 0.0 0.0, 0.0 0.0, 0.0 0.0, 1.156839149618933, 0.0, 216106.1026352289, 0.0, 0.0, 0.0, 0, 0.23300970873786409, 0, 0.7669902912621359, 0, 0.0, 0, 4.627356598475732e-06, 1e-05, 1e-05, 0.01, 0.01, 0.01, 0.01, -255
0.11600000000000002 0.043000000000000003, 0.0 0.0, 0.0 0.0, 0.0 0.0, 1.156839149618933, 0.0, 216106.1026352289, 0.0, 0.0, 0.0, 0, 0.23300970873786409, 0, 0.7669902912621359, 0, 0.0, 0, 4.627356598475732e-06, 1e-05, 1e-05, 0.01, 0.01, 0.01, 0.01, -255
0.11600000000000002 0.043000000000000003, 0.0 0.0, 0.0 0.0, 0.0 0.0, 1.156839149618933, 0.0, 216106.1026352289, 0.0, 0.0, 0.0, 0, 0.23300970873786409, 0, 0.7669902912621359, 0, 0.0, 0, 4.627356598475732e-06, 1e-05, 1e-05, 0.01, 0.01, 0.01, 0.01, -255
0.11600000000000002 0.043000000000000003, 0.0 0.0, 0.0 0.0, 0.0 0.0, 1.156839149618933, 0.0, 216106.1026352289, 0.0, 0.0, 0.0, 0, 0.23300970873786409, 0, 0.7669902912621359, 0, 0.0, 0, 4.627356598475732e-06, 1e-05, 1e-05, 0.01, 0.01, 0.01, 0.01, -255
0.11600000000000002 0.043000000000000003, 0.0 0.0, 0.0 0.0, 0.0 0.0, 1.156839149618933, 0.0, 216106.1026352289, 0.0, 0.0, 0.0, 0, 0.23300970873786409, 0, 0.7669902912621359, 0, 0.0, 0, 4.627356598475732e-06, 1e-05, 1e-05, 0.01, 0.01, 0.01, 0.01, -255
0.11600000000000002 0.043000000000000003, 0.0 0.0, 0.0 0.0, 0.0 0.0, 1.156839149618933, 0.0, 216106.1026352289, 0.0, 0.0, 0.0, 0, 0.23300970873786409, 0, 0.7669902912621359, 0, 0.0, 0, 4.627356598475732e-06, 1e-05, 1e-05, 0.01, 0.01, 0.01, 0.01, -255
0.11600000000000002 0.043000000000000003, 0.0 0.0, 0.0 0.0, 0.0 0.0, 1.156839149618933, 0.0, 216106.1026352289, 0.0, 0.0, 0.0, 0, 0.23300970873786409, 0, 0.7669902912621359, 0, 0.0, 0, 4.627356598475732e-06, 1e-05, 1e-05, 0.01, 0.01, 0.01, 0.01, -255
0.11600000000000002 0.043000000000000003, 0.0 0.0, 0.0 0.0, 0.0 0.0, 1.156839149618933, 0.0, 216106.1026352289, 0.0, 0.0, 0.0, 0, 0.23300970873786409, 0, 0.7669902912621359, 0, 0.0, 0, 4.627356598475732e-06, 1e-05, 1e-05, 0.01, 0.01, 0.01, 0.01, -255
0.11600000000000002 0.043000000000000003, 0.0 0.0, 0.0 0.0, 0.0 0.0, 1.156839149618933, 0.0, 216106.1026352289, 0.0, 0.0, 0.0, 0, 0.23300970873786409, 0, 0.7669902912621359, 0, 0.0, 0, 4.627356598475732e-06, 1e-05, 1e-05, 0.01, 0.01, 0.01, 0.01, -255
0.11600000000000002 0.043000000000000003, 0.0 0.0, 0.0 0.0, 0.0 0.0, 1.156839149618933, 0.0, 216106.1026352289, 0.0, 0.0, 0.0, 0, 0.23300970873786409, 0, 0.7669902912621359, 0, 0.0, 0, 4.627356598475732e-06, 1e-05, 1e-05, 0.01, 0.01, 0.01, 0.01, -255
0.11600000000000002 0.043000000000000003, 0.0 0.0, 0.0 0.0, 0.0 0.0, 1.156839149618933, 0.0, 216106.1026352289, 0.0, 0.0, 0.0, 0, 0.23300970873786409, 0, 0.7669902912621359, 0, 0.0, 0, 4.627356598475732e-06, 1e-05, 1e-05, 0.01, 0.01, 0.01, 0.01, -255
0.11600000000000002 0.043000000000000003, 0.0 0.0, 0.0 0.0, 0.0 0.0, 1.156839149618933, 0.0, 216106.1026352289, 0.0, 0.0, 0.0, 0, 0.23300970873786409, 0, 0.7669902912621359, 0, 0.0, 0, 4.627356598475732e-06, 1e-05, 1e-05, 0.01, 0.01, 0.01, 0.01, -255
0.11600000000000002 0.043000000000000003, 0.0 0.0, 0.0 0.0, 0.0 0.0, 1.156839149618933, 0.0, 216106.1026352289, 0.0, 0.0, 0.0, 0, 0.23300970873786409, 0, 0.7669902912621359, 0, 0.0, 0, 4.627356598475732e-06, 1e-05, 1e-05, 0.01, 0.01, 0.01, 0.01, -255
0.11600000000000002 0.043000000000000003, 0.0 0.0, 0.0 0.0, 0.0 0.0, 1.156839149618933, 0.0, 216106.1026352289, 0.0, 0.0, 0.0, 0, 0.23300970873786409, 0, 0.7669902912621359, 0, 0.0, 0, 4.627356598475732e-06, 1e-05, 1e-05, 0.01, 0.01, 0.01, 0.01, -255
0.11600000000000002 0.043000000000000003, 0.0 0.0, 0.0 0.0, 0.0 0.0, 1.156839149618933, 0.0, 216106.1026352289, 0.0, 0.0, 0.0, 0, 0.23300970873786409, 0, 0.7669902912621359, 0, 0.0, 0, 4.627356598475732e-06, 1e-05, 1e-05, 0.01, 0.01, 0.01, 0.01, -255
0.11600000000000002 0.043000000000000003, 0.0 0.0, 0.0 0.0, 0.0 0.0, 1.156839149618933, 0.0, 216106.1026352289, 0.0, 0.0, 0.0, 0, 0.23300970873786409, 0, 0.7669902912621359, 0, 0.0, 0, 4.627356598475732e-06, 1e-05, 1e-05, 0.01, 0.01, 0.01, 0.01, -255
0.11600000000000002 0.043000000000000003, 0.0 0.0, 0.0 0.0, 0.0 0.0, 1.156839149618933, 0.0, 216106.1026352289, 0.0, 0.0, 0.0, 0, 0.23300970873786409, 0, 0.7669902912621359, 0, 0.0, 0, 4.627356598475732e-06, 1e-05, 1e-05, 0.01, 0.01, 0.01, 0.01, -255
0.11600000000000002 0.043000000000000003, 0.0 0.0, 0.0 0.0, 0.0 0.0, 1.156839149618933, 0.0, 216106.1026352289, 0.0, 0.0, 0.0, 0, 0.23300970873786409, 0, 0.7669902912621359, 0, 0.0, 0, 4.627356598475732e-06, 1e-05, 1e-05, 0.01, 0.01, 0.01, 0.01, -255
0.11600000000000002 0.043000000000000003, 0.0 0.0, 0.0 0.0, 0.0 0.0, 1.156839149618933, 0.0, 216106.1026352289, 0.0, 0.0, 0.0, 0, 0.23300970873786409, 0, 0.7669902912621359, 0, 0.0, 0, 4.627356598475732e-06, 1e-05, 1e-05, 0.01, 0.01, 0.01, 0.01, -255
0.11600000000000002 0.043000000000000003, 0.0 0.0, 0.0 0.0, 0.0 0.0, 1.156839149618933, 0.0, 216106.1026352289, 0.0, 0.0, 0.0, 0, 0.23300970873786409, 0, 0.7669902912621359, 0, 0.0, 0, 4.627356598475732e-06, 1e-05, 1e-05, 0.01, 0.01, 0.01, 0.01, -255
0.11600000000000002 0.043000000000000003, 0.0 0.0, 0.0 0.0, 0.0 0.0, 1.156839149618933, 0.0, 216106.1026352289, 0.0, 0.0, 0.0, 0, 0.23300970873786409, 0, 0.7669902912621359, 0, 0.0, 0, 4.627356598475732e-06, 1e-05, 1e-05, 0.01, 0.01, 0.01, 0.01, -255
0.11600000000000002 0.043000000000000003, 0.0 0.0, 0.0 0.0, 0.0 0.0, 1.156839149618933, 0.0, 216106.1026352289, 0.0, 0.0, 0.0, 0, 0.23300970873786409, 0, 0.7669902912621359, 0, 0.0, 0, 4.627356598475732e-06, 1e-05, 1e-05, 0.01, 0.01, 0.01, 0.01, -255
0.11600000000000002 0.043000000000000003, 0.0 0.0, 0.0 0.0, 0.0 0.0, 1.156839149618933, 0.0, 216106.1026352289, 0.0, 0.0, 0.0, 0, 0.23300970873786409, 0, 0.7669902912621359, 0, 0.0, 0, 4.627356598475732e-06, 1e-05, 1e-05, 0.01, 0.01, 0.01, 0.01, -255
0.11600000000000002 0.043000000000000003, 0.0 0.0, 0.0 0.0, 0.0 0.0, 1.156839149618933, 0.0, 216106.1026352289, 0.0, 0.0, 0.0, 0, 0.23300970873786409, 0, 0.7669902912621359, 0, 0.0, 0, 4.627356598475732e-06, 1e-05, 1e-05, 0.01, 0.01, 0.01, 0.01, -255
0.11600000000000002 0.043000000000000003, 0.0 0.0, 0.0 0.0, 0.0 0.0, 1.156839149618933, 0.0, 216106.1026352289, 0.0, 0.0, 0.0, 0, 0.23300970873786409, 0, 0.7669902912621359, 0, 0.0, 0, 4.627356598475732e-06, 1e-05, 1e-05, 0.01, 0.01, 0.01, 0.01, -255
0.11600000000000002 0.043000000000000003, 0.0 0.0, 0.0 0.0, 0.0 0.0, 1.156839149618933, 0.0, 216106.1026352289, 0.0, 0.0, 0.0, 0, 0.23300970873786409, 0, 0.7669902912621359, 0, 0.0, 0, 4.627356598475732e-06, 1e-05, 1e-05, 0.01, 0.01, 0.01, 0.01, -255
0.11600000000000002 0.043000000000000003, 0.0 0.0, 0.0 0.0, 0.0 0.0, 1.156839149618933, 0.0, 216106.1026352289, 0.0, 0.0, 0.0, 0, 0.23300970873786409, 0, 0.7669902912621359, 0, 0.0, 0, 4.627356598475732e-06, 1e-05, 1e-05, 0.01, 0.01, 0.01, 0.01, -255
0.11600000000000002 0.043000000000000003, 0.0 0.0, 0.0 0.0, 0.0 0.0, 1.156839149618933, 0.0, 216106.1026352289, 0.0, 0.0, 0.0, 0, 0.23300970873786409, 0, 0.7669902912621359, 0, 0.0, 0, 4.627356598475732e-06, 1e-05, 1e-05, 0.01, 0.01, 0.01, 0.01, -255
0.11600000000000002 0.043000000000000003, 0.0 0.0, 0.0 0.0, 0.0 0.0, 1.156839149618933, 0.0, 216106.1026352289, 0.0, 0.0, 0.0, 0, 0.23300970873786409, 0, 0.7669902912621359, 0, 0.0, 0, 4.627356598475732e-06, 1e-05, 1e-05, 0.01, 0.01, 0.01, 0.01, -255
0.11600000000000002 0.043000000000000003, 0.0 0.0, 0.0 0.0, 0.0 0.0, 1.156839149618933, 0.0, 216106.1026352289, 0.0, 0.0, 0.0, 0, 0.23300970873786409, 0, 0.7669902912621359, 0, 0.0, 0, 4.627356598475732e-06, 1e-05, 1e-05, 0.01, 0.01, 0.01, 0.01, -255
0.11600000000000002 0.043000000000000003, 0.0 0.0, 0.0 0.0, 0.0 0.0, 1.156839149618933, 0.0, 216106.1026352289, 0.0, 0.0, 0.0, 0, 0.23300970873786409, 0, 0.7669902912621359, 0, 0.0, 0, 4.627356598475732e-06, 1e-05, 1e-05, 0.01, 0.01, 0.01, 0.01, -255
0.11600000000000002 0.043000000000000003, 0.0 0.0, 0.0 0.0, 0.0 0.0, 1.156839149618933, 0.0, 216106.1026352289, 0.0, 0.0, 0.0, 0, 0.23300970873786409, 0, 0.7669902912621359, 0, 0.0, 0, 4.627356598475732e-06, 1e-05, 1e-05, 0.01, 0.01, 0.01, 0.01, -255
0.11600000000000002 0.043000000000000003, 0.0 0.0, 0.0 0.0, 0.0 0.0, 1.156839149618933, 0.0, 216106.1026352289, 0.0, 0.0, 0.0, 0, 0.23300970873786409, 0, 0.7669902912621359, 0, 0.0, 0, 4.627356598475732e-06, 1e-05, 1e-05, 0.01, 0.01, 0.01, 0.01, -255
0.11600000000000002 0.043000000000000003, 0.0 0.0, 0.0 0.0, 0.0 0.0, 1.156839149618933, 0.0, 216106.1026352289, 0.0, 0.0, 0.0, 0, 0.23300970873786409, 0, 0.7669902912621359, 0, 0.0, 0, 4.627356598475732e-06, 1e-05, 1e-05, 0.01, 0.01, 0.01, 0.01, -255
0.11600000000000002 0.043000000000000003, 0.0 0.0, 0.0 0.0, 0.0 0.0, 1.156839149618933, 0.0, 216106.1026352289, 0.0, 0.0, 0.0, 0, 0.23300970873786409, 0, 0.7669902912621359, 0, 0.0, 0, 4.627356598475732e-06, 1e-05, 1e-05, 0.01, 0.01, 0.01, 0.01, -255
0.11600000000000002 0.043000000000000003, 0.0 0.0, 0.0 0.0, 0.0 0.0, 1.156839149618933, 0.0, 216106.1026352289, 0.0, 0.0, 0.0, 0, 0.23300970873786409, 0, 0.7669902912621359, 0, 0.0, 0, 4.627356598475732e-06, 1e-05, 1e-05, 0.01, 0.01, 0.01, 0.01, -255
0.11600000000000002 0.043000000000000003, 0.0 0.0, 0.0 0.0, 0.0 0.0, 1.156839149618933, 0.0, 216106.1026352289, 0.0, 0.0, 0.0, 0, 0.23300970873786409, 0, 0.7669902912621359, 0, 0.0, 0, 4.627356598475732e-06, 1e-05, 1e-05, 0.01, 0.01, 0.01, 0.01, -255
0.11600000000000002 0.043000000000000003, 0.0 0.0, 0.0 0.0, 0.0 0.0, 1.156839149618933, 0.0, 216106.1026352289, 0.0, 0.0, 0.0, 0, 0.23300970873786409, 0, 0.7669902912621359, 0, 0.0, 0, 4.627356598475732e-06, 1e-05, 1e-05, 0.01, 0.01, 0.01, 0.01, -255
0.11600000000000002 0.043000000000000003, 0.0 0.0, 0.0 0.0, 0.0 0.0, 1.156839149618933, 0.0, 216106.1026352289, 0.0, 0.0, 0.0, 0, 0.23300970873786409, 0, 0.7669902912621359, 0, 0.0, 0, 4.627356598475732e-06, 1e-05, 1e-05, 0.01, 0.01, 0.01, 0.01, -255
0.11600000000000002 0.043000000000000003, 0.0 0.0, 0.0 0.0, 0.0 0.0, 1.156839149618933, 0.0, 216106.1026352289, 0.0, 0.0, 0.0, 0, 0.23300970873786409, 0, 0.7669902912621359, 0, 0.0, 0, 4.627356598475732e-06, 1e-05, 1e-05, 0.01, 0.01, 0.01, 0.01, -255
0.11600000000000002 0.043000000000000003, 0.0 0.0, 0.0 0.0, 0.0 0.0, 1.156839149618933, 0.0, 216106.1026352289, 0.0, 0.0, 0.0, 0, 0.23300970873786409, 0, 0.7669902912621359, 0, 0.0, 0, 4.627356598475732e-06, 1e-05, 1e-05, 0.01, 0.01, 0.01, 0.01, -255
0.11600000000000002 0.043000000000000003, 0.0 0.0, 0.0 0.0, 0.0 0.0, 1.156839149618933, 0.0, 216106.1026352289, 0.0, 0.0, 0.0, 0, 0.23300970873786409, 0, 0.7669902912621359, 0, 0.0, 0, 4.627356598475732e-06, 1e-05, 1e-05, 0.01, 0.01, 0.01, 0.01, -255
0.11600000000000002 0.043000000000000003, 0.0 0.0, 0.0 0.0, 0.0 0.0, 1.156839149618933, 0.0, 216106.1026352289, 0.0, 0.0, 0.0, 0, 0.23300970873786409, 0, 0.7669902912621359, 0, 0.0, 0, 4.627356598475732e-06, 1e-05, 1e-05, 0.01, 0.01, 0.01, 0.01, -255
0.11600000000000002 0.043000000000000003, 0.0 0.0, 0.0 0.0, 0.0 0.0, 1.156839149618933, 0.0, 216106.1026352289, 0.0, 0.0, 0.0, 0, 0.23300970873786409, 0, 0.7669902912621359, 0, 0.0, 0, 4.627356598475732e-06, 1e-05, 1e-05, 0.01, 0.01, 0.01, 0.01, -255
0.11600000000000002 0.043000000000000003, 0.0 0.0, 0.0 0.0, 0.0 0.0, 1.156839149618933, 0.0, 216106.1026352289, 0.0, 0.0, 0.0, 0, 0.23300970873786409, 0, 0.7669902912621359, 0, 0.0, 0, 4.627356598475732e-06, 1e-05, 1e-05, 0.01, 0.01, 0.01, 0.01, -255
0.11600000000000002 0.043000000000000003, 0.0 0.0, 0.0 0.0, 0.0 0.0, 1.156839149618933, 0.0, 216106.1026352289, 0.0, 0.0, 0.0, 0, 0.23300970873786409, 0, 0.7669902912621359, 0, 0.0, 0, 4.627356598475732e-06, 1e-05, 1e-05, 0.01, 0.01, 0.01, 0.01, -255
0.11600000000000002 0.043000000000000003, 0.0 0.0, 0.0 0.0, 0.0 0.0, 1.156839149618933, 0.0, 216106.1026352289, 0.0, 0.0, 0.0, 0, 0.23300970873786409, 0, 0.7669902912621359, 0, 0.0, 0, 4.627356598475732e-06, 1e-05, 1e-05, 0.01, 0.01, 0.01, 0.01, -255
0.11600000000000002 0.043000000000000003, 0.0 0.0, 0.0 0.0, 0.0 0.0, 1.156839149618933, 0.0, 216106.1026352289, 0.0, 0.0, 0.0, 0, 0.23300970873786409, 0, 0.7669902912621359, 0, 0.0, 0, 4.627356598475732e-06, 1e-05, 1e-05, 0.01, 0.01, 0.01, 0.01, -255
0.11600000000000002 0.043000000000000003, 0.0 0.0, 0.0 0.0, 0.0 0.0, 1.156839149618933, 0.0, 216106.1026352289, 0.0, 0.0, 0.0, 0, 0.23300970873786409, 0, 0.7669902912621359, 0, 0.0, 0, 4.627356598475732e-06, 1e-05, 1e-05, 0.01, 0.01, 0.01, 0.01, -255
0.11600000000000002 0.043000000000000003, 0.0 0.0, 0.0 0.0, 0.0 0.0, 1.156839149618933, 0.0, 216106.1026352289, 0.0, 0.0, 0.0, 0, 0.23300970873786409, 0, 0.7669902912621359, 0, 0.0, 0, 4.627356598475732e-06, 1e-05, 1e-05, 0.01, 0.01, 0.01, 0.01, -255
0.11600000000000002 0.043000000000000003, 0.0 0.0, 0.0 0.0, 0.0 0.0, 1.156839149618933, 0.0, 216106.1026352289, 0.0, 0.0, 0.0, 0, 0.23300970873786409, 0, 0.7669902912621359, 0, 0.0, 0, 4.627356598475732e-06, 1e-05, 1e-05, 0.01, 0.01, 0.01, 0.01, -255
0.11600000000000002 0.043000000000000003, 0.0 0.0, 0.0 0.0, 0.0 0.0, 1.156839149618933, 0.0, 216106.1026352289, 0.0, 0.0, 0.0, 0, 0.23300970873786409, 0, 0.7669902912621359, 0, 0.0, 0, 4.627356598475732e-06, 1e-05, 1e-05, 0.01, 0.01, 0.01, 0.01, -255
0.11600000000000002 0.043000000000000003, 0.0 0.0, 0.0 0.0, 0.0 0.0, 1.156839149618933, 0.0, 216106.1026352289, 0.0, 0.0, 0.0, 0, 0.23300970873786409, 0, 0.7669902912621359, 0, 0.0, 0, 4.627356598475732e-06, 1e-05, 1e-05, 0.01, 0.01, 0.01, 0.01, -255
0.11600000000000002 0.043000000000000003, 0.0 0.0, 0.0 0.0, 0.0 0.0, 1.156839149618933, 0.0, 216106.1026352289, 0.0, 0.0, 0.0, 0, 0.23300970873786409, 0, 0.7669902912621359, 0, 0.0, 0, 4.627356598475732e-06, 1e-05, 1e-05, 0.01, 0.01, 0.01, 0.01, -255
0.11600000000000002 0.043000000000000003, 0.0 0.0, 0.0 0.0, 0.0 0.0, 1.156839149618933, 0.0, 216106.1026352289, 0.0, 0.0, 0.0, 0, 0.23300970873786409, 0, 0.7669902912621359, 0, 0.0, 0, 4.627356598475732e-06, 1e-05, 1e-05, 0.01, 0.01, 0.01, 0.01, -255
0.11600000000000002 0.043000000000000003, 0.0 0.0, 0.0 0.0, 0.0 0.0, 1.156839149618933, 0.0, 216106.1026352289, 0.0, 0.0, 0.0, 0, 0.23300970873786409, 0, 0.7669902912621359, 0, 0.0, 0, 4.627356598475732e-06, 1e-05, 1e-05, 0.01, 0.01, 0.01, 0.01, -255
0.11600000000000002 0.043000000000000003, 0.0 0.0, 0.0 0.0, 0.0 0.0, 1.156839149618933, 0.0, 216106.1026352289, 0.0, 0.0, 0.0, 0, 0.23300970873786409, 0, 0.7669902912621359, 0, 0.0, 0, 4.627356598475732e-06, 1e-05, 1e-05, 0.01, 0.01, 0.01, 0.01, -255
0.11600000000000002 0.043000000000000003, 0.0 0.0, 0.0 0.0, 0.0 0.0, 1.156839149618933, 0.0, 216106.1026352289, 0.0, 0.0, 0.0, 0, 0.23300970873786409, 0, 0.7669902912621359, 0, 0.0, 0, 4.627356598475732e-06, 1e-05, 1e-05, 0.01, 0.01, 0.01, 0.01, -255
0.11600000000000002 0.043000000000000003, 0.0 0.0, 0.0 0.0, 0.0 0.0, 1.156839149618933, 0.0, 216106.1026352289, 0.0, 0.0, 0.0, 0, 0.23300970873786409, 0, 0.7669902912621359, 0, 0.0, 0, 4.627356598475732e-06, 1e-05, 1e-05, 0.01, 0.01, 0.01, 0.01, -255
0.11600000000000002 0.043000000000000003, 0.0 0.0, 0.0 0.0, 0.0 0.0, 1.156839149618933, 0.0, 216106.1026352289, 0.0, 0.0, 0.0, 0, 0.23300970873786409, 0, 0.7669902912621359, 0, 0.0, 0, 4.627356598475732e-06, 1e-05, 1e-05, 0.01, 0.01, 0.01, 0.01, -255
0.11600000000000002 0.043000000000000003, 0.0 0.0, 0.0 0.0, 0.0 0.0, 1.156839149618933, 0.0, 216106.1026352289, 0.0, 0.0, 0.0, 0, 0.23300970873786409, 0, 0.7669902912621359, 0, 0.0, 0, 4.627356598475732e-06, 1e-05, 1e-05, 0.01, 0.01, 0.01, 0.01, -255
0.11600000000000002 0.043000000000000003, 0.0 0.0, 0.0 0.0, 0.0 0.0, 1.156839149618933, 0.0, 216106.1026352289, 0.0, 0.0, 0.0, 0, 0.23300970873786409, 0, 0.7669902912621359, 0, 0.0, 0, 4.627356598475732e-06, 1e-05, 1e-05, 0.01, 0.01, 0.01, 0.01, -255
0.11600000000000002 0.043000000000000003, 0.0 0.0, 0.0 0.0, 0.0 0.0, 1.156839149618933, 0.0, 216106.1026352289, 0.0, 0.0, 0.0, 0, 0.23300970873786409, 0, 0.7669902912621359, 0, 0.0, 0, 4.627356598475732e-06, 1e-05, 1e-05, 0.01, 0.01, 0.01, 0.01, -255
0.11600000000000002 0.043000000000000003, 0.0 0.0, 0.0 0.0, 0.0 0.0, 1.156839149618933, 0.0, 216106.1026352289, 0.0, 0.0, 0.0, 0, 0.23300970873786409, 0, 0.7669902912621359, 0, 0.0, 0, 4.627356598475732e-06, 1e-05, 1e-05, 0.01, 0.01, 0.01, 0.01, -255
0.11600000000000002 0.043000000000000003, 0.0 0.0, 0.0 0.0, 0.0 0.0, 1.156839149618933, 0.0, 216106.1026352289, 0.0, 0.0, 0.0, 0, 0.23300970873786409, 0, 0.7669902912621359, 0, 0.0, 0, 4.627356598475732e-06, 1e-05, 1e-05, 0.01, 0.01, 0.01, 0.01, -255
0.11600000000000002 0.043000000000000003, 0.0 0.0, 0.0 0.0, 0.0 0.0, 1.156839149618933, 0.0, 216106.1026352289, 0.0, 0.0, 0.0, 0, 0.23300970873786409, 0, 0.7669902912621359, 0, 0.0, 0, 4.627356598475732e-06, 1e-05, 1e-05, 0.01, 0.01, 0.01, 0.01, -255
0.11600000000000002 0.043000000000000003, 0.0 0.0, 0.0 0.0, 0.0 0.0, 1.156839149618933, 0.0, 216106.1026352289, 0.0, 0.0, 0.0, 0, 0.23300970873786409, 0, 0.7669902912621359, 0, 0.0, 0, 4.627356598475732e-06, 1e-05, 1e-05, 0.01, 0.01, 0.01, 0.01, -255
0.11600000000000002 0.043000000000000003, 0.0 0.0, 0.0 0.0, 0.0 0.0, 1.156839149618933, 0.0, 216106.1026352289, 0.0, 0.0, 0.0, 0, 0.23300970873786409, 0, 0.7669902912621359, 0, 0.0, 0, 4.627356598475732e-06, 1e-05, 1e-05, 0.01, 0.01, 0.01, 0.01, -255
0.11600000000000002 0.043000000000000003, 0.0 0.0, 0.0 0.0, 0.0 0.0, 1.156839149618933, 0.0, 216106.1026352289, 0.0, 0.0, 0.0, 0, 0.23300970873786409, 0, 0.7669902912621359, 0, 0.0, 0, 4.627356598475732e-06, 1e-05, 1e-05, 0.01, 0.01, 0.01, 0.01, -255
0.11600000000000002 0.043000000000000003, 0.0 0.0, 0.0 0.0, 0.0 0.0, 1.156839149618933, 0.0, 216106.1026352289, 0.0, 0.0, 0.0, 0, 0.23300970873786409, 0, 0.7669902912621359, 0, 0.0, 0, 4.627356598475732e-06, 1e-05, 1e-05, 0.01, 0.01, 0.01, 0.01, -255
0.11600000000000002 0.043000000000000003, 0.0 0.0, 0.0 0.0, 0.0 0.0, 1.156839149618933, 0.0, 216106.1026352289, 0.0, 0.0, 0.0, 0, 0.23300970873786409, 0, 0.7669902912621359, 0, 0.0, 0, 4.627356598475732e-06, 1e-05, 1e-05, 0.01, 0.01, 0.01, 0.01, -255
0.11600000000000002 0.043000000000000003, 0.0 0.0, 0.0 0.0, 0.0 0.0, 1.156839149618933, 0.0, 216106.1026352289, 0.0, 0.0, 0.0, 0, 0.23300970873786409, 0, 0.7669902912621359, 0, 0.0, 0, 4.627356598475732e-06, 1e-05, 1e-05, 0.01, 0.01, 0.01, 0.01, -255
0.11600000000000002 0.043000000000000003, 0.0 0.0, 0.0 0.0, 0.0 0.0, 1.156839149618933, 0.0, 216106.1026352289, 0.0, 0.0, 0.0, 0, 0.23300970873786409, 0, 0.7669902912621359, 0, 0.0, 0, 4.627356598475732e-06, 1e-05, 1e-05, 0.01, 0.01, 0.01, 0.01, -255
0.11600000000000002 0.043000000000000003, 0.0 0.0, 0.0 0.0, 0.0 0.0, 1.156839149618933, 0.0, 216106.1026352289, 0.0, 0.0, 0.0, 0, 0.23300970873786409, 0, 0.7669902912621359, 0, 0.0, 0, 4.627356598475732e-06, 1e-05, 1e-05, 0.01, 0.01, 0.01, 0.01, -255
0.11600000000000002 0.043000000000000003, 0.0 0.0, 0.0 0.0, 0.0 0.0, 1.156839149618933, 0.0, 216106.1026352289, 0.0, 0.0, 0.0, 0, 0.23300970873786409, 0, 0.7669902912621359, 0, 0.0, 0, 4.627356598475732e-06, 1e-05, 1e-05, 0.01, 0.01, 0.01, 0.01, -255
0.11600000000000002 0.043000000000000003, 0.0 0.0, 0.0 0.0, 0.0 0.0, 1.156839149618933, 0.0, 216106.1026352289, 0.0, 0.0, 0.0, 0, 0.23300970873786409, 0, 0.7669902912621359, 0, 0.0, 0, 4.627356598475732e-06, 1e-05, 1e-05, 0.01, 0.01, 0.01, 0.01, -255
0.11600000000000002 0.043000000000000003, 0.0 0.0, 0.0 0.0, 0.0 0.0, 1.156839149618933, 0.0, 216106.1026352289, 0.0, 0.0, 0.0, 0, 0.23300970873786409, 0, 0.7669902912621359, 0, 0.0, 0, 4.627356598475732e-06, 1e-05, 1e-05, 0.01, 0.01, 0.01, 0.01, -255
0.11600000000000002 0.043000000000000003, 0.0 0.0, 0.0 0.0, 0.0 0.0, 1.156839149618933, 0.0, 216106.1026352289, 0.0, 0.0, 0.0, 0, 0.23300970873786409, 0, 0.7669902912621359, 0, 0.0, 0, 4.627356598475732e-06, 1e-05, 1e-05, 0.01, 0.01, 0.01, 0.01, -255
0.11600000000000002 0.043000000000000003, 0.0 0.0, 0.0 0.0, 0.0 0.0, 1.156839149618933, 0.0, 216106.1026352289, 0.0, 0.0, 0.0, 0, 0.23300970873786409, 0, 0.7669902912621359, 0, 0.0, 0, 4.627356598475732e-06, 1e-05, 1e-05, 0.01, 0.01, 0.01, 0.01, -255
0.11600000000000002 0.043000000000000003, 0.0 0.0, 0.0 0.0, 0.0 0.0, 1.156839149618933, 0.0, 216106.1026352289, 0.0, 0.0, 0.0, 0, 0.23300970873786409, 0, 0.7669902912621359, 0, 0.0, 0, 4.627356598475732e-06, 1e-05, 1e-05, 0.01, 0.01, 0.01, 0.01, -255
0.11600000000000002 0.043000000000000003, 0.0 0.0, 0.0 0.0, 0.0 0.0, 1.156839149618933, 0.0, 216106.1026352289, 0.0, 0.0, 0.0, 0, 0.23300970873786409, 0, 0.7669902912621359, 0, 0.0, 0, 4.627356598475732e-06, 1e-05, 1e-05, 0.01, 0.01, 0.01, 0.01, -255
0.11600000000000002 0.043000000000000003, 0.0 0.0, 0.0 0.0, 0.0 0.0, 1.156839149618933, 0.0, 216106.1026352289, 0.0, 0.0, 0.0, 0, 0.23300970873786409, 0, 0.7669902912621359, 0, 0.0, 0, 4.627356598475732e-06, 1e-05, 1e-05, 0.01, 0.01, 0.01, 0.01, -255
0.11600000000000002 0.043000000000000003, 0.0 0.0, 0.0 0.0, 0.0 0.0, 1.156839149618933, 0.0, 216106.1026352289, 0.0, 0.0, 0.0, 0, 0.23300970873786409, 0, 0.7669902912621359, 0, 0.0, 0, 4.627356598475732e-06, 1e-05, 1e-05, 0.01, 0.01, 0.01, 0.01, -255
0.11600000000000002 0.043000000000000003, 0.0 0.0, 0.0 0.0, 0.0 0.0, 1.156839149618933, 0.0, 216106.1026352289, 0.0, 0.0, 0.0, 0, 0.23300970873786409, 0, 0.7669902912621359, 0, 0.0, 0, 4.627356598475732e-06, 1e-05, 1e-05, 0.01, 0.01, 0.01, 0.01, -255
0.11600000000000002 0.043000000000000003, 0.0 0.0, 0.0 0.0, 0.0 0.0, 1.156839149618933, 0.0, 216106.1026352289, 0.0, 0.0, 0.0, 0, 0.23300970873786409, 0, 0.7669902912621359, 0, 0.0, 0, 4.627356598475732e-06, 1e-05, 1e-05, 0.01, 0.01, 0.01, 0.01, -255
0.11600000000000002 0.043000000000000003, 0.0 0.0, 0.0 0.0, 0.0 0.0, 1.156839149618933, 0.0, 216106.1026352289, 0.0, 0.0, 0.0, 0, 0.23300970873786409, 0, 0.7669902912621359, 0, 0.0, 0, 4.627356598475732e-06, 1e-05, 1e-05, 0.01, 0.01, 0.01, 0.01, -255
0.11600000000000002 0.043000000000000003, 0.0 0.0, 0.0 0.0, 0.0 0.0, 1.156839149618933, 0.0, 216106.1026352289, 0.0, 0.0, 0.0, 0, 0.23300970873786409, 0, 0.7669902912621359, 0, 0.0, 0, 4.627356598475732e-06, 1e-05, 1e-05, 0.01, 0.01, 0.01, 0.01, -255
0.11600000000000002 0.043000000000000003, 0.0 0.0, 0.0 0.0, 0.0 0.0, 1.156839149618933, 0.0, 216106.1026352289, 0.0, 0.0, 0.0, 0, 0.23300970873786409, 0, 0.7669902912621359, 0, 0.0, 0, 4.627356598475732e-06, 1e-05, 1e-05, 0.01, 0.01, 0.01, 0.01, -255
0.11600000000000002 0.043000000000000003, 0.0 0.0, 0.0 0.0, 0.0 0.0, 1.156839149618933, 0.0, 216106.1026352289, 0.0, 0.0, 0.0, 0, 0.23300970873786409, 0, 0.7669902912621359, 0, 0.0, 0, 4.627356598475732e-06, 1e-05, 1e-05, 0.01, 0.01, 0.01, 0.01, -255
0.11600000000000002 0.043000000000000003, 0.0 0.0, 0.0 0.0, 0.0 0.0, 1.156839149618933, 0.0, 216106.1026352289, 0.0, 0.0, 0.0, 0, 0.23300970873786409, 0, 0.7669902912621359, 0, 0.0, 0, 4.627356598475732e-06, 1e-05, 1e-05, 0.01, 0.01, 0.01, 0.01, -255
0.11600000000000002 0.043000000000000003, 0.0 0.0, 0.0 0.0, 0.0 0.0, 1.156839149618933, 0.0, 216106.1026352289, 0.0, 0.0, 0.0, 0, 0.23300970873786409, 0, 0.7669902912621359, 0, 0.0, 0, 4.627356598475732e-06, 1e-05, 1e-05, 0.01, 0.01, 0.01, 0.01, -255
0.11600000000000002 0.043000000000000003, 0.0 0.0, 0.0 0.0, 0.0 0.0, 1.156839149618933, 0.0, 216106.1026352289, 0.0, 0.0, 0.0, 0, 0.23300970873786409, 0, 0.7669902912621359, 0, 0.0, 0, 4.627356598475732e-06, 1e-05, 1e-05, 0.01, 0.01, 0.01, 0.01, -255
0.11600000000000002 0.043000000000000003, 0.0 0.0, 0.0 0.0, 0.0 0.0, 1.156839149618933, 0.0, 216106.1026352289, 0.0, 0.0, 0.0, 0, 0.23300970873786409, 0, 0.7669902912621359, 0, 0.0, 0, 4.627356598475732e-06, 1e-05, 1e-05, 0.01, 0.01, 0.01, 0.01, -255
0.11600000000000002 0.043000000000000003, 0.0 0.0, 0.0 0.0, 0.0 0.0, 1.156839149618933, 0.0, 216106.1026352289, 0.0, 0.0, 0.0, 0, 0.23300970873786409, 0, 0.7669902912621359, 0, 0.0, 0, 4.627356598475732e-06, 1e-05, 1e-05, 0.01, 0.01, 0.01, 0.01, -255
0.11600000000000002 0.043000000000000003, 0.0 0.0, 0.0 0.0, 0.0 0.0, 1.156839149618933, 0.0, 216106.1026352289, 0.0, 0.0, 0.0, 0, 0.23300970873786409, 0, 0.7669902912621359, 0, 0.0, 0, 4.627356598475732e-06, 1e-05, 1e-05, 0.01, 0.01, 0.01, 0.01, -255
0.11600000000000002 0.043000000000000003, 0.0 0.0, 0.0 0.0, 0.0 0.0, 1.156839149618933, 0.0, 216106.1026352289, 0.0, 0.0, 0.0, 0, 0.23300970873786409, 0, 0.7669902912621359, 0, 0.0, 0, 4.627356598475732e-06, 1e-05, 1e-05, 0.01, 0.01, 0.01, 0.01, -255
0.11600000000000002 0.043000000000000003, 0.0 0.0, 0.0 0.0, 0.0 0.0, 1.156839149618933, 0.0, 216106.1026352289, 0.0, 0.0, 0.0, 0, 0.23300970873786409, 0, 0.7669902912621359, 0, 0.0, 0, 4.627356598475732e-06, 1e-05, 1e-05, 0.01, 0.01, 0.01, 0.01, -255
0.11600000000000002 0.043000000000000003, 0.0 0.0, 0.0 0.0, 0.0 0.0, 1.156839149618933, 0.0, 216106.1026352289, 0.0, 0.0, 0.0, 0, 0.23300970873786409, 0, 0.7669902912621359, 0, 0.0, 0, 4.627356598475732e-06, 1e-05, 1e-05, 0.01, 0.01, 0.01, 0.01, -255
0.11600000000000002 0.043000000000000003, 0.0 0.0, 0.0 0.0, 0.0 0.0, 1.156839149618933, 0.0, 216106.1026352289, 0.0, 0.0, 0.0, 0, 0.23300970873786409, 0, 0.7669902912621359, 0, 0.0, 0, 4.627356598475732e-06, 1e-05, 1e-05, 0.01, 0.01, 0.01, 0.01, -255
0.11600000000000002 0.043000000000000003, 0.0 0.0, 0.0 0.0, 0.0 0.0, 1.156839149618933, 0.0, 216106.1026352289, 0.0, 0.0, 0.0, 0, 0.23300970873786409, 0, 0.7669902912621359, 0, 0.0, 0, 4.627356598475732e-06, 1e-05, 1e-05, 0.01, 0.01, 0.01, 0.01, -255
0.11600000000000002 0.043000000000000003, 0.0 0.0, 0.0 0.0, 0.0 0.0, 1.156839149618933, 0.0, 216106.1026352289, 0.0, 0.0, 0.0, 0, 0.23300970873786409, 0, 0.7669902912621359, 0, 0.0, 0, 4.627356598475732e-06, 1e-05, 1e-05, 0.01, 0.01, 0.01, 0.01, -255
0.11600000000000002 0.043000000000000003, 0.0 0.0, 0.0 0.0, 0.0 0.0, 1.156839149618933, 0.0, 216106.1026352289, 0.0, 0.0, 0.0, 0, 0.23300970873786409, 0, 0.7669902912621359, 0, 0.0, 0, 4.627356598475732e-06, 1e-05, 1e-05, 0.01, 0.01, 0.01, 0.01, -255
0.11600000000000002 0.043000000000000003, 0.0 0.0, 0.0 0.0, 0.0 0.0, 1.156839149618933, 0.0, 216106.1026352289, 0.0, 0.0, 0.0, 0, 0.23300970873786409, 0, 0.7669902912621359, 0, 0.0, 0, 4.627356598475732e-06, 1e-05, 1e-05, 0.01, 0.01, 0.01, 0.01, -255
0.11600000000000002 0.043000000000000003, 0.0 0.0, 0.0 0.0, 0.0 0.0, 1.156839149618933, 0.0, 216106.1026352289, 0.0, 0.0, 0.0, 0, 0.23300970873786409, 0, 0.7669902912621359, 0, 0.0, 0, 4.627356598475732e-06, 1e-05, 1e-05, 0.01, 0.01, 0.01, 0.01, -255
0.11600000000000002 0.043000000000000003, 0.0 0.0, 0.0 0.0, 0.0 0.0, 1.156839149618933, 0.0, 216106.1026352289, 0.0, 0.0, 0.0, 0, 0.23300970873786409, 0, 0.7669902912621359, 0, 0.0, 0, 4.627356598475732e-06, 1e-05, 1e-05, 0.01, 0.01, 0.01, 0.01, -255
0.11600000000000002 0.043000000000000003, 0.0 0.0, 0.0 0.0, 0.0 0.0, 1.156839149618933, 0.0, 216106.1026352289, 0.0, 0.0, 0.0, 0, 0.23300970873786409, 0, 0.7669902912621359, 0, 0.0, 0, 4.627356598475732e-06, 1e-05, 1e-05, 0.01, 0.01, 0.01, 0.01, -255
0.11600000000000002 0.043000000000000003, 0.0 0.0, 0.0 0.0, 0.0 0.0, 1.156839149618933, 0.0, 216106.1026352289, 0.0, 0.0, 0.0, 0, 0.23300970873786409, 0, 0.7669902912621359, 0, 0.0, 0, 4.627356598475732e-06, 1e-05, 1e-05, 0.01, 0.01, 0.01, 0.01, -255
0.11600000000000002 0.043000000000000003, 0.0 0.0, 0.0 0.0, 0.0 0.0, 1.156839149618933, 0.0, 216106.1026352289, 0.0, 0.0, 0.0, 0, 0.23300970873786409, 0, 0.7669902912621359, 0, 0.0, 0, 4.627356598475732e-06, 1e-05, 1e-05, 0.01, 0.01, 0.01, 0.01, -255
0.11600000000000002 0.043000000000000003, 0.0 0.0, 0.0 0.0, 0.0 0.0, 1.156839149618933, 0.0, 216106.1026352289, 0.0, 0.0, 0.0, 0, 0.23300970873786409, 0, 0.7669902912621359, 0, 0.0, 0, 4.627356598475732e-06, 1e-05, 1e-05, 0.01, 0.01, 0.01, 0.01, -255
0.11600000000000002 0.043000000000000003, 0.0 0.0, 0.0 0.0, 0.0 0.0, 1.156839149618933, 0.0, 216106.1026352289, 0.0, 0.0, 0.0, 0, 0.23300970873786409, 0, 0.7669902912621359, 0, 0.0, 0, 4.627356598475732e-06, 1e-05, 1e-05, 0.01, 0.01, 0.01, 0.01, -255
0.11600000000000002 0.043000000000000003, 0.0 0.0, 0.0 0.0, 0.0 0.0, 1.156839149618933, 0.0, 216106.1026352289, 0.0, 0.0, 0.0, 0, 0.23300970873786409, 0, 0.7669902912621359, 0, 0.0, 0, 4.627356598475732e-06, 1e-05, 1e-05, 0.01, 0.01, 0.01, 0.01, -255
0.11600000000000002 0.043000000000000003, 0.0 0.0, 0.0 0.0, 0.0 0.0, 1.156839149618933, 0.0, 216106.1026352289, 0.0, 0.0, 0.0, 0, 0.23300970873786409, 0, 0.7669902912621359, 0, 0.0, 0, 4.627356598475732e-06, 1e-05, 1e-05, 0.01, 0.01, 0.01, 0.01, -255
0.11600000000000002 0.043000000000000003, 0.0 0.0, 0.0 0.0, 0.0 0.0, 1.156839149618933, 0.0, 216106.1026352289, 0.0, 0.0, 0.0, 0, 0.23300970873786409, 0, 0.7669902912621359, 0, 0.0, 0, 4.627356598475732e-06, 1e-05, 1e-05, 0.01, 0.01, 0.01, 0.01, -255
0.11600000000000002 0.043000000000000003, 0.0 0.0, 0.0 0.0, 0.0 0.0, 1.156839149618933, 0.0, 216106.1026352289, 0.0, 0.0, 0.0, 0, 0.23300970873786409, 0, 0.7669902912621359, 0, 0.0, 0, 4.627356598475732e-06, 1e-05, 1e-05, 0.01, 0.01, 0.01, 0.01, -255
0.11600000000000002 0.043000000000000003, 0.0 0.0, 0.0 0.0, 0.0 0.0, 1.156839149618933, 0.0, 216106.1026352289, 0.0, 0.0, 0.0, 0, 0.23300970873786409, 0, 0.7669902912621359, 0, 0.0, 0, 4.627356598475732e-06, 1e-05, 1e-05, 0.01, 0.01, 0.01, 0.01, -255
0.11600000000000002 0.043000000000000003, 0.0 0.0, 0.0 0.0, 0.0 0.0, 1.156839149618933, 0.0, 216106.1026352289, 0.0, 0.0, 0.0, 0, 0.23300970873786409, 0, 0.7669902912621359, 0, 0.0, 0, 4.627356598475732e-06, 1e-05, 1e-05, 0.01, 0.01, 0.01, 0.01, -255
0.11600000000000002 0.043000000000000003, 0.0 0.0, 0.0 0.0, 0.0 0.0, 1.156839149618933, 0.0, 216106.1026352289, 0.0, 0.0, 0.0, 0, 0.23300970873786409, 0, 0.7669902912621359, 0, 0.0, 0, 4.627356598475732e-06, 1e-05, 1e-05, 0.01, 0.01, 0.01, 0.01, -255
0.11600000000000002 0.043000000000000003, 0.0 0.0, 0.0 0.0, 0.0 0.0, 1.156839149618933, 0.0, 216106.1026352289, 0.0, 0.0, 0.0, 0, 0.23300970873786409, 0, 0.7669902912621359, 0, 0.0, 0, 4.627356598475732e-06, 1e-05, 1e-05, 0.01, 0.01, 0.01, 0.01, -255
0.11600000000000002 0.043000000000000003, 0.0 0.0, 0.0 0.0, 0.0 0.0, 1.156839149618933, 0.0, 216106.1026352289, 0.0, 0.0, 0.0, 0, 0.23300970873786409, 0, 0.7669902912621359, 0, 0.0, 0, 4.627356598475732e-06, 1e-05, 1e-05, 0.01, 0.01, 0.01, 0.01, -255
0.11600000000000002 0.043000000000000003, 0.0 0.0, 0.0 0.0, 0.0 0.0, 1.156839149618933, 0.0, 216106.1026352289, 0.0, 0.0, 0.0, 0, 0.23300970873786409, 0, 0.7669902912621359, 0, 0.0, 0, 4.627356598475732e-06, 1e-05, 1e-05, 0.01, 0.01, 0.01, 0.01, -255
0.11600000000000002 0.043000000000000003, 0.0 0.0, 0.0 0.0, 0.0 0.0, 1.156839149618933, 0.0, 216106.1026352289, 0.0, 0.0, 0.0, 0, 0.23300970873786409, 0, 0.7669902912621359, 0, 0.0, 0, 4.627356598475732e-06, 1e-05, 1e-05, 0.01, 0.01, 0.01, 0.01, -255
0.11600000000000002 0.043000000000000003, 0.0 0.0, 0.0 0.0, 0.0 0.0, 1.156839149618933, 0.0, 216106.1026352289, 0.0, 0.0, 0.0, 0, 0.23300970873786409, 0, 0.7669902912621359, 0, 0.0, 0, 4.627356598475732e-06, 1e-05, 1e-05, 0.01, 0.01, 0.01, 0.01, -255
0.11600000000000002 0.043000000000000003, 0.0 0.0, 0.0 0.0, 0.0 0.0, 1.156839149618933, 0.0, 216106.1026352289, 0.0, 0.0, 0.0, 0, 0.23300970873786409, 0, 0.7669902912621359, 0, 0.0, 0, 4.627356598475732e-06, 1e-05, 1e-05, 0.01, 0.01, 0.01, 0.01, -255
0.11600000000000002 0.043000000000000003, 0.0 0.0, 0.0 0.0, 0.0 0.0, 1.156839149618933, 0.0, 216106.1026352289, 0.0, 0.0, 0.0, 0, 0.23300970873786409, 0, 0.7669902912621359, 0, 0.0, 0, 4.627356598475732e-06, 1e-05, 1e-05, 0.01, 0.01, 0.01, 0.01, -255
0.11600000000000002 0.043000000000000003, 0.0 0.0, 0.0 0.0, 0.0 0.0, 1.156839149618933, 0.0, 216106.1026352289, 0.0, 0.0, 0.0, 0, 0.23300970873786409, 0, 0.7669902912621359, 0, 0.0, 0, 4.627356598475732e-06, 1e-05, 1e-05, 0.01, 0.01, 0.01, 0.01, -255
0.11600000000000002 0.043000000000000003, 0.0 0.0, 0.0 0.0, 0.0 0.0, 1.156839149618933, 0.0, 216106.1026352289, 0.0, 0.0, 0.0, 0, 0.23300970873786409, 0, 0.7669902912621359, 0, 0.0, 0, 4.627356598475732e-06, 1e-05, 1e-05, 0.01, 0.01, 0.01, 0.01, -255
0.11600000000000002 0.043000000000000003, 0.0 0.0, 0.0 0.0, 0.0 0.0, 1.156839149618933, 0.0, 216106.1026352289, 0.0, 0.0, 0.0, 0, 0.23300970873786409, 0, 0.7669902912621359, 0, 0.0, 0, 4.627356598475732e-06, 1e-05, 1e-05, 0.01, 0.01, 0.01, 0.01, -255
0.11600000000000002 0.043000000000000003, 0.0 0.0, 0.0 0.0, 0.0 0.0, 1.156839149618933, 0.0, 216106.1026352289, 0.0, 0.0, 0.0, 0, 0.23300970873786409, 0, 0.7669902912621359, 0, 0.0, 0, 4.627356598475732e-06, 1e-05, 1e-05, 0.01, 0.01, 0.01, 0.01, -255
0.11600000000000002 0.043000000000000003, 0.0 0.0, 0.0 0.0, 0.0 0.0, 1.156839149618933, 0.0, 216106.1026352289, 0.0, 0.0, 0.0, 0, 0.23300970873786409, 0, 0.7669902912621359, 0, 0.0, 0, 4.627356598475732e-06, 1e-05, 1e-05, 0.01, 0.01, 0.01, 0.01, -255
0.11600000000000002 0.043000000000000003, 0.0 0.0, 0.0 0.0, 0.0 0.0, 1.156839149618933, 0.0, 216106.1026352289, 0.0, 0.0, 0.0, 0, 0.23300970873786409, 0, 0.7669902912621359, 0, 0.0, 0, 4.627356598475732e-06, 1e-05, 1e-05, 0.01, 0.01, 0.01, 0.01, -255
0.11600000000000002 0.043000000000000003, 0.0 0.0, 0.0 0.0, 0.0 0.0, 1.156839149618933, 0.0, 216106.1026352289, 0.0, 0.0, 0.0, 0, 0.23300970873786409, 0, 0.7669902912621359, 0, 0.0, 0, 4.627356598475732e-06, 1e-05, 1e-05, 0.01, 0.01, 0.01, 0.01, -255
0.11600000000000002 0.043000000000000003, 0.0 0.0, 0.0 0.0, 0.0 0.0, 1.156839149618933, 0.0, 216106.1026352289, 0.0, 0.0, 0.0, 0, 0.23300970873786409, 0, 0.7669902912621359, 0, 0.0, 0, 4.627356598475732e-06, 1e-05, 1e-05, 0.01, 0.01, 0.01, 0.01, -255
0.11600000000000002 0.043000000000000003, 0.0 0.0, 0.0 0.0, 0.0 0.0, 1.156839149618933, 0.0, 216106.1026352289, 0.0, 0.0, 0.0, 0, 0.23300970873786409, 0, 0.7669902912621359, 0, 0.0, 0, 4.627356598475732e-06, 1e-05, 1e-05, 0.01, 0.01, 0.01, 0.01, -255
0.11600000000000002 0.043000000000000003, 0.0 0.0, 0.0 0.0, 0.0 0.0, 1.156839149618933, 0.0, 216106.1026352289, 0.0, 0.0, 0.0, 0, 0.23300970873786409, 0, 0.7669902912621359, 0, 0.0, 0, 4.627356598475732e-06, 1e-05, 1e-05, 0.01, 0.01, 0.01, 0.01, -255
0.11600000000000002 0.043000000000000003, 0.0 0.0, 0.0 0.0, 0.0 0.0, 1.156839149618933, 0.0, 216106.1026352289, 0.0, 0.0, 0.0, 0, 0.23300970873786409, 0, 0.7669902912621359, 0, 0.0, 0, 4.627356598475732e-06, 1e-05, 1e-05, 0.01, 0.01, 0.01, 0.01, -255
0.11600000000000002 0.043000000000000003, 0.0 0.0, 0.0 0.0, 0.0 0.0, 1.156839149618933, 0.0, 216106.1026352289, 0.0, 0.0, 0.0, 0, 0.23300970873786409, 0, 0.7669902912621359, 0, 0.0, 0, 4.627356598475732e-06, 1e-05, 1e-05, 0.01, 0.01, 0.01, 0.01, -255
0.11600000000000002 0.043000000000000003, 0.0 0.0, 0.0 0.0, 0.0 0.0, 1.156839149618933, 0.0, 216106.1026352289, 0.0, 0.0, 0.0, 0, 0.23300970873786409, 0, 0.7669902912621359, 0, 0.0, 0, 4.627356598475732e-06, 1e-05, 1e-05, 0.01, 0.01, 0.01, 0.01, -255
0.11600000000000002 0.043000000000000003, 0.0 0.0, 0.0 0.0, 0.0 0.0, 1.156839149618933, 0.0, 216106.1026352289, 0.0, 0.0, 0.0, 0, 0.23300970873786409, 0, 0.7669902912621359, 0, 0.0, 0, 4.627356598475732e-06, 1e-05, 1e-05, 0.01, 0.01, 0.01, 0.01, -255
0.11600000000000002 0.043000000000000003, 0.0 0.0, 0.0 0.0, 0.0 0.0, 1.156839149618933, 0.0, 216106.1026352289, 0.0, 0.0, 0.0, 0, 0.23300970873786409, 0, 0.7669902912621359, 0, 0.0, 0, 4.627356598475732e-06, 1e-05, 1e-05, 0.01, 0.01, 0.01, 0.01, -255
0.11600000000000002 0.043000000000000003, 0.0 0.0, 0.0 0.0, 0.0 0.0, 1.156839149618933, 0.0, 216106.1026352289, 0.0, 0.0, 0.0, 0, 0.23300970873786409, 0, 0.7669902912621359, 0, 0.0, 0, 4.627356598475732e-06, 1e-05, 1e-05, 0.01, 0.01, 0.01, 0.01, -255
0.11600000000000002 0.043000000000000003, 0.0 0.0, 0.0 0.0, 0.0 0.0, 1.156839149618933, 0.0, 216106.1026352289, 0.0, 0.0, 0.0, 0, 0.23300970873786409, 0, 0.7669902912621359, 0, 0.0, 0, 4.627356598475732e-06, 1e-05, 1e-05, 0.01, 0.01, 0.01, 0.01, -255
0.11600000000000002 0.043000000000000003, 0.0 0.0, 0.0 0.0, 0.0 0.0, 1.156839149618933, 0.0, 216106.1026352289, 0.0, 0.0, 0.0, 0, 0.23300970873786409, 0, 0.7669902912621359, 0, 0.0, 0, 4.627356598475732e-06, 1e-05, 1e-05, 0.01, 0.01, 0.01, 0.01, -255
0.11600000000000002 0.043000000000000003, 0.0 0.0, 0.0 0.0, 0.0 0.0, 1.156839149618933, 0.0, 216106.1026352289, 0.0, 0.0, 0.0, 0, 0.23300970873786409, 0, 0.7669902912621359, 0, 0.0, 0, 4.627356598475732e-06, 1e-05, 1e-05, 0.01, 0.01, 0.01, 0.01, -255
0.11600000000000002 0.043000000000000003, 0.0 0.0, 0.0 0.0, 0.0 0.0, 1.156839149618933, 0.0, 216106.1026352289, 0.0, 0.0, 0.0, 0, 0.23300970873786409, 0, 0.7669902912621359, 0, 0.0, 0, 4.627356598475732e-06, 1e-05, 1e-05, 0.01, 0.01, 0.01, 0.01, -255
0.11600000000000002 0.043000000000000003, 0.0 0.0, 0.0 0.0, 0.0 0.0, 1.156839149618933, 0.0, 216106.1026352289, 0.0, 0.0, 0.0, 0, 0.23300970873786409, 0, 0.7669902912621359, 0, 0.0, 0, 4.627356598475732e-06, 1e-05, 1e-05, 0.01, 0.01, 0.01, 0.01, -255
0.11600000000000002 0.043000000000000003, 0.0 0.0, 0.0 0.0, 0.0 0.0, 1.156839149618933, 0.0, 216106.1026352289, 0.0, 0.0, 0.0, 0, 0.23300970873786409, 0, 0.7669902912621359, 0, 0.0, 0, 4.627356598475732e-06, 1e-05, 1e-05, 0.01, 0.01, 0.01, 0.01, -255
0.11600000000000002 0.043000000000000003, 0.0 0.0, 0.0 0.0, 0.0 0.0, 1.156839149618933, 0.0, 216106.1026352289, 0.0, 0.0, 0.0, 0, 0.23300970873786409, 0, 0.7669902912621359, 0, 0.0, 0, 4.627356598475732e-06, 1e-05, 1e-05, 0.01, 0.01, 0.01, 0.01, -255
0.11600000000000002 0.043000000000000003, 0.0 0.0, 0.0 0.0, 0.0 0.0, 1.156839149618933, 0.0, 216106.1026352289, 0.0, 0.0, 0.0, 0, 0.23300970873786409, 0, 0.7669902912621359, 0, 0.0, 0, 4.627356598475732e-06, 1e-05, 1e-05, 0.01, 0.01, 0.01, 0.01, -255
0.11600000000000002 0.043000000000000003, 0.0 0.0, 0.0 0.0, 0.0 0.0, 1.156839149618933, 0.0, 216106.1026352289, 0.0, 0.0, 0.0, 0, 0.23300970873786409, 0, 0.7669902912621359, 0, 0.0, 0, 4.627356598475732e-06, 1e-05, 1e-05, 0.01, 0.01, 0.01, 0.01, -255
0.11600000000000002 0.043000000000000003, 0.0 0.0, 0.0 0.0, 0.0 0.0, 1.156839149618933, 0.0, 216106.1026352289, 0.0, 0.0, 0.0, 0, 0.23300970873786409, 0, 0.7669902912621359, 0, 0.0, 0, 4.627356598475732e-06, 1e-05, 1e-05, 0.01, 0.01, 0.01, 0.01, -255
0.11600000000000002 0.043000000000000003, 0.0 0.0, 0.0 0.0, 0.0 0.0, 1.156839149618933, 0.0, 216106.1026352289, 0.0, 0.0, 0.0, 0, 0.23300970873786409, 0, 0.7669902912621359, 0, 0.0, 0, 4.627356598475732e-06, 1e-05, 1e-05, 0.01, 0.01, 0.01, 0.01, -255
0.11600000000000002 0.043000000000000003, 0.0 0.0, 0.0 0.0, 0.0 0.0, 1.156839149618933, 0.0, 216106.1026352289, 0.0, 0.0, 0.0, 0, 0.23300970873786409, 0, 0.7669902912621359, 0, 0.0, 0, 4.627356598475732e-06, 1e-05, 1e-05, 0.01, 0.01, 0.01, 0.01, -255
0.11600000000000002 0.043000000000000003, 0.0 0.0, 0.0 0.0, 0.0 0.0, 1.156839149618933, 0.0, 216106.1026352289, 0.0, 0.0, 0.0, 0, 0.23300970873786409, 0, 0.7669902912621359, 0, 0.0, 0, 4.627356598475732e-06, 1e-05, 1e-05, 0.01, 0.01, 0.01, 0.01, -255
0.11600000000000002 0.043000000000000003, 0.0 0.0, 0.0 0.0, 0.0 0.0, 1.156839149618933, 0.0, 216106.1026352289, 0.0, 0.0, 0.0, 0, 0.23300970873786409, 0, 0.7669902912621359, 0, 0.0, 0, 4.627356598475732e-06, 1e-05, 1e-05, 0.01, 0.01, 0.01, 0.01, -255
0.11600000000000002 0.043000000000000003, 0.0 0.0, 0.0 0.0, 0.0 0.0, 1.156839149618933, 0.0, 216106.1026352289, 0.0, 0.0, 0.0, 0, 0.23300970873786409, 0, 0.7669902912621359, 0, 0.0, 0, 4.627356598475732e-06, 1e-05, 1e-05, 0.01, 0.01, 0.01, 0.01, -255
0.11600000000000002 0.043000000000000003, 0.0 0.0, 0.0 0.0, 0.0 0.0, 1.156839149618933, 0.0, 216106.1026352289, 0.0, 0.0, 0.0, 0, 0.23300970873786409, 0, 0.7669902912621359, 0, 0.0, 0, 4.627356598475732e-06, 1e-05, 1e-05, 0.01, 0.01, 0.01, 0.01, -255
0.11600000000000002 0.043000000000000003, 0.0 0.0, 0.0 0.0, 0.0 0.0, 1.156839149618933, 0.0, 216106.1026352289, 0.0, 0.0, 0.0, 0, 0.23300970873786409, 0, 0.7669902912621359, 0, 0.0, 0, 4.627356598475732e-06, 1e-05, 1e-05, 0.01, 0.01, 0.01, 0.01, -255
0.11600000000000002 0.043000000000000003, 0.0 0.0, 0.0 0.0, 0.0 0.0, 1.156839149618933, 0.0, 216106.1026352289, 0.0, 0.0, 0.0, 0, 0.23300970873786409, 0, 0.7669902912621359, 0, 0.0, 0, 4.627356598475732e-06, 1e-05, 1e-05, 0.01, 0.01, 0.01, 0.01, -255
0.11600000000000002 0.043000000000000003, 0.0 0.0, 0.0 0.0, 0.0 0.0, 1.156839149618933, 0.0, 216106.1026352289, 0.0, 0.0, 0.0, 0, 0.23300970873786409, 0, 0.7669902912621359, 0, 0.0, 0, 4.627356598475732e-06, 1e-05, 1e-05, 0.01, 0.01, 0.01, 0.01, -255
0.11600000000000002 0.043000000000000003, 0.0 0.0, 0.0 0.0, 0.0 0.0, 1.156839149618933, 0.0, 216106.1026352289, 0.0, 0.0, 0.0, 0, 0.23300970873786409, 0, 0.7669902912621359, 0, 0.0, 0, 4.627356598475732e-06, 1e-05, 1e-05, 0.01, 0.01, 0.01, 0.01, -255
0.11600000000000002 0.043000000000000003, 0.0 0.0, 0.0 0.0, 0.0 0.0, 1.156839149618933, 0.0, 216106.1026352289, 0.0, 0.0, 0.0, 0, 0.23300970873786409, 0, 0.7669902912621359, 0, 0.0, 0, 4.627356598475732e-06, 1e-05, 1e-05, 0.01, 0.01, 0.01, 0.01, -255
0.11600000000000002 0.043000000000000003, 0.0 0.0, 0.0 0.0, 0.0 0.0, 1.156839149618933, 0.0, 216106.1026352289, 0.0, 0.0, 0.0, 0, 0.23300970873786409, 0, 0.7669902912621359, 0, 0.0, 0, 4.627356598475732e-06, 1e-05, 1e-05, 0.01, 0.01, 0.01, 0.01, -255
0.11600000000000002 0.043000000000000003, 0.0 0.0, 0.0 0.0, 0.0 0.0, 1.156839149618933, 0.0, 216106.1026352289, 0.0, 0.0, 0.0, 0, 0.23300970873786409, 0, 0.7669902912621359, 0, 0.0, 0, 4.627356598475732e-06, 1e-05, 1e-05, 0.01, 0.01, 0.01, 0.01, -255
0.11600000000000002 0.043000000000000003, 0.0 0.0, 0.0 0.0, 0.0 0.0, 1.156839149618933, 0.0, 216106.1026352289, 0.0, 0.0, 0.0, 0, 0.23300970873786409, 0, 0.7669902912621359, 0, 0.0, 0, 4.627356598475732e-06, 1e-05, 1e-05, 0.01, 0.01, 0.01, 0.01, -255
0.11600000000000002 0.043000000000000003, 0.0 0.0, 0.0 0.0, 0.0 0.0, 1.156839149618933, 0.0, 216106.1026352289, 0.0, 0.0, 0.0, 0, 0.23300970873786409, 0, 0.7669902912621359, 0, 0.0, 0, 4.627356598475732e-06, 1e-05, 1e-05, 0.01, 0.01, 0.01, 0.01, -255
0.11600000000000002 0.043000000000000003, 0.0 0.0, 0.0 0.0, 0.0 0.0, 1.156839149618933, 0.0, 216106.1026352289, 0.0, 0.0, 0.0, 0, 0.23300970873786409, 0, 0.7669902912621359, 0, 0.0, 0, 4.627356598475732e-06, 1e-05, 1e-05, 0.01, 0.01, 0.01, 0.01, -255
0.11600000000000002 0.043000000000000003, 0.0 0.0, 0.0 0.0, 0.0 0.0, 1.156839149618933, 0.0, 216106.1026352289, 0.0, 0.0, 0.0, 0, 0.23300970873786409, 0, 0.7669902912621359, 0, 0.0, 0, 4.627356598475732e-06, 1e-05, 1e-05, 0.01, 0.01, 0.01, 0.01, -255
0.11600000000000002 0.043000000000000003, 0.0 0.0, 0.0 0.0, 0.0 0.0, 1.156839149618933, 0.0, 216106.1026352289, 0.0, 0.0, 0.0, 0, 0.23300970873786409, 0, 0.7669902912621359, 0, 0.0, 0, 4.627356598475732e-06, 1e-05, 1e-05, 0.01, 0.01, 0.01, 0.01, -255
0.11600000000000002 0.043000000000000003, 0.0 0.0, 0.0 0.0, 0.0 0.0, 1.156839149618933, 0.0, 216106.1026352289, 0.0, 0.0, 0.0, 0, 0.23300970873786409, 0, 0.7669902912621359, 0, 0.0, 0, 4.627356598475732e-06, 1e-05, 1e-05, 0.01, 0.01, 0.01, 0.01, -255
0.11600000000000002 0.043000000000000003, 0.0 0.0, 0.0 0.0, 0.0 0.0, 1.156839149618933, 0.0, 216106.1026352289, 0.0, 0.0, 0.0, 0, 0.23300970873786409, 0, 0.7669902912621359, 0, 0.0, 0, 4.627356598475732e-06, 1e-05, 1e-05, 0.01, 0.01, 0.01, 0.01, -255
0.11600000000000002 0.043000000000000003, 0.0 0.0, 0.0 0.0, 0.0 0.0, 1.156839149618933, 0.0, 216106.1026352289, 0.0, 0.0, 0.0, 0, 0.23300970873786409, 0, 0.7669902912621359, 0, 0.0, 0, 4.627356598475732e-06, 1e-05, 1e-05, 0.01, 0.01, 0.01, 0.01, -255
0.11600000000000002 0.043000000000000003, 0.0 0.0, 0.0 0.0, 0.0 0.0, 1.156839149618933, 0.0, 216106.1026352289, 0.0, 0.0, 0.0, 0, 0.23300970873786409, 0, 0.7669902912621359, 0, 0.0, 0, 4.627356598475732e-06, 1e-05, 1e-05, 0.01, 0.01, 0.01, 0.01, -255
0.11600000000000002 0.043000000000000003, 0.0 0.0, 0.0 0.0, 0.0 0.0, 1.156839149618933, 0.0, 216106.1026352289, 0.0, 0.0, 0.0, 0, 0.23300970873786409, 0, 0.7669902912621359, 0, 0.0, 0, 4.627356598475732e-06, 1e-05, 1e-05, 0.01, 0.01, 0.01, 0.01, -255
0.11600000000000002 0.043000000000000003, 0.0 0.0, 0.0 0.0, 0.0 0.0, 1.156839149618933, 0.0, 216106.1026352289, 0.0, 0.0, 0.0, 0, 0.23300970873786409, 0, 0.7669902912621359, 0, 0.0, 0, 4.627356598475732e-06, 1e-05, 1e-05, 0.01, 0.01, 0.01, 0.01, -255
0.11600000000000002 0.043000000000000003, 0.0 0.0, 0.0 0.0, 0.0 0.0, 1.156839149618933, 0.0, 216106.1026352289, 0.0, 0.0, 0.0, 0, 0.23300970873786409, 0, 0.7669902912621359, 0, 0.0, 0, 4.627356598475732e-06, 1e-05, 1e-05, 0.01, 0.01, 0.01, 0.01, -255
0.11600000000000002 0.043000000000000003, 0.0 0.0, 0.0 0.0, 0.0 0.0, 1.156839149618933, 0.0, 216106.1026352289, 0.0, 0.0, 0.0, 0, 0.23300970873786409, 0, 0.7669902912621359, 0, 0.0, 0, 4.627356598475732e-06, 1e-05, 1e-05, 0.01, 0.01, 0.01, 0.01, -255
0.11600000000000002 0.043000000000000003, 0.0 0.0, 0.0 0.0, 0.0 0.0, 1.156839149618933, 0.0, 216106.1026352289, 0.0, 0.0, 0.0, 0, 0.23300970873786409, 0, 0.7669902912621359, 0, 0.0, 0, 4.627356598475732e-06, 1e-05, 1e-05, 0.01, 0.01, 0.01, 0.01, -255
0.11600000000000002 0.043000000000000003, 0.0 0.0, 0.0 0.0, 0.0 0.0, 1.156839149618933, 0.0, 216106.1026352289, 0.0, 0.0, 0.0, 0, 0.23300970873786409, 0, 0.7669902912621359, 0, 0.0, 0, 4.627356598475732e-06, 1e-05, 1e-05, 0.01, 0.01, 0.01, 0.01, -255
0.11600000000000002 0.043000000000000003, 0.0 0.0, 0.0 0.0, 0.0 0.0, 1.156839149618933, 0.0, 216106.1026352289, 0.0, 0.0, 0.0, 0, 0.23300970873786409, 0, 0.7669902912621359, 0, 0.0, 0, 4.627356598475732e-06, 1e-05, 1e-05, 0.01, 0.01, 0.01, 0.01, -255
0.11600000000000002 0.043000000000000003, 0.0 0.0, 0.0 0.0, 0.0 0.0, 1.156839149618933, 0.0, 216106.1026352289, 0.0, 0.0, 0.0, 0, 0.23300970873786409, 0, 0.7669902912621359, 0, 0.0, 0, 4.627356598475732e-06, 1e-05, 1e-05, 0.01, 0.01, 0.01, 0.01, -255
0.11600000000000002 0.043000000000000003, 0.0 0.0, 0.0 0.0, 0.0 0.0, 1.156839149618933, 0.0, 216106.1026352289, 0.0, 0.0, 0.0, 0, 0.23300970873786409, 0, 0.7669902912621359, 0, 0.0, 0, 4.627356598475732e-06, 1e-05, 1e-05, 0.01, 0.01, 0.01, 0.01, -255
0.11600000000000002 0.043000000000000003, 0.0 0.0, 0.0 0.0, 0.0 0.0, 1.156839149618933, 0.0, 216106.1026352289, 0.0, 0.0, 0.0, 0, 0.23300970873786409, 0, 0.7669902912621359, 0, 0.0, 0, 4.627356598475732e-06, 1e-05, 1e-05, 0.01, 0.01, 0.01, 0.01, -255
0.11600000000000002 0.043000000000000003, 0.0 0.0, 0.0 0.0, 0.0 0.0, 1.156839149618933, 0.0, 216106.1026352289, 0.0, 0.0, 0.0, 0, 0.23300970873786409, 0, 0.7669902912621359, 0, 0.0, 0, 4.627356598475732e-06, 1e-05, 1e-05, 0.01, 0.01, 0.01, 0.01, -255
0.11600000000000002 0.043000000000000003, 0.0 0.0, 0.0 0.0, 0.0 0.0, 1.156839149618933, 0.0, 216106.1026352289, 0.0, 0.0, 0.0, 0, 0.23300970873786409, 0, 0.7669902912621359, 0, 0.0, 0, 4.627356598475732e-06, 1e-05, 1e-05, 0.01, 0.01, 0.01, 0.01, -255
0.11600000000000002 0.043000000000000003, 0.0 0.0, 0.0 0.0, 0.0 0.0, 1.156839149618933, 0.0, 216106.1026352289, 0.0, 0.0, 0.0, 0, 0.23300970873786409, 0, 0.7669902912621359, 0, 0.0, 0, 4.627356598475732e-06, 1e-05, 1e-05, 0.01, 0.01, 0.01, 0.01, -255
0.11600000000000002 0.043000000000000003, 0.0 0.0, 0.0 0.0, 0.0 0.0, 1.156839149618933, 0.0, 216106.1026352289, 0.0, 0.0, 0.0, 0, 0.23300970873786409, 0, 0.7669902912621359, 0, 0.0, 0, 4.627356598475732e-06, 1e-05, 1e-05, 0.01, 0.01, 0.01, 0.01, -255
0.11600000000000002 0.043000000000000003, 0.0 0.0, 0.0 0.0, 0.0 0.0, 1.156839149618933, 0.0, 216106.1026352289, 0.0, 0.0, 0.0, 0, 0.23300970873786409, 0, 0.7669902912621359, 0, 0.0, 0, 4.627356598475732e-06, 1e-05, 1e-05, 0.01, 0.01, 0.01, 0.01, -255
0.11600000000000002 0.043000000000000003, 0.0 0.0, 0.0 0.0, 0.0 0.0, 1.156839149618933, 0.0, 216106.1026352289, 0.0, 0.0, 0.0, 0, 0.23300970873786409, 0, 0.7669902912621359, 0, 0.0, 0, 4.627356598475732e-06, 1e-05, 1e-05, 0.01, 0.01, 0.01, 0.01, -255
0.11600000000000002 0.043000000000000003, 0.0 0.0, 0.0 0.0, 0.0 0.0, 1.156839149618933, 0.0, 216106.1026352289, 0.0, 0.0, 0.0, 0, 0.23300970873786409, 0, 0.7669902912621359, 0, 0.0, 0, 4.627356598475732e-06, 1e-05, 1e-05, 0.01, 0.01, 0.01, 0.01, -255
0.11600000000000002 0.043000000000000003, 0.0 0.0, 0.0 0.0, 0.0 0.0, 1.156839149618933, 0.0, 216106.1026352289, 0.0, 0.0, 0.0, 0, 0.23300970873786409, 0, 0.7669902912621359, 0, 0.0, 0, 4.627356598475732e-06, 1e-05, 1e-05, 0.01, 0.01, 0.01, 0.01, -255
0.11600000000000002 0.043000000000000003, 0.0 0.0, 0.0 0.0, 0.0 0.0, 1.156839149618933, 0.0, 216106.1026352289, 0.0, 0.0, 0.0, 0, 0.23300970873786409, 0, 0.7669902912621359, 0, 0.0, 0, 4.627356598475732e-06, 1e-05, 1e-05, 0.01, 0.01, 0.01, 0.01, -255
0.11600000000000002 0.043000000000000003, 0.0 0.0, 0.0 0.0, 0.0 0.0, 1.156839149618933, 0.0, 216106.1026352289, 0.0, 0.0, 0.0, 0, 0.23300970873786409, 0, 0.7669902912621359, 0, 0.0, 0, 4.627356598475732e-06, 1e-05, 1e-05, 0.01, 0.01, 0.01, 0.01, -255
0.11600000000000002 0.043000000000000003, 0.0 0.0, 0.0 0.0, 0.0 0.0, 1.156839149618933, 0.0, 216106.1026352289, 0.0, 0.0, 0.0, 0, 0.23300970873786409, 0, 0.7669902912621359, 0, 0.0, 0, 4.627356598475732e-06, 1e-05, 1e-05, 0.01, 0.01, 0.01, 0.01, -255
0.11600000000000002 0.043000000000000003, 0.0 0.0, 0.0 0.0, 0.0 0.0, 1.156839149618933, 0.0, 216106.1026352289, 0.0, 0.0, 0.0, 0, 0.23300970873786409, 0, 0.7669902912621359, 0, 0.0, 0, 4.627356598475732e-06, 1e-05, 1e-05, 0.01, 0.01, 0.01, 0.01, -255
0.11600000000000002 0.043000000000000003, 0.0 0.0, 0.0 0.0, 0.0 0.0, 1.156839149618933, 0.0, 216106.1026352289, 0.0, 0.0, 0.0, 0, 0.23300970873786409, 0, 0.7669902912621359, 0, 0.0, 0, 4.627356598475732e-06, 1e-05, 1e-05, 0.01, 0.01, 0.01, 0.01, -255
0.11600000000000002 0.043000000000000003, 0.0 0.0, 0.0 0.0, 0.0 0.0, 1.156839149618933, 0.0, 216106.1026352289, 0.0, 0.0, 0.0, 0, 0.23300970873786409, 0, 0.7669902912621359, 0, 0.0, 0, 4.627356598475732e-06, 1e-05, 1e-05, 0.01, 0.01, 0.01, 0.01, -255
0.11600000000000002 0.043000000000000003, 0.0 0.0, 0.0 0.0, 0.0 0.0, 1.156839149618933, 0.0, 216106.1026352289, 0.0, 0.0, 0.0, 0, 0.23300970873786409, 0, 0.7669902912621359, 0, 0.0, 0, 4.627356598475732e-06, 1e-05, 1e-05, 0.01, 0.01, 0.01, 0.01, -255
0.11600000000000002 0.043000000000000003, 0.0 0.0, 0.0 0.0, 0.0 0.0, 1.156839149618933, 0.0, 216106.1026352289, 0.0, 0.0, 0.0, 0, 0.23300970873786409, 0, 0.7669902912621359, 0, 0.0, 0, 4.627356598475732e-06, 1e-05, 1e-05, 0.01, 0.01, 0.01, 0.01, -255
0.11600000000000002 0.043000000000000003, 0.0 0.0, 0.0 0.0, 0.0 0.0, 1.156839149618933, 0.0, 216106.1026352289, 0.0, 0.0, 0.0, 0, 0.23300970873786409, 0, 0.7669902912621359, 0, 0.0, 0, 4.627356598475732e-06, 1e-05, 1e-05, 0.01, 0.01, 0.01, 0.01, -255
0.11600000000000002 0.043000000000000003, 0.0 0.0, 0.0 0.0, 0.0 0.0, 1.156839149618933, 0.0, 216106.1026352289, 0.0, 0.0, 0.0, 0, 0.23300970873786409, 0, 0.7669902912621359, 0, 0.0, 0, 4.627356598475732e-06, 1e-05, 1e-05, 0.01, 0.01, 0.01, 0.01, -255
0.11600000000000002 0.043000000000000003, 0.0 0.0, 0.0 0.0, 0.0 0.0, 1.156839149618933, 0.0, 216106.1026352289, 0.0, 0.0, 0.0, 0, 0.23300970873786409, 0, 0.7669902912621359, 0, 0.0, 0, 4.627356598475732e-06, 1e-05, 1e-05, 0.01, 0.01, 0.01, 0.01, -255
0.11600000000000002 0.043000000000000003, 0.0 0.0, 0.0 0.0, 0.0 0.0, 1.156839149618933, 0.0, 216106.1026352289, 0.0, 0.0, 0.0, 0, 0.23300970873786409, 0, 0.7669902912621359, 0, 0.0, 0, 4.627356598475732e-06, 1e-05, 1e-05, 0.01, 0.01, 0.01, 0.01, -255
0.11600000000000002 0.043000000000000003, 0.0 0.0, 0.0 0.0, 0.0 0.0, 1.156839149618933, 0.0, 216106.1026352289, 0.0, 0.0, 0.0, 0, 0.23300970873786409, 0, 0.7669902912621359, 0, 0.0, 0, 4.627356598475732e-06, 1e-05, 1e-05, 0.01, 0.01, 0.01, 0.01, -255
0.11600000000000002 0.043000000000000003, 0.0 0.0, 0.0 0.0, 0.0 0.0, 1.156839149618933, 0.0, 216106.1026352289, 0.0, 0.0, 0.0, 0, 0.23300970873786409, 0, 0.7669902912621359, 0, 0.0, 0, 4.627356598475732e-06, 1e-05, 1e-05, 0.01, 0.01, 0.01, 0.01, -255
0.11600000000000002 0.043000000000000003, 0.0 0.0, 0.0 0.0, 0.0 0.0, 1.156839149618933, 0.0, 216106.1026352289, 0.0, 0.0, 0.0, 0, 0.23300970873786409, 0, 0.7669902912621359, 0, 0.0, 0, 4.627356598475732e-06, 1e-05, 1e-05, 0.01, 0.01, 0.01, 0.01, -255
0.11600000000000002 0.043000000000000003, 0.0 0.0, 0.0 0.0, 0.0 0.0, 1.156839149618933, 0.0, 216106.1026352289, 0.0, 0.0, 0.0, 0, 0.23300970873786409, 0, 0.7669902912621359, 0, 0.0, 0, 4.627356598475732e-06, 1e-05, 1e-05, 0.01, 0.01, 0.01, 0.01, -255
0.11600000000000002 0.043000000000000003, 0.0 0.0, 0.0 0.0, 0.0 0.0, 1.156839149618933, 0.0, 216106.1026352289, 0.0, 0.0, 0.0, 0, 0.23300970873786409, 0, 0.7669902912621359, 0, 0.0, 0, 4.627356598475732e-06, 1e-05, 1e-05, 0.01, 0.01, 0.01, 0.01, -255
0.11600000000000002 0.043000000000000003, 0.0 0.0, 0.0 0.0, 0.0 0.0, 1.156839149618933, 0.0, 216106.1026352289, 0.0, 0.0, 0.0, 0, 0.23300970873786409, 0, 0.7669902912621359, 0, 0.0, 0, 4.627356598475732e-06, 1e-05, 1e-05, 0.01, 0.01, 0.01, 0.01, -255
0.11600000000000002 0.043000000000000003, 0.0 0.0, 0.0 0.0, 0.0 0.0, 1.156839149618933, 0.0, 216106.1026352289, 0.0, 0.0, 0.0, 0, 0.23300970873786409, 0, 0.7669902912621359, 0, 0.0, 0, 4.627356598475732e-06, 1e-05, 1e-05, 0.01, 0.01, 0.01, 0.01, -255
0.11600000000000002 0.043000000000000003, 0.0 0.0, 0.0 0.0, 0.0 0.0, 1.156839149618933, 0.0, 216106.1026352289, 0.0, 0.0, 0.0, 0, 0.23300970873786409, 0, 0.7669902912621359, 0, 0.0, 0, 4.627356598475732e-06, 1e-05, 1e-05, 0.01, 0.01, 0.01, 0.01, -255
0.11600000000000002 0.043000000000000003, 0.0 0.0, 0.0 0.0, 0.0 0.0, 1.156839149618933, 0.0, 216106.1026352289, 0.0, 0.0, 0.0, 0, 0.23300970873786409, 0, 0.7669902912621359, 0, 0.0, 0, 4.627356598475732e-06, 1e-05, 1e-05, 0.01, 0.01, 0.01, 0.01, -255
0.11600000000000002 0.043000000000000003, 0.0 0.0, 0.0 0.0, 0.0 0.0, 1.156839149618933, 0.0, 216106.1026352289, 0.0, 0.0, 0.0, 0, 0.23300970873786409, 0, 0.7669902912621359, 0, 0.0, 0, 4.627356598475732e-06, 1e-05, 1e-05, 0.01, 0.01, 0.01, 0.01, -255
0.11600000000000002 0.043000000000000003, 0.0 0.0, 0.0 0.0, 0.0 0.0, 1.156839149618933, 0.0, 216106.1026352289, 0.0, 0.0, 0.0, 0, 0.23300970873786409, 0, 0.7669902912621359, 0, 0.0, 0, 4.627356598475732e-06, 1e-05, 1e-05, 0.01, 0.01, 0.01, 0.01, -255
0.11600000000000002 0.043000000000000003, 0.0 0.0, 0.0 0.0, 0.0 0.0, 1.156839149618933, 0.0, 216106.1026352289, 0.0, 0.0, 0.0, 0, 0.23300970873786409, 0, 0.7669902912621359, 0, 0.0, 0, 4.627356598475732e-06, 1e-05, 1e-05, 0.01, 0.01, 0.01, 0.01, -255
0.11600000000000002 0.043000000000000003, 0.0 0.0, 0.0 0.0, 0.0 0.0, 1.156839149618933, 0.0, 216106.1026352289, 0.0, 0.0, 0.0, 0, 0.23300970873786409, 0, 0.7669902912621359, 0, 0.0, 0, 4.627356598475732e-06, 1e-05, 1e-05, 0.01, 0.01, 0.01, 0.01, -255
0.11600000000000002 0.043000000000000003, 0.0 0.0, 0.0 0.0, 0.0 0.0, 1.156839149618933, 0.0, 216106.1026352289, 0.0, 0.0, 0.0, 0, 0.23300970873786409, 0, 0.7669902912621359, 0, 0.0, 0, 4.627356598475732e-06, 1e-05, 1e-05, 0.01, 0.01, 0.01, 0.01, -255
0.11600000000000002 0.043000000000000003, 0.0 0.0, 0.0 0.0, 0.0 0.0, 1.156839149618933, 0.0, 216106.1026352289, 0.0, 0.0, 0.0, 0, 0.23300970873786409, 0, 0.7669902912621359, 0, 0.0, 0, 4.627356598475732e-06, 1e-05, 1e-05, 0.01, 0.01, 0.01, 0.01, -255
0.11600000000000002 0.043000000000000003, 0.0 0.0, 0.0 0.0, 0.0 0.0, 1.156839149618933, 0.0, 216106.1026352289, 0.0, 0.0, 0.0, 0, 0.23300970873786409, 0, 0.7669902912621359, 0, 0.0, 0, 4.627356598475732e-06, 1e-05, 1e-05, 0.01, 0.01, 0.01, 0.01, -255
0.11600000000000002 0.043000000000000003, 0.0 0.0, 0.0 0.0, 0.0 0.0, 1.156839149618933, 0.0, 216106.1026352289, 0.0, 0.0, 0.0, 0, 0.23300970873786409, 0, 0.7669902912621359, 0, 0.0, 0, 4.627356598475732e-06, 1e-05, 1e-05, 0.01, 0.01, 0.01, 0.01, -255
0.11600000000000002 0.043000000000000003, 0.0 0.0, 0.0 0.0, 0.0 0.0, 1.156839149618933, 0.0, 216106.1026352289, 0.0, 0.0, 0.0, 0, 0.23300970873786409, 0, 0.7669902912621359, 0, 0.0, 0, 4.627356598475732e-06, 1e-05, 1e-05, 0.01, 0.01, 0.01, 0.01, -255
0.11600000000000002 0.043000000000000003, 0.0 0.0, 0.0 0.0, 0.0 0.0, 1.156839149618933, 0.0, 216106.1026352289, 0.0, 0.0, 0.0, 0, 0.23300970873786409, 0, 0.7669902912621359, 0, 0.0, 0, 4.627356598475732e-06, 1e-05, 1e-05, 0.01, 0.01, 0.01, 0.01, -255
0.11600000000000002 0.043000000000000003, 0.0 0.0, 0.0 0.0, 0.0 0.0, 1.156839149618933, 0.0, 216106.1026352289, 0.0, 0.0, 0.0, 0, 0.23300970873786409, 0, 0.7669902912621359, 0, 0.0, 0, 4.627356598475732e-06, 1e-05, 1e-05, 0.01, 0.01, 0.01, 0.01, -255
0.11600000000000002 0.043000000000000003, 0.0 0.0, 0.0 0.0, 0.0 0.0, 1.156839149618933, 0.0, 216106.1026352289, 0.0, 0.0, 0.0, 0, 0.23300970873786409, 0, 0.7669902912621359, 0, 0.0, 0, 4.627356598475732e-06, 1e-05, 1e-05, 0.01, 0.01, 0.01, 0.01, -255
0.11600000000000002 0.043000000000000003, 0.0 0.0, 0.0 0.0, 0.0 0.0, 1.156839149618933, 0.0, 216106.1026352289, 0.0, 0.0, 0.0, 0, 0.23300970873786409, 0, 0.7669902912621359, 0, 0.0, 0, 4.627356598475732e-06, 1e-05, 1e-05, 0.01, 0.01, 0.01, 0.01, -255
0.11600000000000002 0.043000000000000003, 0.0 0.0, 0.0 0.0, 0.0 0.0, 1.156839149618933, 0.0, 216106.1026352289, 0.0, 0.0, 0.0, 0, 0.23300970873786409, 0, 0.7669902912621359, 0, 0.0, 0, 4.627356598475732e-06, 1e-05, 1e-05, 0.01, 0.01, 0.01, 0.01, -255
0.11600000000000002 0.043000000000000003, 0.0 0.0, 0.0 0.0, 0.0 0.0, 1.156839149618933, 0.0, 216106.1026352289, 0.0, 0.0, 0.0, 0, 0.23300970873786409, 0, 0.7669902912621359, 0, 0.0, 0, 4.627356598475732e-06, 1e-05, 1e-05, 0.01, 0.01, 0.01, 0.01, -255
0.11600000000000002 0.043000000000000003, 0.0 0.0, 0.0 0.0, 0.0 0.0, 1.156839149618933, 0.0, 216106.1026352289, 0.0, 0.0, 0.0, 0, 0.23300970873786409, 0, 0.7669902912621359, 0, 0.0, 0, 4.627356598475732e-06, 1e-05, 1e-05, 0.01, 0.01, 0.01, 0.01, -255
0.11600000000000002 0.043000000000000003, 0.0 0.0, 0.0 0.0, 0.0 0.0, 1.156839149618933, 0.0, 216106.1026352289, 0.0, 0.0, 0.0, 0, 0.23300970873786409, 0, 0.7669902912621359, 0, 0.0, 0, 4.627356598475732e-06, 1e-05, 1e-05, 0.01, 0.01, 0.01, 0.01, -255
0.11600000000000002 0.043000000000000003, 0.0 0.0, 0.0 0.0, 0.0 0.0, 1.156839149618933, 0.0, 216106.1026352289, 0.0, 0.0, 0.0, 0, 0.23300970873786409, 0, 0.7669902912621359, 0, 0.0, 0, 4.627356598475732e-06, 1e-05, 1e-05, 0.01, 0.01, 0.01, 0.01, -255
0.11600000000000002 0.043000000000000003, 0.0 0.0, 0.0 0.0, 0.0 0.0, 1.156839149618933, 0.0, 216106.1026352289, 0.0, 0.0, 0.0, 0, 0.23300970873786409, 0, 0.7669902912621359, 0, 0.0, 0, 4.627356598475732e-06, 1e-05, 1e-05, 0.01, 0.01, 0.01, 0.01, -255
0.11600000000000002 0.043000000000000003, 0.0 0.0, 0.0 0.0, 0.0 0.0, 1.156839149618933, 0.0, 216106.1026352289, 0.0, 0.0, 0.0, 0, 0.23300970873786409, 0, 0.7669902912621359, 0, 0.0, 0, 4.627356598475732e-06, 1e-05, 1e-05, 0.01, 0.01, 0.01, 0.01, -255
0.11600000000000002 0.043000000000000003, 0.0 0.0, 0.0 0.0, 0.0 0.0, 1.156839149618933, 0.0, 216106.1026352289, 0.0, 0.0, 0.0, 0, 0.23300970873786409, 0, 0.7669902912621359, 0, 0.0, 0, 4.627356598475732e-06, 1e-05, 1e-05, 0.01, 0.01, 0.01, 0.01, -255
0.11600000000000002 0.043000000000000003, 0.0 0.0, 0.0 0.0, 0.0 0.0, 1.156839149618933, 0.0, 216106.1026352289, 0.0, 0.0, 0.0, 0, 0.23300970873786409, 0, 0.7669902912621359, 0, 0.0, 0, 4.627356598475732e-06, 1e-05, 1e-05, 0.01, 0.01, 0.01, 0.01, -255
0.11600000000000002 0.043000000000000003, 0.0 0.0, 0.0 0.0, 0.0 0.0, 1.156839149618933, 0.0, 216106.1026352289, 0.0, 0.0, 0.0, 0, 0.23300970873786409, 0, 0.7669902912621359, 0, 0.0, 0, 4.627356598475732e-06, 1e-05, 1e-05, 0.01, 0.01, 0.01, 0.01, -255
0.11600000000000002 0.043000000000000003, 0.0 0.0, 0.0 0.0, 0.0 0.0, 1.156839149618933, 0.0, 216106.1026352289, 0.0, 0.0, 0.0, 0, 0.23300970873786409, 0, 0.7669902912621359, 0, 0.0, 0, 4.627356598475732e-06, 1e-05, 1e-05, 0.01, 0.01, 0.01, 0.01, -255
0.11600000000000002 0.043000000000000003, 0.0 0.0, 0.0 0.0, 0.0 0.0, 1.156839149618933, 0.0, 216106.1026352289, 0.0, 0.0, 0.0, 0, 0.23300970873786409, 0, 0.7669902912621359, 0, 0.0, 0, 4.627356598475732e-06, 1e-05, 1e-05, 0.01, 0.01, 0.01, 0.01, -255
0.11600000000000002 0.043000000000000003, 0.0 0.0, 0.0 0.0, 0.0 0.0, 1.156839149618933, 0.0, 216106.1026352289, 0.0, 0.0, 0.0, 0, 0.23300970873786409, 0, 0.7669902912621359, 0, 0.0, 0, 4.627356598475732e-06, 1e-05, 1e-05, 0.01, 0.01, 0.01, 0.01, -255
0.11600000000000002 0.043000000000000003, 0.0 0.0, 0.0 0.0, 0.0 0.0, 1.156839149618933, 0.0, 216106.1026352289, 0.0, 0.0, 0.0, 0, 0.23300970873786409, 0, 0.7669902912621359, 0, 0.0, 0, 4.627356598475732e-06, 1e-05, 1e-05, 0.01, 0.01, 0.01, 0.01, -255
0.11600000000000002 0.043000000000000003, 0.0 0.0, 0.0 0.0, 0.0 0.0, 1.156839149618933, 0.0, 216106.1026352289, 0.0, 0.0, 0.0, 0, 0.23300970873786409, 0, 0.7669902912621359, 0, 0.0, 0, 4.627356598475732e-06, 1e-05, 1e-05, 0.01, 0.01, 0.01, 0.01, -255
0.11600000000000002 0.043000000000000003, 0.0 0.0, 0.0 0.0, 0.0 0.0, 1.156839149618933, 0.0, 216106.1026352289, 0.0, 0.0, 0.0, 0, 0.23300970873786409, 0, 0.7669902912621359, 0, 0.0, 0, 4.627356598475732e-06, 1e-05, 1e-05, 0.01, 0.01, 0.01, 0.01, -255
0.11600000000000002 0.043000000000000003, 0.0 0.0, 0.0 0.0, 0.0 0.0, 1.156839149618933, 0.0, 216106.1026352289, 0.0, 0.0, 0.0, 0, 0.23300970873786409, 0, 0.7669902912621359, 0, 0.0, 0, 4.627356598475732e-06, 1e-05, 1e-05, 0.01, 0.01, 0.01, 0.01, -255
0.11600000000000002 0.043000000000000003, 0.0 0.0, 0.0 0.0, 0.0 0.0, 1.156839149618933, 0.0, 216106.1026352289, 0.0, 0.0, 0.0, 0, 0.23300970873786409, 0, 0.7669902912621359, 0, 0.0, 0, 4.627356598475732e-06, 1e-05, 1e-05, 0.01, 0.01, 0.01, 0.01, -255
0.11600000000000002 0.043000000000000003, 0.0 0.0, 0.0 0.0, 0.0 0.0, 1.156839149618933, 0.0, 216106.1026352289, 0.0, 0.0, 0.0, 0, 0.23300970873786409, 0, 0.7669902912621359, 0, 0.0, 0, 4.627356598475732e-06, 1e-05, 1e-05, 0.01, 0.01, 0.01, 0.01, -255
0.11600000000000002 0.043000000000000003, 0.0 0.0, 0.0 0.0, 0.0 0.0, 1.156839149618933, 0.0, 216106.1026352289, 0.0, 0.0, 0.0, 0, 0.23300970873786409, 0, 0.7669902912621359, 0, 0.0, 0, 4.627356598475732e-06, 1e-05, 1e-05, 0.01, 0.01, 0.01, 0.01, -255
0.11600000000000002 0.043000000000000003, 0.0 0.0, 0.0 0.0, 0.0 0.0, 1.156839149618933, 0.0, 216106.1026352289, 0.0, 0.0, 0.0, 0, 0.23300970873786409, 0, 0.7669902912621359, 0, 0.0, 0, 4.627356598475732e-06, 1e-05, 1e-05, 0.01, 0.01, 0.01, 0.01, -255
0.11600000000000002 0.043000000000000003, 0.0 0.0, 0.0 0.0, 0.0 0.0, 1.156839149618933, 0.0, 216106.1026352289, 0.0, 0.0, 0.0, 0, 0.23300970873786409, 0, 0.7669902912621359, 0, 0.0, 0, 4.627356598475732e-06, 1e-05, 1e-05, 0.01, 0.01, 0.01, 0.01, -255
0.11600000000000002 0.043000000000000003, 0.0 0.0, 0.0 0.0, 0.0 0.0, 1.156839149618933, 0.0, 216106.1026352289, 0.0, 0.0, 0.0, 0, 0.23300970873786409, 0, 0.7669902912621359, 0, 0.0, 0, 4.627356598475732e-06, 1e-05, 1e-05, 0.01, 0.01, 0.01, 0.01, -255
0.11600000000000002 0.043000000000000003, 0.0 0.0, 0.0 0.0, 0.0 0.0, 1.156839149618933, 0.0, 216106.1026352289, 0.0, 0.0, 0.0, 0, 0.23300970873786409, 0, 0.7669902912621359, 0, 0.0, 0, 4.627356598475732e-06, 1e-05, 1e-05, 0.01, 0.01, 0.01, 0.01, -255
0.11600000000000002 0.043000000000000003, 0.0 0.0, 0.0 0.0, 0.0 0.0, 1.156839149618933, 0.0, 216106.1026352289, 0.0, 0.0, 0.0, 0, 0.23300970873786409, 0, 0.7669902912621359, 0, 0.0, 0, 4.627356598475732e-06, 1e-05, 1e-05, 0.01, 0.01, 0.01, 0.01, -255
0.11600000000000002 0.043000000000000003, 0.0 0.0, 0.0 0.0, 0.0 0.0, 1.156839149618933, 0.0, 216106.1026352289, 0.0, 0.0, 0.0, 0, 0.23300970873786409, 0, 0.7669902912621359, 0, 0.0, 0, 4.627356598475732e-06, 1e-05, 1e-05, 0.01, 0.01, 0.01, 0.01, -255
0.11600000000000002 0.043000000000000003, 0.0 0.0, 0.0 0.0, 0.0 0.0, 1.156839149618933, 0.0, 216106.1026352289, 0.0, 0.0, 0.0, 0, 0.23300970873786409, 0, 0.7669902912621359, 0, 0.0, 0, 4.627356598475732e-06, 1e-05, 1e-05, 0.01, 0.01, 0.01, 0.01, -255
0.11600000000000002 0.043000000000000003, 0.0 0.0, 0.0 0.0, 0.0 0.0, 1.156839149618933, 0.0, 216106.1026352289, 0.0, 0.0, 0.0, 0, 0.23300970873786409, 0, 0.7669902912621359, 0, 0.0, 0, 4.627356598475732e-06, 1e-05, 1e-05, 0.01, 0.01, 0.01, 0.01, -255
0.11600000000000002 0.043000000000000003, 0.0 0.0, 0.0 0.0, 0.0 0.0, 1.156839149618933, 0.0, 216106.1026352289, 0.0, 0.0, 0.0, 0, 0.23300970873786409, 0, 0.7669902912621359, 0, 0.0, 0, 4.627356598475732e-06, 1e-05, 1e-05, 0.01, 0.01, 0.01, 0.01, -255
0.11600000000000002 0.043000000000000003, 0.0 0.0, 0.0 0.0, 0.0 0.0, 1.156839149618933, 0.0, 216106.1026352289, 0.0, 0.0, 0.0, 0, 0.23300970873786409, 0, 0.7669902912621359, 0, 0.0, 0, 4.627356598475732e-06, 1e-05, 1e-05, 0.01, 0.01, 0.01, 0.01, -255
0.11600000000000002 0.043000000000000003, 0.0 0.0, 0.0 0.0, 0.0 0.0, 1.156839149618933, 0.0, 216106.1026352289, 0.0, 0.0, 0.0, 0, 0.23300970873786409, 0, 0.7669902912621359, 0, 0.0, 0, 4.627356598475732e-06, 1e-05, 1e-05, 0.01, 0.01, 0.01, 0.01, -255
0.11600000000000002 0.043000000000000003, 0.0 0.0, 0.0 0.0, 0.0 0.0, 1.156839149618933, 0.0, 216106.1026352289, 0.0, 0.0, 0.0, 0, 0.23300970873786409, 0, 0.7669902912621359, 0, 0.0, 0, 4.627356598475732e-06, 1e-05, 1e-05, 0.01, 0.01, 0.01, 0.01, -255
0.11600000000000002 0.043000000000000003, 0.0 0.0, 0.0 0.0, 0.0 0.0, 1.156839149618933, 0.0, 216106.1026352289, 0.0, 0.0, 0.0, 0, 0.23300970873786409, 0, 0.7669902912621359, 0, 0.0, 0, 4.627356598475732e-06, 1e-05, 1e-05, 0.01, 0.01, 0.01, 0.01, -255
0.11600000000000002 0.043000000000000003, 0.0 0.0, 0.0 0.0, 0.0 0.0, 1.156839149618933, 0.0, 216106.1026352289, 0.0, 0.0, 0.0, 0, 0.23300970873786409, 0, 0.7669902912621359, 0, 0.0, 0, 4.627356598475732e-06, 1e-05, 1e-05, 0.01, 0.01, 0.01, 0.01, -255
0.11600000000000002 0.043000000000000003, 0.0 0.0, 0.0 0.0, 0.0 0.0, 1.156839149618933, 0.0, 216106.1026352289, 0.0, 0.0, 0.0, 0, 0.23300970873786409, 0, 0.7669902912621359, 0, 0.0, 0, 4.627356598475732e-06, 1e-05, 1e-05, 0.01, 0.01, 0.01, 0.01, -255
0.11600000000000002 0.043000000000000003, 0.0 0.0, 0.0 0.0, 0.0 0.0, 1.156839149618933, 0.0, 216106.1026352289, 0.0, 0.0, 0.0, 0, 0.23300970873786409, 0, 0.7669902912621359, 0, 0.0, 0, 4.627356598475732e-06, 1e-05, 1e-05, 0.01, 0.01, 0.01, 0.01, -255
0.11600000000000002 0.043000000000000003, 0.0 0.0, 0.0 0.0, 0.0 0.0, 1.156839149618933, 0.0, 216106.1026352289, 0.0, 0.0, 0.0, 0, 0.23300970873786409, 0, 0.7669902912621359, 0, 0.0, 0, 4.627356598475732e-06, 1e-05, 1e-05, 0.01, 0.01, 0.01, 0.01, -255
0.11600000000000002 0.043000000000000003, 0.0 0.0, 0.0 0.0, 0.0 0.0, 1.156839149618933, 0.0, 216106.1026352289, 0.0, 0.0, 0.0, 0, 0.23300970873786409, 0, 0.7669902912621359, 0, 0.0, 0, 4.627356598475732e-06, 1e-05, 1e-05, 0.01, 0.01, 0.01, 0.01, -255
0.11600000000000002 0.043000000000000003, 0.0 0.0, 0.0 0.0, 0.0 0.0, 1.156839149618933, 0.0, 216106.1026352289, 0.0, 0.0, 0.0, 0, 0.23300970873786409, 0, 0.7669902912621359, 0, 0.0, 0, 4.627356598475732e-06, 1e-05, 1e-05, 0.01, 0.01, 0.01, 0.01, -255
0.11600000000000002 0.043000000000000003, 0.0 0.0, 0.0 0.0, 0.0 0.0, 1.156839149618933, 0.0, 216106.1026352289, 0.0, 0.0, 0.0, 0, 0.23300970873786409, 0, 0.7669902912621359, 0, 0.0, 0, 4.627356598475732e-06, 1e-05, 1e-05, 0.01, 0.01, 0.01, 0.01, -255
0.11600000000000002 0.043000000000000003, 0.0 0.0, 0.0 0.0, 0.0 0.0, 1.156839149618933, 0.0, 216106.1026352289, 0.0, 0.0, 0.0, 0, 0.23300970873786409, 0, 0.7669902912621359, 0, 0.0, 0, 4.627356598475732e-06, 1e-05, 1e-05, 0.01, 0.01, 0.01, 0.01, -255
0.11600000000000002 0.043000000000000003, 0.0 0.0, 0.0 0.0, 0.0 0.0, 1.156839149618933, 0.0, 216106.1026352289, 0.0, 0.0, 0.0, 0, 0.23300970873786409, 0, 0.7669902912621359, 0, 0.0, 0, 4.627356598475732e-06, 1e-05, 1e-05, 0.01, 0.01, 0.01, 0.01, -255
0.11600000000000002 0.043000000000000003, 0.0 0.0, 0.0 0.0, 0.0 0.0, 1.156839149618933, 0.0, 216106.1026352289, 0.0, 0.0, 0.0, 0, 0.23300970873786409, 0, 0.7669902912621359, 0, 0.0, 0, 4.627356598475732e-06, 1e-05, 1e-05, 0.01, 0.01, 0.01, 0.01, -255
0.11600000000000002 0.043000000000000003, 0.0 0.0, 0.0 0.0, 0.0 0.0, 1.156839149618933, 0.0, 216106.1026352289, 0.0, 0.0, 0.0, 0, 0.23300970873786409, 0, 0.7669902912621359, 0, 0.0, 0, 4.627356598475732e-06, 1e-05, 1e-05, 0.01, 0.01, 0.01, 0.01, -255
0.11600000000000002 0.043000000000000003, 0.0 0.0, 0.0 0.0, 0.0 0.0, 1.156839149618933, 0.0, 216106.1026352289, 0.0, 0.0, 0.0, 0, 0.23300970873786409, 0, 0.7669902912621359, 0, 0.0, 0, 4.627356598475732e-06, 1e-05, 1e-05, 0.01, 0.01, 0.01, 0.01, -255
0.11600000000000002 0.043000000000000003, 0.0 0.0, 0.0 0.0, 0.0 0.0, 1.156839149618933, 0.0, 216106.1026352289, 0.0, 0.0, 0.0, 0, 0.23300970873786409, 0, 0.7669902912621359, 0, 0.0, 0, 4.627356598475732e-06, 1e-05, 1e-05, 0.01, 0.01, 0.01, 0.01, -255
0.11600000000000002 0.043000000000000003, 0.0 0.0, 0.0 0.0, 0.0 0.0, 1.156839149618933, 0.0, 216106.1026352289, 0.0, 0.0, 0.0, 0, 0.23300970873786409, 0, 0.7669902912621359, 0, 0.0, 0, 4.627356598475732e-06, 1e-05, 1e-05, 0.01, 0.01, 0.01, 0.01, -255
0.11600000000000002 0.043000000000000003, 0.0 0.0, 0.0 0.0, 0.0 0.0, 1.156839149618933, 0.0, 216106.1026352289, 0.0, 0.0, 0.0, 0, 0.23300970873786409, 0, 0.7669902912621359, 0, 0.0, 0, 4.627356598475732e-06, 1e-05, 1e-05, 0.01, 0.01, 0.01, 0.01, -255
0.11600000000000002 0.043000000000000003, 0.0 0.0, 0.0 0.0, 0.0 0.0, 1.156839149618933, 0.0, 216106.1026352289, 0.0, 0.0, 0.0, 0, 0.23300970873786409, 0, 0.7669902912621359, 0, 0.0, 0, 4.627356598475732e-06, 1e-05, 1e-05, 0.01, 0.01, 0.01, 0.01, -255
0.11600000000000002 0.043000000000000003, 0.0 0.0, 0.0 0.0, 0.0 0.0, 1.156839149618933, 0.0, 216106.1026352289, 0.0, 0.0, 0.0, 0, 0.23300970873786409, 0, 0.7669902912621359, 0, 0.0, 0, 4.627356598475732e-06, 1e-05, 1e-05, 0.01, 0.01, 0.01, 0.01, -255
0.11600000000000002 0.043000000000000003, 0.0 0.0, 0.0 0.0, 0.0 0.0, 1.156839149618933, 0.0, 216106.1026352289, 0.0, 0.0, 0.0, 0, 0.23300970873786409, 0, 0.7669902912621359, 0, 0.0, 0, 4.627356598475732e-06, 1e-05, 1e-05, 0.01, 0.01, 0.01, 0.01, -255
0.11600000000000002 0.043000000000000003, 0.0 0.0, 0.0 0.0, 0.0 0.0, 1.156839149618933, 0.0, 216106.1026352289, 0.0, 0.0, 0.0, 0, 0.23300970873786409, 0, 0.7669902912621359, 0, 0.0, 0, 4.627356598475732e-06, 1e-05, 1e-05, 0.01, 0.01, 0.01, 0.01, -255
0.11600000000000002 0.043000000000000003, 0.0 0.0, 0.0 0.0, 0.0 0.0, 1.156839149618933, 0.0, 216106.1026352289, 0.0, 0.0, 0.0, 0, 0.23300970873786409, 0, 0.7669902912621359, 0, 0.0, 0, 4.627356598475732e-06, 1e-05, 1e-05, 0.01, 0.01, 0.01, 0.01, -255
0.11600000000000002 0.043000000000000003, 0.0 0.0, 0.0 0.0, 0.0 0.0, 1.156839149618933, 0.0, 216106.1026352289, 0.0, 0.0, 0.0, 0, 0.23300970873786409, 0, 0.7669902912621359, 0, 0.0, 0, 4.627356598475732e-06, 1e-05, 1e-05, 0.01, 0.01, 0.01, 0.01, -255
0.11600000000000002 0.043000000000000003, 0.0 0.0, 0.0 0.0, 0.0 0.0, 1.156839149618933, 0.0, 216106.1026352289, 0.0, 0.0, 0.0, 0, 0.23300970873786409, 0, 0.7669902912621359, 0, 0.0, 0, 4.627356598475732e-06, 1e-05, 1e-05, 0.01, 0.01, 0.01, 0.01, -255
0.11600000000000002 0.043000000000000003, 0.0 0.0, 0.0 0.0, 0.0 0.0, 1.156839149618933, 0.0, 216106.1026352289, 0.0, 0.0, 0.0, 0, 0.23300970873786409, 0, 0.7669902912621359, 0, 0.0, 0, 4.627356598475732e-06, 1e-05, 1e-05, 0.01, 0.01, 0.01, 0.01, -255
0.11600000000000002 0.043000000000000003, 0.0 0.0, 0.0 0.0, 0.0 0.0, 1.156839149618933, 0.0, 216106.1026352289, 0.0, 0.0, 0.0, 0, 0.23300970873786409, 0, 0.7669902912621359, 0, 0.0, 0, 4.627356598475732e-06, 1e-05, 1e-05, 0.01, 0.01, 0.01, 0.01, -255
0.11600000000000002 0.043000000000000003, 0.0 0.0, 0.0 0.0, 0.0 0.0, 1.156839149618933, 0.0, 216106.1026352289, 0.0, 0.0, 0.0, 0, 0.23300970873786409, 0, 0.7669902912621359, 0, 0.0, 0, 4.627356598475732e-06, 1e-05, 1e-05, 0.01, 0.01, 0.01, 0.01, -255
0.11600000000000002 0.043000000000000003, 0.0 0.0, 0.0 0.0, 0.0 0.0, 1.156839149618933, 0.0, 216106.1026352289, 0.0, 0.0, 0.0, 0, 0.23300970873786409, 0, 0.7669902912621359, 0, 0.0, 0, 4.627356598475732e-06, 1e-05, 1e-05, 0.01, 0.01, 0.01, 0.01, -255
0.11600000000000002 0.043000000000000003, 0.0 0.0, 0.0 0.0, 0.0 0.0, 1.156839149618933, 0.0, 216106.1026352289, 0.0, 0.0, 0.0, 0, 0.23300970873786409, 0, 0.7669902912621359, 0, 0.0, 0, 4.627356598475732e-06, 1e-05, 1e-05, 0.01, 0.01, 0.01, 0.01, -255
0.11600000000000002 0.043000000000000003, 0.0 0.0, 0.0 0.0, 0.0 0.0, 1.156839149618933, 0.0, 216106.1026352289, 0.0, 0.0, 0.0, 0, 0.23300970873786409, 0, 0.7669902912621359, 0, 0.0, 0, 4.627356598475732e-06, 1e-05, 1e-05, 0.01, 0.01, 0.01, 0.01, -255
0.11600000000000002 0.043000000000000003, 0.0 0.0, 0.0 0.0, 0.0 0.0, 1.156839149618933, 0.0, 216106.1026352289, 0.0, 0.0, 0.0, 0, 0.23300970873786409, 0, 0.7669902912621359, 0, 0.0, 0, 4.627356598475732e-06, 1e-05, 1e-05, 0.01, 0.01, 0.01, 0.01, -255
0.11600000000000002 0.043000000000000003, 0.0 0.0, 0.0 0.0, 0.0 0.0, 1.156839149618933, 0.0, 216106.1026352289, 0.0, 0.0, 0.0, 0, 0.23300970873786409, 0, 0.7669902912621359, 0, 0.0, 0, 4.627356598475732e-06, 1e-05, 1e-05, 0.01, 0.01, 0.01, 0.01, -255
0.11600000000000002 0.043000000000000003, 0.0 0.0, 0.0 0.0, 0.0 0.0, 1.156839149618933, 0.0, 216106.1026352289, 0.0, 0.0, 0.0, 0, 0.23300970873786409, 0, 0.7669902912621359, 0, 0.0, 0, 4.627356598475732e-06, 1e-05, 1e-05, 0.01, 0.01, 0.01, 0.01, -255
0.11600000000000002 0.043000000000000003, 0.0 0.0, 0.0 0.0, 0.0 0.0, 1.156839149618933, 0.0, 216106.1026352289, 0.0, 0.0, 0.0, 0, 0.23300970873786409, 0, 0.7669902912621359, 0, 0.0, 0, 4.627356598475732e-06, 1e-05, 1e-05, 0.01, 0.01, 0.01, 0.01, -255
0.11600000000000002 0.043000000000000003, 0.0 0.0, 0.0 0.0, 0.0 0.0, 1.156839149618933, 0.0, 216106.1026352289, 0.0, 0.0, 0.0, 0, 0.23300970873786409, 0, 0.7669902912621359, 0, 0.0, 0, 4.627356598475732e-06, 1e-05, 1e-05, 0.01, 0.01, 0.01, 0.01, -255
0.11600000000000002 0.043000000000000003, 0.0 0.0, 0.0 0.0, 0.0 0.0, 1.156839149618933, 0.0, 216106.1026352289, 0.0, 0.0, 0.0, 0, 0.23300970873786409, 0, 0.7669902912621359, 0, 0.0, 0, 4.627356598475732e-06, 1e-05, 1e-05, 0.01, 0.01, 0.01, 0.01, -255
0.11600000000000002 0.043000000000000003, 0.0 0.0, 0.0 0.0, 0.0 0.0, 1.156839149618933, 0.0, 216106.1026352289, 0.0, 0.0, 0.0, 0, 0.23300970873786409, 0, 0.7669902912621359, 0, 0.0, 0, 4.627356598475732e-06, 1e-05, 1e-05, 0.01, 0.01, 0.01, 0.01, -255
0.11600000000000002 0.043000000000000003, 0.0 0.0, 0.0 0.0, 0.0 0.0, 1.156839149618933, 0.0, 216106.1026352289, 0.0, 0.0, 0.0, 0, 0.23300970873786409, 0, 0.7669902912621359, 0, 0.0, 0, 4.627356598475732e-06, 1e-05, 1e-05, 0.01, 0.01, 0.01, 0.01, -255
0.11600000000000002 0.043000000000000003, 0.0 0.0, 0.0 0.0, 0.0 0.0, 1.156839149618933, 0.0, 216106.1026352289, 0.0, 0.0, 0.0, 0, 0.23300970873786409, 0, 0.7669902912621359, 0, 0.0, 0, 4.627356598475732e-06, 1e-05, 1e-05, 0.01, 0.01, 0.01, 0.01, -255
0.11600000000000002 0.043000000000000003, 0.0 0.0, 0.0 0.0, 0.0 0.0, 1.156839149618933, 0.0, 216106.1026352289, 0.0, 0.0, 0.0, 0, 0.23300970873786409, 0, 0.7669902912621359, 0, 0.0, 0, 4.627356598475732e-06, 1e-05, 1e-05, 0.01, 0.01, 0.01, 0.01, -255
0.11600000000000002 0.043000000000000003, 0.0 0.0, 0.0 0.0, 0.0 0.0, 1.156839149618933, 0.0, 216106.1026352289, 0.0, 0.0, 0.0, 0, 0.23300970873786409, 0, 0.7669902912621359, 0, 0.0, 0, 4.627356598475732e-06, 1e-05, 1e-05, 0.01, 0.01, 0.01, 0.01, -255
0.11600000000000002 0.043000000000000003, 0.0 0.0, 0.0 0.0, 0.0 0.0, 1.156839149618933, 0.0, 216106.1026352289, 0.0, 0.0, 0.0, 0, 0.23300970873786409, 0, 0.7669902912621359, 0, 0.0, 0, 4.627356598475732e-06, 1e-05, 1e-05, 0.01, 0.01, 0.01, 0.01, -255
0.11600000000000002 0.043000000000000003, 0.0 0.0, 0.0 0.0, 0.0 0.0, 1.156839149618933, 0.0, 216106.1026352289, 0.0, 0.0, 0.0, 0, 0.23300970873786409, 0, 0.7669902912621359, 0, 0.0, 0, 4.627356598475732e-06, 1e-05, 1e-05, 0.01, 0.01, 0.01, 0.01, -255
0.11600000000000002 0.043000000000000003, 0.0 0.0, 0.0 0.0, 0.0 0.0, 1.156839149618933, 0.0, 216106.1026352289, 0.0, 0.0, 0.0, 0, 0.23300970873786409, 0, 0.7669902912621359, 0, 0.0, 0, 4.627356598475732e-06, 1e-05, 1e-05, 0.01, 0.01, 0.01, 0.01, -255
0.11600000000000002 0.043000000000000003, 0.0 0.0, 0.0 0.0, 0.0 0.0, 1.156839149618933, 0.0, 216106.1026352289, 0.0, 0.0, 0.0, 0, 0.23300970873786409, 0, 0.7669902912621359, 0, 0.0, 0, 4.627356598475732e-06, 1e-05, 1e-05, 0.01, 0.01, 0.01, 0.01, -255
0.11600000000000002 0.043000000000000003, 0.0 0.0, 0.0 0.0, 0.0 0.0, 1.156839149618933, 0.0, 216106.1026352289, 0.0, 0.0, 0.0, 0, 0.23300970873786409, 0, 0.7669902912621359, 0, 0.0, 0, 4.627356598475732e-06, 1e-05, 1e-05, 0.01, 0.01, 0.01, 0.01, -255
0.11600000000000002 0.043000000000000003, 0.0 0.0, 0.0 0.0, 0.0 0.0, 1.156839149618933, 0.0, 216106.1026352289, 0.0, 0.0, 0.0, 0, 0.23300970873786409, 0, 0.7669902912621359, 0, 0.0, 0, 4.627356598475732e-06, 1e-05, 1e-05, 0.01, 0.01, 0.01, 0.01, -255
0.11600000000000002 0.043000000000000003, 0.0 0.0, 0.0 0.0, 0.0 0.0, 1.156839149618933, 0.0, 216106.1026352289, 0.0, 0.0, 0.0, 0, 0.23300970873786409, 0, 0.7669902912621359, 0, 0.0, 0, 4.627356598475732e-06, 1e-05, 1e-05, 0.01, 0.01, 0.01, 0.01, -255
0.11600000000000002 0.043000000000000003, 0.0 0.0, 0.0 0.0, 0.0 0.0, 1.156839149618933, 0.0, 216106.1026352289, 0.0, 0.0, 0.0, 0, 0.23300970873786409, 0, 0.7669902912621359, 0, 0.0, 0, 4.627356598475732e-06, 1e-05, 1e-05, 0.01, 0.01, 0.01, 0.01, -255
0.11600000000000002 0.043000000000000003, 0.0 0.0, 0.0 0.0, 0.0 0.0, 1.156839149618933, 0.0, 216106.1026352289, 0.0, 0.0, 0.0, 0, 0.23300970873786409, 0, 0.7669902912621359, 0, 0.0, 0, 4.627356598475732e-06, 1e-05, 1e-05, 0.01, 0.01, 0.01, 0.01, -255
0.11600000000000002 0.043000000000000003, 0.0 0.0, 0.0 0.0, 0.0 0.0, 1.156839149618933, 0.0, 216106.1026352289, 0.0, 0.0, 0.0, 0, 0.23300970873786409, 0, 0.7669902912621359, 0, 0.0, 0, 4.627356598475732e-06, 1e-05, 1e-05, 0.01, 0.01, 0.01, 0.01, -255
0.11600000000000002 0.043000000000000003, 0.0 0.0, 0.0 0.0, 0.0 0.0, 1.156839149618933, 0.0, 216106.1026352289, 0.0, 0.0, 0.0, 0, 0.23300970873786409, 0, 0.7669902912621359, 0, 0.0, 0, 4.627356598475732e-06, 1e-05, 1e-05, 0.01, 0.01, 0.01, 0.01, -255
0.11600000000000002 0.043000000000000003, 0.0 0.0, 0.0 0.0, 0.0 0.0, 1.156839149618933, 0.0, 216106.1026352289, 0.0, 0.0, 0.0, 0, 0.23300970873786409, 0, 0.7669902912621359, 0, 0.0, 0, 4.627356598475732e-06, 1e-05, 1e-05, 0.01, 0.01, 0.01, 0.01, -255
0.11600000000000002 0.043000000000000003, 0.0 0.0, 0.0 0.0, 0.0 0.0, 1.156839149618933, 0.0, 216106.1026352289, 0.0, 0.0, 0.0, 0, 0.23300970873786409, 0, 0.7669902912621359, 0, 0.0, 0, 4.627356598475732e-06, 1e-05, 1e-05, 0.01, 0.01, 0.01, 0.01, -255
0.11600000000000002 0.043000000000000003, 0.0 0.0, 0.0 0.0, 0.0 0.0, 1.156839149618933, 0.0, 216106.1026352289, 0.0, 0.0, 0.0, 0, 0.23300970873786409, 0, 0.7669902912621359, 0, 0.0, 0, 4.627356598475732e-06, 1e-05, 1e-05, 0.01, 0.01, 0.01, 0.01, -255
0.11600000000000002 0.043000000000000003, 0.0 0.0, 0.0 0.0, 0.0 0.0, 1.156839149618933, 0.0, 216106.1026352289, 0.0, 0.0, 0.0, 0, 0.23300970873786409, 0, 0.7669902912621359, 0, 0.0, 0, 4.627356598475732e-06, 1e-05, 1e-05, 0.01, 0.01, 0.01, 0.01, -255
0.11600000000000002 0.043000000000000003, 0.0 0.0, 0.0 0.0, 0.0 0.0, 1.156839149618933, 0.0, 216106.1026352289, 0.0, 0.0, 0.0, 0, 0.23300970873786409, 0, 0.7669902912621359, 0, 0.0, 0, 4.627356598475732e-06, 1e-05, 1e-05, 0.01, 0.01, 0.01, 0.01, -255
0.11600000000000002 0.043000000000000003, 0.0 0.0, 0.0 0.0, 0.0 0.0, 1.156839149618933, 0.0, 216106.1026352289, 0.0, 0.0, 0.0, 0, 0.23300970873786409, 0, 0.7669902912621359, 0, 0.0, 0, 4.627356598475732e-06, 1e-05, 1e-05, 0.01, 0.01, 0.01, 0.01, -255
0.11600000000000002 0.043000000000000003, 0.0 0.0, 0.0 0.0, 0.0 0.0, 1.156839149618933, 0.0, 216106.1026352289, 0.0, 0.0, 0.0, 0, 0.23300970873786409, 0, 0.7669902912621359, 0, 0.0, 0, 4.627356598475732e-06, 1e-05, 1e-05, 0.01, 0.01, 0.01, 0.01, -255
0.11600000000000002 0.043000000000000003, 0.0 0.0, 0.0 0.0, 0.0 0.0, 1.156839149618933, 0.0, 216106.1026352289, 0.0, 0.0, 0.0, 0, 0.23300970873786409, 0, 0.7669902912621359, 0, 0.0, 0, 4.627356598475732e-06, 1e-05, 1e-05, 0.01, 0.01, 0.01, 0.01, -255
0.11600000000000002 0.043000000000000003, 0.0 0.0, 0.0 0.0, 0.0 0.0, 1.156839149618933, 0.0, 216106.1026352289, 0.0, 0.0, 0.0, 0, 0.23300970873786409, 0, 0.7669902912621359, 0, 0.0, 0, 4.627356598475732e-06, 1e-05, 1e-05, 0.01, 0.01, 0.01, 0.01, -255
0.11600000000000002 0.043000000000000003, 0.0 0.0, 0.0 0.0, 0.0 0.0, 1.156839149618933, 0.0, 216106.1026352289, 0.0, 0.0, 0.0, 0, 0.23300970873786409, 0, 0.7669902912621359, 0, 0.0, 0, 4.627356598475732e-06, 1e-05, 1e-05, 0.01, 0.01, 0.01, 0.01, -255
0.11600000000000002 0.043000000000000003, 0.0 0.0, 0.0 0.0, 0.0 0.0, 1.156839149618933, 0.0, 216106.1026352289, 0.0, 0.0, 0.0, 0, 0.23300970873786409, 0, 0.7669902912621359, 0, 0.0, 0, 4.627356598475732e-06, 1e-05, 1e-05, 0.01, 0.01, 0.01, 0.01, -255
0.11600000000000002 0.043000000000000003, 0.0 0.0, 0.0 0.0, 0.0 0.0, 1.156839149618933, 0.0, 216106.1026352289, 0.0, 0.0, 0.0, 0, 0.23300970873786409, 0, 0.7669902912621359, 0, 0.0, 0, 4.627356598475732e-06, 1e-05, 1e-05, 0.01, 0.01, 0.01, 0.01, -255
0.11600000000000002 0.043000000000000003, 0.0 0.0, 0.0 0.0, 0.0 0.0, 1.156839149618933, 0.0, 216106.1026352289, 0.0, 0.0, 0.0, 0, 0.23300970873786409, 0, 0.7669902912621359, 0, 0.0, 0, 4.627356598475732e-06, 1e-05, 1e-05, 0.01, 0.01, 0.01, 0.01, -255
0.11600000000000002 0.043000000000000003, 0.0 0.0, 0.0 0.0, 0.0 0.0, 1.156839149618933, 0.0, 216106.1026352289, 0.0, 0.0, 0.0, 0, 0.23300970873786409, 0, 0.7669902912621359, 0, 0.0, 0, 4.627356598475732e-06, 1e-05, 1e-05, 0.01, 0.01, 0.01, 0.01, -255
0.11600000000000002 0.043000000000000003, 0.0 0.0, 0.0 0.0, 0.0 0.0, 1.156839149618933, 0.0, 216106.1026352289, 0.0, 0.0, 0.0, 0, 0.23300970873786409, 0, 0.7669902912621359, 0, 0.0, 0, 4.627356598475732e-06, 1e-05, 1e-05, 0.01, 0.01, 0.01, 0.01, -255
0.11600000000000002 0.043000000000000003, 0.0 0.0, 0.0 0.0, 0.0 0.0, 1.156839149618933, 0.0, 216106.1026352289, 0.0, 0.0, 0.0, 0, 0.23300970873786409, 0, 0.7669902912621359, 0, 0.0, 0, 4.627356598475732e-06, 1e-05, 1e-05, 0.01, 0.01, 0.01, 0.01, -255
0.11600000000000002 0.043000000000000003, 0.0 0.0, 0.0 0.0, 0.0 0.0, 1.156839149618933, 0.0, 216106.1026352289, 0.0, 0.0, 0.0, 0, 0.23300970873786409, 0, 0.7669902912621359, 0, 0.0, 0, 4.627356598475732e-06, 1e-05, 1e-05, 0.01, 0.01, 0.01, 0.01, -255
0.11600000000000002 0.043000000000000003, 0.0 0.0, 0.0 0.0, 0.0 0.0, 1.156839149618933, 0.0, 216106.1026352289, 0.0, 0.0, 0.0, 0, 0.23300970873786409, 0, 0.7669902912621359, 0, 0.0, 0, 4.627356598475732e-06, 1e-05, 1e-05, 0.01, 0.01, 0.01, 0.01, -255
0.11600000000000002 0.043000000000000003, 0.0 0.0, 0.0 0.0, 0.0 0.0, 1.156839149618933, 0.0, 216106.1026352289, 0.0, 0.0, 0.0, 0, 0.23300970873786409, 0, 0.7669902912621359, 0, 0.0, 0, 4.627356598475732e-06, 1e-05, 1e-05, 0.01, 0.01, 0.01, 0.01, -255
0.11600000000000002 0.043000000000000003, 0.0 0.0, 0.0 0.0, 0.0 0.0, 1.156839149618933, 0.0, 216106.1026352289, 0.0, 0.0, 0.0, 0, 0.23300970873786409, 0, 0.7669902912621359, 0, 0.0, 0, 4.627356598475732e-06, 1e-05, 1e-05, 0.01, 0.01, 0.01, 0.01, -255
0.11600000000000002 0.043000000000000003, 0.0 0.0, 0.0 0.0, 0.0 0.0, 1.156839149618933, 0.0, 216106.1026352289, 0.0, 0.0, 0.0, 0, 0.23300970873786409, 0, 0.7669902912621359, 0, 0.0, 0, 4.627356598475732e-06, 1e-05, 1e-05, 0.01, 0.01, 0.01, 0.01, -255
0.11600000000000002 0.043000000000000003, 0.0 0.0, 0.0 0.0, 0.0 0.0, 1.156839149618933, 0.0, 216106.1026352289, 0.0, 0.0, 0.0, 0, 0.23300970873786409, 0, 0.7669902912621359, 0, 0.0, 0, 4.627356598475732e-06, 1e-05, 1e-05, 0.01, 0.01, 0.01, 0.01, -255
0.11600000000000002 0.043000000000000003, 0.0 0.0, 0.0 0.0, 0.0 0.0, 1.156839149618933, 0.0, 216106.1026352289, 0.0, 0.0, 0.0, 0, 0.23300970873786409, 0, 0.7669902912621359, 0, 0.0, 0, 4.627356598475732e-06, 1e-05, 1e-05, 0.01, 0.01, 0.01, 0.01, -255
0.11600000000000002 0.043000000000000003, 0.0 0.0, 0.0 0.0, 0.0 0.0, 1.156839149618933, 0.0, 216106.1026352289, 0.0, 0.0, 0.0, 0, 0.23300970873786409, 0, 0.7669902912621359, 0, 0.0, 0, 4.627356598475732e-06, 1e-05, 1e-05, 0.01, 0.01, 0.01, 0.01, -255
0.11600000000000002 0.043000000000000003, 0.0 0.0, 0.0 0.0, 0.0 0.0, 1.156839149618933, 0.0, 216106.1026352289, 0.0, 0.0, 0.0, 0, 0.23300970873786409, 0, 0.7669902912621359, 0, 0.0, 0, 4.627356598475732e-06, 1e-05, 1e-05, 0.01, 0.01, 0.01, 0.01, -255
0.11600000000000002 0.043000000000000003, 0.0 0.0, 0.0 0.0, 0.0 0.0, 1.156839149618933, 0.0, 216106.1026352289, 0.0, 0.0, 0.0, 0, 0.23300970873786409, 0, 0.7669902912621359, 0, 0.0, 0, 4.627356598475732e-06, 1e-05, 1e-05, 0.01, 0.01, 0.01, 0.01, -255
0.11600000000000002 0.043000000000000003, 0.0 0.0, 0.0 0.0, 0.0 0.0, 1.156839149618933, 0.0, 216106.1026352289, 0.0, 0.0, 0.0, 0, 0.23300970873786409, 0, 0.7669902912621359, 0, 0.0, 0, 4.627356598475732e-06, 1e-05, 1e-05, 0.01, 0.01, 0.01, 0.01, -255
0.11600000000000002 0.043000000000000003, 0.0 0.0, 0.0 0.0, 0.0 0.0, 1.156839149618933, 0.0, 216106.1026352289, 0.0, 0.0, 0.0, 0, 0.23300970873786409, 0, 0.7669902912621359, 0, 0.0, 0, 4.627356598475732e-06, 1e-05, 1e-05, 0.01, 0.01, 0.01, 0.01, -255
0.11600000000000002 0.043000000000000003, 0.0 0.0, 0.0 0.0, 0.0 0.0, 1.156839149618933, 0.0, 216106.1026352289, 0.0, 0.0, 0.0, 0, 0.23300970873786409, 0, 0.7669902912621359, 0, 0.0, 0, 4.627356598475732e-06, 1e-05, 1e-05, 0.01, 0.01, 0.01, 0.01, -255
0.11600000000000002 0.043000000000000003, 0.0 0.0, 0.0 0.0, 0.0 0.0, 1.156839149618933, 0.0, 216106.1026352289, 0.0, 0.0, 0.0, 0, 0.23300970873786409, 0, 0.7669902912621359, 0, 0.0, 0, 4.627356598475732e-06, 1e-05, 1e-05, 0.01, 0.01, 0.01, 0.01, -255
0.11600000000000002 0.043000000000000003, 0.0 0.0, 0.0 0.0, 0.0 0.0, 1.156839149618933, 0.0, 216106.1026352289, 0.0, 0.0, 0.0, 0, 0.23300970873786409, 0, 0.7669902912621359, 0, 0.0, 0, 4.627356598475732e-06, 1e-05, 1e-05, 0.01, 0.01, 0.01, 0.01, -255
0.11600000000000002 0.043000000000000003, 0.0 0.0, 0.0 0.0, 0.0 0.0, 1.156839149618933, 0.0, 216106.1026352289, 0.0, 0.0, 0.0, 0, 0.23300970873786409, 0, 0.7669902912621359, 0, 0.0, 0, 4.627356598475732e-06, 1e-05, 1e-05, 0.01, 0.01, 0.01, 0.01, -255
0.11600000000000002 0.043000000000000003, 0.0 0.0, 0.0 0.0, 0.0 0.0, 1.156839149618933, 0.0, 216106.1026352289, 0.0, 0.0, 0.0, 0, 0.23300970873786409, 0, 0.7669902912621359, 0, 0.0, 0, 4.627356598475732e-06, 1e-05, 1e-05, 0.01, 0.01, 0.01, 0.01, -255
0.11600000000000002 0.043000000000000003, 0.0 0.0, 0.0 0.0, 0.0 0.0, 1.156839149618933, 0.0, 216106.1026352289, 0.0, 0.0, 0.0, 0, 0.23300970873786409, 0, 0.7669902912621359, 0, 0.0, 0, 4.627356598475732e-06, 1e-05, 1e-05, 0.01, 0.01, 0.01, 0.01, -255
0.11600000000000002 0.043000000000000003, 0.0 0.0, 0.0 0.0, 0.0 0.0, 1.156839149618933, 0.0, 216106.1026352289, 0.0, 0.0, 0.0, 0, 0.23300970873786409, 0, 0.7669902912621359, 0, 0.0, 0, 4.627356598475732e-06, 1e-05, 1e-05, 0.01, 0.01, 0.01, 0.01, -255
0.11600000000000002 0.043000000000000003, 0.0 0.0, 0.0 0.0, 0.0 0.0, 1.156839149618933, 0.0, 216106.1026352289, 0.0, 0.0, 0.0, 0, 0.23300970873786409, 0, 0.7669902912621359, 0, 0.0, 0, 4.627356598475732e-06, 1e-05, 1e-05, 0.01, 0.01, 0.01, 0.01, -255
0.11600000000000002 0.043000000000000003, 0.0 0.0, 0.0 0.0, 0.0 0.0, 1.156839149618933, 0.0, 216106.1026352289, 0.0, 0.0, 0.0, 0, 0.23300970873786409, 0, 0.7669902912621359, 0, 0.0, 0, 4.627356598475732e-06, 1e-05, 1e-05, 0.01, 0.01, 0.01, 0.01, -255
0.11600000000000002 0.043000000000000003, 0.0 0.0, 0.0 0.0, 0.0 0.0, 1.156839149618933, 0.0, 216106.1026352289, 0.0, 0.0, 0.0, 0, 0.23300970873786409, 0, 0.7669902912621359, 0, 0.0, 0, 4.627356598475732e-06, 1e-05, 1e-05, 0.01, 0.01, 0.01, 0.01, -255
0.11600000000000002 0.043000000000000003, 0.0 0.0, 0.0 0.0, 0.0 0.0, 1.156839149618933, 0.0, 216106.1026352289, 0.0, 0.0, 0.0, 0, 0.23300970873786409, 0, 0.7669902912621359, 0, 0.0, 0, 4.627356598475732e-06, 1e-05, 1e-05, 0.01, 0.01, 0.01, 0.01, -255
0.11600000000000002 0.043000000000000003, 0.0 0.0, 0.0 0.0, 0.0 0.0, 1.156839149618933, 0.0, 216106.1026352289, 0.0, 0.0, 0.0, 0, 0.23300970873786409, 0, 0.7669902912621359, 0, 0.0, 0, 4.627356598475732e-06, 1e-05, 1e-05, 0.01, 0.01, 0.01, 0.01, -255
0.11600000000000002 0.043000000000000003, 0.0 0.0, 0.0 0.0, 0.0 0.0, 1.156839149618933, 0.0, 216106.1026352289, 0.0, 0.0, 0.0, 0, 0.23300970873786409, 0, 0.7669902912621359, 0, 0.0, 0, 4.627356598475732e-06, 1e-05, 1e-05, 0.01, 0.01, 0.01, 0.01, -255
0.11600000000000002 0.043000000000000003, 0.0 0.0, 0.0 0.0, 0.0 0.0, 1.156839149618933, 0.0, 216106.1026352289, 0.0, 0.0, 0.0, 0, 0.23300970873786409, 0, 0.7669902912621359, 0, 0.0, 0, 4.627356598475732e-06, 1e-05, 1e-05, 0.01, 0.01, 0.01, 0.01, -255
0.11600000000000002 0.043000000000000003, 0.0 0.0, 0.0 0.0, 0.0 0.0, 1.156839149618933, 0.0, 216106.1026352289, 0.0, 0.0, 0.0, 0, 0.23300970873786409, 0, 0.7669902912621359, 0, 0.0, 0, 4.627356598475732e-06, 1e-05, 1e-05, 0.01, 0.01, 0.01, 0.01, -255
0.11600000000000002 0.043000000000000003, 0.0 0.0, 0.0 0.0, 0.0 0.0, 1.156839149618933, 0.0, 216106.1026352289, 0.0, 0.0, 0.0, 0, 0.23300970873786409, 0, 0.7669902912621359, 0, 0.0, 0, 4.627356598475732e-06, 1e-05, 1e-05, 0.01, 0.01, 0.01, 0.01, -255
0.11600000000000002 0.043000000000000003, 0.0 0.0, 0.0 0.0, 0.0 0.0, 1.156839149618933, 0.0, 216106.1026352289, 0.0, 0.0, 0.0, 0, 0.23300970873786409, 0, 0.7669902912621359, 0, 0.0, 0, 4.627356598475732e-06, 1e-05, 1e-05, 0.01, 0.01, 0.01, 0.01, -255
0.11600000000000002 0.043000000000000003, 0.0 0.0, 0.0 0.0, 0.0 0.0, 1.156839149618933, 0.0, 216106.1026352289, 0.0, 0.0, 0.0, 0, 0.23300970873786409, 0, 0.7669902912621359, 0, 0.0, 0, 4.627356598475732e-06, 1e-05, 1e-05, 0.01, 0.01, 0.01, 0.01, -255
0.11600000000000002 0.043000000000000003, 0.0 0.0, 0.0 0.0, 0.0 0.0, 1.156839149618933, 0.0, 216106.1026352289, 0.0, 0.0, 0.0, 0, 0.23300970873786409, 0, 0.7669902912621359, 0, 0.0, 0, 4.627356598475732e-06, 1e-05, 1e-05, 0.01, 0.01, 0.01, 0.01, -255
0.11600000000000002 0.043000000000000003, 0.0 0.0, 0.0 0.0, 0.0 0.0, 1.156839149618933, 0.0, 216106.1026352289, 0.0, 0.0, 0.0, 0, 0.23300970873786409, 0, 0.7669902912621359, 0, 0.0, 0, 4.627356598475732e-06, 1e-05, 1e-05, 0.01, 0.01, 0.01, 0.01, -255
0.11600000000000002 0.043000000000000003, 0.0 0.0, 0.0 0.0, 0.0 0.0, 1.156839149618933, 0.0, 216106.1026352289, 0.0, 0.0, 0.0, 0, 0.23300970873786409, 0, 0.7669902912621359, 0, 0.0, 0, 4.627356598475732e-06, 1e-05, 1e-05, 0.01, 0.01, 0.01, 0.01, -255
0.11600000000000002 0.043000000000000003, 0.0 0.0, 0.0 0.0, 0.0 0.0, 1.156839149618933, 0.0, 216106.1026352289, 0.0, 0.0, 0.0, 0, 0.23300970873786409, 0, 0.7669902912621359, 0, 0.0, 0, 4.627356598475732e-06, 1e-05, 1e-05, 0.01, 0.01, 0.01, 0.01, -255
0.11600000000000002 0.043000000000000003, 0.0 0.0, 0.0 0.0, 0.0 0.0, 1.156839149618933, 0.0, 216106.1026352289, 0.0, 0.0, 0.0, 0, 0.23300970873786409, 0, 0.7669902912621359, 0, 0.0, 0, 4.627356598475732e-06, 1e-05, 1e-05, 0.01, 0.01, 0.01, 0.01, -255
0.11600000000000002 0.043000000000000003, 0.0 0.0, 0.0 0.0, 0.0 0.0, 1.156839149618933, 0.0, 216106.1026352289, 0.0, 0.0, 0.0, 0, 0.23300970873786409, 0, 0.7669902912621359, 0, 0.0, 0, 4.627356598475732e-06, 1e-05, 1e-05, 0.01, 0.01, 0.01, 0.01, -255
0.11600000000000002 0.043000000000000003, 0.0 0.0, 0.0 0.0, 0.0 0.0, 1.156839149618933, 0.0, 216106.1026352289, 0.0, 0.0, 0.0, 0, 0.23300970873786409, 0, 0.7669902912621359, 0, 0.0, 0, 4.627356598475732e-06, 1e-05, 1e-05, 0.01, 0.01, 0.01, 0.01, -255
0.11600000000000002 0.043000000000000003, 0.0 0.0, 0.0 0.0, 0.0 0.0, 1.156839149618933, 0.0, 216106.1026352289, 0.0, 0.0, 0.0, 0, 0.23300970873786409, 0, 0.7669902912621359, 0, 0.0, 0, 4.627356598475732e-06, 1e-05, 1e-05, 0.01, 0.01, 0.01, 0.01, -255
0.11600000000000002 0.043000000000000003, 0.0 0.0, 0.0 0.0, 0.0 0.0, 1.156839149618933, 0.0, 216106.1026352289, 0.0, 0.0, 0.0, 0, 0.23300970873786409, 0, 0.7669902912621359, 0, 0.0, 0, 4.627356598475732e-06, 1e-05, 1e-05, 0.01, 0.01, 0.01, 0.01, -255
0.11600000000000002 0.043000000000000003, 0.0 0.0, 0.0 0.0, 0.0 0.0, 1.156839149618933, 0.0, 216106.1026352289, 0.0, 0.0, 0.0, 0, 0.23300970873786409, 0, 0.7669902912621359, 0, 0.0, 0, 4.627356598475732e-06, 1e-05, 1e-05, 0.01, 0.01, 0.01, 0.01, -255
0.11600000000000002 0.043000000000000003, 0.0 0.0, 0.0 0.0, 0.0 0.0, 1.156839149618933, 0.0, 216106.1026352289, 0.0, 0.0, 0.0, 0, 0.23300970873786409, 0, 0.7669902912621359, 0, 0.0, 0, 4.627356598475732e-06, 1e-05, 1e-05, 0.01, 0.01, 0.01, 0.01, -255
0.11600000000000002 0.043000000000000003, 0.0 0.0, 0.0 0.0, 0.0 0.0, 1.156839149618933, 0.0, 216106.1026352289, 0.0, 0.0, 0.0, 0, 0.23300970873786409, 0, 0.7669902912621359, 0, 0.0, 0, 4.627356598475732e-06, 1e-05, 1e-05, 0.01, 0.01, 0.01, 0.01, -255
0.11600000000000002 0.043000000000000003, 0.0 0.0, 0.0 0.0, 0.0 0.0, 1.156839149618933, 0.0, 216106.1026352289, 0.0, 0.0, 0.0, 0, 0.23300970873786409, 0, 0.7669902912621359, 0, 0.0, 0, 4.627356598475732e-06, 1e-05, 1e-05, 0.01, 0.01, 0.01, 0.01, -255
0.11600000000000002 0.043000000000000003, 0.0 0.0, 0.0 0.0, 0.0 0.0, 1.156839149618933, 0.0, 216106.1026352289, 0.0, 0.0, 0.0, 0, 0.23300970873786409, 0, 0.7669902912621359, 0, 0.0, 0, 4.627356598475732e-06, 1e-05, 1e-05, 0.01, 0.01, 0.01, 0.01, -255
0.11600000000000002 0.043000000000000003, 0.0 0.0, 0.0 0.0, 0.0 0.0, 1.156839149618933, 0.0, 216106.1026352289, 0.0, 0.0, 0.0, 0, 0.23300970873786409, 0, 0.7669902912621359, 0, 0.0, 0, 4.627356598475732e-06, 1e-05, 1e-05, 0.01, 0.01, 0.01, 0.01, -255
0.11600000000000002 0.043000000000000003, 0.0 0.0, 0.0 0.0, 0.0 0.0, 1.156839149618933, 0.0, 216106.1026352289, 0.0, 0.0, 0.0, 0, 0.23300970873786409, 0, 0.7669902912621359, 0, 0.0, 0, 4.627356598475732e-06, 1e-05, 1e-05, 0.01, 0.01, 0.01, 0.01, -255
0.11600000000000002 0.043000000000000003, 0.0 0.0, 0.0 0.0, 0.0 0.0, 1.156839149618933, 0.0, 216106.1026352289, 0.0, 0.0, 0.0, 0, 0.23300970873786409, 0, 0.7669902912621359, 0, 0.0, 0, 4.627356598475732e-06, 1e-05, 1e-05, 0.01, 0.01, 0.01, 0.01, -255
0.11600000000000002 0.043000000000000003, 0.0 0.0, 0.0 0.0, 0.0 0.0, 1.156839149618933, 0.0, 216106.1026352289, 0.0, 0.0, 0.0, 0, 0.23300970873786409, 0, 0.7669902912621359, 0, 0.0, 0, 4.627356598475732e-06, 1e-05, 1e-05, 0.01, 0.01, 0.01, 0.01, -255
0.11600000000000002 0.043000000000000003, 0.0 0.0, 0.0 0.0, 0.0 0.0, 1.156839149618933, 0.0, 216106.1026352289, 0.0, 0.0, 0.0, 0, 0.23300970873786409, 0, 0.7669902912621359, 0, 0.0, 0, 4.627356598475732e-06, 1e-05, 1e-05, 0.01, 0.01, 0.01, 0.01, -255
0.11600000000000002 0.043000000000000003, 0.0 0.0, 0.0 0.0, 0.0 0.0, 1.156839149618933, 0.0, 216106.1026352289, 0.0, 0.0, 0.0, 0, 0.23300970873786409, 0, 0.7669902912621359, 0, 0.0, 0, 4.627356598475732e-06, 1e-05, 1e-05, 0.01, 0.01, 0.01, 0.01, -255
0.11600000000000002 0.043000000000000003, 0.0 0.0, 0.0 0.0, 0.0 0.0, 1.156839149618933, 0.0, 216106.1026352289, 0.0, 0.0, 0.0, 0, 0.23300970873786409, 0, 0.7669902912621359, 0, 0.0, 0, 4.627356598475732e-06, 1e-05, 1e-05, 0.01, 0.01, 0.01, 0.01, -255
0.11600000000000002 0.043000000000000003, 0.0 0.0, 0.0 0.0, 0.0 0.0, 1.156839149618933, 0.0, 216106.1026352289, 0.0, 0.0, 0.0, 0, 0.23300970873786409, 0, 0.7669902912621359, 0, 0.0, 0, 4.627356598475732e-06, 1e-05, 1e-05, 0.01, 0.01, 0.01, 0.01, -255
0.11600000000000002 0.043000000000000003, 0.0 0.0, 0.0 0.0, 0.0 0.0, 1.156839149618933, 0.0, 216106.1026352289, 0.0, 0.0, 0.0, 0, 0.23300970873786409, 0, 0.7669902912621359, 0, 0.0, 0, 4.627356598475732e-06, 1e-05, 1e-05, 0.01, 0.01, 0.01, 0.01, -255
0.11600000000000002 0.043000000000000003, 0.0 0.0, 0.0 0.0, 0.0 0.0, 1.156839149618933, 0.0, 216106.1026352289, 0.0, 0.0, 0.0, 0, 0.23300970873786409, 0, 0.7669902912621359, 0, 0.0, 0, 4.627356598475732e-06, 1e-05, 1e-05, 0.01, 0.01, 0.01, 0.01, -255
0.11600000000000002 0.043000000000000003, 0.0 0.0, 0.0 0.0, 0.0 0.0, 1.156839149618933, 0.0, 216106.1026352289, 0.0, 0.0, 0.0, 0, 0.23300970873786409, 0, 0.7669902912621359, 0, 0.0, 0, 4.627356598475732e-06, 1e-05, 1e-05, 0.01, 0.01, 0.01, 0.01, -255
0.11600000000000002 0.043000000000000003, 0.0 0.0, 0.0 0.0, 0.0 0.0, 1.156839149618933, 0.0, 216106.1026352289, 0.0, 0.0, 0.0, 0, 0.23300970873786409, 0, 0.7669902912621359, 0, 0.0, 0, 4.627356598475732e-06, 1e-05, 1e-05, 0.01, 0.01, 0.01, 0.01, -255
0.11600000000000002 0.043000000000000003, 0.0 0.0, 0.0 0.0, 0.0 0.0, 1.156839149618933, 0.0, 216106.1026352289, 0.0, 0.0, 0.0, 0, 0.23300970873786409, 0, 0.7669902912621359, 0, 0.0, 0, 4.627356598475732e-06, 1e-05, 1e-05, 0.01, 0.01, 0.01, 0.01, -255
0.11600000000000002 0.043000000000000003, 0.0 0.0, 0.0 0.0, 0.0 0.0, 1.156839149618933, 0.0, 216106.1026352289, 0.0, 0.0, 0.0, 0, 0.23300970873786409, 0, 0.7669902912621359, 0, 0.0, 0, 4.627356598475732e-06, 1e-05, 1e-05, 0.01, 0.01, 0.01, 0.01, -255
0.11600000000000002 0.043000000000000003, 0.0 0.0, 0.0 0.0, 0.0 0.0, 1.156839149618933, 0.0, 216106.1026352289, 0.0, 0.0, 0.0, 0, 0.23300970873786409, 0, 0.7669902912621359, 0, 0.0, 0, 4.627356598475732e-06, 1e-05, 1e-05, 0.01, 0.01, 0.01, 0.01, -255
0.11600000000000002 0.043000000000000003, 0.0 0.0, 0.0 0.0, 0.0 0.0, 1.156839149618933, 0.0, 216106.1026352289, 0.0, 0.0, 0.0, 0, 0.23300970873786409, 0, 0.7669902912621359, 0, 0.0, 0, 4.627356598475732e-06, 1e-05, 1e-05, 0.01, 0.01, 0.01, 0.01, -255
0.11600000000000002 0.043000000000000003, 0.0 0.0, 0.0 0.0, 0.0 0.0, 1.156839149618933, 0.0, 216106.1026352289, 0.0, 0.0, 0.0, 0, 0.23300970873786409, 0, 0.7669902912621359, 0, 0.0, 0, 4.627356598475732e-06, 1e-05, 1e-05, 0.01, 0.01, 0.01, 0.01, -255
0.11600000000000002 0.043000000000000003, 0.0 0.0, 0.0 0.0, 0.0 0.0, 1.156839149618933, 0.0, 216106.1026352289, 0.0, 0.0, 0.0, 0, 0.23300970873786409, 0, 0.7669902912621359, 0, 0.0, 0, 4.627356598475732e-06, 1e-05, 1e-05, 0.01, 0.01, 0.01, 0.01, -255
0.11600000000000002 0.043000000000000003, 0.0 0.0, 0.0 0.0, 0.0 0.0, 1.156839149618933, 0.0, 216106.1026352289, 0.0, 0.0, 0.0, 0, 0.23300970873786409, 0, 0.7669902912621359, 0, 0.0, 0, 4.627356598475732e-06, 1e-05, 1e-05, 0.01, 0.01, 0.01, 0.01, -255
0.11600000000000002 0.043000000000000003, 0.0 0.0, 0.0 0.0, 0.0 0.0, 1.156839149618933, 0.0, 216106.1026352289, 0.0, 0.0, 0.0, 0, 0.23300970873786409, 0, 0.7669902912621359, 0, 0.0, 0, 4.627356598475732e-06, 1e-05, 1e-05, 0.01, 0.01, 0.01, 0.01, -255
0.11600000000000002 0.043000000000000003, 0.0 0.0, 0.0 0.0, 0.0 0.0, 1.156839149618933, 0.0, 216106.1026352289, 0.0, 0.0, 0.0, 0, 0.23300970873786409, 0, 0.7669902912621359, 0, 0.0, 0, 4.627356598475732e-06, 1e-05, 1e-05, 0.01, 0.01, 0.01, 0.01, -255
0.11600000000000002 0.043000000000000003, 0.0 0.0, 0.0 0.0, 0.0 0.0, 1.156839149618933, 0.0, 216106.1026352289, 0.0, 0.0, 0.0, 0, 0.23300970873786409, 0, 0.7669902912621359, 0, 0.0, 0, 4.627356598475732e-06, 1e-05, 1e-05, 0.01, 0.01, 0.01, 0.01, -255
0.11600000000000002 0.043000000000000003, 0.0 0.0, 0.0 0.0, 0.0 0.0, 1.156839149618933, 0.0, 216106.1026352289, 0.0, 0.0, 0.0, 0, 0.23300970873786409, 0, 0.7669902912621359, 0, 0.0, 0, 4.627356598475732e-06, 1e-05, 1e-05, 0.01, 0.01, 0.01, 0.01, -255
0.11600000000000002 0.043000000000000003, 0.0 0.0, 0.0 0.0, 0.0 0.0, 1.156839149618933, 0.0, 216106.1026352289, 0.0, 0.0, 0.0, 0, 0.23300970873786409, 0, 0.7669902912621359, 0, 0.0, 0, 4.627356598475732e-06, 1e-05, 1e-05, 0.01, 0.01, 0.01, 0.01, -255
0.11600000000000002 0.043000000000000003, 0.0 0.0, 0.0 0.0, 0.0 0.0, 1.156839149618933, 0.0, 216106.1026352289, 0.0, 0.0, 0.0, 0, 0.23300970873786409, 0, 0.7669902912621359, 0, 0.0, 0, 4.627356598475732e-06, 1e-05, 1e-05, 0.01, 0.01, 0.01, 0.01, -255
0.11600000000000002 0.043000000000000003, 0.0 0.0, 0.0 0.0, 0.0 0.0, 1.156839149618933, 0.0, 216106.1026352289, 0.0, 0.0, 0.0, 0, 0.23300970873786409, 0, 0.7669902912621359, 0, 0.0, 0, 4.627356598475732e-06, 1e-05, 1e-05, 0.01, 0.01, 0.01, 0.01, -255
0.11600000000000002 0.043000000000000003, 0.0 0.0, 0.0 0.0, 0.0 0.0, 1.156839149618933, 0.0, 216106.1026352289, 0.0, 0.0, 0.0, 0, 0.23300970873786409, 0, 0.7669902912621359, 0, 0.0, 0, 4.627356598475732e-06, 1e-05, 1e-05, 0.01, 0.01, 0.01, 0.01, -255
0.11600000000000002 0.043000000000000003, 0.0 0.0, 0.0 0.0, 0.0 0.0, 1.156839149618933, 0.0, 216106.1026352289, 0.0, 0.0, 0.0, 0, 0.23300970873786409, 0, 0.7669902912621359, 0, 0.0, 0, 4.627356598475732e-06, 1e-05, 1e-05, 0.01, 0.01, 0.01, 0.01, -255
0.11600000000000002 0.043000000000000003, 0.0 0.0, 0.0 0.0, 0.0 0.0, 1.156839149618933, 0.0, 216106.1026352289, 0.0, 0.0, 0.0, 0, 0.23300970873786409, 0, 0.7669902912621359, 0, 0.0, 0, 4.627356598475732e-06, 1e-05, 1e-05, 0.01, 0.01, 0.01, 0.01, -255
0.11600000000000002 0.043000000000000003, 0.0 0.0, 0.0 0.0, 0.0 0.0, 1.156839149618933, 0.0, 216106.1026352289, 0.0, 0.0, 0.0, 0, 0.23300970873786409, 0, 0.7669902912621359, 0, 0.0, 0, 4.627356598475732e-06, 1e-05, 1e-05, 0.01, 0.01, 0.01, 0.01, -255
0.11600000000000002 0.043000000000000003, 0.0 0.0, 0.0 0.0, 0.0 0.0, 1.156839149618933, 0.0, 216106.1026352289, 0.0, 0.0, 0.0, 0, 0.23300970873786409, 0, 0.7669902912621359, 0, 0.0, 0, 4.627356598475732e-06, 1e-05, 1e-05, 0.01, 0.01, 0.01, 0.01, -255
0.11600000000000002 0.043000000000000003, 0.0 0.0, 0.0 0.0, 0.0 0.0, 1.156839149618933, 0.0, 216106.1026352289, 0.0, 0.0, 0.0, 0, 0.23300970873786409, 0, 0.7669902912621359, 0, 0.0, 0, 4.627356598475732e-06, 1e-05, 1e-05, 0.01, 0.01, 0.01, 0.01, -255
0.11600000000000002 0.043000000000000003, 0.0 0.0, 0.0 0.0, 0.0 0.0, 1.156839149618933, 0.0, 216106.1026352289, 0.0, 0.0, 0.0, 0, 0.23300970873786409, 0, 0.7669902912621359, 0, 0.0, 0, 4.627356598475732e-06, 1e-05, 1e-05, 0.01, 0.01, 0.01, 0.01, -255
0.11600000000000002 0.043000000000000003, 0.0 0.0, 0.0 0.0, 0.0 0.0, 1.156839149618933, 0.0, 216106.1026352289, 0.0, 0.0, 0.0, 0, 0.23300970873786409, 0, 0.7669902912621359, 0, 0.0, 0, 4.627356598475732e-06, 1e-05, 1e-05, 0.01, 0.01, 0.01, 0.01, -255
0.11600000000000002 0.043000000000000003, 0.0 0.0, 0.0 0.0, 0.0 0.0, 1.156839149618933, 0.0, 216106.1026352289, 0.0, 0.0, 0.0, 0, 0.23300970873786409, 0, 0.7669902912621359, 0, 0.0, 0, 4.627356598475732e-06, 1e-05, 1e-05, 0.01, 0.01, 0.01, 0.01, -255
0.11600000000000002 0.043000000000000003, 0.0 0.0, 0.0 0.0, 0.0 0.0, 1.156839149618933, 0.0, 216106.1026352289, 0.0, 0.0, 0.0, 0, 0.23300970873786409, 0, 0.7669902912621359, 0, 0.0, 0, 4.627356598475732e-06, 1e-05, 1e-05, 0.01, 0.01, 0.01, 0.01, -255
0.11600000000000002 0.043000000000000003, 0.0 0.0, 0.0 0.0, 0.0 0.0, 1.156839149618933, 0.0, 216106.1026352289, 0.0, 0.0, 0.0, 0, 0.23300970873786409, 0, 0.7669902912621359, 0, 0.0, 0, 4.627356598475732e-06, 1e-05, 1e-05, 0.01, 0.01, 0.01, 0.01, -255
0.11600000000000002 0.043000000000000003, 0.0 0.0, 0.0 0.0, 0.0 0.0, 1.156839149618933, 0.0, 216106.1026352289, 0.0, 0.0, 0.0, 0, 0.23300970873786409, 0, 0.7669902912621359, 0, 0.0, 0, 4.627356598475732e-06, 1e-05, 1e-05, 0.01, 0.01, 0.01, 0.01, -255
0.11600000000000002 0.043000000000000003, 0.0 0.0, 0.0 0.0, 0.0 0.0, 1.156839149618933, 0.0, 216106.1026352289, 0.0, 0.0, 0.0, 0, 0.23300970873786409, 0, 0.7669902912621359, 0, 0.0, 0, 4.627356598475732e-06, 1e-05, 1e-05, 0.01, 0.01, 0.01, 0.01, -255
0.11600000000000002 0.043000000000000003, 0.0 0.0, 0.0 0.0, 0.0 0.0, 1.156839149618933, 0.0, 216106.1026352289, 0.0, 0.0, 0.0, 0, 0.23300970873786409, 0, 0.7669902912621359, 0, 0.0, 0, 4.627356598475732e-06, 1e-05, 1e-05, 0.01, 0.01, 0.01, 0.01, -255
0.11600000000000002 0.043000000000000003, 0.0 0.0, 0.0 0.0, 0.0 0.0, 1.156839149618933, 0.0, 216106.1026352289, 0.0, 0.0, 0.0, 0, 0.23300970873786409, 0, 0.7669902912621359, 0, 0.0, 0, 4.627356598475732e-06, 1e-05, 1e-05, 0.01, 0.01, 0.01, 0.01, -255
0.11600000000000002 0.043000000000000003, 0.0 0.0, 0.0 0.0, 0.0 0.0, 1.156839149618933, 0.0, 216106.1026352289, 0.0, 0.0, 0.0, 0, 0.23300970873786409, 0, 0.7669902912621359, 0, 0.0, 0, 4.627356598475732e-06, 1e-05, 1e-05, 0.01, 0.01, 0.01, 0.01, -255
0.11600000000000002 0.043000000000000003, 0.0 0.0, 0.0 0.0, 0.0 0.0, 1.156839149618933, 0.0, 216106.1026352289, 0.0, 0.0, 0.0, 0, 0.23300970873786409, 0, 0.7669902912621359, 0, 0.0, 0, 4.627356598475732e-06, 1e-05, 1e-05, 0.01, 0.01, 0.01, 0.01, -255
0.11600000000000002 0.043000000000000003, 0.0 0.0, 0.0 0.0, 0.0 0.0, 1.156839149618933, 0.0, 216106.1026352289, 0.0, 0.0, 0.0, 0, 0.23300970873786409, 0, 0.7669902912621359, 0, 0.0, 0, 4.627356598475732e-06, 1e-05, 1e-05, 0.01, 0.01, 0.01, 0.01, -255
0.11600000000000002 0.043000000000000003, 0.0 0.0, 0.0 0.0, 0.0 0.0, 1.156839149618933, 0.0, 216106.1026352289, 0.0, 0.0, 0.0, 0, 0.23300970873786409, 0, 0.7669902912621359, 0, 0.0, 0, 4.627356598475732e-06, 1e-05, 1e-05, 0.01, 0.01, 0.01, 0.01, -255
0.11600000000000002 0.043000000000000003, 0.0 0.0, 0.0 0.0, 0.0 0.0, 1.156839149618933, 0.0, 216106.1026352289, 0.0, 0.0, 0.0, 0, 0.23300970873786409, 0, 0.7669902912621359, 0, 0.0, 0, 4.627356598475732e-06, 1e-05, 1e-05, 0.01, 0.01, 0.01, 0.01, -255
0.11600000000000002 0.043000000000000003, 0.0 0.0, 0.0 0.0, 0.0 0.0, 1.156839149618933, 0.0, 216106.1026352289, 0.0, 0.0, 0.0, 0, 0.23300970873786409, 0, 0.7669902912621359, 0, 0.0, 0, 4.627356598475732e-06, 1e-05, 1e-05, 0.01, 0.01, 0.01, 0.01, -255
0.11600000000000002 0.043000000000000003, 0.0 0.0, 0.0 0.0, 0.0 0.0, 1.156839149618933, 0.0, 216106.1026352289, 0.0, 0.0, 0.0, 0, 0.23300970873786409, 0, 0.7669902912621359, 0, 0.0, 0, 4.627356598475732e-06, 1e-05, 1e-05, 0.01, 0.01, 0.01, 0.01, -255
0.11600000000000002 0.043000000000000003, 0.0 0.0, 0.0 0.0, 0.0 0.0, 1.156839149618933, 0.0, 216106.1026352289, 0.0, 0.0, 0.0, 0, 0.23300970873786409, 0, 0.7669902912621359, 0, 0.0, 0, 4.627356598475732e-06, 1e-05, 1e-05, 0.01, 0.01, 0.01, 0.01, -255
0.11600000000000002 0.043000000000000003, 0.0 0.0, 0.0 0.0, 0.0 0.0, 1.156839149618933, 0.0, 216106.1026352289, 0.0, 0.0, 0.0, 0, 0.23300970873786409, 0, 0.7669902912621359, 0, 0.0, 0, 4.627356598475732e-06, 1e-05, 1e-05, 0.01, 0.01, 0.01, 0.01, -255
0.11600000000000002 0.043000000000000003, 0.0 0.0, 0.0 0.0, 0.0 0.0, 1.156839149618933, 0.0, 216106.1026352289, 0.0, 0.0, 0.0, 0, 0.23300970873786409, 0, 0.7669902912621359, 0, 0.0, 0, 4.627356598475732e-06, 1e-05, 1e-05, 0.01, 0.01, 0.01, 0.01, -255
0.11600000000000002 0.043000000000000003, 0.0 0.0, 0.0 0.0, 0.0 0.0, 1.156839149618933, 0.0, 216106.1026352289, 0.0, 0.0, 0.0, 0, 0.23300970873786409, 0, 0.7669902912621359, 0, 0.0, 0, 4.627356598475732e-06, 1e-05, 1e-05, 0.01, 0.01, 0.01, 0.01, -255
0.11600000000000002 0.043000000000000003, 0.0 0.0, 0.0 0.0, 0.0 0.0, 1.156839149618933, 0.0, 216106.1026352289, 0.0, 0.0, 0.0, 0, 0.23300970873786409, 0, 0.7669902912621359, 0, 0.0, 0, 4.627356598475732e-06, 1e-05, 1e-05, 0.01, 0.01, 0.01, 0.01, -255
0.11600000000000002 0.043000000000000003, 0.0 0.0, 0.0 0.0, 0.0 0.0, 1.156839149618933, 0.0, 216106.1026352289, 0.0, 0.0, 0.0, 0, 0.23300970873786409, 0, 0.7669902912621359, 0, 0.0, 0, 4.627356598475732e-06, 1e-05, 1e-05, 0.01, 0.01, 0.01, 0.01, -255
0.11600000000000002 0.043000000000000003, 0.0 0.0, 0.0 0.0, 0.0 0.0, 1.156839149618933, 0.0, 216106.1026352289, 0.0, 0.0, 0.0, 0, 0.23300970873786409, 0, 0.7669902912621359, 0, 0.0, 0, 4.627356598475732e-06, 1e-05, 1e-05, 0.01, 0.01, 0.01, 0.01, -255
0.11600000000000002 0.043000000000000003, 0.0 0.0, 0.0 0.0, 0.0 0.0, 1.156839149618933, 0.0, 216106.1026352289, 0.0, 0.0, 0.0, 0, 0.23300970873786409, 0, 0.7669902912621359, 0, 0.0, 0, 4.627356598475732e-06, 1e-05, 1e-05, 0.01, 0.01, 0.01, 0.01, -255
0.11600000000000002 0.043000000000000003, 0.0 0.0, 0.0 0.0, 0.0 0.0, 1.156839149618933, 0.0, 216106.1026352289, 0.0, 0.0, 0.0, 0, 0.23300970873786409, 0, 0.7669902912621359, 0, 0.0, 0, 4.627356598475732e-06, 1e-05, 1e-05, 0.01, 0.01, 0.01, 0.01, -255
0.11600000000000002 0.043000000000000003, 0.0 0.0, 0.0 0.0, 0.0 0.0, 1.156839149618933, 0.0, 216106.1026352289, 0.0, 0.0, 0.0, 0, 0.23300970873786409, 0, 0.7669902912621359, 0, 0.0, 0, 4.627356598475732e-06, 1e-05, 1e-05, 0.01, 0.01, 0.01, 0.01, -255
0.11600000000000002 0.043000000000000003, 0.0 0.0, 0.0 0.0, 0.0 0.0, 1.156839149618933, 0.0, 216106.1026352289, 0.0, 0.0, 0.0, 0, 0.23300970873786409, 0, 0.7669902912621359, 0, 0.0, 0, 4.627356598475732e-06, 1e-05, 1e-05, 0.01, 0.01, 0.01, 0.01, -255
0.11600000000000002 0.043000000000000003, 0.0 0.0, 0.0 0.0, 0.0 0.0, 1.156839149618933, 0.0, 216106.1026352289, 0.0, 0.0, 0.0, 0, 0.23300970873786409, 0, 0.7669902912621359, 0, 0.0, 0, 4.627356598475732e-06, 1e-05, 1e-05, 0.01, 0.01, 0.01, 0.01, -255
0.11600000000000002 0.043000000000000003, 0.0 0.0, 0.0 0.0, 0.0 0.0, 1.156839149618933, 0.0, 216106.1026352289, 0.0, 0.0, 0.0, 0, 0.23300970873786409, 0, 0.7669902912621359, 0, 0.0, 0, 4.627356598475732e-06, 1e-05, 1e-05, 0.01, 0.01, 0.01, 0.01, -255
0.11600000000000002 0.043000000000000003, 0.0 0.0, 0.0 0.0, 0.0 0.0, 1.156839149618933, 0.0, 216106.1026352289, 0.0, 0.0, 0.0, 0, 0.23300970873786409, 0, 0.7669902912621359, 0, 0.0, 0, 4.627356598475732e-06, 1e-05, 1e-05, 0.01, 0.01, 0.01, 0.01, -255
0.11600000000000002 0.043000000000000003, 0.0 0.0, 0.0 0.0, 0.0 0.0, 1.156839149618933, 0.0, 216106.1026352289, 0.0, 0.0, 0.0, 0, 0.23300970873786409, 0, 0.7669902912621359, 0, 0.0, 0, 4.627356598475732e-06, 1e-05, 1e-05, 0.01, 0.01, 0.01, 0.01, -255
0.11600000000000002 0.043000000000000003, 0.0 0.0, 0.0 0.0, 0.0 0.0, 1.156839149618933, 0.0, 216106.1026352289, 0.0, 0.0, 0.0, 0, 0.23300970873786409, 0, 0.7669902912621359, 0, 0.0, 0, 4.627356598475732e-06, 1e-05, 1e-05, 0.01, 0.01, 0.01, 0.01, -255
0.11600000000000002 0.043000000000000003, 0.0 0.0, 0.0 0.0, 0.0 0.0, 1.156839149618933, 0.0, 216106.1026352289, 0.0, 0.0, 0.0, 0, 0.23300970873786409, 0, 0.7669902912621359, 0, 0.0, 0, 4.627356598475732e-06, 1e-05, 1e-05, 0.01, 0.01, 0.01, 0.01, -255
0.11600000000000002 0.043000000000000003, 0.0 0.0, 0.0 0.0, 0.0 0.0, 1.156839149618933, 0.0, 216106.1026352289, 0.0, 0.0, 0.0, 0, 0.23300970873786409, 0, 0.7669902912621359, 0, 0.0, 0, 4.627356598475732e-06, 1e-05, 1e-05, 0.01, 0.01, 0.01, 0.01, -255
0.11600000000000002 0.043000000000000003, 0.0 0.0, 0.0 0.0, 0.0 0.0, 1.156839149618933, 0.0, 216106.1026352289, 0.0, 0.0, 0.0, 0, 0.23300970873786409, 0, 0.7669902912621359, 0, 0.0, 0, 4.627356598475732e-06, 1e-05, 1e-05, 0.01, 0.01, 0.01, 0.01, -255
0.11600000000000002 0.043000000000000003, 0.0 0.0, 0.0 0.0, 0.0 0.0, 1.156839149618933, 0.0, 216106.1026352289, 0.0, 0.0, 0.0, 0, 0.23300970873786409, 0, 0.7669902912621359, 0, 0.0, 0, 4.627356598475732e-06, 1e-05, 1e-05, 0.01, 0.01, 0.01, 0.01, -255
0.11600000000000002 0.043000000000000003, 0.0 0.0, 0.0 0.0, 0.0 0.0, 1.156839149618933, 0.0, 216106.1026352289, 0.0, 0.0, 0.0, 0, 0.23300970873786409, 0, 0.7669902912621359, 0, 0.0, 0, 4.627356598475732e-06, 1e-05, 1e-05, 0.01, 0.01, 0.01, 0.01, -255
0.11600000000000002 0.043000000000000003, 0.0 0.0, 0.0 0.0, 0.0 0.0, 1.156839149618933, 0.0, 216106.1026352289, 0.0, 0.0, 0.0, 0, 0.23300970873786409, 0, 0.7669902912621359, 0, 0.0, 0, 4.627356598475732e-06, 1e-05, 1e-05, 0.01, 0.01, 0.01, 0.01, -255
0.11600000000000002 0.043000000000000003, 0.0 0.0, 0.0 0.0, 0.0 0.0, 1.156839149618933, 0.0, 216106.1026352289, 0.0, 0.0, 0.0, 0, 0.23300970873786409, 0, 0.7669902912621359, 0, 0.0, 0, 4.627356598475732e-06, 1e-05, 1e-05, 0.01, 0.01, 0.01, 0.01, -255
0.11600000000000002 0.043000000000000003, 0.0 0.0, 0.0 0.0, 0.0 0.0, 1.156839149618933, 0.0, 216106.1026352289, 0.0, 0.0, 0.0, 0, 0.23300970873786409, 0, 0.7669902912621359, 0, 0.0, 0, 4.627356598475732e-06, 1e-05, 1e-05, 0.01, 0.01, 0.01, 0.01, -255
0.11600000000000002 0.043000000000000003, 0.0 0.0, 0.0 0.0, 0.0 0.0, 1.156839149618933, 0.0, 216106.1026352289, 0.0, 0.0, 0.0, 0, 0.23300970873786409, 0, 0.7669902912621359, 0, 0.0, 0, 4.627356598475732e-06, 1e-05, 1e-05, 0.01, 0.01, 0.01, 0.01, -255
0.11600000000000002 0.043000000000000003, 0.0 0.0, 0.0 0.0, 0.0 0.0, 1.156839149618933, 0.0, 216106.1026352289, 0.0, 0.0, 0.0, 0, 0.23300970873786409, 0, 0.7669902912621359, 0, 0.0, 0, 4.627356598475732e-06, 1e-05, 1e-05, 0.01, 0.01, 0.01, 0.01, -255
0.11600000000000002 0.043000000000000003, 0.0 0.0, 0.0 0.0, 0.0 0.0, 1.156839149618933, 0.0, 216106.1026352289, 0.0, 0.0, 0.0, 0, 0.23300970873786409, 0, 0.7669902912621359, 0, 0.0, 0, 4.627356598475732e-06, 1e-05, 1e-05, 0.01, 0.01, 0.01, 0.01, -255
0.11600000000000002 0.043000000000000003, 0.0 0.0, 0.0 0.0, 0.0 0.0, 1.156839149618933, 0.0, 216106.1026352289, 0.0, 0.0, 0.0, 0, 0.23300970873786409, 0, 0.7669902912621359, 0, 0.0, 0, 4.627356598475732e-06, 1e-05, 1e-05, 0.01, 0.01, 0.01, 0.01, -255
0.11600000000000002 0.043000000000000003, 0.0 0.0, 0.0 0.0, 0.0 0.0, 1.156839149618933, 0.0, 216106.1026352289, 0.0, 0.0, 0.0, 0, 0.23300970873786409, 0, 0.7669902912621359, 0, 0.0, 0, 4.627356598475732e-06, 1e-05, 1e-05, 0.01, 0.01, 0.01, 0.01, -255
0.11600000000000002 0.043000000000000003, 0.0 0.0, 0.0 0.0, 0.0 0.0, 1.156839149618933, 0.0, 216106.1026352289, 0.0, 0.0, 0.0, 0, 0.23300970873786409, 0, 0.7669902912621359, 0, 0.0, 0, 4.627356598475732e-06, 1e-05, 1e-05, 0.01, 0.01, 0.01, 0.01, -255
0.11600000000000002 0.043000000000000003, 0.0 0.0, 0.0 0.0, 0.0 0.0, 1.156839149618933, 0.0, 216106.1026352289, 0.0, 0.0, 0.0, 0, 0.23300970873786409, 0, 0.7669902912621359, 0, 0.0, 0, 4.627356598475732e-06, 1e-05, 1e-05, 0.01, 0.01, 0.01, 0.01, -255
0.11600000000000002 0.043000000000000003, 0.0 0.0, 0.0 0.0, 0.0 0.0, 1.156839149618933, 0.0, 216106.1026352289, 0.0, 0.0, 0.0, 0, 0.23300970873786409, 0, 0.7669902912621359, 0, 0.0, 0, 4.627356598475732e-06, 1e-05, 1e-05, 0.01, 0.01, 0.01, 0.01, -255
0.11600000000000002 0.043000000000000003, 0.0 0.0, 0.0 0.0, 0.0 0.0, 1.156839149618933, 0.0, 216106.1026352289, 0.0, 0.0, 0.0, 0, 0.23300970873786409, 0, 0.7669902912621359, 0, 0.0, 0, 4.627356598475732e-06, 1e-05, 1e-05, 0.01, 0.01, 0.01, 0.01, -255
0.11600000000000002 0.043000000000000003, 0.0 0.0, 0.0 0.0, 0.0 0.0, 1.156839149618933, 0.0, 216106.1026352289, 0.0, 0.0, 0.0, 0, 0.23300970873786409, 0, 0.7669902912621359, 0, 0.0, 0, 4.627356598475732e-06, 1e-05, 1e-05, 0.01, 0.01, 0.01, 0.01, -255
0.11600000000000002 0.043000000000000003, 0.0 0.0, 0.0 0.0, 0.0 0.0, 1.156839149618933, 0.0, 216106.1026352289, 0.0, 0.0, 0.0, 0, 0.23300970873786409, 0, 0.7669902912621359, 0, 0.0, 0, 4.627356598475732e-06, 1e-05, 1e-05, 0.01, 0.01, 0.01, 0.01, -255
0.11600000000000002 0.043000000000000003, 0.0 0.0, 0.0 0.0, 0.0 0.0, 1.156839149618933, 0.0, 216106.1026352289, 0.0, 0.0, 0.0, 0, 0.23300970873786409, 0, 0.7669902912621359, 0, 0.0, 0, 4.627356598475732e-06, 1e-05, 1e-05, 0.01, 0.01, 0.01, 0.01, -255
0.11600000000000002 0.043000000000000003, 0.0 0.0, 0.0 0.0, 0.0 0.0, 1.156839149618933, 0.0, 216106.1026352289, 0.0, 0.0, 0.0, 0, 0.23300970873786409, 0, 0.7669902912621359, 0, 0.0, 0, 4.627356598475732e-06, 1e-05, 1e-05, 0.01, 0.01, 0.01, 0.01, -255
0.11600000000000002 0.043000000000000003, 0.0 0.0, 0.0 0.0, 0.0 0.0, 1.156839149618933, 0.0, 216106.1026352289, 0.0, 0.0, 0.0, 0, 0.23300970873786409, 0, 0.7669902912621359, 0, 0.0, 0, 4.627356598475732e-06, 1e-05, 1e-05, 0.01, 0.01, 0.01, 0.01, -255
0.11600000000000002 0.043000000000000003, 0.0 0.0, 0.0 0.0, 0.0 0.0, 1.156839149618933, 0.0, 216106.1026352289, 0.0, 0.0, 0.0, 0, 0.23300970873786409, 0, 0.7669902912621359, 0, 0.0, 0, 4.627356598475732e-06, 1e-05, 1e-05, 0.01, 0.01, 0.01, 0.01, -255
0.11600000000000002 0.043000000000000003, 0.0 0.0, 0.0 0.0, 0.0 0.0, 1.156839149618933, 0.0, 216106.1026352289, 0.0, 0.0, 0.0, 0, 0.23300970873786409, 0, 0.7669902912621359, 0, 0.0, 0, 4.627356598475732e-06, 1e-05, 1e-05, 0.01, 0.01, 0.01, 0.01, -255
0.11600000000000002 0.043000000000000003, 0.0 0.0, 0.0 0.0, 0.0 0.0, 1.156839149618933, 0.0, 216106.1026352289, 0.0, 0.0, 0.0, 0, 0.23300970873786409, 0, 0.7669902912621359, 0, 0.0, 0, 4.627356598475732e-06, 1e-05, 1e-05, 0.01, 0.01, 0.01, 0.01, -255
0.11600000000000002 0.043000000000000003, 0.0 0.0, 0.0 0.0, 0.0 0.0, 1.156839149618933, 0.0, 216106.1026352289, 0.0, 0.0, 0.0, 0, 0.23300970873786409, 0, 0.7669902912621359, 0, 0.0, 0, 4.627356598475732e-06, 1e-05, 1e-05, 0.01, 0.01, 0.01, 0.01, -255
0.11600000000000002 0.043000000000000003, 0.0 0.0, 0.0 0.0, 0.0 0.0, 1.156839149618933, 0.0, 216106.1026352289, 0.0, 0.0, 0.0, 0, 0.23300970873786409, 0, 0.7669902912621359, 0, 0.0, 0, 4.627356598475732e-06, 1e-05, 1e-05, 0.01, 0.01, 0.01, 0.01, -255
0.11600000000000002 0.043000000000000003, 0.0 0.0, 0.0 0.0, 0.0 0.0, 1.156839149618933, 0.0, 216106.1026352289, 0.0, 0.0, 0.0, 0, 0.23300970873786409, 0, 0.7669902912621359, 0, 0.0, 0, 4.627356598475732e-06, 1e-05, 1e-05, 0.01, 0.01, 0.01, 0.01, -255
0.11600000000000002 0.043000000000000003, 0.0 0.0, 0.0 0.0, 0.0 0.0, 1.156839149618933, 0.0, 216106.1026352289, 0.0, 0.0, 0.0, 0, 0.23300970873786409, 0, 0.7669902912621359, 0, 0.0, 0, 4.627356598475732e-06, 1e-05, 1e-05, 0.01, 0.01, 0.01, 0.01, -255
0.11600000000000002 0.043000000000000003, 0.0 0.0, 0.0 0.0, 0.0 0.0, 1.156839149618933, 0.0, 216106.1026352289, 0.0, 0.0, 0.0, 0, 0.23300970873786409, 0, 0.7669902912621359, 0, 0.0, 0, 4.627356598475732e-06, 1e-05, 1e-05, 0.01, 0.01, 0.01, 0.01, -255
0.11600000000000002 0.043000000000000003, 0.0 0.0, 0.0 0.0, 0.0 0.0, 1.156839149618933, 0.0, 216106.1026352289, 0.0, 0.0, 0.0, 0, 0.23300970873786409, 0, 0.7669902912621359, 0, 0.0, 0, 4.627356598475732e-06, 1e-05, 1e-05, 0.01, 0.01, 0.01, 0.01, -255
0.11600000000000002 0.043000000000000003, 0.0 0.0, 0.0 0.0, 0.0 0.0, 1.156839149618933, 0.0, 216106.1026352289, 0.0, 0.0, 0.0, 0, 0.23300970873786409, 0, 0.7669902912621359, 0, 0.0, 0, 4.627356598475732e-06, 1e-05, 1e-05, 0.01, 0.01, 0.01, 0.01, -255
0.11600000000000002 0.043000000000000003, 0.0 0.0, 0.0 0.0, 0.0 0.0, 1.156839149618933, 0.0, 216106.1026352289, 0.0, 0.0, 0.0, 0, 0.23300970873786409, 0, 0.7669902912621359, 0, 0.0, 0, 4.627356598475732e-06, 1e-05, 1e-05, 0.01, 0.01, 0.01, 0.01, -255
0.11600000000000002 0.043000000000000003, 0.0 0.0, 0.0 0.0, 0.0 0.0, 1.156839149618933, 0.0, 216106.1026352289, 0.0, 0.0, 0.0, 0, 0.23300970873786409, 0, 0.7669902912621359, 0, 0.0, 0, 4.627356598475732e-06, 1e-05, 1e-05, 0.01, 0.01, 0.01, 0.01, -255
0.11600000000000002 0.043000000000000003, 0.0 0.0, 0.0 0.0, 0.0 0.0, 1.156839149618933, 0.0, 216106.1026352289, 0.0, 0.0, 0.0, 0, 0.23300970873786409, 0, 0.7669902912621359, 0, 0.0, 0, 4.627356598475732e-06, 1e-05, 1e-05, 0.01, 0.01, 0.01, 0.01, -255
0.11600000000000002 0.043000000000000003, 0.0 0.0, 0.0 0.0, 0.0 0.0, 1.156839149618933, 0.0, 216106.1026352289, 0.0, 0.0, 0.0, 0, 0.23300970873786409, 0, 0.7669902912621359, 0, 0.0, 0, 4.627356598475732e-06, 1e-05, 1e-05, 0.01, 0.01, 0.01, 0.01, -255
0.11600000000000002 0.043000000000000003, 0.0 0.0, 0.0 0.0, 0.0 0.0, 1.156839149618933, 0.0, 216106.1026352289, 0.0, 0.0, 0.0, 0, 0.23300970873786409, 0, 0.7669902912621359, 0, 0.0, 0, 4.627356598475732e-06, 1e-05, 1e-05, 0.01, 0.01, 0.01, 0.01, -255
0.11600000000000002 0.043000000000000003, 0.0 0.0, 0.0 0.0, 0.0 0.0, 1.156839149618933, 0.0, 216106.1026352289, 0.0, 0.0, 0.0, 0, 0.23300970873786409, 0, 0.7669902912621359, 0, 0.0, 0, 4.627356598475732e-06, 1e-05, 1e-05, 0.01, 0.01, 0.01, 0.01, -255
0.11600000000000002 0.043000000000000003, 0.0 0.0, 0.0 0.0, 0.0 0.0, 1.156839149618933, 0.0, 216106.1026352289, 0.0, 0.0, 0.0, 0, 0.23300970873786409, 0, 0.7669902912621359, 0, 0.0, 0, 4.627356598475732e-06, 1e-05, 1e-05, 0.01, 0.01, 0.01, 0.01, -255
0.11600000000000002 0.043000000000000003, 0.0 0.0, 0.0 0.0, 0.0 0.0, 1.156839149618933, 0.0, 216106.1026352289, 0.0, 0.0, 0.0, 0, 0.23300970873786409, 0, 0.7669902912621359, 0, 0.0, 0, 4.627356598475732e-06, 1e-05, 1e-05, 0.01, 0.01, 0.01, 0.01, -255
0.11600000000000002 0.043000000000000003, 0.0 0.0, 0.0 0.0, 0.0 0.0, 1.156839149618933, 0.0, 216106.1026352289, 0.0, 0.0, 0.0, 0, 0.23300970873786409, 0, 0.7669902912621359, 0, 0.0, 0, 4.627356598475732e-06, 1e-05, 1e-05, 0.01, 0.01, 0.01, 0.01, -255
0.11600000000000002 0.043000000000000003, 0.0 0.0, 0.0 0.0, 0.0 0.0, 1.156839149618933, 0.0, 216106.1026352289, 0.0, 0.0, 0.0, 0, 0.23300970873786409, 0, 0.7669902912621359, 0, 0.0, 0, 4.627356598475732e-06, 1e-05, 1e-05, 0.01, 0.01, 0.01, 0.01, -255
0.11600000000000002 0.043000000000000003, 0.0 0.0, 0.0 0.0, 0.0 0.0, 1.156839149618933, 0.0, 216106.1026352289, 0.0, 0.0, 0.0, 0, 0.23300970873786409, 0, 0.7669902912621359, 0, 0.0, 0, 4.627356598475732e-06, 1e-05, 1e-05, 0.01, 0.01, 0.01, 0.01, -255
0.11600000000000002 0.043000000000000003, 0.0 0.0, 0.0 0.0, 0.0 0.0, 1.156839149618933, 0.0, 216106.1026352289, 0.0, 0.0, 0.0, 0, 0.23300970873786409, 0, 0.7669902912621359, 0, 0.0, 0, 4.627356598475732e-06, 1e-05, 1e-05, 0.01, 0.01, 0.01, 0.01, -255
0.11600000000000002 0.043000000000000003, 0.0 0.0, 0.0 0.0, 0.0 0.0, 1.156839149618933, 0.0, 216106.1026352289, 0.0, 0.0, 0.0, 0, 0.23300970873786409, 0, 0.7669902912621359, 0, 0.0, 0, 4.627356598475732e-06, 1e-05, 1e-05, 0.01, 0.01, 0.01, 0.01, -255
0.11600000000000002 0.043000000000000003, 0.0 0.0, 0.0 0.0, 0.0 0.0, 1.156839149618933, 0.0, 216106.1026352289, 0.0, 0.0, 0.0, 0, 0.23300970873786409, 0, 0.7669902912621359, 0, 0.0, 0, 4.627356598475732e-06, 1e-05, 1e-05, 0.01, 0.01, 0.01, 0.01, -255
0.11600000000000002 0.043000000000000003, 0.0 0.0, 0.0 0.0, 0.0 0.0, 1.156839149618933, 0.0, 216106.1026352289, 0.0, 0.0, 0.0, 0, 0.23300970873786409, 0, 0.7669902912621359, 0, 0.0, 0, 4.627356598475732e-06, 1e-05, 1e-05, 0.01, 0.01, 0.01, 0.01, -255
0.11600000000000002 0.043000000000000003, 0.0 0.0, 0.0 0.0, 0.0 0.0, 1.156839149618933, 0.0, 216106.1026352289, 0.0, 0.0, 0.0, 0, 0.23300970873786409, 0, 0.7669902912621359, 0, 0.0, 0, 4.627356598475732e-06, 1e-05, 1e-05, 0.01, 0.01, 0.01, 0.01, -255
0.11600000000000002 0.043000000000000003, 0.0 0.0, 0.0 0.0, 0.0 0.0, 1.156839149618933, 0.0, 216106.1026352289, 0.0, 0.0, 0.0, 0, 0.23300970873786409, 0, 0.7669902912621359, 0, 0.0, 0, 4.627356598475732e-06, 1e-05, 1e-05, 0.01, 0.01, 0.01, 0.01, -255
0.11600000000000002 0.043000000000000003, 0.0 0.0, 0.0 0.0, 0.0 0.0, 1.156839149618933, 0.0, 216106.1026352289, 0.0, 0.0, 0.0, 0, 0.23300970873786409, 0, 0.7669902912621359, 0, 0.0, 0, 4.627356598475732e-06, 1e-05, 1e-05, 0.01, 0.01, 0.01, 0.01, -255
0.11600000000000002 0.043000000000000003, 0.0 0.0, 0.0 0.0, 0.0 0.0, 1.156839149618933, 0.0, 216106.1026352289, 0.0, 0.0, 0.0, 0, 0.23300970873786409, 0, 0.7669902912621359, 0, 0.0, 0, 4.627356598475732e-06, 1e-05, 1e-05, 0.01, 0.01, 0.01, 0.01, -255
0.11600000000000002 0.043000000000000003, 0.0 0.0, 0.0 0.0, 0.0 0.0, 1.156839149618933, 0.0, 216106.1026352289, 0.0, 0.0, 0.0, 0, 0.23300970873786409, 0, 0.7669902912621359, 0, 0.0, 0, 4.627356598475732e-06, 1e-05, 1e-05, 0.01, 0.01, 0.01, 0.01, -255
0.11600000000000002 0.043000000000000003, 0.0 0.0, 0.0 0.0, 0.0 0.0, 1.156839149618933, 0.0, 216106.1026352289, 0.0, 0.0, 0.0, 0, 0.23300970873786409, 0, 0.7669902912621359, 0, 0.0, 0, 4.627356598475732e-06, 1e-05, 1e-05, 0.01, 0.01, 0.01, 0.01, -255
0.11600000000000002 0.043000000000000003, 0.0 0.0, 0.0 0.0, 0.0 0.0, 1.156839149618933, 0.0, 216106.1026352289, 0.0, 0.0, 0.0, 0, 0.23300970873786409, 0, 0.7669902912621359, 0, 0.0, 0, 4.627356598475732e-06, 1e-05, 1e-05, 0.01, 0.01, 0.01, 0.01, -255
0.11600000000000002 0.043000000000000003, 0.0 0.0, 0.0 0.0, 0.0 0.0, 1.156839149618933, 0.0, 216106.1026352289, 0.0, 0.0, 0.0, 0, 0.23300970873786409, 0, 0.7669902912621359, 0, 0.0, 0, 4.627356598475732e-06, 1e-05, 1e-05, 0.01, 0.01, 0.01, 0.01, -255
0.11600000000000002 0.043000000000000003, 0.0 0.0, 0.0 0.0, 0.0 0.0, 1.156839149618933, 0.0, 216106.1026352289, 0.0, 0.0, 0.0, 0, 0.23300970873786409, 0, 0.7669902912621359, 0, 0.0, 0, 4.627356598475732e-06, 1e-05, 1e-05, 0.01, 0.01, 0.01, 0.01, -255
0.11600000000000002 0.043000000000000003, 0.0 0.0, 0.0 0.0, 0.0 0.0, 1.156839149618933, 0.0, 216106.1026352289, 0.0, 0.0, 0.0, 0, 0.23300970873786409, 0, 0.7669902912621359, 0, 0.0, 0, 4.627356598475732e-06, 1e-05, 1e-05, 0.01, 0.01, 0.01, 0.01, -255
0.11600000000000002 0.043000000000000003, 0.0 0.0, 0.0 0.0, 0.0 0.0, 1.156839149618933, 0.0, 216106.1026352289, 0.0, 0.0, 0.0, 0, 0.23300970873786409, 0, 0.7669902912621359, 0, 0.0, 0, 4.627356598475732e-06, 1e-05, 1e-05, 0.01, 0.01, 0.01, 0.01, -255
0.11600000000000002 0.043000000000000003, 0.0 0.0, 0.0 0.0, 0.0 0.0, 1.156839149618933, 0.0, 216106.1026352289, 0.0, 0.0, 0.0, 0, 0.23300970873786409, 0, 0.7669902912621359, 0, 0.0, 0, 4.627356598475732e-06, 1e-05, 1e-05, 0.01, 0.01, 0.01, 0.01, -255
0.11600000000000002 0.043000000000000003, 0.0 0.0, 0.0 0.0, 0.0 0.0, 1.156839149618933, 0.0, 216106.1026352289, 0.0, 0.0, 0.0, 0, 0.23300970873786409, 0, 0.7669902912621359, 0, 0.0, 0, 4.627356598475732e-06, 1e-05, 1e-05, 0.01, 0.01, 0.01, 0.01, -255
0.11600000000000002 0.043000000000000003, 0.0 0.0, 0.0 0.0, 0.0 0.0, 1.156839149618933, 0.0, 216106.1026352289, 0.0, 0.0, 0.0, 0, 0.23300970873786409, 0, 0.7669902912621359, 0, 0.0, 0, 4.627356598475732e-06, 1e-05, 1e-05, 0.01, 0.01, 0.01, 0.01, -255
0.11600000000000002 0.043000000000000003, 0.0 0.0, 0.0 0.0, 0.0 0.0, 1.156839149618933, 0.0, 216106.1026352289, 0.0, 0.0, 0.0, 0, 0.23300970873786409, 0, 0.7669902912621359, 0, 0.0, 0, 4.627356598475732e-06, 1e-05, 1e-05, 0.01, 0.01, 0.01, 0.01, -255
0.11600000000000002 0.043000000000000003, 0.0 0.0, 0.0 0.0, 0.0 0.0, 1.156839149618933, 0.0, 216106.1026352289, 0.0, 0.0, 0.0, 0, 0.23300970873786409, 0, 0.7669902912621359, 0, 0.0, 0, 4.627356598475732e-06, 1e-05, 1e-05, 0.01, 0.01, 0.01, 0.01, -255
0.11600000000000002 0.043000000000000003, 0.0 0.0, 0.0 0.0, 0.0 0.0, 1.156839149618933, 0.0, 216106.1026352289, 0.0, 0.0, 0.0, 0, 0.23300970873786409, 0, 0.7669902912621359, 0, 0.0, 0, 4.627356598475732e-06, 1e-05, 1e-05, 0.01, 0.01, 0.01, 0.01, -255
0.11600000000000002 0.043000000000000003, 0.0 0.0, 0.0 0.0, 0.0 0.0, 1.156839149618933, 0.0, 216106.1026352289, 0.0, 0.0, 0.0, 0, 0.23300970873786409, 0, 0.7669902912621359, 0, 0.0, 0, 4.627356598475732e-06, 1e-05, 1e-05, 0.01, 0.01, 0.01, 0.01, -255
0.11600000000000002 0.043000000000000003, 0.0 0.0, 0.0 0.0, 0.0 0.0, 1.156839149618933, 0.0, 216106.1026352289, 0.0, 0.0, 0.0, 0, 0.23300970873786409, 0, 0.7669902912621359, 0, 0.0, 0, 4.627356598475732e-06, 1e-05, 1e-05, 0.01, 0.01, 0.01, 0.01, -255
0.11600000000000002 0.043000000000000003, 0.0 0.0, 0.0 0.0, 0.0 0.0, 1.156839149618933, 0.0, 216106.1026352289, 0.0, 0.0, 0.0, 0, 0.23300970873786409, 0, 0.7669902912621359, 0, 0.0, 0, 4.627356598475732e-06, 1e-05, 1e-05, 0.01, 0.01, 0.01, 0.01, -255
0.11600000000000002 0.043000000000000003, 0.0 0.0, 0.0 0.0, 0.0 0.0, 1.156839149618933, 0.0, 216106.1026352289, 0.0, 0.0, 0.0, 0, 0.23300970873786409, 0, 0.7669902912621359, 0, 0.0, 0, 4.627356598475732e-06, 1e-05, 1e-05, 0.01, 0.01, 0.01, 0.01, -255
0.11600000000000002 0.043000000000000003, 0.0 0.0, 0.0 0.0, 0.0 0.0, 1.156839149618933, 0.0, 216106.1026352289, 0.0, 0.0, 0.0, 0, 0.23300970873786409, 0, 0.7669902912621359, 0, 0.0, 0, 4.627356598475732e-06, 1e-05, 1e-05, 0.01, 0.01, 0.01, 0.01, -255
0.11600000000000002 0.043000000000000003, 0.0 0.0, 0.0 0.0, 0.0 0.0, 1.156839149618933, 0.0, 216106.1026352289, 0.0, 0.0, 0.0, 0, 0.23300970873786409, 0, 0.7669902912621359, 0, 0.0, 0, 4.627356598475732e-06, 1e-05, 1e-05, 0.01, 0.01, 0.01, 0.01, -255
0.11600000000000002 0.043000000000000003, 0.0 0.0, 0.0 0.0, 0.0 0.0, 1.156839149618933, 0.0, 216106.1026352289, 0.0, 0.0, 0.0, 0, 0.23300970873786409, 0, 0.7669902912621359, 0, 0.0, 0, 4.627356598475732e-06, 1e-05, 1e-05, 0.01, 0.01, 0.01, 0.01, -255
0.11600000000000002 0.043000000000000003, 0.0 0.0, 0.0 0.0, 0.0 0.0, 1.156839149618933, 0.0, 216106.1026352289, 0.0, 0.0, 0.0, 0, 0.23300970873786409, 0, 0.7669902912621359, 0, 0.0, 0, 4.627356598475732e-06, 1e-05, 1e-05, 0.01, 0.01, 0.01, 0.01, -255
0.11600000000000002 0.043000000000000003, 0.0 0.0, 0.0 0.0, 0.0 0.0, 1.156839149618933, 0.0, 216106.1026352289, 0.0, 0.0, 0.0, 0, 0.23300970873786409, 0, 0.7669902912621359, 0, 0.0, 0, 4.627356598475732e-06, 1e-05, 1e-05, 0.01, 0.01, 0.01, 0.01, -255
0.11600000000000002 0.043000000000000003, 0.0 0.0, 0.0 0.0, 0.0 0.0, 1.156839149618933, 0.0, 216106.1026352289, 0.0, 0.0, 0.0, 0, 0.23300970873786409, 0, 0.7669902912621359, 0, 0.0, 0, 4.627356598475732e-06, 1e-05, 1e-05, 0.01, 0.01, 0.01, 0.01, -255
0.11600000000000002 0.043000000000000003, 0.0 0.0, 0.0 0.0, 0.0 0.0, 1.156839149618933, 0.0, 216106.1026352289, 0.0, 0.0, 0.0, 0, 0.23300970873786409, 0, 0.7669902912621359, 0, 0.0, 0, 4.627356598475732e-06, 1e-05, 1e-05, 0.01, 0.01, 0.01, 0.01, -255
0.11600000000000002 0.043000000000000003, 0.0 0.0, 0.0 0.0, 0.0 0.0, 1.156839149618933, 0.0, 216106.1026352289, 0.0, 0.0, 0.0, 0, 0.23300970873786409, 0, 0.7669902912621359, 0, 0.0, 0, 4.627356598475732e-06, 1e-05, 1e-05, 0.01, 0.01, 0.01, 0.01, -255
0.11600000000000002 0.043000000000000003, 0.0 0.0, 0.0 0.0, 0.0 0.0, 1.156839149618933, 0.0, 216106.1026352289, 0.0, 0.0, 0.0, 0, 0.23300970873786409, 0, 0.7669902912621359, 0, 0.0, 0, 4.627356598475732e-06, 1e-05, 1e-05, 0.01, 0.01, 0.01, 0.01, -255
0.11600000000000002 0.043000000000000003, 0.0 0.0, 0.0 0.0, 0.0 0.0, 1.156839149618933, 0.0, 216106.1026352289, 0.0, 0.0, 0.0, 0, 0.23300970873786409, 0, 0.7669902912621359, 0, 0.0, 0, 4.627356598475732e-06, 1e-05, 1e-05, 0.01, 0.01, 0.01, 0.01, -255
0.11600000000000002 0.043000000000000003, 0.0 0.0, 0.0 0.0, 0.0 0.0, 1.156839149618933, 0.0, 216106.1026352289, 0.0, 0.0, 0.0, 0, 0.23300970873786409, 0, 0.7669902912621359, 0, 0.0, 0, 4.627356598475732e-06, 1e-05, 1e-05, 0.01, 0.01, 0.01, 0.01, -255
0.11600000000000002 0.043000000000000003, 0.0 0.0, 0.0 0.0, 0.0 0.0, 1.156839149618933, 0.0, 216106.1026352289, 0.0, 0.0, 0.0, 0, 0.23300970873786409, 0, 0.7669902912621359, 0, 0.0, 0, 4.627356598475732e-06, 1e-05, 1e-05, 0.01, 0.01, 0.01, 0.01, -255
0.11600000000000002 0.043000000000000003, 0.0 0.0, 0.0 0.0, 0.0 0.0, 1.156839149618933, 0.0, 216106.1026352289, 0.0, 0.0, 0.0, 0, 0.23300970873786409, 0, 0.7669902912621359, 0, 0.0, 0, 4.627356598475732e-06, 1e-05, 1e-05, 0.01, 0.01, 0.01, 0.01, -255
0.11600000000000002 0.043000000000000003, 0.0 0.0, 0.0 0.0, 0.0 0.0, 1.156839149618933, 0.0, 216106.1026352289, 0.0, 0.0, 0.0, 0, 0.23300970873786409, 0, 0.7669902912621359, 0, 0.0, 0, 4.627356598475732e-06, 1e-05, 1e-05, 0.01, 0.01, 0.01, 0.01, -255
0.11600000000000002 0.043000000000000003, 0.0 0.0, 0.0 0.0, 0.0 0.0, 1.156839149618933, 0.0, 216106.1026352289, 0.0, 0.0, 0.0, 0, 0.23300970873786409, 0, 0.7669902912621359, 0, 0.0, 0, 4.627356598475732e-06, 1e-05, 1e-05, 0.01, 0.01, 0.01, 0.01, -255
0.11600000000000002 0.043000000000000003, 0.0 0.0, 0.0 0.0, 0.0 0.0, 1.156839149618933, 0.0, 216106.1026352289, 0.0, 0.0, 0.0, 0, 0.23300970873786409, 0, 0.7669902912621359, 0, 0.0, 0, 4.627356598475732e-06, 1e-05, 1e-05, 0.01, 0.01, 0.01, 0.01, -255
0.11600000000000002 0.043000000000000003, 0.0 0.0, 0.0 0.0, 0.0 0.0, 1.156839149618933, 0.0, 216106.1026352289, 0.0, 0.0, 0.0, 0, 0.23300970873786409, 0, 0.7669902912621359, 0, 0.0, 0, 4.627356598475732e-06, 1e-05, 1e-05, 0.01, 0.01, 0.01, 0.01, -255
0.11600000000000002 0.043000000000000003, 0.0 0.0, 0.0 0.0, 0.0 0.0, 1.156839149618933, 0.0, 216106.1026352289, 0.0, 0.0, 0.0, 0, 0.23300970873786409, 0, 0.7669902912621359, 0, 0.0, 0, 4.627356598475732e-06, 1e-05, 1e-05, 0.01, 0.01, 0.01, 0.01, -255
0.11600000000000002 0.043000000000000003, 0.0 0.0, 0.0 0.0, 0.0 0.0, 1.156839149618933, 0.0, 216106.1026352289, 0.0, 0.0, 0.0, 0, 0.23300970873786409, 0, 0.7669902912621359, 0, 0.0, 0, 4.627356598475732e-06, 1e-05, 1e-05, 0.01, 0.01, 0.01, 0.01, -255
0.11600000000000002 0.043000000000000003, 0.0 0.0, 0.0 0.0, 0.0 0.0, 1.156839149618933, 0.0, 216106.1026352289, 0.0, 0.0, 0.0, 0, 0.23300970873786409, 0, 0.7669902912621359, 0, 0.0, 0, 4.627356598475732e-06, 1e-05, 1e-05, 0.01, 0.01, 0.01, 0.01, -255
0.11600000000000002 0.043000000000000003, 0.0 0.0, 0.0 0.0, 0.0 0.0, 1.156839149618933, 0.0, 216106.1026352289, 0.0, 0.0, 0.0, 0, 0.23300970873786409, 0, 0.7669902912621359, 0, 0.0, 0, 4.627356598475732e-06, 1e-05, 1e-05, 0.01, 0.01, 0.01, 0.01, -255
0.11600000000000002 0.043000000000000003, 0.0 0.0, 0.0 0.0, 0.0 0.0, 1.156839149618933, 0.0, 216106.1026352289, 0.0, 0.0, 0.0, 0, 0.23300970873786409, 0, 0.7669902912621359, 0, 0.0, 0, 4.627356598475732e-06, 1e-05, 1e-05, 0.01, 0.01, 0.01, 0.01, -255
0.11600000000000002 0.043000000000000003, 0.0 0.0, 0.0 0.0, 0.0 0.0, 1.156839149618933, 0.0, 216106.1026352289, 0.0, 0.0, 0.0, 0, 0.23300970873786409, 0, 0.7669902912621359, 0, 0.0, 0, 4.627356598475732e-06, 1e-05, 1e-05, 0.01, 0.01, 0.01, 0.01, -255
0.11600000000000002 0.043000000000000003, 0.0 0.0, 0.0 0.0, 0.0 0.0, 1.156839149618933, 0.0, 216106.1026352289, 0.0, 0.0, 0.0, 0, 0.23300970873786409, 0, 0.7669902912621359, 0, 0.0, 0, 4.627356598475732e-06, 1e-05, 1e-05, 0.01, 0.01, 0.01, 0.01, -255
0.11600000000000002 0.043000000000000003, 0.0 0.0, 0.0 0.0, 0.0 0.0, 1.156839149618933, 0.0, 216106.1026352289, 0.0, 0.0, 0.0, 0, 0.23300970873786409, 0, 0.7669902912621359, 0, 0.0, 0, 4.627356598475732e-06, 1e-05, 1e-05, 0.01, 0.01, 0.01, 0.01, -255
0.11600000000000002 0.043000000000000003, 0.0 0.0, 0.0 0.0, 0.0 0.0, 1.156839149618933, 0.0, 216106.1026352289, 0.0, 0.0, 0.0, 0, 0.23300970873786409, 0, 0.7669902912621359, 0, 0.0, 0, 4.627356598475732e-06, 1e-05, 1e-05, 0.01, 0.01, 0.01, 0.01, -255
0.11600000000000002 0.043000000000000003, 0.0 0.0, 0.0 0.0, 0.0 0.0, 1.156839149618933, 0.0, 216106.1026352289, 0.0, 0.0, 0.0, 0, 0.23300970873786409, 0, 0.7669902912621359, 0, 0.0, 0, 4.627356598475732e-06, 1e-05, 1e-05, 0.01, 0.01, 0.01, 0.01, -255
0.11600000000000002 0.043000000000000003, 0.0 0.0, 0.0 0.0, 0.0 0.0, 1.156839149618933, 0.0, 216106.1026352289, 0.0, 0.0, 0.0, 0, 0.23300970873786409, 0, 0.7669902912621359, 0, 0.0, 0, 4.627356598475732e-06, 1e-05, 1e-05, 0.01, 0.01, 0.01, 0.01, -255
0.11600000000000002 0.043000000000000003, 0.0 0.0, 0.0 0.0, 0.0 0.0, 1.156839149618933, 0.0, 216106.1026352289, 0.0, 0.0, 0.0, 0, 0.23300970873786409, 0, 0.7669902912621359, 0, 0.0, 0, 4.627356598475732e-06, 1e-05, 1e-05, 0.01, 0.01, 0.01, 0.01, -255
0.11600000000000002 0.043000000000000003, 0.0 0.0, 0.0 0.0, 0.0 0.0, 1.156839149618933, 0.0, 216106.1026352289, 0.0, 0.0, 0.0, 0, 0.23300970873786409, 0, 0.7669902912621359, 0, 0.0, 0, 4.627356598475732e-06, 1e-05, 1e-05, 0.01, 0.01, 0.01, 0.01, -255
0.11600000000000002 0.043000000000000003, 0.0 0.0, 0.0 0.0, 0.0 0.0, 1.156839149618933, 0.0, 216106.1026352289, 0.0, 0.0, 0.0, 0, 0.23300970873786409, 0, 0.7669902912621359, 0, 0.0, 0, 4.627356598475732e-06, 1e-05, 1e-05, 0.01, 0.01, 0.01, 0.01, -255
0.11600000000000002 0.043000000000000003, 0.0 0.0, 0.0 0.0, 0.0 0.0, 1.156839149618933, 0.0, 216106.1026352289, 0.0, 0.0, 0.0, 0, 0.23300970873786409, 0, 0.7669902912621359, 0, 0.0, 0, 4.627356598475732e-06, 1e-05, 1e-05, 0.01, 0.01, 0.01, 0.01, -255
0.11600000000000002 0.043000000000000003, 0.0 0.0, 0.0 0.0, 0.0 0.0, 1.156839149618933, 0.0, 216106.1026352289, 0.0, 0.0, 0.0, 0, 0.23300970873786409, 0, 0.7669902912621359, 0, 0.0, 0, 4.627356598475732e-06, 1e-05, 1e-05, 0.01, 0.01, 0.01, 0.01, -255
0.11600000000000002 0.043000000000000003, 0.0 0.0, 0.0 0.0, 0.0 0.0, 1.156839149618933, 0.0, 216106.1026352289, 0.0, 0.0, 0.0, 0, 0.23300970873786409, 0, 0.7669902912621359, 0, 0.0, 0, 4.627356598475732e-06, 1e-05, 1e-05, 0.01, 0.01, 0.01, 0.01, -255
0.11600000000000002 0.043000000000000003, 0.0 0.0, 0.0 0.0, 0.0 0.0, 1.156839149618933, 0.0, 216106.1026352289, 0.0, 0.0, 0.0, 0, 0.23300970873786409, 0, 0.7669902912621359, 0, 0.0, 0, 4.627356598475732e-06, 1e-05, 1e-05, 0.01, 0.01, 0.01, 0.01, -255
0.11600000000000002 0.043000000000000003, 0.0 0.0, 0.0 0.0, 0.0 0.0, 1.156839149618933, 0.0, 216106.1026352289, 0.0, 0.0, 0.0, 0, 0.23300970873786409, 0, 0.7669902912621359, 0, 0.0, 0, 4.627356598475732e-06, 1e-05, 1e-05, 0.01, 0.01, 0.01, 0.01, -255
0.11600000000000002 0.043000000000000003, 0.0 0.0, 0.0 0.0, 0.0 0.0, 1.156839149618933, 0.0, 216106.1026352289, 0.0, 0.0, 0.0, 0, 0.23300970873786409, 0, 0.7669902912621359, 0, 0.0, 0, 4.627356598475732e-06, 1e-05, 1e-05, 0.01, 0.01, 0.01, 0.01, -255
0.11600000000000002 0.043000000000000003, 0.0 0.0, 0.0 0.0, 0.0 0.0, 1.156839149618933, 0.0, 216106.1026352289, 0.0, 0.0, 0.0, 0, 0.23300970873786409, 0, 0.7669902912621359, 0, 0.0, 0, 4.627356598475732e-06, 1e-05, 1e-05, 0.01, 0.01, 0.01, 0.01, -255
0.11600000000000002 0.043000000000000003, 0.0 0.0, 0.0 0.0, 0.0 0.0, 1.156839149618933, 0.0, 216106.1026352289, 0.0, 0.0, 0.0, 0, 0.23300970873786409, 0, 0.7669902912621359, 0, 0.0, 0, 4.627356598475732e-06, 1e-05, 1e-05, 0.01, 0.01, 0.01, 0.01, -255
0.11600000000000002 0.043000000000000003, 0.0 0.0, 0.0 0.0, 0.0 0.0, 1.156839149618933, 0.0, 216106.1026352289, 0.0, 0.0, 0.0, 0, 0.23300970873786409, 0, 0.7669902912621359, 0, 0.0, 0, 4.627356598475732e-06, 1e-05, 1e-05, 0.01, 0.01, 0.01, 0.01, -255
0.11600000000000002 0.043000000000000003, 0.0 0.0, 0.0 0.0, 0.0 0.0, 1.156839149618933, 0.0, 216106.1026352289, 0.0, 0.0, 0.0, 0, 0.23300970873786409, 0, 0.7669902912621359, 0, 0.0, 0, 4.627356598475732e-06, 1e-05, 1e-05, 0.01, 0.01, 0.01, 0.01, -255
0.11600000000000002 0.043000000000000003, 0.0 0.0, 0.0 0.0, 0.0 0.0, 1.156839149618933, 0.0, 216106.1026352289, 0.0, 0.0, 0.0, 0, 0.23300970873786409, 0, 0.7669902912621359, 0, 0.0, 0, 4.627356598475732e-06, 1e-05, 1e-05, 0.01, 0.01, 0.01, 0.01, -255
0.11600000000000002 0.043000000000000003, 0.0 0.0, 0.0 0.0, 0.0 0.0, 1.156839149618933, 0.0, 216106.1026352289, 0.0, 0.0, 0.0, 0, 0.23300970873786409, 0, 0.7669902912621359, 0, 0.0, 0, 4.627356598475732e-06, 1e-05, 1e-05, 0.01, 0.01, 0.01, 0.01, -255
0.11600000000000002 0.043000000000000003, 0.0 0.0, 0.0 0.0, 0.0 0.0, 1.156839149618933, 0.0, 216106.1026352289, 0.0, 0.0, 0.0, 0, 0.23300970873786409, 0, 0.7669902912621359, 0, 0.0, 0, 4.627356598475732e-06, 1e-05, 1e-05, 0.01, 0.01, 0.01, 0.01, -255
0.11600000000000002 0.043000000000000003, 0.0 0.0, 0.0 0.0, 0.0 0.0, 1.156839149618933, 0.0, 216106.1026352289, 0.0, 0.0, 0.0, 0, 0.23300970873786409, 0, 0.7669902912621359, 0, 0.0, 0, 4.627356598475732e-06, 1e-05, 1e-05, 0.01, 0.01, 0.01, 0.01, -255
0.11600000000000002 0.043000000000000003, 0.0 0.0, 0.0 0.0, 0.0 0.0, 1.156839149618933, 0.0, 216106.1026352289, 0.0, 0.0, 0.0, 0, 0.23300970873786409, 0, 0.7669902912621359, 0, 0.0, 0, 4.627356598475732e-06, 1e-05, 1e-05, 0.01, 0.01, 0.01, 0.01, -255
0.11600000000000002 0.043000000000000003, 0.0 0.0, 0.0 0.0, 0.0 0.0, 1.156839149618933, 0.0, 216106.1026352289, 0.0, 0.0, 0.0, 0, 0.23300970873786409, 0, 0.7669902912621359, 0, 0.0, 0, 4.627356598475732e-06, 1e-05, 1e-05, 0.01, 0.01, 0.01, 0.01, -255
0.11600000000000002 0.043000000000000003, 0.0 0.0, 0.0 0.0, 0.0 0.0, 1.156839149618933, 0.0, 216106.1026352289, 0.0, 0.0, 0.0, 0, 0.23300970873786409, 0, 0.7669902912621359, 0, 0.0, 0, 4.627356598475732e-06, 1e-05, 1e-05, 0.01, 0.01, 0.01, 0.01, -255
0.11600000000000002 0.043000000000000003, 0.0 0.0, 0.0 0.0, 0.0 0.0, 1.156839149618933, 0.0, 216106.1026352289, 0.0, 0.0, 0.0, 0, 0.23300970873786409, 0, 0.7669902912621359, 0, 0.0, 0, 4.627356598475732e-06, 1e-05, 1e-05, 0.01, 0.01, 0.01, 0.01, -255
0.11600000000000002 0.043000000000000003, 0.0 0.0, 0.0 0.0, 0.0 0.0, 1.156839149618933, 0.0, 216106.1026352289, 0.0, 0.0, 0.0, 0, 0.23300970873786409, 0, 0.7669902912621359, 0, 0.0, 0, 4.627356598475732e-06, 1e-05, 1e-05, 0.01, 0.01, 0.01, 0.01, -255
0.11600000000000002 0.043000000000000003, 0.0 0.0, 0.0 0.0, 0.0 0.0, 1.156839149618933, 0.0, 216106.1026352289, 0.0, 0.0, 0.0, 0, 0.23300970873786409, 0, 0.7669902912621359, 0, 0.0, 0, 4.627356598475732e-06, 1e-05, 1e-05, 0.01, 0.01, 0.01, 0.01, -255
0.11600000000000002 0.043000000000000003, 0.0 0.0, 0.0 0.0, 0.0 0.0, 1.156839149618933, 0.0, 216106.1026352289, 0.0, 0.0, 0.0, 0, 0.23300970873786409, 0, 0.7669902912621359, 0, 0.0, 0, 4.627356598475732e-06, 1e-05, 1e-05, 0.01, 0.01, 0.01, 0.01, -255
0.11600000000000002 0.043000000000000003, 0.0 0.0, 0.0 0.0, 0.0 0.0, 1.156839149618933, 0.0, 216106.1026352289, 0.0, 0.0, 0.0, 0, 0.23300970873786409, 0, 0.7669902912621359, 0, 0.0, 0, 4.627356598475732e-06, 1e-05, 1e-05, 0.01, 0.01, 0.01, 0.01, -255
0.11600000000000002 0.043000000000000003, 0.0 0.0, 0.0 0.0, 0.0 0.0, 1.156839149618933, 0.0, 216106.1026352289, 0.0, 0.0, 0.0, 0, 0.23300970873786409, 0, 0.7669902912621359, 0, 0.0, 0, 4.627356598475732e-06, 1e-05, 1e-05, 0.01, 0.01, 0.01, 0.01, -255
0.11600000000000002 0.043000000000000003, 0.0 0.0, 0.0 0.0, 0.0 0.0, 1.156839149618933, 0.0, 216106.1026352289, 0.0, 0.0, 0.0, 0, 0.23300970873786409, 0, 0.7669902912621359, 0, 0.0, 0, 4.627356598475732e-06, 1e-05, 1e-05, 0.01, 0.01, 0.01, 0.01, -255
0.11600000000000002 0.043000000000000003, 0.0 0.0, 0.0 0.0, 0.0 0.0, 1.156839149618933, 0.0, 216106.1026352289, 0.0, 0.0, 0.0, 0, 0.23300970873786409, 0, 0.7669902912621359, 0, 0.0, 0, 4.627356598475732e-06, 1e-05, 1e-05, 0.01, 0.01, 0.01, 0.01, -255
0.11600000000000002 0.043000000000000003, 0.0 0.0, 0.0 0.0, 0.0 0.0, 1.156839149618933, 0.0, 216106.1026352289, 0.0, 0.0, 0.0, 0, 0.23300970873786409, 0, 0.7669902912621359, 0, 0.0, 0, 4.627356598475732e-06, 1e-05, 1e-05, 0.01, 0.01, 0.01, 0.01, -255
0.11600000000000002 0.043000000000000003, 0.0 0.0, 0.0 0.0, 0.0 0.0, 1.156839149618933, 0.0, 216106.1026352289, 0.0, 0.0, 0.0, 0, 0.23300970873786409, 0, 0.7669902912621359, 0, 0.0, 0, 4.627356598475732e-06, 1e-05, 1e-05, 0.01, 0.01, 0.01, 0.01, -255
0.11600000000000002 0.043000000000000003, 0.0 0.0, 0.0 0.0, 0.0 0.0, 1.156839149618933, 0.0, 216106.1026352289, 0.0, 0.0, 0.0, 0, 0.23300970873786409, 0, 0.7669902912621359, 0, 0.0, 0, 4.627356598475732e-06, 1e-05, 1e-05, 0.01, 0.01, 0.01, 0.01, -255
0.11600000000000002 0.043000000000000003, 0.0 0.0, 0.0 0.0, 0.0 0.0, 1.156839149618933, 0.0, 216106.1026352289, 0.0, 0.0, 0.0, 0, 0.23300970873786409, 0, 0.7669902912621359, 0, 0.0, 0, 4.627356598475732e-06, 1e-05, 1e-05, 0.01, 0.01, 0.01, 0.01, -255
0.11600000000000002 0.043000000000000003, 0.0 0.0, 0.0 0.0, 0.0 0.0, 1.156839149618933, 0.0, 216106.1026352289, 0.0, 0.0, 0.0, 0, 0.23300970873786409, 0, 0.7669902912621359, 0, 0.0, 0, 4.627356598475732e-06, 1e-05, 1e-05, 0.01, 0.01, 0.01, 0.01, -255
0.11600000000000002 0.043000000000000003, 0.0 0.0, 0.0 0.0, 0.0 0.0, 1.156839149618933, 0.0, 216106.1026352289, 0.0, 0.0, 0.0, 0, 0.23300970873786409, 0, 0.7669902912621359, 0, 0.0, 0, 4.627356598475732e-06, 1e-05, 1e-05, 0.01, 0.01, 0.01, 0.01, -255
0.11600000000000002 0.043000000000000003, 0.0 0.0, 0.0 0.0, 0.0 0.0, 1.156839149618933, 0.0, 216106.1026352289, 0.0, 0.0, 0.0, 0, 0.23300970873786409, 0, 0.7669902912621359, 0, 0.0, 0, 4.627356598475732e-06, 1e-05, 1e-05, 0.01, 0.01, 0.01, 0.01, -255
0.11600000000000002 0.043000000000000003, 0.0 0.0, 0.0 0.0, 0.0 0.0, 1.156839149618933, 0.0, 216106.1026352289, 0.0, 0.0, 0.0, 0, 0.23300970873786409, 0, 0.7669902912621359, 0, 0.0, 0, 4.627356598475732e-06, 1e-05, 1e-05, 0.01, 0.01, 0.01, 0.01, -255
0.11600000000000002 0.043000000000000003, 0.0 0.0, 0.0 0.0, 0.0 0.0, 1.156839149618933, 0.0, 216106.1026352289, 0.0, 0.0, 0.0, 0, 0.23300970873786409, 0, 0.7669902912621359, 0, 0.0, 0, 4.627356598475732e-06, 1e-05, 1e-05, 0.01, 0.01, 0.01, 0.01, -255
0.11600000000000002 0.043000000000000003, 0.0 0.0, 0.0 0.0, 0.0 0.0, 1.156839149618933, 0.0, 216106.1026352289, 0.0, 0.0, 0.0, 0, 0.23300970873786409, 0, 0.7669902912621359, 0, 0.0, 0, 4.627356598475732e-06, 1e-05, 1e-05, 0.01, 0.01, 0.01, 0.01, -255
0.11600000000000002 0.043000000000000003, 0.0 0.0, 0.0 0.0, 0.0 0.0, 1.156839149618933, 0.0, 216106.1026352289, 0.0, 0.0, 0.0, 0, 0.23300970873786409, 0, 0.7669902912621359, 0, 0.0, 0, 4.627356598475732e-06, 1e-05, 1e-05, 0.01, 0.01, 0.01, 0.01, -255
0.11600000000000002 0.043000000000000003, 0.0 0.0, 0.0 0.0, 0.0 0.0, 1.156839149618933, 0.0, 216106.1026352289, 0.0, 0.0, 0.0, 0, 0.23300970873786409, 0, 0.7669902912621359, 0, 0.0, 0, 4.627356598475732e-06, 1e-05, 1e-05, 0.01, 0.01, 0.01, 0.01, -255
0.11600000000000002 0.043000000000000003, 0.0 0.0, 0.0 0.0, 0.0 0.0, 1.156839149618933, 0.0, 216106.1026352289, 0.0, 0.0, 0.0, 0, 0.23300970873786409, 0, 0.7669902912621359, 0, 0.0, 0, 4.627356598475732e-06, 1e-05, 1e-05, 0.01, 0.01, 0.01, 0.01, -255
0.11600000000000002 0.043000000000000003, 0.0 0.0, 0.0 0.0, 0.0 0.0, 1.156839149618933, 0.0, 216106.1026352289, 0.0, 0.0, 0.0, 0, 0.23300970873786409, 0, 0.7669902912621359, 0, 0.0, 0, 4.627356598475732e-06, 1e-05, 1e-05, 0.01, 0.01, 0.01, 0.01, -255
0.11600000000000002 0.043000000000000003, 0.0 0.0, 0.0 0.0, 0.0 0.0, 1.156839149618933, 0.0, 216106.1026352289, 0.0, 0.0, 0.0, 0, 0.23300970873786409, 0, 0.7669902912621359, 0, 0.0, 0, 4.627356598475732e-06, 1e-05, 1e-05, 0.01, 0.01, 0.01, 0.01, -255
0.11600000000000002 0.043000000000000003, 0.0 0.0, 0.0 0.0, 0.0 0.0, 1.156839149618933, 0.0, 216106.1026352289, 0.0, 0.0, 0.0, 0, 0.23300970873786409, 0, 0.7669902912621359, 0, 0.0, 0, 4.627356598475732e-06, 1e-05, 1e-05, 0.01, 0.01, 0.01, 0.01, -255
0.11600000000000002 0.043000000000000003, 0.0 0.0, 0.0 0.0, 0.0 0.0, 1.156839149618933, 0.0, 216106.1026352289, 0.0, 0.0, 0.0, 0, 0.23300970873786409, 0, 0.7669902912621359, 0, 0.0, 0, 4.627356598475732e-06, 1e-05, 1e-05, 0.01, 0.01, 0.01, 0.01, -255
0.11600000000000002 0.043000000000000003, 0.0 0.0, 0.0 0.0, 0.0 0.0, 1.156839149618933, 0.0, 216106.1026352289, 0.0, 0.0, 0.0, 0, 0.23300970873786409, 0, 0.7669902912621359, 0, 0.0, 0, 4.627356598475732e-06, 1e-05, 1e-05, 0.01, 0.01, 0.01, 0.01, -255
0.11600000000000002 0.043000000000000003, 0.0 0.0, 0.0 0.0, 0.0 0.0, 1.156839149618933, 0.0, 216106.1026352289, 0.0, 0.0, 0.0, 0, 0.23300970873786409, 0, 0.7669902912621359, 0, 0.0, 0, 4.627356598475732e-06, 1e-05, 1e-05, 0.01, 0.01, 0.01, 0.01, -255
0.11600000000000002 0.043000000000000003, 0.0 0.0, 0.0 0.0, 0.0 0.0, 1.156839149618933, 0.0, 216106.1026352289, 0.0, 0.0, 0.0, 0, 0.23300970873786409, 0, 0.7669902912621359, 0, 0.0, 0, 4.627356598475732e-06, 1e-05, 1e-05, 0.01, 0.01, 0.01, 0.01, -255
0.11600000000000002 0.043000000000000003, 0.0 0.0, 0.0 0.0, 0.0 0.0, 1.156839149618933, 0.0, 216106.1026352289, 0.0, 0.0, 0.0, 0, 0.23300970873786409, 0, 0.7669902912621359, 0, 0.0, 0, 4.627356598475732e-06, 1e-05, 1e-05, 0.01, 0.01, 0.01, 0.01, -255
0.11600000000000002 0.043000000000000003, 0.0 0.0, 0.0 0.0, 0.0 0.0, 1.156839149618933, 0.0, 216106.1026352289, 0.0, 0.0, 0.0, 0, 0.23300970873786409, 0, 0.7669902912621359, 0, 0.0, 0, 4.627356598475732e-06, 1e-05, 1e-05, 0.01, 0.01, 0.01, 0.01, -255
0.11600000000000002 0.043000000000000003, 0.0 0.0, 0.0 0.0, 0.0 0.0, 1.156839149618933, 0.0, 216106.1026352289, 0.0, 0.0, 0.0, 0, 0.23300970873786409, 0, 0.7669902912621359, 0, 0.0, 0, 4.627356598475732e-06, 1e-05, 1e-05, 0.01, 0.01, 0.01, 0.01, -255
0.11600000000000002 0.043000000000000003, 0.0 0.0, 0.0 0.0, 0.0 0.0, 1.156839149618933, 0.0, 216106.1026352289, 0.0, 0.0, 0.0, 0, 0.23300970873786409, 0, 0.7669902912621359, 0, 0.0, 0, 4.627356598475732e-06, 1e-05, 1e-05, 0.01, 0.01, 0.01, 0.01, -255
0.11600000000000002 0.043000000000000003, 0.0 0.0, 0.0 0.0, 0.0 0.0, 1.156839149618933, 0.0, 216106.1026352289, 0.0, 0.0, 0.0, 0, 0.23300970873786409, 0, 0.7669902912621359, 0, 0.0, 0, 4.627356598475732e-06, 1e-05, 1e-05, 0.01, 0.01, 0.01, 0.01, -255
0.11600000000000002 0.043000000000000003, 0.0 0.0, 0.0 0.0, 0.0 0.0, 1.156839149618933, 0.0, 216106.1026352289, 0.0, 0.0, 0.0, 0, 0.23300970873786409, 0, 0.7669902912621359, 0, 0.0, 0, 4.627356598475732e-06, 1e-05, 1e-05, 0.01, 0.01, 0.01, 0.01, -255
0.11600000000000002 0.043000000000000003, 0.0 0.0, 0.0 0.0, 0.0 0.0, 1.156839149618933, 0.0, 216106.1026352289, 0.0, 0.0, 0.0, 0, 0.23300970873786409, 0, 0.7669902912621359, 0, 0.0, 0, 4.627356598475732e-06, 1e-05, 1e-05, 0.01, 0.01, 0.01, 0.01, -255
0.11600000000000002 0.043000000000000003, 0.0 0.0, 0.0 0.0, 0.0 0.0, 1.156839149618933, 0.0, 216106.1026352289, 0.0, 0.0, 0.0, 0, 0.23300970873786409, 0, 0.7669902912621359, 0, 0.0, 0, 4.627356598475732e-06, 1e-05, 1e-05, 0.01, 0.01, 0.01, 0.01, -255
0.11600000000000002 0.043000000000000003, 0.0 0.0, 0.0 0.0, 0.0 0.0, 1.156839149618933, 0.0, 216106.1026352289, 0.0, 0.0, 0.0, 0, 0.23300970873786409, 0, 0.7669902912621359, 0, 0.0, 0, 4.627356598475732e-06, 1e-05, 1e-05, 0.01, 0.01, 0.01, 0.01, -255
0.11600000000000002 0.043000000000000003, 0.0 0.0, 0.0 0.0, 0.0 0.0, 1.156839149618933, 0.0, 216106.1026352289, 0.0, 0.0, 0.0, 0, 0.23300970873786409, 0, 0.7669902912621359, 0, 0.0, 0, 4.627356598475732e-06, 1e-05, 1e-05, 0.01, 0.01, 0.01, 0.01, -255
0.11600000000000002 0.043000000000000003, 0.0 0.0, 0.0 0.0, 0.0 0.0, 1.156839149618933, 0.0, 216106.1026352289, 0.0, 0.0, 0.0, 0, 0.23300970873786409, 0, 0.7669902912621359, 0, 0.0, 0, 4.627356598475732e-06, 1e-05, 1e-05, 0.01, 0.01, 0.01, 0.01, -255
0.11600000000000002 0.043000000000000003, 0.0 0.0, 0.0 0.0, 0.0 0.0, 1.156839149618933, 0.0, 216106.1026352289, 0.0, 0.0, 0.0, 0, 0.23300970873786409, 0, 0.7669902912621359, 0, 0.0, 0, 4.627356598475732e-06, 1e-05, 1e-05, 0.01, 0.01, 0.01, 0.01, -255
0.11600000000000002 0.043000000000000003, 0.0 0.0, 0.0 0.0, 0.0 0.0, 1.156839149618933, 0.0, 216106.1026352289, 0.0, 0.0, 0.0, 0, 0.23300970873786409, 0, 0.7669902912621359, 0, 0.0, 0, 4.627356598475732e-06, 1e-05, 1e-05, 0.01, 0.01, 0.01, 0.01, -255
0.11600000000000002 0.043000000000000003, 0.0 0.0, 0.0 0.0, 0.0 0.0, 1.156839149618933, 0.0, 216106.1026352289, 0.0, 0.0, 0.0, 0, 0.23300970873786409, 0, 0.7669902912621359, 0, 0.0, 0, 4.627356598475732e-06, 1e-05, 1e-05, 0.01, 0.01, 0.01, 0.01, -255
0.11600000000000002 0.043000000000000003, 0.0 0.0, 0.0 0.0, 0.0 0.0, 1.156839149618933, 0.0, 216106.1026352289, 0.0, 0.0, 0.0, 0, 0.23300970873786409, 0, 0.7669902912621359, 0, 0.0, 0, 4.627356598475732e-06, 1e-05, 1e-05, 0.01, 0.01, 0.01, 0.01, -255
0.11600000000000002 0.043000000000000003, 0.0 0.0, 0.0 0.0, 0.0 0.0, 1.156839149618933, 0.0, 216106.1026352289, 0.0, 0.0, 0.0, 0, 0.23300970873786409, 0, 0.7669902912621359, 0, 0.0, 0, 4.627356598475732e-06, 1e-05, 1e-05, 0.01, 0.01, 0.01, 0.01, -255
0.11600000000000002 0.043000000000000003, 0.0 0.0, 0.0 0.0, 0.0 0.0, 1.156839149618933, 0.0, 216106.1026352289, 0.0, 0.0, 0.0, 0, 0.23300970873786409, 0, 0.7669902912621359, 0, 0.0, 0, 4.627356598475732e-06, 1e-05, 1e-05, 0.01, 0.01, 0.01, 0.01, -255
0.11600000000000002 0.043000000000000003, 0.0 0.0, 0.0 0.0, 0.0 0.0, 1.156839149618933, 0.0, 216106.1026352289, 0.0, 0.0, 0.0, 0, 0.23300970873786409, 0, 0.7669902912621359, 0, 0.0, 0, 4.627356598475732e-06, 1e-05, 1e-05, 0.01, 0.01, 0.01, 0.01, -255
0.11600000000000002 0.043000000000000003, 0.0 0.0, 0.0 0.0, 0.0 0.0, 1.156839149618933, 0.0, 216106.1026352289, 0.0, 0.0, 0.0, 0, 0.23300970873786409, 0, 0.7669902912621359, 0, 0.0, 0, 4.627356598475732e-06, 1e-05, 1e-05, 0.01, 0.01, 0.01, 0.01, -255
0.11600000000000002 0.043000000000000003, 0.0 0.0, 0.0 0.0, 0.0 0.0, 1.156839149618933, 0.0, 216106.1026352289, 0.0, 0.0, 0.0, 0, 0.23300970873786409, 0, 0.7669902912621359, 0, 0.0, 0, 4.627356598475732e-06, 1e-05, 1e-05, 0.01, 0.01, 0.01, 0.01, -255
0.11600000000000002 0.043000000000000003, 0.0 0.0, 0.0 0.0, 0.0 0.0, 1.156839149618933, 0.0, 216106.1026352289, 0.0, 0.0, 0.0, 0, 0.23300970873786409, 0, 0.7669902912621359, 0, 0.0, 0, 4.627356598475732e-06, 1e-05, 1e-05, 0.01, 0.01, 0.01, 0.01, -255
0.11600000000000002 0.043000000000000003, 0.0 0.0, 0.0 0.0, 0.0 0.0, 1.156839149618933, 0.0, 216106.1026352289, 0.0, 0.0, 0.0, 0, 0.23300970873786409, 0, 0.7669902912621359, 0, 0.0, 0, 4.627356598475732e-06, 1e-05, 1e-05, 0.01, 0.01, 0.01, 0.01, -255
0.11600000000000002 0.043000000000000003, 0.0 0.0, 0.0 0.0, 0.0 0.0, 1.156839149618933, 0.0, 216106.1026352289, 0.0, 0.0, 0.0, 0, 0.23300970873786409, 0, 0.7669902912621359, 0, 0.0, 0, 4.627356598475732e-06, 1e-05, 1e-05, 0.01, 0.01, 0.01, 0.01, -255
0.11600000000000002 0.043000000000000003, 0.0 0.0, 0.0 0.0, 0.0 0.0, 1.156839149618933, 0.0, 216106.1026352289, 0.0, 0.0, 0.0, 0, 0.23300970873786409, 0, 0.7669902912621359, 0, 0.0, 0, 4.627356598475732e-06, 1e-05, 1e-05, 0.01, 0.01, 0.01, 0.01, -255
0.11600000000000002 0.043000000000000003, 0.0 0.0, 0.0 0.0, 0.0 0.0, 1.156839149618933, 0.0, 216106.1026352289, 0.0, 0.0, 0.0, 0, 0.23300970873786409, 0, 0.7669902912621359, 0, 0.0, 0, 4.627356598475732e-06, 1e-05, 1e-05, 0.01, 0.01, 0.01, 0.01, -255
0.11600000000000002 0.043000000000000003, 0.0 0.0, 0.0 0.0, 0.0 0.0, 1.156839149618933, 0.0, 216106.1026352289, 0.0, 0.0, 0.0, 0, 0.23300970873786409, 0, 0.7669902912621359, 0, 0.0, 0, 4.627356598475732e-06, 1e-05, 1e-05, 0.01, 0.01, 0.01, 0.01, -255
0.11600000000000002 0.043000000000000003, 0.0 0.0, 0.0 0.0, 0.0 0.0, 1.156839149618933, 0.0, 216106.1026352289, 0.0, 0.0, 0.0, 0, 0.23300970873786409, 0, 0.7669902912621359, 0, 0.0, 0, 4.627356598475732e-06, 1e-05, 1e-05, 0.01, 0.01, 0.01, 0.01, -255
0.11600000000000002 0.043000000000000003, 0.0 0.0, 0.0 0.0, 0.0 0.0, 1.156839149618933, 0.0, 216106.1026352289, 0.0, 0.0, 0.0, 0, 0.23300970873786409, 0, 0.7669902912621359, 0, 0.0, 0, 4.627356598475732e-06, 1e-05, 1e-05, 0.01, 0.01, 0.01, 0.01, -255
0.11600000000000002 0.043000000000000003, 0.0 0.0, 0.0 0.0, 0.0 0.0, 1.156839149618933, 0.0, 216106.1026352289, 0.0, 0.0, 0.0, 0, 0.23300970873786409, 0, 0.7669902912621359, 0, 0.0, 0, 4.627356598475732e-06, 1e-05, 1e-05, 0.01, 0.01, 0.01, 0.01, -255
0.11600000000000002 0.043000000000000003, 0.0 0.0, 0.0 0.0, 0.0 0.0, 1.156839149618933, 0.0, 216106.1026352289, 0.0, 0.0, 0.0, 0, 0.23300970873786409, 0, 0.7669902912621359, 0, 0.0, 0, 4.627356598475732e-06, 1e-05, 1e-05, 0.01, 0.01, 0.01, 0.01, -255
0.11600000000000002 0.043000000000000003, 0.0 0.0, 0.0 0.0, 0.0 0.0, 1.156839149618933, 0.0, 216106.1026352289, 0.0, 0.0, 0.0, 0, 0.23300970873786409, 0, 0.7669902912621359, 0, 0.0, 0, 4.627356598475732e-06, 1e-05, 1e-05, 0.01, 0.01, 0.01, 0.01, -255
0.11600000000000002 0.043000000000000003, 0.0 0.0, 0.0 0.0, 0.0 0.0, 1.156839149618933, 0.0, 216106.1026352289, 0.0, 0.0, 0.0, 0, 0.23300970873786409, 0, 0.7669902912621359, 0, 0.0, 0, 4.627356598475732e-06, 1e-05, 1e-05, 0.01, 0.01, 0.01, 0.01, -255
0.11600000000000002 0.043000000000000003, 0.0 0.0, 0.0 0.0, 0.0 0.0, 1.156839149618933, 0.0, 216106.1026352289, 0.0, 0.0, 0.0, 0, 0.23300970873786409, 0, 0.7669902912621359, 0, 0.0, 0, 4.627356598475732e-06, 1e-05, 1e-05, 0.01, 0.01, 0.01, 0.01, -255
0.11600000000000002 0.043000000000000003, 0.0 0.0, 0.0 0.0, 0.0 0.0, 1.156839149618933, 0.0, 216106.1026352289, 0.0, 0.0, 0.0, 0, 0.23300970873786409, 0, 0.7669902912621359, 0, 0.0, 0, 4.627356598475732e-06, 1e-05, 1e-05, 0.01, 0.01, 0.01, 0.01, -255
0.11600000000000002 0.043000000000000003, 0.0 0.0, 0.0 0.0, 0.0 0.0, 1.156839149618933, 0.0, 216106.1026352289, 0.0, 0.0, 0.0, 0, 0.23300970873786409, 0, 0.7669902912621359, 0, 0.0, 0, 4.627356598475732e-06, 1e-05, 1e-05, 0.01, 0.01, 0.01, 0.01, -255
0.11600000000000002 0.043000000000000003, 0.0 0.0, 0.0 0.0, 0.0 0.0, 1.156839149618933, 0.0, 216106.1026352289, 0.0, 0.0, 0.0, 0, 0.23300970873786409, 0, 0.7669902912621359, 0, 0.0, 0, 4.627356598475732e-06, 1e-05, 1e-05, 0.01, 0.01, 0.01, 0.01, -255
0.11600000000000002 0.043000000000000003, 0.0 0.0, 0.0 0.0, 0.0 0.0, 1.156839149618933, 0.0, 216106.1026352289, 0.0, 0.0, 0.0, 0, 0.23300970873786409, 0, 0.7669902912621359, 0, 0.0, 0, 4.627356598475732e-06, 1e-05, 1e-05, 0.01, 0.01, 0.01, 0.01, -255
0.11600000000000002 0.043000000000000003, 0.0 0.0, 0.0 0.0, 0.0 0.0, 1.156839149618933, 0.0, 216106.1026352289, 0.0, 0.0, 0.0, 0, 0.23300970873786409, 0, 0.7669902912621359, 0, 0.0, 0, 4.627356598475732e-06, 1e-05, 1e-05, 0.01, 0.01, 0.01, 0.01, -255
0.11600000000000002 0.043000000000000003, 0.0 0.0, 0.0 0.0, 0.0 0.0, 1.156839149618933, 0.0, 216106.1026352289, 0.0, 0.0, 0.0, 0, 0.23300970873786409, 0, 0.7669902912621359, 0, 0.0, 0, 4.627356598475732e-06, 1e-05, 1e-05, 0.01, 0.01, 0.01, 0.01, -255
0.11600000000000002 0.043000000000000003, 0.0 0.0, 0.0 0.0, 0.0 0.0, 1.156839149618933, 0.0, 216106.1026352289, 0.0, 0.0, 0.0, 0, 0.23300970873786409, 0, 0.7669902912621359, 0, 0.0, 0, 4.627356598475732e-06, 1e-05, 1e-05, 0.01, 0.01, 0.01, 0.01, -255
0.11600000000000002 0.043000000000000003, 0.0 0.0, 0.0 0.0, 0.0 0.0, 1.156839149618933, 0.0, 216106.1026352289, 0.0, 0.0, 0.0, 0, 0.23300970873786409, 0, 0.7669902912621359, 0, 0.0, 0, 4.627356598475732e-06, 1e-05, 1e-05, 0.01, 0.01, 0.01, 0.01, -255
0.11600000000000002 0.043000000000000003, 0.0 0.0, 0.0 0.0, 0.0 0.0, 1.156839149618933, 0.0, 216106.1026352289, 0.0, 0.0, 0.0, 0, 0.23300970873786409, 0, 0.7669902912621359, 0, 0.0, 0, 4.627356598475732e-06, 1e-05, 1e-05, 0.01, 0.01, 0.01, 0.01, -255
0.11600000000000002 0.043000000000000003, 0.0 0.0, 0.0 0.0, 0.0 0.0, 1.156839149618933, 0.0, 216106.1026352289, 0.0, 0.0, 0.0, 0, 0.23300970873786409, 0, 0.7669902912621359, 0, 0.0, 0, 4.627356598475732e-06, 1e-05, 1e-05, 0.01, 0.01, 0.01, 0.01, -255
0.11600000000000002 0.043000000000000003, 0.0 0.0, 0.0 0.0, 0.0 0.0, 1.156839149618933, 0.0, 216106.1026352289, 0.0, 0.0, 0.0, 0, 0.23300970873786409, 0, 0.7669902912621359, 0, 0.0, 0, 4.627356598475732e-06, 1e-05, 1e-05, 0.01, 0.01, 0.01, 0.01, -255
0.11600000000000002 0.043000000000000003, 0.0 0.0, 0.0 0.0, 0.0 0.0, 1.156839149618933, 0.0, 216106.1026352289, 0.0, 0.0, 0.0, 0, 0.23300970873786409, 0, 0.7669902912621359, 0, 0.0, 0, 4.627356598475732e-06, 1e-05, 1e-05, 0.01, 0.01, 0.01, 0.01, -255
0.11600000000000002 0.043000000000000003, 0.0 0.0, 0.0 0.0, 0.0 0.0, 1.156839149618933, 0.0, 216106.1026352289, 0.0, 0.0, 0.0, 0, 0.23300970873786409, 0, 0.7669902912621359, 0, 0.0, 0, 4.627356598475732e-06, 1e-05, 1e-05, 0.01, 0.01, 0.01, 0.01, -255
0.11600000000000002 0.043000000000000003, 0.0 0.0, 0.0 0.0, 0.0 0.0, 1.156839149618933, 0.0, 216106.1026352289, 0.0, 0.0, 0.0, 0, 0.23300970873786409, 0, 0.7669902912621359, 0, 0.0, 0, 4.627356598475732e-06, 1e-05, 1e-05, 0.01, 0.01, 0.01, 0.01, -255
0.11600000000000002 0.043000000000000003, 0.0 0.0, 0.0 0.0, 0.0 0.0, 1.156839149618933, 0.0, 216106.1026352289, 0.0, 0.0, 0.0, 0, 0.23300970873786409, 0, 0.7669902912621359, 0, 0.0, 0, 4.627356598475732e-06, 1e-05, 1e-05, 0.01, 0.01, 0.01, 0.01, -255
0.11600000000000002 0.043000000000000003, 0.0 0.0, 0.0 0.0, 0.0 0.0, 1.156839149618933, 0.0, 216106.1026352289, 0.0, 0.0, 0.0, 0, 0.23300970873786409, 0, 0.7669902912621359, 0, 0.0, 0, 4.627356598475732e-06, 1e-05, 1e-05, 0.01, 0.01, 0.01, 0.01, -255
0.11600000000000002 0.043000000000000003, 0.0 0.0, 0.0 0.0, 0.0 0.0, 1.156839149618933, 0.0, 216106.1026352289, 0.0, 0.0, 0.0, 0, 0.23300970873786409, 0, 0.7669902912621359, 0, 0.0, 0, 4.627356598475732e-06, 1e-05, 1e-05, 0.01, 0.01, 0.01, 0.01, -255
0.11600000000000002 0.043000000000000003, 0.0 0.0, 0.0 0.0, 0.0 0.0, 1.156839149618933, 0.0, 216106.1026352289, 0.0, 0.0, 0.0, 0, 0.23300970873786409, 0, 0.7669902912621359, 0, 0.0, 0, 4.627356598475732e-06, 1e-05, 1e-05, 0.01, 0.01, 0.01, 0.01, -255
0.11600000000000002 0.043000000000000003, 0.0 0.0, 0.0 0.0, 0.0 0.0, 1.156839149618933, 0.0, 216106.1026352289, 0.0, 0.0, 0.0, 0, 0.23300970873786409, 0, 0.7669902912621359, 0, 0.0, 0, 4.627356598475732e-06, 1e-05, 1e-05, 0.01, 0.01, 0.01, 0.01, -255
0.11600000000000002 0.043000000000000003, 0.0 0.0, 0.0 0.0, 0.0 0.0, 1.156839149618933, 0.0, 216106.1026352289, 0.0, 0.0, 0.0, 0, 0.23300970873786409, 0, 0.7669902912621359, 0, 0.0, 0, 4.627356598475732e-06, 1e-05, 1e-05, 0.01, 0.01, 0.01, 0.01, -255
0.11600000000000002 0.043000000000000003, 0.0 0.0, 0.0 0.0, 0.0 0.0, 1.156839149618933, 0.0, 216106.1026352289, 0.0, 0.0, 0.0, 0, 0.23300970873786409, 0, 0.7669902912621359, 0, 0.0, 0, 4.627356598475732e-06, 1e-05, 1e-05, 0.01, 0.01, 0.01, 0.01, -255
0.11600000000000002 0.043000000000000003, 0.0 0.0, 0.0 0.0, 0.0 0.0, 1.156839149618933, 0.0, 216106.1026352289, 0.0, 0.0, 0.0, 0, 0.23300970873786409, 0, 0.7669902912621359, 0, 0.0, 0, 4.627356598475732e-06, 1e-05, 1e-05, 0.01, 0.01, 0.01, 0.01, -255
0.11600000000000002 0.043000000000000003, 0.0 0.0, 0.0 0.0, 0.0 0.0, 1.156839149618933, 0.0, 216106.1026352289, 0.0, 0.0, 0.0, 0, 0.23300970873786409, 0, 0.7669902912621359, 0, 0.0, 0, 4.627356598475732e-06, 1e-05, 1e-05, 0.01, 0.01, 0.01, 0.01, -255
0.11600000000000002 0.043000000000000003, 0.0 0.0, 0.0 0.0, 0.0 0.0, 1.156839149618933, 0.0, 216106.1026352289, 0.0, 0.0, 0.0, 0, 0.23300970873786409, 0, 0.7669902912621359, 0, 0.0, 0, 4.627356598475732e-06, 1e-05, 1e-05, 0.01, 0.01, 0.01, 0.01, -255
0.11600000000000002 0.043000000000000003, 0.0 0.0, 0.0 0.0, 0.0 0.0, 1.156839149618933, 0.0, 216106.1026352289, 0.0, 0.0, 0.0, 0, 0.23300970873786409, 0, 0.7669902912621359, 0, 0.0, 0, 4.627356598475732e-06, 1e-05, 1e-05, 0.01, 0.01, 0.01, 0.01, -255
0.11600000000000002 0.043000000000000003, 0.0 0.0, 0.0 0.0, 0.0 0.0, 1.156839149618933, 0.0, 216106.1026352289, 0.0, 0.0, 0.0, 0, 0.23300970873786409, 0, 0.7669902912621359, 0, 0.0, 0, 4.627356598475732e-06, 1e-05, 1e-05, 0.01, 0.01, 0.01, 0.01, -255
0.11600000000000002 0.043000000000000003, 0.0 0.0, 0.0 0.0, 0.0 0.0, 1.156839149618933, 0.0, 216106.1026352289, 0.0, 0.0, 0.0, 0, 0.23300970873786409, 0, 0.7669902912621359, 0, 0.0, 0, 4.627356598475732e-06, 1e-05, 1e-05, 0.01, 0.01, 0.01, 0.01, -255
0.11600000000000002 0.043000000000000003, 0.0 0.0, 0.0 0.0, 0.0 0.0, 1.156839149618933, 0.0, 216106.1026352289, 0.0, 0.0, 0.0, 0, 0.23300970873786409, 0, 0.7669902912621359, 0, 0.0, 0, 4.627356598475732e-06, 1e-05, 1e-05, 0.01, 0.01, 0.01, 0.01, -255
0.11600000000000002 0.043000000000000003, 0.0 0.0, 0.0 0.0, 0.0 0.0, 1.156839149618933, 0.0, 216106.1026352289, 0.0, 0.0, 0.0, 0, 0.23300970873786409, 0, 0.7669902912621359, 0, 0.0, 0, 4.627356598475732e-06, 1e-05, 1e-05, 0.01, 0.01, 0.01, 0.01, -255
0.11600000000000002 0.043000000000000003, 0.0 0.0, 0.0 0.0, 0.0 0.0, 1.156839149618933, 0.0, 216106.1026352289, 0.0, 0.0, 0.0, 0, 0.23300970873786409, 0, 0.7669902912621359, 0, 0.0, 0, 4.627356598475732e-06, 1e-05, 1e-05, 0.01, 0.01, 0.01, 0.01, -255
0.11600000000000002 0.043000000000000003, 0.0 0.0, 0.0 0.0, 0.0 0.0, 1.156839149618933, 0.0, 216106.1026352289, 0.0, 0.0, 0.0, 0, 0.23300970873786409, 0, 0.7669902912621359, 0, 0.0, 0, 4.627356598475732e-06, 1e-05, 1e-05, 0.01, 0.01, 0.01, 0.01, -255
0.11600000000000002 0.043000000000000003, 0.0 0.0, 0.0 0.0, 0.0 0.0, 1.156839149618933, 0.0, 216106.1026352289, 0.0, 0.0, 0.0, 0, 0.23300970873786409, 0, 0.7669902912621359, 0, 0.0, 0, 4.627356598475732e-06, 1e-05, 1e-05, 0.01, 0.01, 0.01, 0.01, -255
0.11600000000000002 0.043000000000000003, 0.0 0.0, 0.0 0.0, 0.0 0.0, 1.156839149618933, 0.0, 216106.1026352289, 0.0, 0.0, 0.0, 0, 0.23300970873786409, 0, 0.7669902912621359, 0, 0.0, 0, 4.627356598475732e-06, 1e-05, 1e-05, 0.01, 0.01, 0.01, 0.01, -255
0.11600000000000002 0.043000000000000003, 0.0 0.0, 0.0 0.0, 0.0 0.0, 1.156839149618933, 0.0, 216106.1026352289, 0.0, 0.0, 0.0, 0, 0.23300970873786409, 0, 0.7669902912621359, 0, 0.0, 0, 4.627356598475732e-06, 1e-05, 1e-05, 0.01, 0.01, 0.01, 0.01, -255
0.11600000000000002 0.043000000000000003, 0.0 0.0, 0.0 0.0, 0.0 0.0, 1.156839149618933, 0.0, 216106.1026352289, 0.0, 0.0, 0.0, 0, 0.23300970873786409, 0, 0.7669902912621359, 0, 0.0, 0, 4.627356598475732e-06, 1e-05, 1e-05, 0.01, 0.01, 0.01, 0.01, -255
0.11600000000000002 0.043000000000000003, 0.0 0.0, 0.0 0.0, 0.0 0.0, 1.156839149618933, 0.0, 216106.1026352289, 0.0, 0.0, 0.0, 0, 0.23300970873786409, 0, 0.7669902912621359, 0, 0.0, 0, 4.627356598475732e-06, 1e-05, 1e-05, 0.01, 0.01, 0.01, 0.01, -255
0.11600000000000002 0.043000000000000003, 0.0 0.0, 0.0 0.0, 0.0 0.0, 1.156839149618933, 0.0, 216106.1026352289, 0.0, 0.0, 0.0, 0, 0.23300970873786409, 0, 0.7669902912621359, 0, 0.0, 0, 4.627356598475732e-06, 1e-05, 1e-05, 0.01, 0.01, 0.01, 0.01, -255
0.11600000000000002 0.043000000000000003, 0.0 0.0, 0.0 0.0, 0.0 0.0, 1.156839149618933, 0.0, 216106.1026352289, 0.0, 0.0, 0.0, 0, 0.23300970873786409, 0, 0.7669902912621359, 0, 0.0, 0, 4.627356598475732e-06, 1e-05, 1e-05, 0.01, 0.01, 0.01, 0.01, -255
0.11600000000000002 0.043000000000000003, 0.0 0.0, 0.0 0.0, 0.0 0.0, 1.156839149618933, 0.0, 216106.1026352289, 0.0, 0.0, 0.0, 0, 0.23300970873786409, 0, 0.7669902912621359, 0, 0.0, 0, 4.627356598475732e-06, 1e-05, 1e-05, 0.01, 0.01, 0.01, 0.01, -255
0.11600000000000002 0.043000000000000003, 0.0 0.0, 0.0 0.0, 0.0 0.0, 1.156839149618933, 0.0, 216106.1026352289, 0.0, 0.0, 0.0, 0, 0.23300970873786409, 0, 0.7669902912621359, 0, 0.0, 0, 4.627356598475732e-06, 1e-05, 1e-05, 0.01, 0.01, 0.01, 0.01, -255
0.11600000000000002 0.043000000000000003, 0.0 0.0, 0.0 0.0, 0.0 0.0, 1.156839149618933, 0.0, 216106.1026352289, 0.0, 0.0, 0.0, 0, 0.23300970873786409, 0, 0.7669902912621359, 0, 0.0, 0, 4.627356598475732e-06, 1e-05, 1e-05, 0.01, 0.01, 0.01, 0.01, -255
0.11600000000000002 0.043000000000000003, 0.0 0.0, 0.0 0.0, 0.0 0.0, 1.156839149618933, 0.0, 216106.1026352289, 0.0, 0.0, 0.0, 0, 0.23300970873786409, 0, 0.7669902912621359, 0, 0.0, 0, 4.627356598475732e-06, 1e-05, 1e-05, 0.01, 0.01, 0.01, 0.01, -255
0.11600000000000002 0.043000000000000003, 0.0 0.0, 0.0 0.0, 0.0 0.0, 1.156839149618933, 0.0, 216106.1026352289, 0.0, 0.0, 0.0, 0, 0.23300970873786409, 0, 0.7669902912621359, 0, 0.0, 0, 4.627356598475732e-06, 1e-05, 1e-05, 0.01, 0.01, 0.01, 0.01, -255
0.11600000000000002 0.043000000000000003, 0.0 0.0, 0.0 0.0, 0.0 0.0, 1.156839149618933, 0.0, 216106.1026352289, 0.0, 0.0, 0.0, 0, 0.23300970873786409, 0, 0.7669902912621359, 0, 0.0, 0, 4.627356598475732e-06, 1e-05, 1e-05, 0.01, 0.01, 0.01, 0.01, -255
0.11600000000000002 0.043000000000000003, 0.0 0.0, 0.0 0.0, 0.0 0.0, 1.156839149618933, 0.0, 216106.1026352289, 0.0, 0.0, 0.0, 0, 0.23300970873786409, 0, 0.7669902912621359, 0, 0.0, 0, 4.627356598475732e-06, 1e-05, 1e-05, 0.01, 0.01, 0.01, 0.01, -255
0.11600000000000002 0.043000000000000003, 0.0 0.0, 0.0 0.0, 0.0 0.0, 1.156839149618933, 0.0, 216106.1026352289, 0.0, 0.0, 0.0, 0, 0.23300970873786409, 0, 0.7669902912621359, 0, 0.0, 0, 4.627356598475732e-06, 1e-05, 1e-05, 0.01, 0.01, 0.01, 0.01, -255
0.11600000000000002 0.043000000000000003, 0.0 0.0, 0.0 0.0, 0.0 0.0, 1.156839149618933, 0.0, 216106.1026352289, 0.0, 0.0, 0.0, 0, 0.23300970873786409, 0, 0.7669902912621359, 0, 0.0, 0, 4.627356598475732e-06, 1e-05, 1e-05, 0.01, 0.01, 0.01, 0.01, -255
0.11600000000000002 0.043000000000000003, 0.0 0.0, 0.0 0.0, 0.0 0.0, 1.156839149618933, 0.0, 216106.1026352289, 0.0, 0.0, 0.0, 0, 0.23300970873786409, 0, 0.7669902912621359, 0, 0.0, 0, 4.627356598475732e-06, 1e-05, 1e-05, 0.01, 0.01, 0.01, 0.01, -255
0.11600000000000002 0.043000000000000003, 0.0 0.0, 0.0 0.0, 0.0 0.0, 1.156839149618933, 0.0, 216106.1026352289, 0.0, 0.0, 0.0, 0, 0.23300970873786409, 0, 0.7669902912621359, 0, 0.0, 0, 4.627356598475732e-06, 1e-05, 1e-05, 0.01, 0.01, 0.01, 0.01, -255
0.11600000000000002 0.043000000000000003, 0.0 0.0, 0.0 0.0, 0.0 0.0, 1.156839149618933, 0.0, 216106.1026352289, 0.0, 0.0, 0.0, 0, 0.23300970873786409, 0, 0.7669902912621359, 0, 0.0, 0, 4.627356598475732e-06, 1e-05, 1e-05, 0.01, 0.01, 0.01, 0.01, -255
0.11600000000000002 0.043000000000000003, 0.0 0.0, 0.0 0.0, 0.0 0.0, 1.156839149618933, 0.0, 216106.1026352289, 0.0, 0.0, 0.0, 0, 0.23300970873786409, 0, 0.7669902912621359, 0, 0.0, 0, 4.627356598475732e-06, 1e-05, 1e-05, 0.01, 0.01, 0.01, 0.01, -255
0.11600000000000002 0.043000000000000003, 0.0 0.0, 0.0 0.0, 0.0 0.0, 1.156839149618933, 0.0, 216106.1026352289, 0.0, 0.0, 0.0, 0, 0.23300970873786409, 0, 0.7669902912621359, 0, 0.0, 0, 4.627356598475732e-06, 1e-05, 1e-05, 0.01, 0.01, 0.01, 0.01, -255
0.11600000000000002 0.043000000000000003, 0.0 0.0, 0.0 0.0, 0.0 0.0, 1.156839149618933, 0.0, 216106.1026352289, 0.0, 0.0, 0.0, 0, 0.23300970873786409, 0, 0.7669902912621359, 0, 0.0, 0, 4.627356598475732e-06, 1e-05, 1e-05, 0.01, 0.01, 0.01, 0.01, -255
0.11600000000000002 0.043000000000000003, 0.0 0.0, 0.0 0.0, 0.0 0.0, 1.156839149618933, 0.0, 216106.1026352289, 0.0, 0.0, 0.0, 0, 0.23300970873786409, 0, 0.7669902912621359, 0, 0.0, 0, 4.627356598475732e-06, 1e-05, 1e-05, 0.01, 0.01, 0.01, 0.01, -255
0.11600000000000002 0.043000000000000003, 0.0 0.0, 0.0 0.0, 0.0 0.0, 1.156839149618933, 0.0, 216106.1026352289, 0.0, 0.0, 0.0, 0, 0.23300970873786409, 0, 0.7669902912621359, 0, 0.0, 0, 4.627356598475732e-06, 1e-05, 1e-05, 0.01, 0.01, 0.01, 0.01, -255
0.11600000000000002 0.043000000000000003, 0.0 0.0, 0.0 0.0, 0.0 0.0, 1.156839149618933, 0.0, 216106.1026352289, 0.0, 0.0, 0.0, 0, 0.23300970873786409, 0, 0.7669902912621359, 0, 0.0, 0, 4.627356598475732e-06, 1e-05, 1e-05, 0.01, 0.01, 0.01, 0.01, -255
0.11600000000000002 0.043000000000000003, 0.0 0.0, 0.0 0.0, 0.0 0.0, 1.156839149618933, 0.0, 216106.1026352289, 0.0, 0.0, 0.0, 0, 0.23300970873786409, 0, 0.7669902912621359, 0, 0.0, 0, 4.627356598475732e-06, 1e-05, 1e-05, 0.01, 0.01, 0.01, 0.01, -255
0.11600000000000002 0.043000000000000003, 0.0 0.0, 0.0 0.0, 0.0 0.0, 1.156839149618933, 0.0, 216106.1026352289, 0.0, 0.0, 0.0, 0, 0.23300970873786409, 0, 0.7669902912621359, 0, 0.0, 0, 4.627356598475732e-06, 1e-05, 1e-05, 0.01, 0.01, 0.01, 0.01, -255
0.11600000000000002 0.043000000000000003, 0.0 0.0, 0.0 0.0, 0.0 0.0, 1.156839149618933, 0.0, 216106.1026352289, 0.0, 0.0, 0.0, 0, 0.23300970873786409, 0, 0.7669902912621359, 0, 0.0, 0, 4.627356598475732e-06, 1e-05, 1e-05, 0.01, 0.01, 0.01, 0.01, -255
0.11600000000000002 0.043000000000000003, 0.0 0.0, 0.0 0.0, 0.0 0.0, 1.156839149618933, 0.0, 216106.1026352289, 0.0, 0.0, 0.0, 0, 0.23300970873786409, 0, 0.7669902912621359, 0, 0.0, 0, 4.627356598475732e-06, 1e-05, 1e-05, 0.01, 0.01, 0.01, 0.01, -255
0.11600000000000002 0.043000000000000003, 0.0 0.0, 0.0 0.0, 0.0 0.0, 1.156839149618933, 0.0, 216106.1026352289, 0.0, 0.0, 0.0, 0, 0.23300970873786409, 0, 0.7669902912621359, 0, 0.0, 0, 4.627356598475732e-06, 1e-05, 1e-05, 0.01, 0.01, 0.01, 0.01, -255
0.11600000000000002 0.043000000000000003, 0.0 0.0, 0.0 0.0, 0.0 0.0, 1.156839149618933, 0.0, 216106.1026352289, 0.0, 0.0, 0.0, 0, 0.23300970873786409, 0, 0.7669902912621359, 0, 0.0, 0, 4.627356598475732e-06, 1e-05, 1e-05, 0.01, 0.01, 0.01, 0.01, -255
0.11600000000000002 0.043000000000000003, 0.0 0.0, 0.0 0.0, 0.0 0.0, 1.156839149618933, 0.0, 216106.1026352289, 0.0, 0.0, 0.0, 0, 0.23300970873786409, 0, 0.7669902912621359, 0, 0.0, 0, 4.627356598475732e-06, 1e-05, 1e-05, 0.01, 0.01, 0.01, 0.01, -255
0.11600000000000002 0.043000000000000003, 0.0 0.0, 0.0 0.0, 0.0 0.0, 1.156839149618933, 0.0, 216106.1026352289, 0.0, 0.0, 0.0, 0, 0.23300970873786409, 0, 0.7669902912621359, 0, 0.0, 0, 4.627356598475732e-06, 1e-05, 1e-05, 0.01, 0.01, 0.01, 0.01, -255
0.11600000000000002 0.043000000000000003, 0.0 0.0, 0.0 0.0, 0.0 0.0, 1.156839149618933, 0.0, 216106.1026352289, 0.0, 0.0, 0.0, 0, 0.23300970873786409, 0, 0.7669902912621359, 0, 0.0, 0, 4.627356598475732e-06, 1e-05, 1e-05, 0.01, 0.01, 0.01, 0.01, -255
0.11600000000000002 0.043000000000000003, 0.0 0.0, 0.0 0.0, 0.0 0.0, 1.156839149618933, 0.0, 216106.1026352289, 0.0, 0.0, 0.0, 0, 0.23300970873786409, 0, 0.7669902912621359, 0, 0.0, 0, 4.627356598475732e-06, 1e-05, 1e-05, 0.01, 0.01, 0.01, 0.01, -255
0.11600000000000002 0.043000000000000003, 0.0 0.0, 0.0 0.0, 0.0 0.0, 1.156839149618933, 0.0, 216106.1026352289, 0.0, 0.0, 0.0, 0, 0.23300970873786409, 0, 0.7669902912621359, 0, 0.0, 0, 4.627356598475732e-06, 1e-05, 1e-05, 0.01, 0.01, 0.01, 0.01, -255
0.11600000000000002 0.043000000000000003, 0.0 0.0, 0.0 0.0, 0.0 0.0, 1.156839149618933, 0.0, 216106.1026352289, 0.0, 0.0, 0.0, 0, 0.23300970873786409, 0, 0.7669902912621359, 0, 0.0, 0, 4.627356598475732e-06, 1e-05, 1e-05, 0.01, 0.01, 0.01, 0.01, -255
0.11600000000000002 0.043000000000000003, 0.0 0.0, 0.0 0.0, 0.0 0.0, 1.156839149618933, 0.0, 216106.1026352289, 0.0, 0.0, 0.0, 0, 0.23300970873786409, 0, 0.7669902912621359, 0, 0.0, 0, 4.627356598475732e-06, 1e-05, 1e-05, 0.01, 0.01, 0.01, 0.01, -255
0.11600000000000002 0.043000000000000003, 0.0 0.0, 0.0 0.0, 0.0 0.0, 1.156839149618933, 0.0, 216106.1026352289, 0.0, 0.0, 0.0, 0, 0.23300970873786409, 0, 0.7669902912621359, 0, 0.0, 0, 4.627356598475732e-06, 1e-05, 1e-05, 0.01, 0.01, 0.01, 0.01, -255
0.11600000000000002 0.043000000000000003, 0.0 0.0, 0.0 0.0, 0.0 0.0, 1.156839149618933, 0.0, 216106.1026352289, 0.0, 0.0, 0.0, 0, 0.23300970873786409, 0, 0.7669902912621359, 0, 0.0, 0, 4.627356598475732e-06, 1e-05, 1e-05, 0.01, 0.01, 0.01, 0.01, -255
0.11600000000000002 0.043000000000000003, 0.0 0.0, 0.0 0.0, 0.0 0.0, 1.156839149618933, 0.0, 216106.1026352289, 0.0, 0.0, 0.0, 0, 0.23300970873786409, 0, 0.7669902912621359, 0, 0.0, 0, 4.627356598475732e-06, 1e-05, 1e-05, 0.01, 0.01, 0.01, 0.01, -255
0.11600000000000002 0.043000000000000003, 0.0 0.0, 0.0 0.0, 0.0 0.0, 1.156839149618933, 0.0, 216106.1026352289, 0.0, 0.0, 0.0, 0, 0.23300970873786409, 0, 0.7669902912621359, 0, 0.0, 0, 4.627356598475732e-06, 1e-05, 1e-05, 0.01, 0.01, 0.01, 0.01, -255
0.11600000000000002 0.043000000000000003, 0.0 0.0, 0.0 0.0, 0.0 0.0, 1.156839149618933, 0.0, 216106.1026352289, 0.0, 0.0, 0.0, 0, 0.23300970873786409, 0, 0.7669902912621359, 0, 0.0, 0, 4.627356598475732e-06, 1e-05, 1e-05, 0.01, 0.01, 0.01, 0.01, -255
0.11600000000000002 0.043000000000000003, 0.0 0.0, 0.0 0.0, 0.0 0.0, 1.156839149618933, 0.0, 216106.1026352289, 0.0, 0.0, 0.0, 0, 0.23300970873786409, 0, 0.7669902912621359, 0, 0.0, 0, 4.627356598475732e-06, 1e-05, 1e-05, 0.01, 0.01, 0.01, 0.01, -255
0.11600000000000002 0.043000000000000003, 0.0 0.0, 0.0 0.0, 0.0 0.0, 1.156839149618933, 0.0, 216106.1026352289, 0.0, 0.0, 0.0, 0, 0.23300970873786409, 0, 0.7669902912621359, 0, 0.0, 0, 4.627356598475732e-06, 1e-05, 1e-05, 0.01, 0.01, 0.01, 0.01, -255
0.11600000000000002 0.043000000000000003, 0.0 0.0, 0.0 0.0, 0.0 0.0, 1.156839149618933, 0.0, 216106.1026352289, 0.0, 0.0, 0.0, 0, 0.23300970873786409, 0, 0.7669902912621359, 0, 0.0, 0, 4.627356598475732e-06, 1e-05, 1e-05, 0.01, 0.01, 0.01, 0.01, -255
0.11600000000000002 0.043000000000000003, 0.0 0.0, 0.0 0.0, 0.0 0.0, 1.156839149618933, 0.0, 216106.1026352289, 0.0, 0.0, 0.0, 0, 0.23300970873786409, 0, 0.7669902912621359, 0, 0.0, 0, 4.627356598475732e-06, 1e-05, 1e-05, 0.01, 0.01, 0.01, 0.01, -255
0.11600000000000002 0.043000000000000003, 0.0 0.0, 0.0 0.0, 0.0 0.0, 1.156839149618933, 0.0, 216106.1026352289, 0.0, 0.0, 0.0, 0, 0.23300970873786409, 0, 0.7669902912621359, 0, 0.0, 0, 4.627356598475732e-06, 1e-05, 1e-05, 0.01, 0.01, 0.01, 0.01, -255
0.11600000000000002 0.043000000000000003, 0.0 0.0, 0.0 0.0, 0.0 0.0, 1.156839149618933, 0.0, 216106.1026352289, 0.0, 0.0, 0.0, 0, 0.23300970873786409, 0, 0.7669902912621359, 0, 0.0, 0, 4.627356598475732e-06, 1e-05, 1e-05, 0.01, 0.01, 0.01, 0.01, -255
0.11600000000000002 0.043000000000000003, 0.0 0.0, 0.0 0.0, 0.0 0.0, 1.156839149618933, 0.0, 216106.1026352289, 0.0, 0.0, 0.0, 0, 0.23300970873786409, 0, 0.7669902912621359, 0, 0.0, 0, 4.627356598475732e-06, 1e-05, 1e-05, 0.01, 0.01, 0.01, 0.01, -255
0.11600000000000002 0.043000000000000003, 0.0 0.0, 0.0 0.0, 0.0 0.0, 1.156839149618933, 0.0, 216106.1026352289, 0.0, 0.0, 0.0, 0, 0.23300970873786409, 0, 0.7669902912621359, 0, 0.0, 0, 4.627356598475732e-06, 1e-05, 1e-05, 0.01, 0.01, 0.01, 0.01, -255
0.11600000000000002 0.043000000000000003, 0.0 0.0, 0.0 0.0, 0.0 0.0, 1.156839149618933, 0.0, 216106.1026352289, 0.0, 0.0, 0.0, 0, 0.23300970873786409, 0, 0.7669902912621359, 0, 0.0, 0, 4.627356598475732e-06, 1e-05, 1e-05, 0.01, 0.01, 0.01, 0.01, -255
0.11600000000000002 0.043000000000000003, 0.0 0.0, 0.0 0.0, 0.0 0.0, 1.156839149618933, 0.0, 216106.1026352289, 0.0, 0.0, 0.0, 0, 0.23300970873786409, 0, 0.7669902912621359, 0, 0.0, 0, 4.627356598475732e-06, 1e-05, 1e-05, 0.01, 0.01, 0.01, 0.01, -255
0.11600000000000002 0.043000000000000003, 0.0 0.0, 0.0 0.0, 0.0 0.0, 1.156839149618933, 0.0, 216106.1026352289, 0.0, 0.0, 0.0, 0, 0.23300970873786409, 0, 0.7669902912621359, 0, 0.0, 0, 4.627356598475732e-06, 1e-05, 1e-05, 0.01, 0.01, 0.01, 0.01, -255
0.11600000000000002 0.043000000000000003, 0.0 0.0, 0.0 0.0, 0.0 0.0, 1.156839149618933, 0.0, 216106.1026352289, 0.0, 0.0, 0.0, 0, 0.23300970873786409, 0, 0.7669902912621359, 0, 0.0, 0, 4.627356598475732e-06, 1e-05, 1e-05, 0.01, 0.01, 0.01, 0.01, -255
0.11600000000000002 0.043000000000000003, 0.0 0.0, 0.0 0.0, 0.0 0.0, 1.156839149618933, 0.0, 216106.1026352289, 0.0, 0.0, 0.0, 0, 0.23300970873786409, 0, 0.7669902912621359, 0, 0.0, 0, 4.627356598475732e-06, 1e-05, 1e-05, 0.01, 0.01, 0.01, 0.01, -255
0.11600000000000002 0.043000000000000003, 0.0 0.0, 0.0 0.0, 0.0 0.0, 1.156839149618933, 0.0, 216106.1026352289, 0.0, 0.0, 0.0, 0, 0.23300970873786409, 0, 0.7669902912621359, 0, 0.0, 0, 4.627356598475732e-06, 1e-05, 1e-05, 0.01, 0.01, 0.01, 0.01, -255
0.11600000000000002 0.043000000000000003, 0.0 0.0, 0.0 0.0, 0.0 0.0, 1.156839149618933, 0.0, 216106.1026352289, 0.0, 0.0, 0.0, 0, 0.23300970873786409, 0, 0.7669902912621359, 0, 0.0, 0, 4.627356598475732e-06, 1e-05, 1e-05, 0.01, 0.01, 0.01, 0.01, -255
0.11600000000000002 0.043000000000000003, 0.0 0.0, 0.0 0.0, 0.0 0.0, 1.156839149618933, 0.0, 216106.1026352289, 0.0, 0.0, 0.0, 0, 0.23300970873786409, 0, 0.7669902912621359, 0, 0.0, 0, 4.627356598475732e-06, 1e-05, 1e-05, 0.01, 0.01, 0.01, 0.01, -255
0.11600000000000002 0.043000000000000003, 0.0 0.0, 0.0 0.0, 0.0 0.0, 1.156839149618933, 0.0, 216106.1026352289, 0.0, 0.0, 0.0, 0, 0.23300970873786409, 0, 0.7669902912621359, 0, 0.0, 0, 4.627356598475732e-06, 1e-05, 1e-05, 0.01, 0.01, 0.01, 0.01, -255
0.11600000000000002 0.043000000000000003, 0.0 0.0, 0.0 0.0, 0.0 0.0, 1.156839149618933, 0.0, 216106.1026352289, 0.0, 0.0, 0.0, 0, 0.23300970873786409, 0, 0.7669902912621359, 0, 0.0, 0, 4.627356598475732e-06, 1e-05, 1e-05, 0.01, 0.01, 0.01, 0.01, -255
0.11600000000000002 0.043000000000000003, 0.0 0.0, 0.0 0.0, 0.0 0.0, 1.156839149618933, 0.0, 216106.1026352289, 0.0, 0.0, 0.0, 0, 0.23300970873786409, 0, 0.7669902912621359, 0, 0.0, 0, 4.627356598475732e-06, 1e-05, 1e-05, 0.01, 0.01, 0.01, 0.01, -255
0.11600000000000002 0.043000000000000003, 0.0 0.0, 0.0 0.0, 0.0 0.0, 1.156839149618933, 0.0, 216106.1026352289, 0.0, 0.0, 0.0, 0, 0.23300970873786409, 0, 0.7669902912621359, 0, 0.0, 0, 4.627356598475732e-06, 1e-05, 1e-05, 0.01, 0.01, 0.01, 0.01, -255
0.11600000000000002 0.043000000000000003, 0.0 0.0, 0.0 0.0, 0.0 0.0, 1.156839149618933, 0.0, 216106.1026352289, 0.0, 0.0, 0.0, 0, 0.23300970873786409, 0, 0.7669902912621359, 0, 0.0, 0, 4.627356598475732e-06, 1e-05, 1e-05, 0.01, 0.01, 0.01, 0.01, -255
0.11600000000000002 0.043000000000000003, 0.0 0.0, 0.0 0.0, 0.0 0.0, 1.156839149618933, 0.0, 216106.1026352289, 0.0, 0.0, 0.0, 0, 0.23300970873786409, 0, 0.7669902912621359, 0, 0.0, 0, 4.627356598475732e-06, 1e-05, 1e-05, 0.01, 0.01, 0.01, 0.01, -255
0.11600000000000002 0.043000000000000003, 0.0 0.0, 0.0 0.0, 0.0 0.0, 1.156839149618933, 0.0, 216106.1026352289, 0.0, 0.0, 0.0, 0, 0.23300970873786409, 0, 0.7669902912621359, 0, 0.0, 0, 4.627356598475732e-06, 1e-05, 1e-05, 0.01, 0.01, 0.01, 0.01, -255
0.11600000000000002 0.043000000000000003, 0.0 0.0, 0.0 0.0, 0.0 0.0, 1.156839149618933, 0.0, 216106.1026352289, 0.0, 0.0, 0.0, 0, 0.23300970873786409, 0, 0.7669902912621359, 0, 0.0, 0, 4.627356598475732e-06, 1e-05, 1e-05, 0.01, 0.01, 0.01, 0.01, -255
0.11600000000000002 0.043000000000000003, 0.0 0.0, 0.0 0.0, 0.0 0.0, 1.156839149618933, 0.0, 216106.1026352289, 0.0, 0.0, 0.0, 0, 0.23300970873786409, 0, 0.7669902912621359, 0, 0.0, 0, 4.627356598475732e-06, 1e-05, 1e-05, 0.01, 0.01, 0.01, 0.01, -255
0.11600000000000002 0.043000000000000003, 0.0 0.0, 0.0 0.0, 0.0 0.0, 1.156839149618933, 0.0, 216106.1026352289, 0.0, 0.0, 0.0, 0, 0.23300970873786409, 0, 0.7669902912621359, 0, 0.0, 0, 4.627356598475732e-06, 1e-05, 1e-05, 0.01, 0.01, 0.01, 0.01, -255
0.11600000000000002 0.043000000000000003, 0.0 0.0, 0.0 0.0, 0.0 0.0, 1.156839149618933, 0.0, 216106.1026352289, 0.0, 0.0, 0.0, 0, 0.23300970873786409, 0, 0.7669902912621359, 0, 0.0, 0, 4.627356598475732e-06, 1e-05, 1e-05, 0.01, 0.01, 0.01, 0.01, -255
0.11600000000000002 0.043000000000000003, 0.0 0.0, 0.0 0.0, 0.0 0.0, 1.156839149618933, 0.0, 216106.1026352289, 0.0, 0.0, 0.0, 0, 0.23300970873786409, 0, 0.7669902912621359, 0, 0.0, 0, 4.627356598475732e-06, 1e-05, 1e-05, 0.01, 0.01, 0.01, 0.01, -255
0.11600000000000002 0.043000000000000003, 0.0 0.0, 0.0 0.0, 0.0 0.0, 1.156839149618933, 0.0, 216106.1026352289, 0.0, 0.0, 0.0, 0, 0.23300970873786409, 0, 0.7669902912621359, 0, 0.0, 0, 4.627356598475732e-06, 1e-05, 1e-05, 0.01, 0.01, 0.01, 0.01, -255
0.11600000000000002 0.043000000000000003, 0.0 0.0, 0.0 0.0, 0.0 0.0, 1.156839149618933, 0.0, 216106.1026352289, 0.0, 0.0, 0.0, 0, 0.23300970873786409, 0, 0.7669902912621359, 0, 0.0, 0, 4.627356598475732e-06, 1e-05, 1e-05, 0.01, 0.01, 0.01, 0.01, -255
0.11600000000000002 0.043000000000000003, 0.0 0.0, 0.0 0.0, 0.0 0.0, 1.156839149618933, 0.0, 216106.1026352289, 0.0, 0.0, 0.0, 0, 0.23300970873786409, 0, 0.7669902912621359, 0, 0.0, 0, 4.627356598475732e-06, 1e-05, 1e-05, 0.01, 0.01, 0.01, 0.01, -255
0.11600000000000002 0.043000000000000003, 0.0 0.0, 0.0 0.0, 0.0 0.0, 1.156839149618933, 0.0, 216106.1026352289, 0.0, 0.0, 0.0, 0, 0.23300970873786409, 0, 0.7669902912621359, 0, 0.0, 0, 4.627356598475732e-06, 1e-05, 1e-05, 0.01, 0.01, 0.01, 0.01, -255
0.11600000000000002 0.043000000000000003, 0.0 0.0, 0.0 0.0, 0.0 0.0, 1.156839149618933, 0.0, 216106.1026352289, 0.0, 0.0, 0.0, 0, 0.23300970873786409, 0, 0.7669902912621359, 0, 0.0, 0, 4.627356598475732e-06, 1e-05, 1e-05, 0.01, 0.01, 0.01, 0.01, -255
0.11600000000000002 0.043000000000000003, 0.0 0.0, 0.0 0.0, 0.0 0.0, 1.156839149618933, 0.0, 216106.1026352289, 0.0, 0.0, 0.0, 0, 0.23300970873786409, 0, 0.7669902912621359, 0, 0.0, 0, 4.627356598475732e-06, 1e-05, 1e-05, 0.01, 0.01, 0.01, 0.01, -255
0.11600000000000002 0.043000000000000003, 0.0 0.0, 0.0 0.0, 0.0 0.0, 1.156839149618933, 0.0, 216106.1026352289, 0.0, 0.0, 0.0, 0, 0.23300970873786409, 0, 0.7669902912621359, 0, 0.0, 0, 4.627356598475732e-06, 1e-05, 1e-05, 0.01, 0.01, 0.01, 0.01, -255
0.11600000000000002 0.043000000000000003, 0.0 0.0, 0.0 0.0, 0.0 0.0, 1.156839149618933, 0.0, 216106.1026352289, 0.0, 0.0, 0.0, 0, 0.23300970873786409, 0, 0.7669902912621359, 0, 0.0, 0, 4.627356598475732e-06, 1e-05, 1e-05, 0.01, 0.01, 0.01, 0.01, -255
0.11600000000000002 0.043000000000000003, 0.0 0.0, 0.0 0.0, 0.0 0.0, 1.156839149618933, 0.0, 216106.1026352289, 0.0, 0.0, 0.0, 0, 0.23300970873786409, 0, 0.7669902912621359, 0, 0.0, 0, 4.627356598475732e-06, 1e-05, 1e-05, 0.01, 0.01, 0.01, 0.01, -255
0.11600000000000002 0.043000000000000003, 0.0 0.0, 0.0 0.0, 0.0 0.0, 1.156839149618933, 0.0, 216106.1026352289, 0.0, 0.0, 0.0, 0, 0.23300970873786409, 0, 0.7669902912621359, 0, 0.0, 0, 4.627356598475732e-06, 1e-05, 1e-05, 0.01, 0.01, 0.01, 0.01, -255
0.11600000000000002 0.043000000000000003, 0.0 0.0, 0.0 0.0, 0.0 0.0, 1.156839149618933, 0.0, 216106.1026352289, 0.0, 0.0, 0.0, 0, 0.23300970873786409, 0, 0.7669902912621359, 0, 0.0, 0, 4.627356598475732e-06, 1e-05, 1e-05, 0.01, 0.01, 0.01, 0.01, -255
0.11600000000000002 0.043000000000000003, 0.0 0.0, 0.0 0.0, 0.0 0.0, 1.156839149618933, 0.0, 216106.1026352289, 0.0, 0.0, 0.0, 0, 0.23300970873786409, 0, 0.7669902912621359, 0, 0.0, 0, 4.627356598475732e-06, 1e-05, 1e-05, 0.01, 0.01, 0.01, 0.01, -255
0.11600000000000002 0.043000000000000003, 0.0 0.0, 0.0 0.0, 0.0 0.0, 1.156839149618933, 0.0, 216106.1026352289, 0.0, 0.0, 0.0, 0, 0.23300970873786409, 0, 0.7669902912621359, 0, 0.0, 0, 4.627356598475732e-06, 1e-05, 1e-05, 0.01, 0.01, 0.01, 0.01, -255
0.11600000000000002 0.043000000000000003, 0.0 0.0, 0.0 0.0, 0.0 0.0, 1.156839149618933, 0.0, 216106.1026352289, 0.0, 0.0, 0.0, 0, 0.23300970873786409, 0, 0.7669902912621359, 0, 0.0, 0, 4.627356598475732e-06, 1e-05, 1e-05, 0.01, 0.01, 0.01, 0.01, -255
0.11600000000000002 0.043000000000000003, 0.0 0.0, 0.0 0.0, 0.0 0.0, 1.156839149618933, 0.0, 216106.1026352289, 0.0, 0.0, 0.0, 0, 0.23300970873786409, 0, 0.7669902912621359, 0, 0.0, 0, 4.627356598475732e-06, 1e-05, 1e-05, 0.01, 0.01, 0.01, 0.01, -255
0.11600000000000002 0.043000000000000003, 0.0 0.0, 0.0 0.0, 0.0 0.0, 1.156839149618933, 0.0, 216106.1026352289, 0.0, 0.0, 0.0, 0, 0.23300970873786409, 0, 0.7669902912621359, 0, 0.0, 0, 4.627356598475732e-06, 1e-05, 1e-05, 0.01, 0.01, 0.01, 0.01, -255
0.11600000000000002 0.043000000000000003, 0.0 0.0, 0.0 0.0, 0.0 0.0, 1.156839149618933, 0.0, 216106.1026352289, 0.0, 0.0, 0.0, 0, 0.23300970873786409, 0, 0.7669902912621359, 0, 0.0, 0, 4.627356598475732e-06, 1e-05, 1e-05, 0.01, 0.01, 0.01, 0.01, -255
0.11600000000000002 0.043000000000000003, 0.0 0.0, 0.0 0.0, 0.0 0.0, 1.156839149618933, 0.0, 216106.1026352289, 0.0, 0.0, 0.0, 0, 0.23300970873786409, 0, 0.7669902912621359, 0, 0.0, 0, 4.627356598475732e-06, 1e-05, 1e-05, 0.01, 0.01, 0.01, 0.01, -255
0.11600000000000002 0.043000000000000003, 0.0 0.0, 0.0 0.0, 0.0 0.0, 1.156839149618933, 0.0, 216106.1026352289, 0.0, 0.0, 0.0, 0, 0.23300970873786409, 0, 0.7669902912621359, 0, 0.0, 0, 4.627356598475732e-06, 1e-05, 1e-05, 0.01, 0.01, 0.01, 0.01, -255
0.11600000000000002 0.043000000000000003, 0.0 0.0, 0.0 0.0, 0.0 0.0, 1.156839149618933, 0.0, 216106.1026352289, 0.0, 0.0, 0.0, 0, 0.23300970873786409, 0, 0.7669902912621359, 0, 0.0, 0, 4.627356598475732e-06, 1e-05, 1e-05, 0.01, 0.01, 0.01, 0.01, -255
0.11600000000000002 0.043000000000000003, 0.0 0.0, 0.0 0.0, 0.0 0.0, 1.156839149618933, 0.0, 216106.1026352289, 0.0, 0.0, 0.0, 0, 0.23300970873786409, 0, 0.7669902912621359, 0, 0.0, 0, 4.627356598475732e-06, 1e-05, 1e-05, 0.01, 0.01, 0.01, 0.01, -255
0.11600000000000002 0.043000000000000003, 0.0 0.0, 0.0 0.0, 0.0 0.0, 1.156839149618933, 0.0, 216106.1026352289, 0.0, 0.0, 0.0, 0, 0.23300970873786409, 0, 0.7669902912621359, 0, 0.0, 0, 4.627356598475732e-06, 1e-05, 1e-05, 0.01, 0.01, 0.01, 0.01, -255
0.11600000000000002 0.043000000000000003, 0.0 0.0, 0.0 0.0, 0.0 0.0, 1.156839149618933, 0.0, 216106.1026352289, 0.0, 0.0, 0.0, 0, 0.23300970873786409, 0, 0.7669902912621359, 0, 0.0, 0, 4.627356598475732e-06, 1e-05, 1e-05, 0.01, 0.01, 0.01, 0.01, -255
0.11600000000000002 0.043000000000000003, 0.0 0.0, 0.0 0.0, 0.0 0.0, 1.156839149618933, 0.0, 216106.1026352289, 0.0, 0.0, 0.0, 0, 0.23300970873786409, 0, 0.7669902912621359, 0, 0.0, 0, 4.627356598475732e-06, 1e-05, 1e-05, 0.01, 0.01, 0.01, 0.01, -255
0.11600000000000002 0.043000000000000003, 0.0 0.0, 0.0 0.0, 0.0 0.0, 1.156839149618933, 0.0, 216106.1026352289, 0.0, 0.0, 0.0, 0, 0.23300970873786409, 0, 0.7669902912621359, 0, 0.0, 0, 4.627356598475732e-06, 1e-05, 1e-05, 0.01, 0.01, 0.01, 0.01, -255
0.11600000000000002 0.043000000000000003, 0.0 0.0, 0.0 0.0, 0.0 0.0, 1.156839149618933, 0.0, 216106.1026352289, 0.0, 0.0, 0.0, 0, 0.23300970873786409, 0, 0.7669902912621359, 0, 0.0, 0, 4.627356598475732e-06, 1e-05, 1e-05, 0.01, 0.01, 0.01, 0.01, -255
0.11600000000000002 0.043000000000000003, 0.0 0.0, 0.0 0.0, 0.0 0.0, 1.156839149618933, 0.0, 216106.1026352289, 0.0, 0.0, 0.0, 0, 0.23300970873786409, 0, 0.7669902912621359, 0, 0.0, 0, 4.627356598475732e-06, 1e-05, 1e-05, 0.01, 0.01, 0.01, 0.01, -255
0.11600000000000002 0.043000000000000003, 0.0 0.0, 0.0 0.0, 0.0 0.0, 1.156839149618933, 0.0, 216106.1026352289, 0.0, 0.0, 0.0, 0, 0.23300970873786409, 0, 0.7669902912621359, 0, 0.0, 0, 4.627356598475732e-06, 1e-05, 1e-05, 0.01, 0.01, 0.01, 0.01, -255
0.11600000000000002 0.043000000000000003, 0.0 0.0, 0.0 0.0, 0.0 0.0, 1.156839149618933, 0.0, 216106.1026352289, 0.0, 0.0, 0.0, 0, 0.23300970873786409, 0, 0.7669902912621359, 0, 0.0, 0, 4.627356598475732e-06, 1e-05, 1e-05, 0.01, 0.01, 0.01, 0.01, -255
0.11600000000000002 0.043000000000000003, 0.0 0.0, 0.0 0.0, 0.0 0.0, 1.156839149618933, 0.0, 216106.1026352289, 0.0, 0.0, 0.0, 0, 0.23300970873786409, 0, 0.7669902912621359, 0, 0.0, 0, 4.627356598475732e-06, 1e-05, 1e-05, 0.01, 0.01, 0.01, 0.01, -255
0.11600000000000002 0.043000000000000003, 0.0 0.0, 0.0 0.0, 0.0 0.0, 1.156839149618933, 0.0, 216106.1026352289, 0.0, 0.0, 0.0, 0, 0.23300970873786409, 0, 0.7669902912621359, 0, 0.0, 0, 4.627356598475732e-06, 1e-05, 1e-05, 0.01, 0.01, 0.01, 0.01, -255
0.11600000000000002 0.043000000000000003, 0.0 0.0, 0.0 0.0, 0.0 0.0, 1.156839149618933, 0.0, 216106.1026352289, 0.0, 0.0, 0.0, 0, 0.23300970873786409, 0, 0.7669902912621359, 0, 0.0, 0, 4.627356598475732e-06, 1e-05, 1e-05, 0.01, 0.01, 0.01, 0.01, -255
0.11600000000000002 0.043000000000000003, 0.0 0.0, 0.0 0.0, 0.0 0.0, 1.156839149618933, 0.0, 216106.1026352289, 0.0, 0.0, 0.0, 0, 0.23300970873786409, 0, 0.7669902912621359, 0, 0.0, 0, 4.627356598475732e-06, 1e-05, 1e-05, 0.01, 0.01, 0.01, 0.01, -255
0.11600000000000002 0.043000000000000003, 0.0 0.0, 0.0 0.0, 0.0 0.0, 1.156839149618933, 0.0, 216106.1026352289, 0.0, 0.0, 0.0, 0, 0.23300970873786409, 0, 0.7669902912621359, 0, 0.0, 0, 4.627356598475732e-06, 1e-05, 1e-05, 0.01, 0.01, 0.01, 0.01, -255
0.11600000000000002 0.043000000000000003, 0.0 0.0, 0.0 0.0, 0.0 0.0, 1.156839149618933, 0.0, 216106.1026352289, 0.0, 0.0, 0.0, 0, 0.23300970873786409, 0, 0.7669902912621359, 0, 0.0, 0, 4.627356598475732e-06, 1e-05, 1e-05, 0.01, 0.01, 0.01, 0.01, -255
0.11600000000000002 0.043000000000000003, 0.0 0.0, 0.0 0.0, 0.0 0.0, 1.156839149618933, 0.0, 216106.1026352289, 0.0, 0.0, 0.0, 0, 0.23300970873786409, 0, 0.7669902912621359, 0, 0.0, 0, 4.627356598475732e-06, 1e-05, 1e-05, 0.01, 0.01, 0.01, 0.01, -255
0.11600000000000002 0.043000000000000003, 0.0 0.0, 0.0 0.0, 0.0 0.0, 1.156839149618933, 0.0, 216106.1026352289, 0.0, 0.0, 0.0, 0, 0.23300970873786409, 0, 0.7669902912621359, 0, 0.0, 0, 4.627356598475732e-06, 1e-05, 1e-05, 0.01, 0.01, 0.01, 0.01, -255
0.11600000000000002 0.043000000000000003, 0.0 0.0, 0.0 0.0, 0.0 0.0, 1.156839149618933, 0.0, 216106.1026352289, 0.0, 0.0, 0.0, 0, 0.23300970873786409, 0, 0.7669902912621359, 0, 0.0, 0, 4.627356598475732e-06, 1e-05, 1e-05, 0.01, 0.01, 0.01, 0.01, -255
0.11600000000000002 0.043000000000000003, 0.0 0.0, 0.0 0.0, 0.0 0.0, 1.156839149618933, 0.0, 216106.1026352289, 0.0, 0.0, 0.0, 0, 0.23300970873786409, 0, 0.7669902912621359, 0, 0.0, 0, 4.627356598475732e-06, 1e-05, 1e-05, 0.01, 0.01, 0.01, 0.01, -255
0.11600000000000002 0.043000000000000003, 0.0 0.0, 0.0 0.0, 0.0 0.0, 1.156839149618933, 0.0, 216106.1026352289, 0.0, 0.0, 0.0, 0, 0.23300970873786409, 0, 0.7669902912621359, 0, 0.0, 0, 4.627356598475732e-06, 1e-05, 1e-05, 0.01, 0.01, 0.01, 0.01, -255
0.11600000000000002 0.043000000000000003, 0.0 0.0, 0.0 0.0, 0.0 0.0, 1.156839149618933, 0.0, 216106.1026352289, 0.0, 0.0, 0.0, 0, 0.23300970873786409, 0, 0.7669902912621359, 0, 0.0, 0, 4.627356598475732e-06, 1e-05, 1e-05, 0.01, 0.01, 0.01, 0.01, -255
0.11600000000000002 0.043000000000000003, 0.0 0.0, 0.0 0.0, 0.0 0.0, 1.156839149618933, 0.0, 216106.1026352289, 0.0, 0.0, 0.0, 0, 0.23300970873786409, 0, 0.7669902912621359, 0, 0.0, 0, 4.627356598475732e-06, 1e-05, 1e-05, 0.01, 0.01, 0.01, 0.01, -255
0.11600000000000002 0.043000000000000003, 0.0 0.0, 0.0 0.0, 0.0 0.0, 1.156839149618933, 0.0, 216106.1026352289, 0.0, 0.0, 0.0, 0, 0.23300970873786409, 0, 0.7669902912621359, 0, 0.0, 0, 4.627356598475732e-06, 1e-05, 1e-05, 0.01, 0.01, 0.01, 0.01, -255
0.11600000000000002 0.043000000000000003, 0.0 0.0, 0.0 0.0, 0.0 0.0, 1.156839149618933, 0.0, 216106.1026352289, 0.0, 0.0, 0.0, 0, 0.23300970873786409, 0, 0.7669902912621359, 0, 0.0, 0, 4.627356598475732e-06, 1e-05, 1e-05, 0.01, 0.01, 0.01, 0.01, -255
0.11600000000000002 0.043000000000000003, 0.0 0.0, 0.0 0.0, 0.0 0.0, 1.156839149618933, 0.0, 216106.1026352289, 0.0, 0.0, 0.0, 0, 0.23300970873786409, 0, 0.7669902912621359, 0, 0.0, 0, 4.627356598475732e-06, 1e-05, 1e-05, 0.01, 0.01, 0.01, 0.01, -255
0.11600000000000002 0.043000000000000003, 0.0 0.0, 0.0 0.0, 0.0 0.0, 1.156839149618933, 0.0, 216106.1026352289, 0.0, 0.0, 0.0, 0, 0.23300970873786409, 0, 0.7669902912621359, 0, 0.0, 0, 4.627356598475732e-06, 1e-05, 1e-05, 0.01, 0.01, 0.01, 0.01, -255
0.11600000000000002 0.043000000000000003, 0.0 0.0, 0.0 0.0, 0.0 0.0, 1.156839149618933, 0.0, 216106.1026352289, 0.0, 0.0, 0.0, 0, 0.23300970873786409, 0, 0.7669902912621359, 0, 0.0, 0, 4.627356598475732e-06, 1e-05, 1e-05, 0.01, 0.01, 0.01, 0.01, -255
0.11600000000000002 0.043000000000000003, 0.0 0.0, 0.0 0.0, 0.0 0.0, 1.156839149618933, 0.0, 216106.1026352289, 0.0, 0.0, 0.0, 0, 0.23300970873786409, 0, 0.7669902912621359, 0, 0.0, 0, 4.627356598475732e-06, 1e-05, 1e-05, 0.01, 0.01, 0.01, 0.01, -255
0.11600000000000002 0.043000000000000003, 0.0 0.0, 0.0 0.0, 0.0 0.0, 1.156839149618933, 0.0, 216106.1026352289, 0.0, 0.0, 0.0, 0, 0.23300970873786409, 0, 0.7669902912621359, 0, 0.0, 0, 4.627356598475732e-06, 1e-05, 1e-05, 0.01, 0.01, 0.01, 0.01, -255
0.11600000000000002 0.043000000000000003, 0.0 0.0, 0.0 0.0, 0.0 0.0, 1.156839149618933, 0.0, 216106.1026352289, 0.0, 0.0, 0.0, 0, 0.23300970873786409, 0, 0.7669902912621359, 0, 0.0, 0, 4.627356598475732e-06, 1e-05, 1e-05, 0.01, 0.01, 0.01, 0.01, -255
0.11600000000000002 0.043000000000000003, 0.0 0.0, 0.0 0.0, 0.0 0.0, 1.156839149618933, 0.0, 216106.1026352289, 0.0, 0.0, 0.0, 0, 0.23300970873786409, 0, 0.7669902912621359, 0, 0.0, 0, 4.627356598475732e-06, 1e-05, 1e-05, 0.01, 0.01, 0.01, 0.01, -255
0.11600000000000002 0.043000000000000003, 0.0 0.0, 0.0 0.0, 0.0 0.0, 1.156839149618933, 0.0, 216106.1026352289, 0.0, 0.0, 0.0, 0, 0.23300970873786409, 0, 0.7669902912621359, 0, 0.0, 0, 4.627356598475732e-06, 1e-05, 1e-05, 0.01, 0.01, 0.01, 0.01, -255
0.11600000000000002 0.043000000000000003, 0.0 0.0, 0.0 0.0, 0.0 0.0, 1.156839149618933, 0.0, 216106.1026352289, 0.0, 0.0, 0.0, 0, 0.23300970873786409, 0, 0.7669902912621359, 0, 0.0, 0, 4.627356598475732e-06, 1e-05, 1e-05, 0.01, 0.01, 0.01, 0.01, -255
0.11600000000000002 0.043000000000000003, 0.0 0.0, 0.0 0.0, 0.0 0.0, 1.156839149618933, 0.0, 216106.1026352289, 0.0, 0.0, 0.0, 0, 0.23300970873786409, 0, 0.7669902912621359, 0, 0.0, 0, 4.627356598475732e-06, 1e-05, 1e-05, 0.01, 0.01, 0.01, 0.01, -255
0.11600000000000002 0.043000000000000003, 0.0 0.0, 0.0 0.0, 0.0 0.0, 1.156839149618933, 0.0, 216106.1026352289, 0.0, 0.0, 0.0, 0, 0.23300970873786409, 0, 0.7669902912621359, 0, 0.0, 0, 4.627356598475732e-06, 1e-05, 1e-05, 0.01, 0.01, 0.01, 0.01, -255
0.11600000000000002 0.043000000000000003, 0.0 0.0, 0.0 0.0, 0.0 0.0, 1.156839149618933, 0.0, 216106.1026352289, 0.0, 0.0, 0.0, 0, 0.23300970873786409, 0, 0.7669902912621359, 0, 0.0, 0, 4.627356598475732e-06, 1e-05, 1e-05, 0.01, 0.01, 0.01, 0.01, -255
0.11600000000000002 0.043000000000000003, 0.0 0.0, 0.0 0.0, 0.0 0.0, 1.156839149618933, 0.0, 216106.1026352289, 0.0, 0.0, 0.0, 0, 0.23300970873786409, 0, 0.7669902912621359, 0, 0.0, 0, 4.627356598475732e-06, 1e-05, 1e-05, 0.01, 0.01, 0.01, 0.01, -255
0.11600000000000002 0.043000000000000003, 0.0 0.0, 0.0 0.0, 0.0 0.0, 1.156839149618933, 0.0, 216106.1026352289, 0.0, 0.0, 0.0, 0, 0.23300970873786409, 0, 0.7669902912621359, 0, 0.0, 0, 4.627356598475732e-06, 1e-05, 1e-05, 0.01, 0.01, 0.01, 0.01, -255
0.11600000000000002 0.043000000000000003, 0.0 0.0, 0.0 0.0, 0.0 0.0, 1.156839149618933, 0.0, 216106.1026352289, 0.0, 0.0, 0.0, 0, 0.23300970873786409, 0, 0.7669902912621359, 0, 0.0, 0, 4.627356598475732e-06, 1e-05, 1e-05, 0.01, 0.01, 0.01, 0.01, -255
0.11600000000000002 0.043000000000000003, 0.0 0.0, 0.0 0.0, 0.0 0.0, 1.156839149618933, 0.0, 216106.1026352289, 0.0, 0.0, 0.0, 0, 0.23300970873786409, 0, 0.7669902912621359, 0, 0.0, 0, 4.627356598475732e-06, 1e-05, 1e-05, 0.01, 0.01, 0.01, 0.01, -255
0.11600000000000002 0.043000000000000003, 0.0 0.0, 0.0 0.0, 0.0 0.0, 1.156839149618933, 0.0, 216106.1026352289, 0.0, 0.0, 0.0, 0, 0.23300970873786409, 0, 0.7669902912621359, 0, 0.0, 0, 4.627356598475732e-06, 1e-05, 1e-05, 0.01, 0.01, 0.01, 0.01, -255
0.11600000000000002 0.043000000000000003, 0.0 0.0, 0.0 0.0, 0.0 0.0, 1.156839149618933, 0.0, 216106.1026352289, 0.0, 0.0, 0.0, 0, 0.23300970873786409, 0, 0.7669902912621359, 0, 0.0, 0, 4.627356598475732e-06, 1e-05, 1e-05, 0.01, 0.01, 0.01, 0.01, -255
0.11600000000000002 0.043000000000000003, 0.0 0.0, 0.0 0.0, 0.0 0.0, 1.156839149618933, 0.0, 216106.1026352289, 0.0, 0.0, 0.0, 0, 0.23300970873786409, 0, 0.7669902912621359, 0, 0.0, 0, 4.627356598475732e-06, 1e-05, 1e-05, 0.01, 0.01, 0.01, 0.01, -255
0.11600000000000002 0.043000000000000003, 0.0 0.0, 0.0 0.0, 0.0 0.0, 1.156839149618933, 0.0, 216106.1026352289, 0.0, 0.0, 0.0, 0, 0.23300970873786409, 0, 0.7669902912621359, 0, 0.0, 0, 4.627356598475732e-06, 1e-05, 1e-05, 0.01, 0.01, 0.01, 0.01, -255
0.11600000000000002 0.043000000000000003, 0.0 0.0, 0.0 0.0, 0.0 0.0, 1.156839149618933, 0.0, 216106.1026352289, 0.0, 0.0, 0.0, 0, 0.23300970873786409, 0, 0.7669902912621359, 0, 0.0, 0, 4.627356598475732e-06, 1e-05, 1e-05, 0.01, 0.01, 0.01, 0.01, -255
0.11600000000000002 0.043000000000000003, 0.0 0.0, 0.0 0.0, 0.0 0.0, 1.156839149618933, 0.0, 216106.1026352289, 0.0, 0.0, 0.0, 0, 0.23300970873786409, 0, 0.7669902912621359, 0, 0.0, 0, 4.627356598475732e-06, 1e-05, 1e-05, 0.01, 0.01, 0.01, 0.01, -255
0.11600000000000002 0.043000000000000003, 0.0 0.0, 0.0 0.0, 0.0 0.0, 1.156839149618933, 0.0, 216106.1026352289, 0.0, 0.0, 0.0, 0, 0.23300970873786409, 0, 0.7669902912621359, 0, 0.0, 0, 4.627356598475732e-06, 1e-05, 1e-05, 0.01, 0.01, 0.01, 0.01, -255
0.11600000000000002 0.043000000000000003, 0.0 0.0, 0.0 0.0, 0.0 0.0, 1.156839149618933, 0.0, 216106.1026352289, 0.0, 0.0, 0.0, 0, 0.23300970873786409, 0, 0.7669902912621359, 0, 0.0, 0, 4.627356598475732e-06, 1e-05, 1e-05, 0.01, 0.01, 0.01, 0.01, -255
0.11600000000000002 0.043000000000000003, 0.0 0.0, 0.0 0.0, 0.0 0.0, 1.156839149618933, 0.0, 216106.1026352289, 0.0, 0.0, 0.0, 0, 0.23300970873786409, 0, 0.7669902912621359, 0, 0.0, 0, 4.627356598475732e-06, 1e-05, 1e-05, 0.01, 0.01, 0.01, 0.01, -255
0.11600000000000002 0.043000000000000003, 0.0 0.0, 0.0 0.0, 0.0 0.0, 1.156839149618933, 0.0, 216106.1026352289, 0.0, 0.0, 0.0, 0, 0.23300970873786409, 0, 0.7669902912621359, 0, 0.0, 0, 4.627356598475732e-06, 1e-05, 1e-05, 0.01, 0.01, 0.01, 0.01, -255
0.11600000000000002 0.043000000000000003, 0.0 0.0, 0.0 0.0, 0.0 0.0, 1.156839149618933, 0.0, 216106.1026352289, 0.0, 0.0, 0.0, 0, 0.23300970873786409, 0, 0.7669902912621359, 0, 0.0, 0, 4.627356598475732e-06, 1e-05, 1e-05, 0.01, 0.01, 0.01, 0.01, -255
0.11600000000000002 0.043000000000000003, 0.0 0.0, 0.0 0.0, 0.0 0.0, 1.156839149618933, 0.0, 216106.1026352289, 0.0, 0.0, 0.0, 0, 0.23300970873786409, 0, 0.7669902912621359, 0, 0.0, 0, 4.627356598475732e-06, 1e-05, 1e-05, 0.01, 0.01, 0.01, 0.01, -255
0.11600000000000002 0.043000000000000003, 0.0 0.0, 0.0 0.0, 0.0 0.0, 1.156839149618933, 0.0, 216106.1026352289, 0.0, 0.0, 0.0, 0, 0.23300970873786409, 0, 0.7669902912621359, 0, 0.0, 0, 4.627356598475732e-06, 1e-05, 1e-05, 0.01, 0.01, 0.01, 0.01, -255
0.11600000000000002 0.043000000000000003, 0.0 0.0, 0.0 0.0, 0.0 0.0, 1.156839149618933, 0.0, 216106.1026352289, 0.0, 0.0, 0.0, 0, 0.23300970873786409, 0, 0.7669902912621359, 0, 0.0, 0, 4.627356598475732e-06, 1e-05, 1e-05, 0.01, 0.01, 0.01, 0.01, -255
0.11600000000000002 0.043000000000000003, 0.0 0.0, 0.0 0.0, 0.0 0.0, 1.156839149618933, 0.0, 216106.1026352289, 0.0, 0.0, 0.0, 0, 0.23300970873786409, 0, 0.7669902912621359, 0, 0.0, 0, 4.627356598475732e-06, 1e-05, 1e-05, 0.01, 0.01, 0.01, 0.01, -255
0.11600000000000002 0.043000000000000003, 0.0 0.0, 0.0 0.0, 0.0 0.0, 1.156839149618933, 0.0, 216106.1026352289, 0.0, 0.0, 0.0, 0, 0.23300970873786409, 0, 0.7669902912621359, 0, 0.0, 0, 4.627356598475732e-06, 1e-05, 1e-05, 0.01, 0.01, 0.01, 0.01, -255
0.11600000000000002 0.043000000000000003, 0.0 0.0, 0.0 0.0, 0.0 0.0, 1.156839149618933, 0.0, 216106.1026352289, 0.0, 0.0, 0.0, 0, 0.23300970873786409, 0, 0.7669902912621359, 0, 0.0, 0, 4.627356598475732e-06, 1e-05, 1e-05, 0.01, 0.01, 0.01, 0.01, -255
0.11600000000000002 0.043000000000000003, 0.0 0.0, 0.0 0.0, 0.0 0.0, 1.156839149618933, 0.0, 216106.1026352289, 0.0, 0.0, 0.0, 0, 0.23300970873786409, 0, 0.7669902912621359, 0, 0.0, 0, 4.627356598475732e-06, 1e-05, 1e-05, 0.01, 0.01, 0.01, 0.01, -255
0.11600000000000002 0.043000000000000003, 0.0 0.0, 0.0 0.0, 0.0 0.0, 1.156839149618933, 0.0, 216106.1026352289, 0.0, 0.0, 0.0, 0, 0.23300970873786409, 0, 0.7669902912621359, 0, 0.0, 0, 4.627356598475732e-06, 1e-05, 1e-05, 0.01, 0.01, 0.01, 0.01, -255
0.11600000000000002 0.043000000000000003, 0.0 0.0, 0.0 0.0, 0.0 0.0, 1.156839149618933, 0.0, 216106.1026352289, 0.0, 0.0, 0.0, 0, 0.23300970873786409, 0, 0.7669902912621359, 0, 0.0, 0, 4.627356598475732e-06, 1e-05, 1e-05, 0.01, 0.01, 0.01, 0.01, -255
0.11600000000000002 0.043000000000000003, 0.0 0.0, 0.0 0.0, 0.0 0.0, 1.156839149618933, 0.0, 216106.1026352289, 0.0, 0.0, 0.0, 0, 0.23300970873786409, 0, 0.7669902912621359, 0, 0.0, 0, 4.627356598475732e-06, 1e-05, 1e-05, 0.01, 0.01, 0.01, 0.01, -255
0.11600000000000002 0.043000000000000003, 0.0 0.0, 0.0 0.0, 0.0 0.0, 1.156839149618933, 0.0, 216106.1026352289, 0.0, 0.0, 0.0, 0, 0.23300970873786409, 0, 0.7669902912621359, 0, 0.0, 0, 4.627356598475732e-06, 1e-05, 1e-05, 0.01, 0.01, 0.01, 0.01, -255
0.11600000000000002 0.043000000000000003, 0.0 0.0, 0.0 0.0, 0.0 0.0, 1.156839149618933, 0.0, 216106.1026352289, 0.0, 0.0, 0.0, 0, 0.23300970873786409, 0, 0.7669902912621359, 0, 0.0, 0, 4.627356598475732e-06, 1e-05, 1e-05, 0.01, 0.01, 0.01, 0.01, -255
0.11600000000000002 0.043000000000000003, 0.0 0.0, 0.0 0.0, 0.0 0.0, 1.156839149618933, 0.0, 216106.1026352289, 0.0, 0.0, 0.0, 0, 0.23300970873786409, 0, 0.7669902912621359, 0, 0.0, 0, 4.627356598475732e-06, 1e-05, 1e-05, 0.01, 0.01, 0.01, 0.01, -255
0.11600000000000002 0.043000000000000003, 0.0 0.0, 0.0 0.0, 0.0 0.0, 1.156839149618933, 0.0, 216106.1026352289, 0.0, 0.0, 0.0, 0, 0.23300970873786409, 0, 0.7669902912621359, 0, 0.0, 0, 4.627356598475732e-06, 1e-05, 1e-05, 0.01, 0.01, 0.01, 0.01, -255
0.11600000000000002 0.043000000000000003, 0.0 0.0, 0.0 0.0, 0.0 0.0, 1.156839149618933, 0.0, 216106.1026352289, 0.0, 0.0, 0.0, 0, 0.23300970873786409, 0, 0.7669902912621359, 0, 0.0, 0, 4.627356598475732e-06, 1e-05, 1e-05, 0.01, 0.01, 0.01, 0.01, -255
0.11600000000000002 0.043000000000000003, 0.0 0.0, 0.0 0.0, 0.0 0.0, 1.156839149618933, 0.0, 216106.1026352289, 0.0, 0.0, 0.0, 0, 0.23300970873786409, 0, 0.7669902912621359, 0, 0.0, 0, 4.627356598475732e-06, 1e-05, 1e-05, 0.01, 0.01, 0.01, 0.01, -255
0.11600000000000002 0.043000000000000003, 0.0 0.0, 0.0 0.0, 0.0 0.0, 1.156839149618933, 0.0, 216106.1026352289, 0.0, 0.0, 0.0, 0, 0.23300970873786409, 0, 0.7669902912621359, 0, 0.0, 0, 4.627356598475732e-06, 1e-05, 1e-05, 0.01, 0.01, 0.01, 0.01, -255
0.11600000000000002 0.043000000000000003, 0.0 0.0, 0.0 0.0, 0.0 0.0, 1.156839149618933, 0.0, 216106.1026352289, 0.0, 0.0, 0.0, 0, 0.23300970873786409, 0, 0.7669902912621359, 0, 0.0, 0, 4.627356598475732e-06, 1e-05, 1e-05, 0.01, 0.01, 0.01, 0.01, -255
0.11600000000000002 0.043000000000000003, 0.0 0.0, 0.0 0.0, 0.0 0.0, 1.156839149618933, 0.0, 216106.1026352289, 0.0, 0.0, 0.0, 0, 0.23300970873786409, 0, 0.7669902912621359, 0, 0.0, 0, 4.627356598475732e-06, 1e-05, 1e-05, 0.01, 0.01, 0.01, 0.01, -255
0.11600000000000002 0.043000000000000003, 0.0 0.0, 0.0 0.0, 0.0 0.0, 1.156839149618933, 0.0, 216106.1026352289, 0.0, 0.0, 0.0, 0, 0.23300970873786409, 0, 0.7669902912621359, 0, 0.0, 0, 4.627356598475732e-06, 1e-05, 1e-05, 0.01, 0.01, 0.01, 0.01, -255
0.11600000000000002 0.043000000000000003, 0.0 0.0, 0.0 0.0, 0.0 0.0, 1.156839149618933, 0.0, 216106.1026352289, 0.0, 0.0, 0.0, 0, 0.23300970873786409, 0, 0.7669902912621359, 0, 0.0, 0, 4.627356598475732e-06, 1e-05, 1e-05, 0.01, 0.01, 0.01, 0.01, -255
0.11600000000000002 0.043000000000000003, 0.0 0.0, 0.0 0.0, 0.0 0.0, 1.156839149618933, 0.0, 216106.1026352289, 0.0, 0.0, 0.0, 0, 0.23300970873786409, 0, 0.7669902912621359, 0, 0.0, 0, 4.627356598475732e-06, 1e-05, 1e-05, 0.01, 0.01, 0.01, 0.01, -255
0.11600000000000002 0.043000000000000003, 0.0 0.0, 0.0 0.0, 0.0 0.0, 1.156839149618933, 0.0, 216106.1026352289, 0.0, 0.0, 0.0, 0, 0.23300970873786409, 0, 0.7669902912621359, 0, 0.0, 0, 4.627356598475732e-06, 1e-05, 1e-05, 0.01, 0.01, 0.01, 0.01, -255
0.11600000000000002 0.043000000000000003, 0.0 0.0, 0.0 0.0, 0.0 0.0, 1.156839149618933, 0.0, 216106.1026352289, 0.0, 0.0, 0.0, 0, 0.23300970873786409, 0, 0.7669902912621359, 0, 0.0, 0, 4.627356598475732e-06, 1e-05, 1e-05, 0.01, 0.01, 0.01, 0.01, -255
0.11600000000000002 0.043000000000000003, 0.0 0.0, 0.0 0.0, 0.0 0.0, 1.156839149618933, 0.0, 216106.1026352289, 0.0, 0.0, 0.0, 0, 0.23300970873786409, 0, 0.7669902912621359, 0, 0.0, 0, 4.627356598475732e-06, 1e-05, 1e-05, 0.01, 0.01, 0.01, 0.01, -255
0.11600000000000002 0.043000000000000003, 0.0 0.0, 0.0 0.0, 0.0 0.0, 1.156839149618933, 0.0, 216106.1026352289, 0.0, 0.0, 0.0, 0, 0.23300970873786409, 0, 0.7669902912621359, 0, 0.0, 0, 4.627356598475732e-06, 1e-05, 1e-05, 0.01, 0.01, 0.01, 0.01, -255
0.11600000000000002 0.043000000000000003, 0.0 0.0, 0.0 0.0, 0.0 0.0, 1.156839149618933, 0.0, 216106.1026352289, 0.0, 0.0, 0.0, 0, 0.23300970873786409, 0, 0.7669902912621359, 0, 0.0, 0, 4.627356598475732e-06, 1e-05, 1e-05, 0.01, 0.01, 0.01, 0.01, -255
0.11600000000000002 0.043000000000000003, 0.0 0.0, 0.0 0.0, 0.0 0.0, 1.156839149618933, 0.0, 216106.1026352289, 0.0, 0.0, 0.0, 0, 0.23300970873786409, 0, 0.7669902912621359, 0, 0.0, 0, 4.627356598475732e-06, 1e-05, 1e-05, 0.01, 0.01, 0.01, 0.01, -255
0.11600000000000002 0.043000000000000003, 0.0 0.0, 0.0 0.0, 0.0 0.0, 1.156839149618933, 0.0, 216106.1026352289, 0.0, 0.0, 0.0, 0, 0.23300970873786409, 0, 0.7669902912621359, 0, 0.0, 0, 4.627356598475732e-06, 1e-05, 1e-05, 0.01, 0.01, 0.01, 0.01, -255
0.11600000000000002 0.043000000000000003, 0.0 0.0, 0.0 0.0, 0.0 0.0, 1.156839149618933, 0.0, 216106.1026352289, 0.0, 0.0, 0.0, 0, 0.23300970873786409, 0, 0.7669902912621359, 0, 0.0, 0, 4.627356598475732e-06, 1e-05, 1e-05, 0.01, 0.01, 0.01, 0.01, -255
0.11600000000000002 0.043000000000000003, 0.0 0.0, 0.0 0.0, 0.0 0.0, 1.156839149618933, 0.0, 216106.1026352289, 0.0, 0.0, 0.0, 0, 0.23300970873786409, 0, 0.7669902912621359, 0, 0.0, 0, 4.627356598475732e-06, 1e-05, 1e-05, 0.01, 0.01, 0.01, 0.01, -255
0.11600000000000002 0.043000000000000003, 0.0 0.0, 0.0 0.0, 0.0 0.0, 1.156839149618933, 0.0, 216106.1026352289, 0.0, 0.0, 0.0, 0, 0.23300970873786409, 0, 0.7669902912621359, 0, 0.0, 0, 4.627356598475732e-06, 1e-05, 1e-05, 0.01, 0.01, 0.01, 0.01, -255
0.11600000000000002 0.043000000000000003, 0.0 0.0, 0.0 0.0, 0.0 0.0, 1.156839149618933, 0.0, 216106.1026352289, 0.0, 0.0, 0.0, 0, 0.23300970873786409, 0, 0.7669902912621359, 0, 0.0, 0, 4.627356598475732e-06, 1e-05, 1e-05, 0.01, 0.01, 0.01, 0.01, -255
0.11600000000000002 0.043000000000000003, 0.0 0.0, 0.0 0.0, 0.0 0.0, 1.156839149618933, 0.0, 216106.1026352289, 0.0, 0.0, 0.0, 0, 0.23300970873786409, 0, 0.7669902912621359, 0, 0.0, 0, 4.627356598475732e-06, 1e-05, 1e-05, 0.01, 0.01, 0.01, 0.01, -255
0.11600000000000002 0.043000000000000003, 0.0 0.0, 0.0 0.0, 0.0 0.0, 1.156839149618933, 0.0, 216106.1026352289, 0.0, 0.0, 0.0, 0, 0.23300970873786409, 0, 0.7669902912621359, 0, 0.0, 0, 4.627356598475732e-06, 1e-05, 1e-05, 0.01, 0.01, 0.01, 0.01, -255
0.11600000000000002 0.043000000000000003, 0.0 0.0, 0.0 0.0, 0.0 0.0, 1.156839149618933, 0.0, 216106.1026352289, 0.0, 0.0, 0.0, 0, 0.23300970873786409, 0, 0.7669902912621359, 0, 0.0, 0, 4.627356598475732e-06, 1e-05, 1e-05, 0.01, 0.01, 0.01, 0.01, -255
0.11600000000000002 0.043000000000000003, 0.0 0.0, 0.0 0.0, 0.0 0.0, 1.156839149618933, 0.0, 216106.1026352289, 0.0, 0.0, 0.0, 0, 0.23300970873786409, 0, 0.7669902912621359, 0, 0.0, 0, 4.627356598475732e-06, 1e-05, 1e-05, 0.01, 0.01, 0.01, 0.01, -255
0.11600000000000002 0.043000000000000003, 0.0 0.0, 0.0 0.0, 0.0 0.0, 1.156839149618933, 0.0, 216106.1026352289, 0.0, 0.0, 0.0, 0, 0.23300970873786409, 0, 0.7669902912621359, 0, 0.0, 0, 4.627356598475732e-06, 1e-05, 1e-05, 0.01, 0.01, 0.01, 0.01, -255
0.11600000000000002 0.043000000000000003, 0.0 0.0, 0.0 0.0, 0.0 0.0, 1.156839149618933, 0.0, 216106.1026352289, 0.0, 0.0, 0.0, 0, 0.23300970873786409, 0, 0.7669902912621359, 0, 0.0, 0, 4.627356598475732e-06, 1e-05, 1e-05, 0.01, 0.01, 0.01, 0.01, -255
0.11600000000000002 0.043000000000000003, 0.0 0.0, 0.0 0.0, 0.0 0.0, 1.156839149618933, 0.0, 216106.1026352289, 0.0, 0.0, 0.0, 0, 0.23300970873786409, 0, 0.7669902912621359, 0, 0.0, 0, 4.627356598475732e-06, 1e-05, 1e-05, 0.01, 0.01, 0.01, 0.01, -255
0.11600000000000002 0.043000000000000003, 0.0 0.0, 0.0 0.0, 0.0 0.0, 1.156839149618933, 0.0, 216106.1026352289, 0.0, 0.0, 0.0, 0, 0.23300970873786409, 0, 0.7669902912621359, 0, 0.0, 0, 4.627356598475732e-06, 1e-05, 1e-05, 0.01, 0.01, 0.01, 0.01, -255
0.11600000000000002 0.043000000000000003, 0.0 0.0, 0.0 0.0, 0.0 0.0, 1.156839149618933, 0.0, 216106.1026352289, 0.0, 0.0, 0.0, 0, 0.23300970873786409, 0, 0.7669902912621359, 0, 0.0, 0, 4.627356598475732e-06, 1e-05, 1e-05, 0.01, 0.01, 0.01, 0.01, -255
0.11600000000000002 0.043000000000000003, 0.0 0.0, 0.0 0.0, 0.0 0.0, 1.156839149618933, 0.0, 216106.1026352289, 0.0, 0.0, 0.0, 0, 0.23300970873786409, 0, 0.7669902912621359, 0, 0.0, 0, 4.627356598475732e-06, 1e-05, 1e-05, 0.01, 0.01, 0.01, 0.01, -255
0.11600000000000002 0.043000000000000003, 0.0 0.0, 0.0 0.0, 0.0 0.0, 1.156839149618933, 0.0, 216106.1026352289, 0.0, 0.0, 0.0, 0, 0.23300970873786409, 0, 0.7669902912621359, 0, 0.0, 0, 4.627356598475732e-06, 1e-05, 1e-05, 0.01, 0.01, 0.01, 0.01, -255
0.11600000000000002 0.043000000000000003, 0.0 0.0, 0.0 0.0, 0.0 0.0, 1.156839149618933, 0.0, 216106.1026352289, 0.0, 0.0, 0.0, 0, 0.23300970873786409, 0, 0.7669902912621359, 0, 0.0, 0, 4.627356598475732e-06, 1e-05, 1e-05, 0.01, 0.01, 0.01, 0.01, -255
0.11600000000000002 0.043000000000000003, 0.0 0.0, 0.0 0.0, 0.0 0.0, 1.156839149618933, 0.0, 216106.1026352289, 0.0, 0.0, 0.0, 0, 0.23300970873786409, 0, 0.7669902912621359, 0, 0.0, 0, 4.627356598475732e-06, 1e-05, 1e-05, 0.01, 0.01, 0.01, 0.01, -255
0.11600000000000002 0.043000000000000003, 0.0 0.0, 0.0 0.0, 0.0 0.0, 1.156839149618933, 0.0, 216106.1026352289, 0.0, 0.0, 0.0, 0, 0.23300970873786409, 0, 0.7669902912621359, 0, 0.0, 0, 4.627356598475732e-06, 1e-05, 1e-05, 0.01, 0.01, 0.01, 0.01, -255
0.11600000000000002 0.043000000000000003, 0.0 0.0, 0.0 0.0, 0.0 0.0, 1.156839149618933, 0.0, 216106.1026352289, 0.0, 0.0, 0.0, 0, 0.23300970873786409, 0, 0.7669902912621359, 0, 0.0, 0, 4.627356598475732e-06, 1e-05, 1e-05, 0.01, 0.01, 0.01, 0.01, -255
0.11600000000000002 0.043000000000000003, 0.0 0.0, 0.0 0.0, 0.0 0.0, 1.156839149618933, 0.0, 216106.1026352289, 0.0, 0.0, 0.0, 0, 0.23300970873786409, 0, 0.7669902912621359, 0, 0.0, 0, 4.627356598475732e-06, 1e-05, 1e-05, 0.01, 0.01, 0.01, 0.01, -255
0.11600000000000002 0.043000000000000003, 0.0 0.0, 0.0 0.0, 0.0 0.0, 1.156839149618933, 0.0, 216106.1026352289, 0.0, 0.0, 0.0, 0, 0.23300970873786409, 0, 0.7669902912621359, 0, 0.0, 0, 4.627356598475732e-06, 1e-05, 1e-05, 0.01, 0.01, 0.01, 0.01, -255
0.11600000000000002 0.043000000000000003, 0.0 0.0, 0.0 0.0, 0.0 0.0, 1.156839149618933, 0.0, 216106.1026352289, 0.0, 0.0, 0.0, 0, 0.23300970873786409, 0, 0.7669902912621359, 0, 0.0, 0, 4.627356598475732e-06, 1e-05, 1e-05, 0.01, 0.01, 0.01, 0.01, -255
0.11600000000000002 0.043000000000000003, 0.0 0.0, 0.0 0.0, 0.0 0.0, 1.156839149618933, 0.0, 216106.1026352289, 0.0, 0.0, 0.0, 0, 0.23300970873786409, 0, 0.7669902912621359, 0, 0.0, 0, 4.627356598475732e-06, 1e-05, 1e-05, 0.01, 0.01, 0.01, 0.01, -255
0.11600000000000002 0.043000000000000003, 0.0 0.0, 0.0 0.0, 0.0 0.0, 1.156839149618933, 0.0, 216106.1026352289, 0.0, 0.0, 0.0, 0, 0.23300970873786409, 0, 0.7669902912621359, 0, 0.0, 0, 4.627356598475732e-06, 1e-05, 1e-05, 0.01, 0.01, 0.01, 0.01, -255
0.11600000000000002 0.043000000000000003, 0.0 0.0, 0.0 0.0, 0.0 0.0, 1.156839149618933, 0.0, 216106.1026352289, 0.0, 0.0, 0.0, 0, 0.23300970873786409, 0, 0.7669902912621359, 0, 0.0, 0, 4.627356598475732e-06, 1e-05, 1e-05, 0.01, 0.01, 0.01, 0.01, -255
0.11600000000000002 0.043000000000000003, 0.0 0.0, 0.0 0.0, 0.0 0.0, 1.156839149618933, 0.0, 216106.1026352289, 0.0, 0.0, 0.0, 0, 0.23300970873786409, 0, 0.7669902912621359, 0, 0.0, 0, 4.627356598475732e-06, 1e-05, 1e-05, 0.01, 0.01, 0.01, 0.01, -255
0.11600000000000002 0.043000000000000003, 0.0 0.0, 0.0 0.0, 0.0 0.0, 1.156839149618933, 0.0, 216106.1026352289, 0.0, 0.0, 0.0, 0, 0.23300970873786409, 0, 0.7669902912621359, 0, 0.0, 0, 4.627356598475732e-06, 1e-05, 1e-05, 0.01, 0.01, 0.01, 0.01, -255
0.11600000000000002 0.043000000000000003, 0.0 0.0, 0.0 0.0, 0.0 0.0, 1.156839149618933, 0.0, 216106.1026352289, 0.0, 0.0, 0.0, 0, 0.23300970873786409, 0, 0.7669902912621359, 0, 0.0, 0, 4.627356598475732e-06, 1e-05, 1e-05, 0.01, 0.01, 0.01, 0.01, -255
0.11600000000000002 0.043000000000000003, 0.0 0.0, 0.0 0.0, 0.0 0.0, 1.156839149618933, 0.0, 216106.1026352289, 0.0, 0.0, 0.0, 0, 0.23300970873786409, 0, 0.7669902912621359, 0, 0.0, 0, 4.627356598475732e-06, 1e-05, 1e-05, 0.01, 0.01, 0.01, 0.01, -255
0.11600000000000002 0.043000000000000003, 0.0 0.0, 0.0 0.0, 0.0 0.0, 1.156839149618933, 0.0, 216106.1026352289, 0.0, 0.0, 0.0, 0, 0.23300970873786409, 0, 0.7669902912621359, 0, 0.0, 0, 4.627356598475732e-06, 1e-05, 1e-05, 0.01, 0.01, 0.01, 0.01, -255
0.11600000000000002 0.043000000000000003, 0.0 0.0, 0.0 0.0, 0.0 0.0, 1.156839149618933, 0.0, 216106.1026352289, 0.0, 0.0, 0.0, 0, 0.23300970873786409, 0, 0.7669902912621359, 0, 0.0, 0, 4.627356598475732e-06, 1e-05, 1e-05, 0.01, 0.01, 0.01, 0.01, -255
0.11600000000000002 0.043000000000000003, 0.0 0.0, 0.0 0.0, 0.0 0.0, 1.156839149618933, 0.0, 216106.1026352289, 0.0, 0.0, 0.0, 0, 0.23300970873786409, 0, 0.7669902912621359, 0, 0.0, 0, 4.627356598475732e-06, 1e-05, 1e-05, 0.01, 0.01, 0.01, 0.01, -255
0.11600000000000002 0.043000000000000003, 0.0 0.0, 0.0 0.0, 0.0 0.0, 1.156839149618933, 0.0, 216106.1026352289, 0.0, 0.0, 0.0, 0, 0.23300970873786409, 0, 0.7669902912621359, 0, 0.0, 0, 4.627356598475732e-06, 1e-05, 1e-05, 0.01, 0.01, 0.01, 0.01, -255
0.11600000000000002 0.043000000000000003, 0.0 0.0, 0.0 0.0, 0.0 0.0, 1.156839149618933, 0.0, 216106.1026352289, 0.0, 0.0, 0.0, 0, 0.23300970873786409, 0, 0.7669902912621359, 0, 0.0, 0, 4.627356598475732e-06, 1e-05, 1e-05, 0.01, 0.01, 0.01, 0.01, -255
0.11600000000000002 0.043000000000000003, 0.0 0.0, 0.0 0.0, 0.0 0.0, 1.156839149618933, 0.0, 216106.1026352289, 0.0, 0.0, 0.0, 0, 0.23300970873786409, 0, 0.7669902912621359, 0, 0.0, 0, 4.627356598475732e-06, 1e-05, 1e-05, 0.01, 0.01, 0.01, 0.01, -255
0.11600000000000002 0.043000000000000003, 0.0 0.0, 0.0 0.0, 0.0 0.0, 1.156839149618933, 0.0, 216106.1026352289, 0.0, 0.0, 0.0, 0, 0.23300970873786409, 0, 0.7669902912621359, 0, 0.0, 0, 4.627356598475732e-06, 1e-05, 1e-05, 0.01, 0.01, 0.01, 0.01, -255
0.11600000000000002 0.043000000000000003, 0.0 0.0, 0.0 0.0, 0.0 0.0, 1.156839149618933, 0.0, 216106.1026352289, 0.0, 0.0, 0.0, 0, 0.23300970873786409, 0, 0.7669902912621359, 0, 0.0, 0, 4.627356598475732e-06, 1e-05, 1e-05, 0.01, 0.01, 0.01, 0.01, -255
0.11600000000000002 0.043000000000000003, 0.0 0.0, 0.0 0.0, 0.0 0.0, 1.156839149618933, 0.0, 216106.1026352289, 0.0, 0.0, 0.0, 0, 0.23300970873786409, 0, 0.7669902912621359, 0, 0.0, 0, 4.627356598475732e-06, 1e-05, 1e-05, 0.01, 0.01, 0.01, 0.01, -255
0.11600000000000002 0.043000000000000003, 0.0 0.0, 0.0 0.0, 0.0 0.0, 1.156839149618933, 0.0, 216106.1026352289, 0.0, 0.0, 0.0, 0, 0.23300970873786409, 0, 0.7669902912621359, 0, 0.0, 0, 4.627356598475732e-06, 1e-05, 1e-05, 0.01, 0.01, 0.01, 0.01, -255
0.11600000000000002 0.043000000000000003, 0.0 0.0, 0.0 0.0, 0.0 0.0, 1.156839149618933, 0.0, 216106.1026352289, 0.0, 0.0, 0.0, 0, 0.23300970873786409, 0, 0.7669902912621359, 0, 0.0, 0, 4.627356598475732e-06, 1e-05, 1e-05, 0.01, 0.01, 0.01, 0.01, -255
0.11600000000000002 0.043000000000000003, 0.0 0.0, 0.0 0.0, 0.0 0.0, 1.156839149618933, 0.0, 216106.1026352289, 0.0, 0.0, 0.0, 0, 0.23300970873786409, 0, 0.7669902912621359, 0, 0.0, 0, 4.627356598475732e-06, 1e-05, 1e-05, 0.01, 0.01, 0.01, 0.01, -255
0.11600000000000002 0.043000000000000003, 0.0 0.0, 0.0 0.0, 0.0 0.0, 1.156839149618933, 0.0, 216106.1026352289, 0.0, 0.0, 0.0, 0, 0.23300970873786409, 0, 0.7669902912621359, 0, 0.0, 0, 4.627356598475732e-06, 1e-05, 1e-05, 0.01, 0.01, 0.01, 0.01, -255
0.11600000000000002 0.043000000000000003, 0.0 0.0, 0.0 0.0, 0.0 0.0, 1.156839149618933, 0.0, 216106.1026352289, 0.0, 0.0, 0.0, 0, 0.23300970873786409, 0, 0.7669902912621359, 0, 0.0, 0, 4.627356598475732e-06, 1e-05, 1e-05, 0.01, 0.01, 0.01, 0.01, -255
0.11600000000000002 0.043000000000000003, 0.0 0.0, 0.0 0.0, 0.0 0.0, 1.156839149618933, 0.0, 216106.1026352289, 0.0, 0.0, 0.0, 0, 0.23300970873786409, 0, 0.7669902912621359, 0, 0.0, 0, 4.627356598475732e-06, 1e-05, 1e-05, 0.01, 0.01, 0.01, 0.01, -255
0.11600000000000002 0.043000000000000003, 0.0 0.0, 0.0 0.0, 0.0 0.0, 1.156839149618933, 0.0, 216106.1026352289, 0.0, 0.0, 0.0, 0, 0.23300970873786409, 0, 0.7669902912621359, 0, 0.0, 0, 4.627356598475732e-06, 1e-05, 1e-05, 0.01, 0.01, 0.01, 0.01, -255
0.11600000000000002 0.043000000000000003, 0.0 0.0, 0.0 0.0, 0.0 0.0, 1.156839149618933, 0.0, 216106.1026352289, 0.0, 0.0, 0.0, 0, 0.23300970873786409, 0, 0.7669902912621359, 0, 0.0, 0, 4.627356598475732e-06, 1e-05, 1e-05, 0.01, 0.01, 0.01, 0.01, -255
0.11600000000000002 0.043000000000000003, 0.0 0.0, 0.0 0.0, 0.0 0.0, 1.156839149618933, 0.0, 216106.1026352289, 0.0, 0.0, 0.0, 0, 0.23300970873786409, 0, 0.7669902912621359, 0, 0.0, 0, 4.627356598475732e-06, 1e-05, 1e-05, 0.01, 0.01, 0.01, 0.01, -255
0.11600000000000002 0.043000000000000003, 0.0 0.0, 0.0 0.0, 0.0 0.0, 1.156839149618933, 0.0, 216106.1026352289, 0.0, 0.0, 0.0, 0, 0.23300970873786409, 0, 0.7669902912621359, 0, 0.0, 0, 4.627356598475732e-06, 1e-05, 1e-05, 0.01, 0.01, 0.01, 0.01, -255
0.11600000000000002 0.043000000000000003, 0.0 0.0, 0.0 0.0, 0.0 0.0, 1.156839149618933, 0.0, 216106.1026352289, 0.0, 0.0, 0.0, 0, 0.23300970873786409, 0, 0.7669902912621359, 0, 0.0, 0, 4.627356598475732e-06, 1e-05, 1e-05, 0.01, 0.01, 0.01, 0.01, -255
0.11600000000000002 0.043000000000000003, 0.0 0.0, 0.0 0.0, 0.0 0.0, 1.156839149618933, 0.0, 216106.1026352289, 0.0, 0.0, 0.0, 0, 0.23300970873786409, 0, 0.7669902912621359, 0, 0.0, 0, 4.627356598475732e-06, 1e-05, 1e-05, 0.01, 0.01, 0.01, 0.01, -255
0.11600000000000002 0.043000000000000003, 0.0 0.0, 0.0 0.0, 0.0 0.0, 1.156839149618933, 0.0, 216106.1026352289, 0.0, 0.0, 0.0, 0, 0.23300970873786409, 0, 0.7669902912621359, 0, 0.0, 0, 4.627356598475732e-06, 1e-05, 1e-05, 0.01, 0.01, 0.01, 0.01, -255
0.11600000000000002 0.043000000000000003, 0.0 0.0, 0.0 0.0, 0.0 0.0, 1.156839149618933, 0.0, 216106.1026352289, 0.0, 0.0, 0.0, 0, 0.23300970873786409, 0, 0.7669902912621359, 0, 0.0, 0, 4.627356598475732e-06, 1e-05, 1e-05, 0.01, 0.01, 0.01, 0.01, -255
0.11600000000000002 0.043000000000000003, 0.0 0.0, 0.0 0.0, 0.0 0.0, 1.156839149618933, 0.0, 216106.1026352289, 0.0, 0.0, 0.0, 0, 0.23300970873786409, 0, 0.7669902912621359, 0, 0.0, 0, 4.627356598475732e-06, 1e-05, 1e-05, 0.01, 0.01, 0.01, 0.01, -255
0.11600000000000002 0.043000000000000003, 0.0 0.0, 0.0 0.0, 0.0 0.0, 1.156839149618933, 0.0, 216106.1026352289, 0.0, 0.0, 0.0, 0, 0.23300970873786409, 0, 0.7669902912621359, 0, 0.0, 0, 4.627356598475732e-06, 1e-05, 1e-05, 0.01, 0.01, 0.01, 0.01, -255
0.11600000000000002 0.043000000000000003, 0.0 0.0, 0.0 0.0, 0.0 0.0, 1.156839149618933, 0.0, 216106.1026352289, 0.0, 0.0, 0.0, 0, 0.23300970873786409, 0, 0.7669902912621359, 0, 0.0, 0, 4.627356598475732e-06, 1e-05, 1e-05, 0.01, 0.01, 0.01, 0.01, -255
0.11600000000000002 0.043000000000000003, 0.0 0.0, 0.0 0.0, 0.0 0.0, 1.156839149618933, 0.0, 216106.1026352289, 0.0, 0.0, 0.0, 0, 0.23300970873786409, 0, 0.7669902912621359, 0, 0.0, 0, 4.627356598475732e-06, 1e-05, 1e-05, 0.01, 0.01, 0.01, 0.01, -255
0.11600000000000002 0.043000000000000003, 0.0 0.0, 0.0 0.0, 0.0 0.0, 1.156839149618933, 0.0, 216106.1026352289, 0.0, 0.0, 0.0, 0, 0.23300970873786409, 0, 0.7669902912621359, 0, 0.0, 0, 4.627356598475732e-06, 1e-05, 1e-05, 0.01, 0.01, 0.01, 0.01, -255
0.11600000000000002 0.043000000000000003, 0.0 0.0, 0.0 0.0, 0.0 0.0, 1.156839149618933, 0.0, 216106.1026352289, 0.0, 0.0, 0.0, 0, 0.23300970873786409, 0, 0.7669902912621359, 0, 0.0, 0, 4.627356598475732e-06, 1e-05, 1e-05, 0.01, 0.01, 0.01, 0.01, -255
0.11600000000000002 0.043000000000000003, 0.0 0.0, 0.0 0.0, 0.0 0.0, 1.156839149618933, 0.0, 216106.1026352289, 0.0, 0.0, 0.0, 0, 0.23300970873786409, 0, 0.7669902912621359, 0, 0.0, 0, 4.627356598475732e-06, 1e-05, 1e-05, 0.01, 0.01, 0.01, 0.01, -255
0.11600000000000002 0.043000000000000003, 0.0 0.0, 0.0 0.0, 0.0 0.0, 1.156839149618933, 0.0, 216106.1026352289, 0.0, 0.0, 0.0, 0, 0.23300970873786409, 0, 0.7669902912621359, 0, 0.0, 0, 4.627356598475732e-06, 1e-05, 1e-05, 0.01, 0.01, 0.01, 0.01, -255
0.11600000000000002 0.043000000000000003, 0.0 0.0, 0.0 0.0, 0.0 0.0, 1.156839149618933, 0.0, 216106.1026352289, 0.0, 0.0, 0.0, 0, 0.23300970873786409, 0, 0.7669902912621359, 0, 0.0, 0, 4.627356598475732e-06, 1e-05, 1e-05, 0.01, 0.01, 0.01, 0.01, -255
0.11600000000000002 0.043000000000000003, 0.0 0.0, 0.0 0.0, 0.0 0.0, 1.156839149618933, 0.0, 216106.1026352289, 0.0, 0.0, 0.0, 0, 0.23300970873786409, 0, 0.7669902912621359, 0, 0.0, 0, 4.627356598475732e-06, 1e-05, 1e-05, 0.01, 0.01, 0.01, 0.01, -255
0.11600000000000002 0.043000000000000003, 0.0 0.0, 0.0 0.0, 0.0 0.0, 1.156839149618933, 0.0, 216106.1026352289, 0.0, 0.0, 0.0, 0, 0.23300970873786409, 0, 0.7669902912621359, 0, 0.0, 0, 4.627356598475732e-06, 1e-05, 1e-05, 0.01, 0.01, 0.01, 0.01, -255
0.11600000000000002 0.043000000000000003, 0.0 0.0, 0.0 0.0, 0.0 0.0, 1.156839149618933, 0.0, 216106.1026352289, 0.0, 0.0, 0.0, 0, 0.23300970873786409, 0, 0.7669902912621359, 0, 0.0, 0, 4.627356598475732e-06, 1e-05, 1e-05, 0.01, 0.01, 0.01, 0.01, -255
0.11600000000000002 0.043000000000000003, 0.0 0.0, 0.0 0.0, 0.0 0.0, 1.156839149618933, 0.0, 216106.1026352289, 0.0, 0.0, 0.0, 0, 0.23300970873786409, 0, 0.7669902912621359, 0, 0.0, 0, 4.627356598475732e-06, 1e-05, 1e-05, 0.01, 0.01, 0.01, 0.01, -255
0.11600000000000002 0.043000000000000003, 0.0 0.0, 0.0 0.0, 0.0 0.0, 1.156839149618933, 0.0, 216106.1026352289, 0.0, 0.0, 0.0, 0, 0.23300970873786409, 0, 0.7669902912621359, 0, 0.0, 0, 4.627356598475732e-06, 1e-05, 1e-05, 0.01, 0.01, 0.01, 0.01, -255
0.11600000000000002 0.043000000000000003, 0.0 0.0, 0.0 0.0, 0.0 0.0, 1.156839149618933, 0.0, 216106.1026352289, 0.0, 0.0, 0.0, 0, 0.23300970873786409, 0, 0.7669902912621359, 0, 0.0, 0, 4.627356598475732e-06, 1e-05, 1e-05, 0.01, 0.01, 0.01, 0.01, -255
0.11600000000000002 0.043000000000000003, 0.0 0.0, 0.0 0.0, 0.0 0.0, 1.156839149618933, 0.0, 216106.1026352289, 0.0, 0.0, 0.0, 0, 0.23300970873786409, 0, 0.7669902912621359, 0, 0.0, 0, 4.627356598475732e-06, 1e-05, 1e-05, 0.01, 0.01, 0.01, 0.01, -255
0.11600000000000002 0.043000000000000003, 0.0 0.0, 0.0 0.0, 0.0 0.0, 1.156839149618933, 0.0, 216106.1026352289, 0.0, 0.0, 0.0, 0, 0.23300970873786409, 0, 0.7669902912621359, 0, 0.0, 0, 4.627356598475732e-06, 1e-05, 1e-05, 0.01, 0.01, 0.01, 0.01, -255
0.11600000000000002 0.043000000000000003, 0.0 0.0, 0.0 0.0, 0.0 0.0, 1.156839149618933, 0.0, 216106.1026352289, 0.0, 0.0, 0.0, 0, 0.23300970873786409, 0, 0.7669902912621359, 0, 0.0, 0, 4.627356598475732e-06, 1e-05, 1e-05, 0.01, 0.01, 0.01, 0.01, -255
0.11600000000000002 0.043000000000000003, 0.0 0.0, 0.0 0.0, 0.0 0.0, 1.156839149618933, 0.0, 216106.1026352289, 0.0, 0.0, 0.0, 0, 0.23300970873786409, 0, 0.7669902912621359, 0, 0.0, 0, 4.627356598475732e-06, 1e-05, 1e-05, 0.01, 0.01, 0.01, 0.01, -255
0.11600000000000002 0.043000000000000003, 0.0 0.0, 0.0 0.0, 0.0 0.0, 1.156839149618933, 0.0, 216106.1026352289, 0.0, 0.0, 0.0, 0, 0.23300970873786409, 0, 0.7669902912621359, 0, 0.0, 0, 4.627356598475732e-06, 1e-05, 1e-05, 0.01, 0.01, 0.01, 0.01, -255
0.11600000000000002 0.043000000000000003, 0.0 0.0, 0.0 0.0, 0.0 0.0, 1.156839149618933, 0.0, 216106.1026352289, 0.0, 0.0, 0.0, 0, 0.23300970873786409, 0, 0.7669902912621359, 0, 0.0, 0, 4.627356598475732e-06, 1e-05, 1e-05, 0.01, 0.01, 0.01, 0.01, -255
0.11600000000000002 0.043000000000000003, 0.0 0.0, 0.0 0.0, 0.0 0.0, 1.156839149618933, 0.0, 216106.1026352289, 0.0, 0.0, 0.0, 0, 0.23300970873786409, 0, 0.7669902912621359, 0, 0.0, 0, 4.627356598475732e-06, 1e-05, 1e-05, 0.01, 0.01, 0.01, 0.01, -255
0.11600000000000002 0.043000000000000003, 0.0 0.0, 0.0 0.0, 0.0 0.0, 1.156839149618933, 0.0, 216106.1026352289, 0.0, 0.0, 0.0, 0, 0.23300970873786409, 0, 0.7669902912621359, 0, 0.0, 0, 4.627356598475732e-06, 1e-05, 1e-05, 0.01, 0.01, 0.01, 0.01, -255
0.11600000000000002 0.043000000000000003, 0.0 0.0, 0.0 0.0, 0.0 0.0, 1.156839149618933, 0.0, 216106.1026352289, 0.0, 0.0, 0.0, 0, 0.23300970873786409, 0, 0.7669902912621359, 0, 0.0, 0, 4.627356598475732e-06, 1e-05, 1e-05, 0.01, 0.01, 0.01, 0.01, -255
0.11600000000000002 0.043000000000000003, 0.0 0.0, 0.0 0.0, 0.0 0.0, 1.156839149618933, 0.0, 216106.1026352289, 0.0, 0.0, 0.0, 0, 0.23300970873786409, 0, 0.7669902912621359, 0, 0.0, 0, 4.627356598475732e-06, 1e-05, 1e-05, 0.01, 0.01, 0.01, 0.01, -255
0.11600000000000002 0.043000000000000003, 0.0 0.0, 0.0 0.0, 0.0 0.0, 1.156839149618933, 0.0, 216106.1026352289, 0.0, 0.0, 0.0, 0, 0.23300970873786409, 0, 0.7669902912621359, 0, 0.0, 0, 4.627356598475732e-06, 1e-05, 1e-05, 0.01, 0.01, 0.01, 0.01, -255
0.11600000000000002 0.043000000000000003, 0.0 0.0, 0.0 0.0, 0.0 0.0, 1.156839149618933, 0.0, 216106.1026352289, 0.0, 0.0, 0.0, 0, 0.23300970873786409, 0, 0.7669902912621359, 0, 0.0, 0, 4.627356598475732e-06, 1e-05, 1e-05, 0.01, 0.01, 0.01, 0.01, -255
0.11600000000000002 0.043000000000000003, 0.0 0.0, 0.0 0.0, 0.0 0.0, 1.156839149618933, 0.0, 216106.1026352289, 0.0, 0.0, 0.0, 0, 0.23300970873786409, 0, 0.7669902912621359, 0, 0.0, 0, 4.627356598475732e-06, 1e-05, 1e-05, 0.01, 0.01, 0.01, 0.01, -255
0.11600000000000002 0.043000000000000003, 0.0 0.0, 0.0 0.0, 0.0 0.0, 1.156839149618933, 0.0, 216106.1026352289, 0.0, 0.0, 0.0, 0, 0.23300970873786409, 0, 0.7669902912621359, 0, 0.0, 0, 4.627356598475732e-06, 1e-05, 1e-05, 0.01, 0.01, 0.01, 0.01, -255
0.11600000000000002 0.043000000000000003, 0.0 0.0, 0.0 0.0, 0.0 0.0, 1.156839149618933, 0.0, 216106.1026352289, 0.0, 0.0, 0.0, 0, 0.23300970873786409, 0, 0.7669902912621359, 0, 0.0, 0, 4.627356598475732e-06, 1e-05, 1e-05, 0.01, 0.01, 0.01, 0.01, -255
0.11600000000000002 0.043000000000000003, 0.0 0.0, 0.0 0.0, 0.0 0.0, 1.156839149618933, 0.0, 216106.1026352289, 0.0, 0.0, 0.0, 0, 0.23300970873786409, 0, 0.7669902912621359, 0, 0.0, 0, 4.627356598475732e-06, 1e-05, 1e-05, 0.01, 0.01, 0.01, 0.01, -255
0.11600000000000002 0.043000000000000003, 0.0 0.0, 0.0 0.0, 0.0 0.0, 1.156839149618933, 0.0, 216106.1026352289, 0.0, 0.0, 0.0, 0, 0.23300970873786409, 0, 0.7669902912621359, 0, 0.0, 0, 4.627356598475732e-06, 1e-05, 1e-05, 0.01, 0.01, 0.01, 0.01, -255
0.11600000000000002 0.043000000000000003, 0.0 0.0, 0.0 0.0, 0.0 0.0, 1.156839149618933, 0.0, 216106.1026352289, 0.0, 0.0, 0.0, 0, 0.23300970873786409, 0, 0.7669902912621359, 0, 0.0, 0, 4.627356598475732e-06, 1e-05, 1e-05, 0.01, 0.01, 0.01, 0.01, -255
0.11600000000000002 0.043000000000000003, 0.0 0.0, 0.0 0.0, 0.0 0.0, 1.156839149618933, 0.0, 216106.1026352289, 0.0, 0.0, 0.0, 0, 0.23300970873786409, 0, 0.7669902912621359, 0, 0.0, 0, 4.627356598475732e-06, 1e-05, 1e-05, 0.01, 0.01, 0.01, 0.01, -255
0.11600000000000002 0.043000000000000003, 0.0 0.0, 0.0 0.0, 0.0 0.0, 1.156839149618933, 0.0, 216106.1026352289, 0.0, 0.0, 0.0, 0, 0.23300970873786409, 0, 0.7669902912621359, 0, 0.0, 0, 4.627356598475732e-06, 1e-05, 1e-05, 0.01, 0.01, 0.01, 0.01, -255
0.11600000000000002 0.043000000000000003, 0.0 0.0, 0.0 0.0, 0.0 0.0, 1.156839149618933, 0.0, 216106.1026352289, 0.0, 0.0, 0.0, 0, 0.23300970873786409, 0, 0.7669902912621359, 0, 0.0, 0, 4.627356598475732e-06, 1e-05, 1e-05, 0.01, 0.01, 0.01, 0.01, -255
0.11600000000000002 0.043000000000000003, 0.0 0.0, 0.0 0.0, 0.0 0.0, 1.156839149618933, 0.0, 216106.1026352289, 0.0, 0.0, 0.0, 0, 0.23300970873786409, 0, 0.7669902912621359, 0, 0.0, 0, 4.627356598475732e-06, 1e-05, 1e-05, 0.01, 0.01, 0.01, 0.01, -255
0.11600000000000002 0.043000000000000003, 0.0 0.0, 0.0 0.0, 0.0 0.0, 1.156839149618933, 0.0, 216106.1026352289, 0.0, 0.0, 0.0, 0, 0.23300970873786409, 0, 0.7669902912621359, 0, 0.0, 0, 4.627356598475732e-06, 1e-05, 1e-05, 0.01, 0.01, 0.01, 0.01, -255
0.11600000000000002 0.043000000000000003, 0.0 0.0, 0.0 0.0, 0.0 0.0, 1.156839149618933, 0.0, 216106.1026352289, 0.0, 0.0, 0.0, 0, 0.23300970873786409, 0, 0.7669902912621359, 0, 0.0, 0, 4.627356598475732e-06, 1e-05, 1e-05, 0.01, 0.01, 0.01, 0.01, -255
0.11600000000000002 0.043000000000000003, 0.0 0.0, 0.0 0.0, 0.0 0.0, 1.156839149618933, 0.0, 216106.1026352289, 0.0, 0.0, 0.0, 0, 0.23300970873786409, 0, 0.7669902912621359, 0, 0.0, 0, 4.627356598475732e-06, 1e-05, 1e-05, 0.01, 0.01, 0.01, 0.01, -255
0.11600000000000002 0.043000000000000003, 0.0 0.0, 0.0 0.0, 0.0 0.0, 1.156839149618933, 0.0, 216106.1026352289, 0.0, 0.0, 0.0, 0, 0.23300970873786409, 0, 0.7669902912621359, 0, 0.0, 0, 4.627356598475732e-06, 1e-05, 1e-05, 0.01, 0.01, 0.01, 0.01, -255
0.11600000000000002 0.043000000000000003, 0.0 0.0, 0.0 0.0, 0.0 0.0, 1.156839149618933, 0.0, 216106.1026352289, 0.0, 0.0, 0.0, 0, 0.23300970873786409, 0, 0.7669902912621359, 0, 0.0, 0, 4.627356598475732e-06, 1e-05, 1e-05, 0.01, 0.01, 0.01, 0.01, -255
0.11600000000000002 0.043000000000000003, 0.0 0.0, 0.0 0.0, 0.0 0.0, 1.156839149618933, 0.0, 216106.1026352289, 0.0, 0.0, 0.0, 0, 0.23300970873786409, 0, 0.7669902912621359, 0, 0.0, 0, 4.627356598475732e-06, 1e-05, 1e-05, 0.01, 0.01, 0.01, 0.01, -255
0.11600000000000002 0.043000000000000003, 0.0 0.0, 0.0 0.0, 0.0 0.0, 1.156839149618933, 0.0, 216106.1026352289, 0.0, 0.0, 0.0, 0, 0.23300970873786409, 0, 0.7669902912621359, 0, 0.0, 0, 4.627356598475732e-06, 1e-05, 1e-05, 0.01, 0.01, 0.01, 0.01, -255
0.11600000000000002 0.043000000000000003, 0.0 0.0, 0.0 0.0, 0.0 0.0, 1.156839149618933, 0.0, 216106.1026352289, 0.0, 0.0, 0.0, 0, 0.23300970873786409, 0, 0.7669902912621359, 0, 0.0, 0, 4.627356598475732e-06, 1e-05, 1e-05, 0.01, 0.01, 0.01, 0.01, -255
0.11600000000000002 0.043000000000000003, 0.0 0.0, 0.0 0.0, 0.0 0.0, 1.156839149618933, 0.0, 216106.1026352289, 0.0, 0.0, 0.0, 0, 0.23300970873786409, 0, 0.7669902912621359, 0, 0.0, 0, 4.627356598475732e-06, 1e-05, 1e-05, 0.01, 0.01, 0.01, 0.01, -255
0.11600000000000002 0.043000000000000003, 0.0 0.0, 0.0 0.0, 0.0 0.0, 1.156839149618933, 0.0, 216106.1026352289, 0.0, 0.0, 0.0, 0, 0.23300970873786409, 0, 0.7669902912621359, 0, 0.0, 0, 4.627356598475732e-06, 1e-05, 1e-05, 0.01, 0.01, 0.01, 0.01, -255
0.11600000000000002 0.043000000000000003, 0.0 0.0, 0.0 0.0, 0.0 0.0, 1.156839149618933, 0.0, 216106.1026352289, 0.0, 0.0, 0.0, 0, 0.23300970873786409, 0, 0.7669902912621359, 0, 0.0, 0, 4.627356598475732e-06, 1e-05, 1e-05, 0.01, 0.01, 0.01, 0.01, -255
0.11600000000000002 0.043000000000000003, 0.0 0.0, 0.0 0.0, 0.0 0.0, 1.156839149618933, 0.0, 216106.1026352289, 0.0, 0.0, 0.0, 0, 0.23300970873786409, 0, 0.7669902912621359, 0, 0.0, 0, 4.627356598475732e-06, 1e-05, 1e-05, 0.01, 0.01, 0.01, 0.01, -255
0.11600000000000002 0.043000000000000003, 0.0 0.0, 0.0 0.0, 0.0 0.0, 1.156839149618933, 0.0, 216106.1026352289, 0.0, 0.0, 0.0, 0, 0.23300970873786409, 0, 0.7669902912621359, 0, 0.0, 0, 4.627356598475732e-06, 1e-05, 1e-05, 0.01, 0.01, 0.01, 0.01, -255
0.11600000000000002 0.043000000000000003, 0.0 0.0, 0.0 0.0, 0.0 0.0, 1.156839149618933, 0.0, 216106.1026352289, 0.0, 0.0, 0.0, 0, 0.23300970873786409, 0, 0.7669902912621359, 0, 0.0, 0, 4.627356598475732e-06, 1e-05, 1e-05, 0.01, 0.01, 0.01, 0.01, -255
0.11600000000000002 0.043000000000000003, 0.0 0.0, 0.0 0.0, 0.0 0.0, 1.156839149618933, 0.0, 216106.1026352289, 0.0, 0.0, 0.0, 0, 0.23300970873786409, 0, 0.7669902912621359, 0, 0.0, 0, 4.627356598475732e-06, 1e-05, 1e-05, 0.01, 0.01, 0.01, 0.01, -255
0.11600000000000002 0.043000000000000003, 0.0 0.0, 0.0 0.0, 0.0 0.0, 1.156839149618933, 0.0, 216106.1026352289, 0.0, 0.0, 0.0, 0, 0.23300970873786409, 0, 0.7669902912621359, 0, 0.0, 0, 4.627356598475732e-06, 1e-05, 1e-05, 0.01, 0.01, 0.01, 0.01, -255
0.11600000000000002 0.043000000000000003, 0.0 0.0, 0.0 0.0, 0.0 0.0, 1.156839149618933, 0.0, 216106.1026352289, 0.0, 0.0, 0.0, 0, 0.23300970873786409, 0, 0.7669902912621359, 0, 0.0, 0, 4.627356598475732e-06, 1e-05, 1e-05, 0.01, 0.01, 0.01, 0.01, -255
0.11600000000000002 0.043000000000000003, 0.0 0.0, 0.0 0.0, 0.0 0.0, 1.156839149618933, 0.0, 216106.1026352289, 0.0, 0.0, 0.0, 0, 0.23300970873786409, 0, 0.7669902912621359, 0, 0.0, 0, 4.627356598475732e-06, 1e-05, 1e-05, 0.01, 0.01, 0.01, 0.01, -255
0.11600000000000002 0.043000000000000003, 0.0 0.0, 0.0 0.0, 0.0 0.0, 1.156839149618933, 0.0, 216106.1026352289, 0.0, 0.0, 0.0, 0, 0.23300970873786409, 0, 0.7669902912621359, 0, 0.0, 0, 4.627356598475732e-06, 1e-05, 1e-05, 0.01, 0.01, 0.01, 0.01, -255
0.11600000000000002 0.043000000000000003, 0.0 0.0, 0.0 0.0, 0.0 0.0, 1.156839149618933, 0.0, 216106.1026352289, 0.0, 0.0, 0.0, 0, 0.23300970873786409, 0, 0.7669902912621359, 0, 0.0, 0, 4.627356598475732e-06, 1e-05, 1e-05, 0.01, 0.01, 0.01, 0.01, -255
0.11600000000000002 0.043000000000000003, 0.0 0.0, 0.0 0.0, 0.0 0.0, 1.156839149618933, 0.0, 216106.1026352289, 0.0, 0.0, 0.0, 0, 0.23300970873786409, 0, 0.7669902912621359, 0, 0.0, 0, 4.627356598475732e-06, 1e-05, 1e-05, 0.01, 0.01, 0.01, 0.01, -255
0.11600000000000002 0.043000000000000003, 0.0 0.0, 0.0 0.0, 0.0 0.0, 1.156839149618933, 0.0, 216106.1026352289, 0.0, 0.0, 0.0, 0, 0.23300970873786409, 0, 0.7669902912621359, 0, 0.0, 0, 4.627356598475732e-06, 1e-05, 1e-05, 0.01, 0.01, 0.01, 0.01, -255
0.11600000000000002 0.043000000000000003, 0.0 0.0, 0.0 0.0, 0.0 0.0, 1.156839149618933, 0.0, 216106.1026352289, 0.0, 0.0, 0.0, 0, 0.23300970873786409, 0, 0.7669902912621359, 0, 0.0, 0, 4.627356598475732e-06, 1e-05, 1e-05, 0.01, 0.01, 0.01, 0.01, -255
0.11600000000000002 0.043000000000000003, 0.0 0.0, 0.0 0.0, 0.0 0.0, 1.156839149618933, 0.0, 216106.1026352289, 0.0, 0.0, 0.0, 0, 0.23300970873786409, 0, 0.7669902912621359, 0, 0.0, 0, 4.627356598475732e-06, 1e-05, 1e-05, 0.01, 0.01, 0.01, 0.01, -255
0.11600000000000002 0.043000000000000003, 0.0 0.0, 0.0 0.0, 0.0 0.0, 1.156839149618933, 0.0, 216106.1026352289, 0.0, 0.0, 0.0, 0, 0.23300970873786409, 0, 0.7669902912621359, 0, 0.0, 0, 4.627356598475732e-06, 1e-05, 1e-05, 0.01, 0.01, 0.01, 0.01, -255
0.11600000000000002 0.043000000000000003, 0.0 0.0, 0.0 0.0, 0.0 0.0, 1.156839149618933, 0.0, 216106.1026352289, 0.0, 0.0, 0.0, 0, 0.23300970873786409, 0, 0.7669902912621359, 0, 0.0, 0, 4.627356598475732e-06, 1e-05, 1e-05, 0.01, 0.01, 0.01, 0.01, -255
0.11600000000000002 0.043000000000000003, 0.0 0.0, 0.0 0.0, 0.0 0.0, 1.156839149618933, 0.0, 216106.1026352289, 0.0, 0.0, 0.0, 0, 0.23300970873786409, 0, 0.7669902912621359, 0, 0.0, 0, 4.627356598475732e-06, 1e-05, 1e-05, 0.01, 0.01, 0.01, 0.01, -255
0.11600000000000002 0.043000000000000003, 0.0 0.0, 0.0 0.0, 0.0 0.0, 1.156839149618933, 0.0, 216106.1026352289, 0.0, 0.0, 0.0, 0, 0.23300970873786409, 0, 0.7669902912621359, 0, 0.0, 0, 4.627356598475732e-06, 1e-05, 1e-05, 0.01, 0.01, 0.01, 0.01, -255
0.11600000000000002 0.043000000000000003, 0.0 0.0, 0.0 0.0, 0.0 0.0, 1.156839149618933, 0.0, 216106.1026352289, 0.0, 0.0, 0.0, 0, 0.23300970873786409, 0, 0.7669902912621359, 0, 0.0, 0, 4.627356598475732e-06, 1e-05, 1e-05, 0.01, 0.01, 0.01, 0.01, -255
0.11600000000000002 0.043000000000000003, 0.0 0.0, 0.0 0.0, 0.0 0.0, 1.156839149618933, 0.0, 216106.1026352289, 0.0, 0.0, 0.0, 0, 0.23300970873786409, 0, 0.7669902912621359, 0, 0.0, 0, 4.627356598475732e-06, 1e-05, 1e-05, 0.01, 0.01, 0.01, 0.01, -255
0.11600000000000002 0.043000000000000003, 0.0 0.0, 0.0 0.0, 0.0 0.0, 1.156839149618933, 0.0, 216106.1026352289, 0.0, 0.0, 0.0, 0, 0.23300970873786409, 0, 0.7669902912621359, 0, 0.0, 0, 4.627356598475732e-06, 1e-05, 1e-05, 0.01, 0.01, 0.01, 0.01, -255
0.11600000000000002 0.043000000000000003, 0.0 0.0, 0.0 0.0, 0.0 0.0, 1.156839149618933, 0.0, 216106.1026352289, 0.0, 0.0, 0.0, 0, 0.23300970873786409, 0, 0.7669902912621359, 0, 0.0, 0, 4.627356598475732e-06, 1e-05, 1e-05, 0.01, 0.01, 0.01, 0.01, -255
0.11600000000000002 0.043000000000000003, 0.0 0.0, 0.0 0.0, 0.0 0.0, 1.156839149618933, 0.0, 216106.1026352289, 0.0, 0.0, 0.0, 0, 0.23300970873786409, 0, 0.7669902912621359, 0, 0.0, 0, 4.627356598475732e-06, 1e-05, 1e-05, 0.01, 0.01, 0.01, 0.01, -255
0.11600000000000002 0.043000000000000003, 0.0 0.0, 0.0 0.0, 0.0 0.0, 1.156839149618933, 0.0, 216106.1026352289, 0.0, 0.0, 0.0, 0, 0.23300970873786409, 0, 0.7669902912621359, 0, 0.0, 0, 4.627356598475732e-06, 1e-05, 1e-05, 0.01, 0.01, 0.01, 0.01, -255
0.11600000000000002 0.043000000000000003, 0.0 0.0, 0.0 0.0, 0.0 0.0, 1.156839149618933, 0.0, 216106.1026352289, 0.0, 0.0, 0.0, 0, 0.23300970873786409, 0, 0.7669902912621359, 0, 0.0, 0, 4.627356598475732e-06, 1e-05, 1e-05, 0.01, 0.01, 0.01, 0.01, -255
0.11600000000000002 0.043000000000000003, 0.0 0.0, 0.0 0.0, 0.0 0.0, 1.156839149618933, 0.0, 216106.1026352289, 0.0, 0.0, 0.0, 0, 0.23300970873786409, 0, 0.7669902912621359, 0, 0.0, 0, 4.627356598475732e-06, 1e-05, 1e-05, 0.01, 0.01, 0.01, 0.01, -255
0.11600000000000002 0.043000000000000003, 0.0 0.0, 0.0 0.0, 0.0 0.0, 1.156839149618933, 0.0, 216106.1026352289, 0.0, 0.0, 0.0, 0, 0.23300970873786409, 0, 0.7669902912621359, 0, 0.0, 0, 4.627356598475732e-06, 1e-05, 1e-05, 0.01, 0.01, 0.01, 0.01, -255
0.11600000000000002 0.043000000000000003, 0.0 0.0, 0.0 0.0, 0.0 0.0, 1.156839149618933, 0.0, 216106.1026352289, 0.0, 0.0, 0.0, 0, 0.23300970873786409, 0, 0.7669902912621359, 0, 0.0, 0, 4.627356598475732e-06, 1e-05, 1e-05, 0.01, 0.01, 0.01, 0.01, -255
0.11600000000000002 0.043000000000000003, 0.0 0.0, 0.0 0.0, 0.0 0.0, 1.156839149618933, 0.0, 216106.1026352289, 0.0, 0.0, 0.0, 0, 0.23300970873786409, 0, 0.7669902912621359, 0, 0.0, 0, 4.627356598475732e-06, 1e-05, 1e-05, 0.01, 0.01, 0.01, 0.01, -255
0.11600000000000002 0.043000000000000003, 0.0 0.0, 0.0 0.0, 0.0 0.0, 1.156839149618933, 0.0, 216106.1026352289, 0.0, 0.0, 0.0, 0, 0.23300970873786409, 0, 0.7669902912621359, 0, 0.0, 0, 4.627356598475732e-06, 1e-05, 1e-05, 0.01, 0.01, 0.01, 0.01, -255
0.11600000000000002 0.043000000000000003, 0.0 0.0, 0.0 0.0, 0.0 0.0, 1.156839149618933, 0.0, 216106.1026352289, 0.0, 0.0, 0.0, 0, 0.23300970873786409, 0, 0.7669902912621359, 0, 0.0, 0, 4.627356598475732e-06, 1e-05, 1e-05, 0.01, 0.01, 0.01, 0.01, -255
0.11600000000000002 0.043000000000000003, 0.0 0.0, 0.0 0.0, 0.0 0.0, 1.156839149618933, 0.0, 216106.1026352289, 0.0, 0.0, 0.0, 0, 0.23300970873786409, 0, 0.7669902912621359, 0, 0.0, 0, 4.627356598475732e-06, 1e-05, 1e-05, 0.01, 0.01, 0.01, 0.01, -255
0.11600000000000002 0.043000000000000003, 0.0 0.0, 0.0 0.0, 0.0 0.0, 1.156839149618933, 0.0, 216106.1026352289, 0.0, 0.0, 0.0, 0, 0.23300970873786409, 0, 0.7669902912621359, 0, 0.0, 0, 4.627356598475732e-06, 1e-05, 1e-05, 0.01, 0.01, 0.01, 0.01, -255
0.11600000000000002 0.043000000000000003, 0.0 0.0, 0.0 0.0, 0.0 0.0, 1.156839149618933, 0.0, 216106.1026352289, 0.0, 0.0, 0.0, 0, 0.23300970873786409, 0, 0.7669902912621359, 0, 0.0, 0, 4.627356598475732e-06, 1e-05, 1e-05, 0.01, 0.01, 0.01, 0.01, -255
0.11600000000000002 0.043000000000000003, 0.0 0.0, 0.0 0.0, 0.0 0.0, 1.156839149618933, 0.0, 216106.1026352289, 0.0, 0.0, 0.0, 0, 0.23300970873786409, 0, 0.7669902912621359, 0, 0.0, 0, 4.627356598475732e-06, 1e-05, 1e-05, 0.01, 0.01, 0.01, 0.01, -255
0.11600000000000002 0.043000000000000003, 0.0 0.0, 0.0 0.0, 0.0 0.0, 1.156839149618933, 0.0, 216106.1026352289, 0.0, 0.0, 0.0, 0, 0.23300970873786409, 0, 0.7669902912621359, 0, 0.0, 0, 4.627356598475732e-06, 1e-05, 1e-05, 0.01, 0.01, 0.01, 0.01, -255
0.11600000000000002 0.043000000000000003, 0.0 0.0, 0.0 0.0, 0.0 0.0, 1.156839149618933, 0.0, 216106.1026352289, 0.0, 0.0, 0.0, 0, 0.23300970873786409, 0, 0.7669902912621359, 0, 0.0, 0, 4.627356598475732e-06, 1e-05, 1e-05, 0.01, 0.01, 0.01, 0.01, -255
0.11600000000000002 0.043000000000000003, 0.0 0.0, 0.0 0.0, 0.0 0.0, 1.156839149618933, 0.0, 216106.1026352289, 0.0, 0.0, 0.0, 0, 0.23300970873786409, 0, 0.7669902912621359, 0, 0.0, 0, 4.627356598475732e-06, 1e-05, 1e-05, 0.01, 0.01, 0.01, 0.01, -255
0.11600000000000002 0.043000000000000003, 0.0 0.0, 0.0 0.0, 0.0 0.0, 1.156839149618933, 0.0, 216106.1026352289, 0.0, 0.0, 0.0, 0, 0.23300970873786409, 0, 0.7669902912621359, 0, 0.0, 0, 4.627356598475732e-06, 1e-05, 1e-05, 0.01, 0.01, 0.01, 0.01, -255
0.11600000000000002 0.043000000000000003, 0.0 0.0, 0.0 0.0, 0.0 0.0, 1.156839149618933, 0.0, 216106.1026352289, 0.0, 0.0, 0.0, 0, 0.23300970873786409, 0, 0.7669902912621359, 0, 0.0, 0, 4.627356598475732e-06, 1e-05, 1e-05, 0.01, 0.01, 0.01, 0.01, -255
0.11600000000000002 0.043000000000000003, 0.0 0.0, 0.0 0.0, 0.0 0.0, 1.156839149618933, 0.0, 216106.1026352289, 0.0, 0.0, 0.0, 0, 0.23300970873786409, 0, 0.7669902912621359, 0, 0.0, 0, 4.627356598475732e-06, 1e-05, 1e-05, 0.01, 0.01, 0.01, 0.01, -255
0.11600000000000002 0.043000000000000003, 0.0 0.0, 0.0 0.0, 0.0 0.0, 1.156839149618933, 0.0, 216106.1026352289, 0.0, 0.0, 0.0, 0, 0.23300970873786409, 0, 0.7669902912621359, 0, 0.0, 0, 4.627356598475732e-06, 1e-05, 1e-05, 0.01, 0.01, 0.01, 0.01, -255
0.11600000000000002 0.043000000000000003, 0.0 0.0, 0.0 0.0, 0.0 0.0, 1.156839149618933, 0.0, 216106.1026352289, 0.0, 0.0, 0.0, 0, 0.23300970873786409, 0, 0.7669902912621359, 0, 0.0, 0, 4.627356598475732e-06, 1e-05, 1e-05, 0.01, 0.01, 0.01, 0.01, -255
0.11600000000000002 0.043000000000000003, 0.0 0.0, 0.0 0.0, 0.0 0.0, 1.156839149618933, 0.0, 216106.1026352289, 0.0, 0.0, 0.0, 0, 0.23300970873786409, 0, 0.7669902912621359, 0, 0.0, 0, 4.627356598475732e-06, 1e-05, 1e-05, 0.01, 0.01, 0.01, 0.01, -255
0.11600000000000002 0.043000000000000003, 0.0 0.0, 0.0 0.0, 0.0 0.0, 1.156839149618933, 0.0, 216106.1026352289, 0.0, 0.0, 0.0, 0, 0.23300970873786409, 0, 0.7669902912621359, 0, 0.0, 0, 4.627356598475732e-06, 1e-05, 1e-05, 0.01, 0.01, 0.01, 0.01, -255
0.11600000000000002 0.043000000000000003, 0.0 0.0, 0.0 0.0, 0.0 0.0, 1.156839149618933, 0.0, 216106.1026352289, 0.0, 0.0, 0.0, 0, 0.23300970873786409, 0, 0.7669902912621359, 0, 0.0, 0, 4.627356598475732e-06, 1e-05, 1e-05, 0.01, 0.01, 0.01, 0.01, -255
0.11600000000000002 0.043000000000000003, 0.0 0.0, 0.0 0.0, 0.0 0.0, 1.156839149618933, 0.0, 216106.1026352289, 0.0, 0.0, 0.0, 0, 0.23300970873786409, 0, 0.7669902912621359, 0, 0.0, 0, 4.627356598475732e-06, 1e-05, 1e-05, 0.01, 0.01, 0.01, 0.01, -255
0.11600000000000002 0.043000000000000003, 0.0 0.0, 0.0 0.0, 0.0 0.0, 1.156839149618933, 0.0, 216106.1026352289, 0.0, 0.0, 0.0, 0, 0.23300970873786409, 0, 0.7669902912621359, 0, 0.0, 0, 4.627356598475732e-06, 1e-05, 1e-05, 0.01, 0.01, 0.01, 0.01, -255
0.11600000000000002 0.043000000000000003, 0.0 0.0, 0.0 0.0, 0.0 0.0, 1.156839149618933, 0.0, 216106.1026352289, 0.0, 0.0, 0.0, 0, 0.23300970873786409, 0, 0.7669902912621359, 0, 0.0, 0, 4.627356598475732e-06, 1e-05, 1e-05, 0.01, 0.01, 0.01, 0.01, -255
0.11600000000000002 0.043000000000000003, 0.0 0.0, 0.0 0.0, 0.0 0.0, 1.156839149618933, 0.0, 216106.1026352289, 0.0, 0.0, 0.0, 0, 0.23300970873786409, 0, 0.7669902912621359, 0, 0.0, 0, 4.627356598475732e-06, 1e-05, 1e-05, 0.01, 0.01, 0.01, 0.01, -255
0.11600000000000002 0.043000000000000003, 0.0 0.0, 0.0 0.0, 0.0 0.0, 1.156839149618933, 0.0, 216106.1026352289, 0.0, 0.0, 0.0, 0, 0.23300970873786409, 0, 0.7669902912621359, 0, 0.0, 0, 4.627356598475732e-06, 1e-05, 1e-05, 0.01, 0.01, 0.01, 0.01, -255
0.11600000000000002 0.043000000000000003, 0.0 0.0, 0.0 0.0, 0.0 0.0, 1.156839149618933, 0.0, 216106.1026352289, 0.0, 0.0, 0.0, 0, 0.23300970873786409, 0, 0.7669902912621359, 0, 0.0, 0, 4.627356598475732e-06, 1e-05, 1e-05, 0.01, 0.01, 0.01, 0.01, -255
0.11600000000000002 0.043000000000000003, 0.0 0.0, 0.0 0.0, 0.0 0.0, 1.156839149618933, 0.0, 216106.1026352289, 0.0, 0.0, 0.0, 0, 0.23300970873786409, 0, 0.7669902912621359, 0, 0.0, 0, 4.627356598475732e-06, 1e-05, 1e-05, 0.01, 0.01, 0.01, 0.01, -255
0.11600000000000002 0.043000000000000003, 0.0 0.0, 0.0 0.0, 0.0 0.0, 1.156839149618933, 0.0, 216106.1026352289, 0.0, 0.0, 0.0, 0, 0.23300970873786409, 0, 0.7669902912621359, 0, 0.0, 0, 4.627356598475732e-06, 1e-05, 1e-05, 0.01, 0.01, 0.01, 0.01, -255
0.11600000000000002 0.043000000000000003, 0.0 0.0, 0.0 0.0, 0.0 0.0, 1.156839149618933, 0.0, 216106.1026352289, 0.0, 0.0, 0.0, 0, 0.23300970873786409, 0, 0.7669902912621359, 0, 0.0, 0, 4.627356598475732e-06, 1e-05, 1e-05, 0.01, 0.01, 0.01, 0.01, -255
0.11600000000000002 0.043000000000000003, 0.0 0.0, 0.0 0.0, 0.0 0.0, 1.156839149618933, 0.0, 216106.1026352289, 0.0, 0.0, 0.0, 0, 0.23300970873786409, 0, 0.7669902912621359, 0, 0.0, 0, 4.627356598475732e-06, 1e-05, 1e-05, 0.01, 0.01, 0.01, 0.01, -255
0.11600000000000002 0.043000000000000003, 0.0 0.0, 0.0 0.0, 0.0 0.0, 1.156839149618933, 0.0, 216106.1026352289, 0.0, 0.0, 0.0, 0, 0.23300970873786409, 0, 0.7669902912621359, 0, 0.0, 0, 4.627356598475732e-06, 1e-05, 1e-05, 0.01, 0.01, 0.01, 0.01, -255
0.11600000000000002 0.043000000000000003, 0.0 0.0, 0.0 0.0, 0.0 0.0, 1.156839149618933, 0.0, 216106.1026352289, 0.0, 0.0, 0.0, 0, 0.23300970873786409, 0, 0.7669902912621359, 0, 0.0, 0, 4.627356598475732e-06, 1e-05, 1e-05, 0.01, 0.01, 0.01, 0.01, -255
0.11600000000000002 0.043000000000000003, 0.0 0.0, 0.0 0.0, 0.0 0.0, 1.156839149618933, 0.0, 216106.1026352289, 0.0, 0.0, 0.0, 0, 0.23300970873786409, 0, 0.7669902912621359, 0, 0.0, 0, 4.627356598475732e-06, 1e-05, 1e-05, 0.01, 0.01, 0.01, 0.01, -255
0.11600000000000002 0.043000000000000003, 0.0 0.0, 0.0 0.0, 0.0 0.0, 1.156839149618933, 0.0, 216106.1026352289, 0.0, 0.0, 0.0, 0, 0.23300970873786409, 0, 0.7669902912621359, 0, 0.0, 0, 4.627356598475732e-06, 1e-05, 1e-05, 0.01, 0.01, 0.01, 0.01, -255
0.11600000000000002 0.043000000000000003, 0.0 0.0, 0.0 0.0, 0.0 0.0, 1.156839149618933, 0.0, 216106.1026352289, 0.0, 0.0, 0.0, 0, 0.23300970873786409, 0, 0.7669902912621359, 0, 0.0, 0, 4.627356598475732e-06, 1e-05, 1e-05, 0.01, 0.01, 0.01, 0.01, -255
0.11600000000000002 0.043000000000000003, 0.0 0.0, 0.0 0.0, 0.0 0.0, 1.156839149618933, 0.0, 216106.1026352289, 0.0, 0.0, 0.0, 0, 0.23300970873786409, 0, 0.7669902912621359, 0, 0.0, 0, 4.627356598475732e-06, 1e-05, 1e-05, 0.01, 0.01, 0.01, 0.01, -255
0.11600000000000002 0.043000000000000003, 0.0 0.0, 0.0 0.0, 0.0 0.0, 1.156839149618933, 0.0, 216106.1026352289, 0.0, 0.0, 0.0, 0, 0.23300970873786409, 0, 0.7669902912621359, 0, 0.0, 0, 4.627356598475732e-06, 1e-05, 1e-05, 0.01, 0.01, 0.01, 0.01, -255
0.11600000000000002 0.043000000000000003, 0.0 0.0, 0.0 0.0, 0.0 0.0, 1.156839149618933, 0.0, 216106.1026352289, 0.0, 0.0, 0.0, 0, 0.23300970873786409, 0, 0.7669902912621359, 0, 0.0, 0, 4.627356598475732e-06, 1e-05, 1e-05, 0.01, 0.01, 0.01, 0.01, -255
0.11600000000000002 0.043000000000000003, 0.0 0.0, 0.0 0.0, 0.0 0.0, 1.156839149618933, 0.0, 216106.1026352289, 0.0, 0.0, 0.0, 0, 0.23300970873786409, 0, 0.7669902912621359, 0, 0.0, 0, 4.627356598475732e-06, 1e-05, 1e-05, 0.01, 0.01, 0.01, 0.01, -255
0.11600000000000002 0.043000000000000003, 0.0 0.0, 0.0 0.0, 0.0 0.0, 1.156839149618933, 0.0, 216106.1026352289, 0.0, 0.0, 0.0, 0, 0.23300970873786409, 0, 0.7669902912621359, 0, 0.0, 0, 4.627356598475732e-06, 1e-05, 1e-05, 0.01, 0.01, 0.01, 0.01, -255
0.11600000000000002 0.043000000000000003, 0.0 0.0, 0.0 0.0, 0.0 0.0, 1.156839149618933, 0.0, 216106.1026352289, 0.0, 0.0, 0.0, 0, 0.23300970873786409, 0, 0.7669902912621359, 0, 0.0, 0, 4.627356598475732e-06, 1e-05, 1e-05, 0.01, 0.01, 0.01, 0.01, -255
0.11600000000000002 0.043000000000000003, 0.0 0.0, 0.0 0.0, 0.0 0.0, 1.156839149618933, 0.0, 216106.1026352289, 0.0, 0.0, 0.0, 0, 0.23300970873786409, 0, 0.7669902912621359, 0, 0.0, 0, 4.627356598475732e-06, 1e-05, 1e-05, 0.01, 0.01, 0.01, 0.01, -255
0.11600000000000002 0.043000000000000003, 0.0 0.0, 0.0 0.0, 0.0 0.0, 1.156839149618933, 0.0, 216106.1026352289, 0.0, 0.0, 0.0, 0, 0.23300970873786409, 0, 0.7669902912621359, 0, 0.0, 0, 4.627356598475732e-06, 1e-05, 1e-05, 0.01, 0.01, 0.01, 0.01, -255
0.11600000000000002 0.043000000000000003, 0.0 0.0, 0.0 0.0, 0.0 0.0, 1.156839149618933, 0.0, 216106.1026352289, 0.0, 0.0, 0.0, 0, 0.23300970873786409, 0, 0.7669902912621359, 0, 0.0, 0, 4.627356598475732e-06, 1e-05, 1e-05, 0.01, 0.01, 0.01, 0.01, -255
0.11600000000000002 0.043000000000000003, 0.0 0.0, 0.0 0.0, 0.0 0.0, 1.156839149618933, 0.0, 216106.1026352289, 0.0, 0.0, 0.0, 0, 0.23300970873786409, 0, 0.7669902912621359, 0, 0.0, 0, 4.627356598475732e-06, 1e-05, 1e-05, 0.01, 0.01, 0.01, 0.01, -255
0.11600000000000002 0.043000000000000003, 0.0 0.0, 0.0 0.0, 0.0 0.0, 1.156839149618933, 0.0, 216106.1026352289, 0.0, 0.0, 0.0, 0, 0.23300970873786409, 0, 0.7669902912621359, 0, 0.0, 0, 4.627356598475732e-06, 1e-05, 1e-05, 0.01, 0.01, 0.01, 0.01, -255
0.11600000000000002 0.043000000000000003, 0.0 0.0, 0.0 0.0, 0.0 0.0, 1.156839149618933, 0.0, 216106.1026352289, 0.0, 0.0, 0.0, 0, 0.23300970873786409, 0, 0.7669902912621359, 0, 0.0, 0, 4.627356598475732e-06, 1e-05, 1e-05, 0.01, 0.01, 0.01, 0.01, -255
0.11600000000000002 0.043000000000000003, 0.0 0.0, 0.0 0.0, 0.0 0.0, 1.156839149618933, 0.0, 216106.1026352289, 0.0, 0.0, 0.0, 0, 0.23300970873786409, 0, 0.7669902912621359, 0, 0.0, 0, 4.627356598475732e-06, 1e-05, 1e-05, 0.01, 0.01, 0.01, 0.01, -255
0.11600000000000002 0.043000000000000003, 0.0 0.0, 0.0 0.0, 0.0 0.0, 1.156839149618933, 0.0, 216106.1026352289, 0.0, 0.0, 0.0, 0, 0.23300970873786409, 0, 0.7669902912621359, 0, 0.0, 0, 4.627356598475732e-06, 1e-05, 1e-05, 0.01, 0.01, 0.01, 0.01, -255
0.11600000000000002 0.043000000000000003, 0.0 0.0, 0.0 0.0, 0.0 0.0, 1.156839149618933, 0.0, 216106.1026352289, 0.0, 0.0, 0.0, 0, 0.23300970873786409, 0, 0.7669902912621359, 0, 0.0, 0, 4.627356598475732e-06, 1e-05, 1e-05, 0.01, 0.01, 0.01, 0.01, -255
0.11600000000000002 0.043000000000000003, 0.0 0.0, 0.0 0.0, 0.0 0.0, 1.156839149618933, 0.0, 216106.1026352289, 0.0, 0.0, 0.0, 0, 0.23300970873786409, 0, 0.7669902912621359, 0, 0.0, 0, 4.627356598475732e-06, 1e-05, 1e-05, 0.01, 0.01, 0.01, 0.01, -255
0.11600000000000002 0.043000000000000003, 0.0 0.0, 0.0 0.0, 0.0 0.0, 1.156839149618933, 0.0, 216106.1026352289, 0.0, 0.0, 0.0, 0, 0.23300970873786409, 0, 0.7669902912621359, 0, 0.0, 0, 4.627356598475732e-06, 1e-05, 1e-05, 0.01, 0.01, 0.01, 0.01, -255
0.11600000000000002 0.043000000000000003, 0.0 0.0, 0.0 0.0, 0.0 0.0, 1.156839149618933, 0.0, 216106.1026352289, 0.0, 0.0, 0.0, 0, 0.23300970873786409, 0, 0.7669902912621359, 0, 0.0, 0, 4.627356598475732e-06, 1e-05, 1e-05, 0.01, 0.01, 0.01, 0.01, -255
0.11600000000000002 0.043000000000000003, 0.0 0.0, 0.0 0.0, 0.0 0.0, 1.156839149618933, 0.0, 216106.1026352289, 0.0, 0.0, 0.0, 0, 0.23300970873786409, 0, 0.7669902912621359, 0, 0.0, 0, 4.627356598475732e-06, 1e-05, 1e-05, 0.01, 0.01, 0.01, 0.01, -255
0.11600000000000002 0.043000000000000003, 0.0 0.0, 0.0 0.0, 0.0 0.0, 1.156839149618933, 0.0, 216106.1026352289, 0.0, 0.0, 0.0, 0, 0.23300970873786409, 0, 0.7669902912621359, 0, 0.0, 0, 4.627356598475732e-06, 1e-05, 1e-05, 0.01, 0.01, 0.01, 0.01, -255
0.11600000000000002 0.043000000000000003, 0.0 0.0, 0.0 0.0, 0.0 0.0, 1.156839149618933, 0.0, 216106.1026352289, 0.0, 0.0, 0.0, 0, 0.23300970873786409, 0, 0.7669902912621359, 0, 0.0, 0, 4.627356598475732e-06, 1e-05, 1e-05, 0.01, 0.01, 0.01, 0.01, -255
0.11600000000000002 0.043000000000000003, 0.0 0.0, 0.0 0.0, 0.0 0.0, 1.156839149618933, 0.0, 216106.1026352289, 0.0, 0.0, 0.0, 0, 0.23300970873786409, 0, 0.7669902912621359, 0, 0.0, 0, 4.627356598475732e-06, 1e-05, 1e-05, 0.01, 0.01, 0.01, 0.01, -255
0.11600000000000002 0.043000000000000003, 0.0 0.0, 0.0 0.0, 0.0 0.0, 1.156839149618933, 0.0, 216106.1026352289, 0.0, 0.0, 0.0, 0, 0.23300970873786409, 0, 0.7669902912621359, 0, 0.0, 0, 4.627356598475732e-06, 1e-05, 1e-05, 0.01, 0.01, 0.01, 0.01, -255
0.11600000000000002 0.043000000000000003, 0.0 0.0, 0.0 0.0, 0.0 0.0, 1.156839149618933, 0.0, 216106.1026352289, 0.0, 0.0, 0.0, 0, 0.23300970873786409, 0, 0.7669902912621359, 0, 0.0, 0, 4.627356598475732e-06, 1e-05, 1e-05, 0.01, 0.01, 0.01, 0.01, -255
0.11600000000000002 0.043000000000000003, 0.0 0.0, 0.0 0.0, 0.0 0.0, 1.156839149618933, 0.0, 216106.1026352289, 0.0, 0.0, 0.0, 0, 0.23300970873786409, 0, 0.7669902912621359, 0, 0.0, 0, 4.627356598475732e-06, 1e-05, 1e-05, 0.01, 0.01, 0.01, 0.01, -255
0.11600000000000002 0.043000000000000003, 0.0 0.0, 0.0 0.0, 0.0 0.0, 1.156839149618933, 0.0, 216106.1026352289, 0.0, 0.0, 0.0, 0, 0.23300970873786409, 0, 0.7669902912621359, 0, 0.0, 0, 4.627356598475732e-06, 1e-05, 1e-05, 0.01, 0.01, 0.01, 0.01, -255
0.11600000000000002 0.043000000000000003, 0.0 0.0, 0.0 0.0, 0.0 0.0, 1.156839149618933, 0.0, 216106.1026352289, 0.0, 0.0, 0.0, 0, 0.23300970873786409, 0, 0.7669902912621359, 0, 0.0, 0, 4.627356598475732e-06, 1e-05, 1e-05, 0.01, 0.01, 0.01, 0.01, -255
0.11600000000000002 0.043000000000000003, 0.0 0.0, 0.0 0.0, 0.0 0.0, 1.156839149618933, 0.0, 216106.1026352289, 0.0, 0.0, 0.0, 0, 0.23300970873786409, 0, 0.7669902912621359, 0, 0.0, 0, 4.627356598475732e-06, 1e-05, 1e-05, 0.01, 0.01, 0.01, 0.01, -255
0.11600000000000002 0.043000000000000003, 0.0 0.0, 0.0 0.0, 0.0 0.0, 1.156839149618933, 0.0, 216106.1026352289, 0.0, 0.0, 0.0, 0, 0.23300970873786409, 0, 0.7669902912621359, 0, 0.0, 0, 4.627356598475732e-06, 1e-05, 1e-05, 0.01, 0.01, 0.01, 0.01, -255
0.11600000000000002 0.043000000000000003, 0.0 0.0, 0.0 0.0, 0.0 0.0, 1.156839149618933, 0.0, 216106.1026352289, 0.0, 0.0, 0.0, 0, 0.23300970873786409, 0, 0.7669902912621359, 0, 0.0, 0, 4.627356598475732e-06, 1e-05, 1e-05, 0.01, 0.01, 0.01, 0.01, -255
0.11600000000000002 0.043000000000000003, 0.0 0.0, 0.0 0.0, 0.0 0.0, 1.156839149618933, 0.0, 216106.1026352289, 0.0, 0.0, 0.0, 0, 0.23300970873786409, 0, 0.7669902912621359, 0, 0.0, 0, 4.627356598475732e-06, 1e-05, 1e-05, 0.01, 0.01, 0.01, 0.01, -255
0.11600000000000002 0.043000000000000003, 0.0 0.0, 0.0 0.0, 0.0 0.0, 1.156839149618933, 0.0, 216106.1026352289, 0.0, 0.0, 0.0, 0, 0.23300970873786409, 0, 0.7669902912621359, 0, 0.0, 0, 4.627356598475732e-06, 1e-05, 1e-05, 0.01, 0.01, 0.01, 0.01, -255
0.11600000000000002 0.043000000000000003, 0.0 0.0, 0.0 0.0, 0.0 0.0, 1.156839149618933, 0.0, 216106.1026352289, 0.0, 0.0, 0.0, 0, 0.23300970873786409, 0, 0.7669902912621359, 0, 0.0, 0, 4.627356598475732e-06, 1e-05, 1e-05, 0.01, 0.01, 0.01, 0.01, -255
0.11600000000000002 0.043000000000000003, 0.0 0.0, 0.0 0.0, 0.0 0.0, 1.156839149618933, 0.0, 216106.1026352289, 0.0, 0.0, 0.0, 0, 0.23300970873786409, 0, 0.7669902912621359, 0, 0.0, 0, 4.627356598475732e-06, 1e-05, 1e-05, 0.01, 0.01, 0.01, 0.01, -255
0.11600000000000002 0.043000000000000003, 0.0 0.0, 0.0 0.0, 0.0 0.0, 1.156839149618933, 0.0, 216106.1026352289, 0.0, 0.0, 0.0, 0, 0.23300970873786409, 0, 0.7669902912621359, 0, 0.0, 0, 4.627356598475732e-06, 1e-05, 1e-05, 0.01, 0.01, 0.01, 0.01, -255
0.11600000000000002 0.043000000000000003, 0.0 0.0, 0.0 0.0, 0.0 0.0, 1.156839149618933, 0.0, 216106.1026352289, 0.0, 0.0, 0.0, 0, 0.23300970873786409, 0, 0.7669902912621359, 0, 0.0, 0, 4.627356598475732e-06, 1e-05, 1e-05, 0.01, 0.01, 0.01, 0.01, -255
0.11600000000000002 0.043000000000000003, 0.0 0.0, 0.0 0.0, 0.0 0.0, 1.156839149618933, 0.0, 216106.1026352289, 0.0, 0.0, 0.0, 0, 0.23300970873786409, 0, 0.7669902912621359, 0, 0.0, 0, 4.627356598475732e-06, 1e-05, 1e-05, 0.01, 0.01, 0.01, 0.01, -255
0.11600000000000002 0.043000000000000003, 0.0 0.0, 0.0 0.0, 0.0 0.0, 1.156839149618933, 0.0, 216106.1026352289, 0.0, 0.0, 0.0, 0, 0.23300970873786409, 0, 0.7669902912621359, 0, 0.0, 0, 4.627356598475732e-06, 1e-05, 1e-05, 0.01, 0.01, 0.01, 0.01, -255
0.11600000000000002 0.043000000000000003, 0.0 0.0, 0.0 0.0, 0.0 0.0, 1.156839149618933, 0.0, 216106.1026352289, 0.0, 0.0, 0.0, 0, 0.23300970873786409, 0, 0.7669902912621359, 0, 0.0, 0, 4.627356598475732e-06, 1e-05, 1e-05, 0.01, 0.01, 0.01, 0.01, -255
0.11600000000000002 0.043000000000000003, 0.0 0.0, 0.0 0.0, 0.0 0.0, 1.156839149618933, 0.0, 216106.1026352289, 0.0, 0.0, 0.0, 0, 0.23300970873786409, 0, 0.7669902912621359, 0, 0.0, 0, 4.627356598475732e-06, 1e-05, 1e-05, 0.01, 0.01, 0.01, 0.01, -255
0.11600000000000002 0.043000000000000003, 0.0 0.0, 0.0 0.0, 0.0 0.0, 1.156839149618933, 0.0, 216106.1026352289, 0.0, 0.0, 0.0, 0, 0.23300970873786409, 0, 0.7669902912621359, 0, 0.0, 0, 4.627356598475732e-06, 1e-05, 1e-05, 0.01, 0.01, 0.01, 0.01, -255
0.11600000000000002 0.043000000000000003, 0.0 0.0, 0.0 0.0, 0.0 0.0, 1.156839149618933, 0.0, 216106.1026352289, 0.0, 0.0, 0.0, 0, 0.23300970873786409, 0, 0.7669902912621359, 0, 0.0, 0, 4.627356598475732e-06, 1e-05, 1e-05, 0.01, 0.01, 0.01, 0.01, -255
0.11600000000000002 0.043000000000000003, 0.0 0.0, 0.0 0.0, 0.0 0.0, 1.156839149618933, 0.0, 216106.1026352289, 0.0, 0.0, 0.0, 0, 0.23300970873786409, 0, 0.7669902912621359, 0, 0.0, 0, 4.627356598475732e-06, 1e-05, 1e-05, 0.01, 0.01, 0.01, 0.01, -255
0.11600000000000002 0.043000000000000003, 0.0 0.0, 0.0 0.0, 0.0 0.0, 1.156839149618933, 0.0, 216106.1026352289, 0.0, 0.0, 0.0, 0, 0.23300970873786409, 0, 0.7669902912621359, 0, 0.0, 0, 4.627356598475732e-06, 1e-05, 1e-05, 0.01, 0.01, 0.01, 0.01, -255
0.11600000000000002 0.043000000000000003, 0.0 0.0, 0.0 0.0, 0.0 0.0, 1.156839149618933, 0.0, 216106.1026352289, 0.0, 0.0, 0.0, 0, 0.23300970873786409, 0, 0.7669902912621359, 0, 0.0, 0, 4.627356598475732e-06, 1e-05, 1e-05, 0.01, 0.01, 0.01, 0.01, -255
0.11600000000000002 0.043000000000000003, 0.0 0.0, 0.0 0.0, 0.0 0.0, 1.156839149618933, 0.0, 216106.1026352289, 0.0, 0.0, 0.0, 0, 0.23300970873786409, 0, 0.7669902912621359, 0, 0.0, 0, 4.627356598475732e-06, 1e-05, 1e-05, 0.01, 0.01, 0.01, 0.01, -255
0.11600000000000002 0.043000000000000003, 0.0 0.0, 0.0 0.0, 0.0 0.0, 1.156839149618933, 0.0, 216106.1026352289, 0.0, 0.0, 0.0, 0, 0.23300970873786409, 0, 0.7669902912621359, 0, 0.0, 0, 4.627356598475732e-06, 1e-05, 1e-05, 0.01, 0.01, 0.01, 0.01, -255
0.11600000000000002 0.043000000000000003, 0.0 0.0, 0.0 0.0, 0.0 0.0, 1.156839149618933, 0.0, 216106.1026352289, 0.0, 0.0, 0.0, 0, 0.23300970873786409, 0, 0.7669902912621359, 0, 0.0, 0, 4.627356598475732e-06, 1e-05, 1e-05, 0.01, 0.01, 0.01, 0.01, -255
0.11600000000000002 0.043000000000000003, 0.0 0.0, 0.0 0.0, 0.0 0.0, 1.156839149618933, 0.0, 216106.1026352289, 0.0, 0.0, 0.0, 0, 0.23300970873786409, 0, 0.7669902912621359, 0, 0.0, 0, 4.627356598475732e-06, 1e-05, 1e-05, 0.01, 0.01, 0.01, 0.01, -255
0.11600000000000002 0.043000000000000003, 0.0 0.0, 0.0 0.0, 0.0 0.0, 1.156839149618933, 0.0, 216106.1026352289, 0.0, 0.0, 0.0, 0, 0.23300970873786409, 0, 0.7669902912621359, 0, 0.0, 0, 4.627356598475732e-06, 1e-05, 1e-05, 0.01, 0.01, 0.01, 0.01, -255
0.11600000000000002 0.043000000000000003, 0.0 0.0, 0.0 0.0, 0.0 0.0, 1.156839149618933, 0.0, 216106.1026352289, 0.0, 0.0, 0.0, 0, 0.23300970873786409, 0, 0.7669902912621359, 0, 0.0, 0, 4.627356598475732e-06, 1e-05, 1e-05, 0.01, 0.01, 0.01, 0.01, -255
0.11600000000000002 0.043000000000000003, 0.0 0.0, 0.0 0.0, 0.0 0.0, 1.156839149618933, 0.0, 216106.1026352289, 0.0, 0.0, 0.0, 0, 0.23300970873786409, 0, 0.7669902912621359, 0, 0.0, 0, 4.627356598475732e-06, 1e-05, 1e-05, 0.01, 0.01, 0.01, 0.01, -255
0.11600000000000002 0.043000000000000003, 0.0 0.0, 0.0 0.0, 0.0 0.0, 1.156839149618933, 0.0, 216106.1026352289, 0.0, 0.0, 0.0, 0, 0.23300970873786409, 0, 0.7669902912621359, 0, 0.0, 0, 4.627356598475732e-06, 1e-05, 1e-05, 0.01, 0.01, 0.01, 0.01, -255
0.11600000000000002 0.043000000000000003, 0.0 0.0, 0.0 0.0, 0.0 0.0, 1.156839149618933, 0.0, 216106.1026352289, 0.0, 0.0, 0.0, 0, 0.23300970873786409, 0, 0.7669902912621359, 0, 0.0, 0, 4.627356598475732e-06, 1e-05, 1e-05, 0.01, 0.01, 0.01, 0.01, -255
0.11600000000000002 0.043000000000000003, 0.0 0.0, 0.0 0.0, 0.0 0.0, 1.156839149618933, 0.0, 216106.1026352289, 0.0, 0.0, 0.0, 0, 0.23300970873786409, 0, 0.7669902912621359, 0, 0.0, 0, 4.627356598475732e-06, 1e-05, 1e-05, 0.01, 0.01, 0.01, 0.01, -255
0.11600000000000002 0.043000000000000003, 0.0 0.0, 0.0 0.0, 0.0 0.0, 1.156839149618933, 0.0, 216106.1026352289, 0.0, 0.0, 0.0, 0, 0.23300970873786409, 0, 0.7669902912621359, 0, 0.0, 0, 4.627356598475732e-06, 1e-05, 1e-05, 0.01, 0.01, 0.01, 0.01, -255
0.11600000000000002 0.043000000000000003, 0.0 0.0, 0.0 0.0, 0.0 0.0, 1.156839149618933, 0.0, 216106.1026352289, 0.0, 0.0, 0.0, 0, 0.23300970873786409, 0, 0.7669902912621359, 0, 0.0, 0, 4.627356598475732e-06, 1e-05, 1e-05, 0.01, 0.01, 0.01, 0.01, -255
0.11600000000000002 0.043000000000000003, 0.0 0.0, 0.0 0.0, 0.0 0.0, 1.156839149618933, 0.0, 216106.1026352289, 0.0, 0.0, 0.0, 0, 0.23300970873786409, 0, 0.7669902912621359, 0, 0.0, 0, 4.627356598475732e-06, 1e-05, 1e-05, 0.01, 0.01, 0.01, 0.01, -255
0.11600000000000002 0.043000000000000003, 0.0 0.0, 0.0 0.0, 0.0 0.0, 1.156839149618933, 0.0, 216106.1026352289, 0.0, 0.0, 0.0, 0, 0.23300970873786409, 0, 0.7669902912621359, 0, 0.0, 0, 4.627356598475732e-06, 1e-05, 1e-05, 0.01, 0.01, 0.01, 0.01, -255
0.11600000000000002 0.043000000000000003, 0.0 0.0, 0.0 0.0, 0.0 0.0, 1.156839149618933, 0.0, 216106.1026352289, 0.0, 0.0, 0.0, 0, 0.23300970873786409, 0, 0.7669902912621359, 0, 0.0, 0, 4.627356598475732e-06, 1e-05, 1e-05, 0.01, 0.01, 0.01, 0.01, -255
0.11600000000000002 0.043000000000000003, 0.0 0.0, 0.0 0.0, 0.0 0.0, 1.156839149618933, 0.0, 216106.1026352289, 0.0, 0.0, 0.0, 0, 0.23300970873786409, 0, 0.7669902912621359, 0, 0.0, 0, 4.627356598475732e-06, 1e-05, 1e-05, 0.01, 0.01, 0.01, 0.01, -255
0.11600000000000002 0.043000000000000003, 0.0 0.0, 0.0 0.0, 0.0 0.0, 1.156839149618933, 0.0, 216106.1026352289, 0.0, 0.0, 0.0, 0, 0.23300970873786409, 0, 0.7669902912621359, 0, 0.0, 0, 4.627356598475732e-06, 1e-05, 1e-05, 0.01, 0.01, 0.01, 0.01, -255
0.11600000000000002 0.043000000000000003, 0.0 0.0, 0.0 0.0, 0.0 0.0, 1.156839149618933, 0.0, 216106.1026352289, 0.0, 0.0, 0.0, 0, 0.23300970873786409, 0, 0.7669902912621359, 0, 0.0, 0, 4.627356598475732e-06, 1e-05, 1e-05, 0.01, 0.01, 0.01, 0.01, -255
0.11600000000000002 0.043000000000000003, 0.0 0.0, 0.0 0.0, 0.0 0.0, 1.156839149618933, 0.0, 216106.1026352289, 0.0, 0.0, 0.0, 0, 0.23300970873786409, 0, 0.7669902912621359, 0, 0.0, 0, 4.627356598475732e-06, 1e-05, 1e-05, 0.01, 0.01, 0.01, 0.01, -255
0.11600000000000002 0.043000000000000003, 0.0 0.0, 0.0 0.0, 0.0 0.0, 1.156839149618933, 0.0, 216106.1026352289, 0.0, 0.0, 0.0, 0, 0.23300970873786409, 0, 0.7669902912621359, 0, 0.0, 0, 4.627356598475732e-06, 1e-05, 1e-05, 0.01, 0.01, 0.01, 0.01, -255
0.11600000000000002 0.043000000000000003, 0.0 0.0, 0.0 0.0, 0.0 0.0, 1.156839149618933, 0.0, 216106.1026352289, 0.0, 0.0, 0.0, 0, 0.23300970873786409, 0, 0.7669902912621359, 0, 0.0, 0, 4.627356598475732e-06, 1e-05, 1e-05, 0.01, 0.01, 0.01, 0.01, -255
0.11600000000000002 0.043000000000000003, 0.0 0.0, 0.0 0.0, 0.0 0.0, 1.156839149618933, 0.0, 216106.1026352289, 0.0, 0.0, 0.0, 0, 0.23300970873786409, 0, 0.7669902912621359, 0, 0.0, 0, 4.627356598475732e-06, 1e-05, 1e-05, 0.01, 0.01, 0.01, 0.01, -255
0.11600000000000002 0.043000000000000003, 0.0 0.0, 0.0 0.0, 0.0 0.0, 1.156839149618933, 0.0, 216106.1026352289, 0.0, 0.0, 0.0, 0, 0.23300970873786409, 0, 0.7669902912621359, 0, 0.0, 0, 4.627356598475732e-06, 1e-05, 1e-05, 0.01, 0.01, 0.01, 0.01, -255
0.11600000000000002 0.043000000000000003, 0.0 0.0, 0.0 0.0, 0.0 0.0, 1.156839149618933, 0.0, 216106.1026352289, 0.0, 0.0, 0.0, 0, 0.23300970873786409, 0, 0.7669902912621359, 0, 0.0, 0, 4.627356598475732e-06, 1e-05, 1e-05, 0.01, 0.01, 0.01, 0.01, -255
0.11600000000000002 0.043000000000000003, 0.0 0.0, 0.0 0.0, 0.0 0.0, 1.156839149618933, 0.0, 216106.1026352289, 0.0, 0.0, 0.0, 0, 0.23300970873786409, 0, 0.7669902912621359, 0, 0.0, 0, 4.627356598475732e-06, 1e-05, 1e-05, 0.01, 0.01, 0.01, 0.01, -255
0.11600000000000002 0.043000000000000003, 0.0 0.0, 0.0 0.0, 0.0 0.0, 1.156839149618933, 0.0, 216106.1026352289, 0.0, 0.0, 0.0, 0, 0.23300970873786409, 0, 0.7669902912621359, 0, 0.0, 0, 4.627356598475732e-06, 1e-05, 1e-05, 0.01, 0.01, 0.01, 0.01, -255
0.11600000000000002 0.043000000000000003, 0.0 0.0, 0.0 0.0, 0.0 0.0, 1.156839149618933, 0.0, 216106.1026352289, 0.0, 0.0, 0.0, 0, 0.23300970873786409, 0, 0.7669902912621359, 0, 0.0, 0, 4.627356598475732e-06, 1e-05, 1e-05, 0.01, 0.01, 0.01, 0.01, -255
0.11600000000000002 0.043000000000000003, 0.0 0.0, 0.0 0.0, 0.0 0.0, 1.156839149618933, 0.0, 216106.1026352289, 0.0, 0.0, 0.0, 0, 0.23300970873786409, 0, 0.7669902912621359, 0, 0.0, 0, 4.627356598475732e-06, 1e-05, 1e-05, 0.01, 0.01, 0.01, 0.01, -255
0.11600000000000002 0.043000000000000003, 0.0 0.0, 0.0 0.0, 0.0 0.0, 1.156839149618933, 0.0, 216106.1026352289, 0.0, 0.0, 0.0, 0, 0.23300970873786409, 0, 0.7669902912621359, 0, 0.0, 0, 4.627356598475732e-06, 1e-05, 1e-05, 0.01, 0.01, 0.01, 0.01, -255
0.11600000000000002 0.043000000000000003, 0.0 0.0, 0.0 0.0, 0.0 0.0, 1.156839149618933, 0.0, 216106.1026352289, 0.0, 0.0, 0.0, 0, 0.23300970873786409, 0, 0.7669902912621359, 0, 0.0, 0, 4.627356598475732e-06, 1e-05, 1e-05, 0.01, 0.01, 0.01, 0.01, -255
0.11600000000000002 0.043000000000000003, 0.0 0.0, 0.0 0.0, 0.0 0.0, 1.156839149618933, 0.0, 216106.1026352289, 0.0, 0.0, 0.0, 0, 0.23300970873786409, 0, 0.7669902912621359, 0, 0.0, 0, 4.627356598475732e-06, 1e-05, 1e-05, 0.01, 0.01, 0.01, 0.01, -255
0.11600000000000002 0.043000000000000003, 0.0 0.0, 0.0 0.0, 0.0 0.0, 1.156839149618933, 0.0, 216106.1026352289, 0.0, 0.0, 0.0, 0, 0.23300970873786409, 0, 0.7669902912621359, 0, 0.0, 0, 4.627356598475732e-06, 1e-05, 1e-05, 0.01, 0.01, 0.01, 0.01, -255
0.11600000000000002 0.043000000000000003, 0.0 0.0, 0.0 0.0, 0.0 0.0, 1.156839149618933, 0.0, 216106.1026352289, 0.0, 0.0, 0.0, 0, 0.23300970873786409, 0, 0.7669902912621359, 0, 0.0, 0, 4.627356598475732e-06, 1e-05, 1e-05, 0.01, 0.01, 0.01, 0.01, -255
0.11600000000000002 0.043000000000000003, 0.0 0.0, 0.0 0.0, 0.0 0.0, 1.156839149618933, 0.0, 216106.1026352289, 0.0, 0.0, 0.0, 0, 0.23300970873786409, 0, 0.7669902912621359, 0, 0.0, 0, 4.627356598475732e-06, 1e-05, 1e-05, 0.01, 0.01, 0.01, 0.01, -255
0.11600000000000002 0.043000000000000003, 0.0 0.0, 0.0 0.0, 0.0 0.0, 1.156839149618933, 0.0, 216106.1026352289, 0.0, 0.0, 0.0, 0, 0.23300970873786409, 0, 0.7669902912621359, 0, 0.0, 0, 4.627356598475732e-06, 1e-05, 1e-05, 0.01, 0.01, 0.01, 0.01, -255
0.11600000000000002 0.043000000000000003, 0.0 0.0, 0.0 0.0, 0.0 0.0, 1.156839149618933, 0.0, 216106.1026352289, 0.0, 0.0, 0.0, 0, 0.23300970873786409, 0, 0.7669902912621359, 0, 0.0, 0, 4.627356598475732e-06, 1e-05, 1e-05, 0.01, 0.01, 0.01, 0.01, -255
0.11600000000000002 0.043000000000000003, 0.0 0.0, 0.0 0.0, 0.0 0.0, 1.156839149618933, 0.0, 216106.1026352289, 0.0, 0.0, 0.0, 0, 0.23300970873786409, 0, 0.7669902912621359, 0, 0.0, 0, 4.627356598475732e-06, 1e-05, 1e-05, 0.01, 0.01, 0.01, 0.01, -255
0.11600000000000002 0.043000000000000003, 0.0 0.0, 0.0 0.0, 0.0 0.0, 1.156839149618933, 0.0, 216106.1026352289, 0.0, 0.0, 0.0, 0, 0.23300970873786409, 0, 0.7669902912621359, 0, 0.0, 0, 4.627356598475732e-06, 1e-05, 1e-05, 0.01, 0.01, 0.01, 0.01, -255
0.11600000000000002 0.043000000000000003, 0.0 0.0, 0.0 0.0, 0.0 0.0, 1.156839149618933, 0.0, 216106.1026352289, 0.0, 0.0, 0.0, 0, 0.23300970873786409, 0, 0.7669902912621359, 0, 0.0, 0, 4.627356598475732e-06, 1e-05, 1e-05, 0.01, 0.01, 0.01, 0.01, -255
0.11600000000000002 0.043000000000000003, 0.0 0.0, 0.0 0.0, 0.0 0.0, 1.156839149618933, 0.0, 216106.1026352289, 0.0, 0.0, 0.0, 0, 0.23300970873786409, 0, 0.7669902912621359, 0, 0.0, 0, 4.627356598475732e-06, 1e-05, 1e-05, 0.01, 0.01, 0.01, 0.01, -255
0.11600000000000002 0.043000000000000003, 0.0 0.0, 0.0 0.0, 0.0 0.0, 1.156839149618933, 0.0, 216106.1026352289, 0.0, 0.0, 0.0, 0, 0.23300970873786409, 0, 0.7669902912621359, 0, 0.0, 0, 4.627356598475732e-06, 1e-05, 1e-05, 0.01, 0.01, 0.01, 0.01, -255
0.11600000000000002 0.043000000000000003, 0.0 0.0, 0.0 0.0, 0.0 0.0, 1.156839149618933, 0.0, 216106.1026352289, 0.0, 0.0, 0.0, 0, 0.23300970873786409, 0, 0.7669902912621359, 0, 0.0, 0, 4.627356598475732e-06, 1e-05, 1e-05, 0.01, 0.01, 0.01, 0.01, -255
0.11600000000000002 0.043000000000000003, 0.0 0.0, 0.0 0.0, 0.0 0.0, 1.156839149618933, 0.0, 216106.1026352289, 0.0, 0.0, 0.0, 0, 0.23300970873786409, 0, 0.7669902912621359, 0, 0.0, 0, 4.627356598475732e-06, 1e-05, 1e-05, 0.01, 0.01, 0.01, 0.01, -255
0.11600000000000002 0.043000000000000003, 0.0 0.0, 0.0 0.0, 0.0 0.0, 1.156839149618933, 0.0, 216106.1026352289, 0.0, 0.0, 0.0, 0, 0.23300970873786409, 0, 0.7669902912621359, 0, 0.0, 0, 4.627356598475732e-06, 1e-05, 1e-05, 0.01, 0.01, 0.01, 0.01, -255
0.11600000000000002 0.043000000000000003, 0.0 0.0, 0.0 0.0, 0.0 0.0, 1.156839149618933, 0.0, 216106.1026352289, 0.0, 0.0, 0.0, 0, 0.23300970873786409, 0, 0.7669902912621359, 0, 0.0, 0, 4.627356598475732e-06, 1e-05, 1e-05, 0.01, 0.01, 0.01, 0.01, -255
0.11600000000000002 0.043000000000000003, 0.0 0.0, 0.0 0.0, 0.0 0.0, 1.156839149618933, 0.0, 216106.1026352289, 0.0, 0.0, 0.0, 0, 0.23300970873786409, 0, 0.7669902912621359, 0, 0.0, 0, 4.627356598475732e-06, 1e-05, 1e-05, 0.01, 0.01, 0.01, 0.01, -255
0.11600000000000002 0.043000000000000003, 0.0 0.0, 0.0 0.0, 0.0 0.0, 1.156839149618933, 0.0, 216106.1026352289, 0.0, 0.0, 0.0, 0, 0.23300970873786409, 0, 0.7669902912621359, 0, 0.0, 0, 4.627356598475732e-06, 1e-05, 1e-05, 0.01, 0.01, 0.01, 0.01, -255
0.11600000000000002 0.043000000000000003, 0.0 0.0, 0.0 0.0, 0.0 0.0, 1.156839149618933, 0.0, 216106.1026352289, 0.0, 0.0, 0.0, 0, 0.23300970873786409, 0, 0.7669902912621359, 0, 0.0, 0, 4.627356598475732e-06, 1e-05, 1e-05, 0.01, 0.01, 0.01, 0.01, -255
0.11600000000000002 0.043000000000000003, 0.0 0.0, 0.0 0.0, 0.0 0.0, 1.156839149618933, 0.0, 216106.1026352289, 0.0, 0.0, 0.0, 0, 0.23300970873786409, 0, 0.7669902912621359, 0, 0.0, 0, 4.627356598475732e-06, 1e-05, 1e-05, 0.01, 0.01, 0.01, 0.01, -255
0.11600000000000002 0.043000000000000003, 0.0 0.0, 0.0 0.0, 0.0 0.0, 1.156839149618933, 0.0, 216106.1026352289, 0.0, 0.0, 0.0, 0, 0.23300970873786409, 0, 0.7669902912621359, 0, 0.0, 0, 4.627356598475732e-06, 1e-05, 1e-05, 0.01, 0.01, 0.01, 0.01, -255
0.11600000000000002 0.043000000000000003, 0.0 0.0, 0.0 0.0, 0.0 0.0, 1.156839149618933, 0.0, 216106.1026352289, 0.0, 0.0, 0.0, 0, 0.23300970873786409, 0, 0.7669902912621359, 0, 0.0, 0, 4.627356598475732e-06, 1e-05, 1e-05, 0.01, 0.01, 0.01, 0.01, -255
0.11600000000000002 0.043000000000000003, 0.0 0.0, 0.0 0.0, 0.0 0.0, 1.156839149618933, 0.0, 216106.1026352289, 0.0, 0.0, 0.0, 0, 0.23300970873786409, 0, 0.7669902912621359, 0, 0.0, 0, 4.627356598475732e-06, 1e-05, 1e-05, 0.01, 0.01, 0.01, 0.01, -255
0.11600000000000002 0.043000000000000003, 0.0 0.0, 0.0 0.0, 0.0 0.0, 1.156839149618933, 0.0, 216106.1026352289, 0.0, 0.0, 0.0, 0, 0.23300970873786409, 0, 0.7669902912621359, 0, 0.0, 0, 4.627356598475732e-06, 1e-05, 1e-05, 0.01, 0.01, 0.01, 0.01, -255
0.11600000000000002 0.043000000000000003, 0.0 0.0, 0.0 0.0, 0.0 0.0, 1.156839149618933, 0.0, 216106.1026352289, 0.0, 0.0, 0.0, 0, 0.23300970873786409, 0, 0.7669902912621359, 0, 0.0, 0, 4.627356598475732e-06, 1e-05, 1e-05, 0.01, 0.01, 0.01, 0.01, -255
0.11600000000000002 0.043000000000000003, 0.0 0.0, 0.0 0.0, 0.0 0.0, 1.156839149618933, 0.0, 216106.1026352289, 0.0, 0.0, 0.0, 0, 0.23300970873786409, 0, 0.7669902912621359, 0, 0.0, 0, 4.627356598475732e-06, 1e-05, 1e-05, 0.01, 0.01, 0.01, 0.01, -255
0.11600000000000002 0.043000000000000003, 0.0 0.0, 0.0 0.0, 0.0 0.0, 1.156839149618933, 0.0, 216106.1026352289, 0.0, 0.0, 0.0, 0, 0.23300970873786409, 0, 0.7669902912621359, 0, 0.0, 0, 4.627356598475732e-06, 1e-05, 1e-05, 0.01, 0.01, 0.01, 0.01, -255
0.11600000000000002 0.043000000000000003, 0.0 0.0, 0.0 0.0, 0.0 0.0, 1.156839149618933, 0.0, 216106.1026352289, 0.0, 0.0, 0.0, 0, 0.23300970873786409, 0, 0.7669902912621359, 0, 0.0, 0, 4.627356598475732e-06, 1e-05, 1e-05, 0.01, 0.01, 0.01, 0.01, -255
0.11600000000000002 0.043000000000000003, 0.0 0.0, 0.0 0.0, 0.0 0.0, 1.156839149618933, 0.0, 216106.1026352289, 0.0, 0.0, 0.0, 0, 0.23300970873786409, 0, 0.7669902912621359, 0, 0.0, 0, 4.627356598475732e-06, 1e-05, 1e-05, 0.01, 0.01, 0.01, 0.01, -255
0.11600000000000002 0.043000000000000003, 0.0 0.0, 0.0 0.0, 0.0 0.0, 1.156839149618933, 0.0, 216106.1026352289, 0.0, 0.0, 0.0, 0, 0.23300970873786409, 0, 0.7669902912621359, 0, 0.0, 0, 4.627356598475732e-06, 1e-05, 1e-05, 0.01, 0.01, 0.01, 0.01, -255
0.11600000000000002 0.043000000000000003, 0.0 0.0, 0.0 0.0, 0.0 0.0, 1.156839149618933, 0.0, 216106.1026352289, 0.0, 0.0, 0.0, 0, 0.23300970873786409, 0, 0.7669902912621359, 0, 0.0, 0, 4.627356598475732e-06, 1e-05, 1e-05, 0.01, 0.01, 0.01, 0.01, -255
0.11600000000000002 0.043000000000000003, 0.0 0.0, 0.0 0.0, 0.0 0.0, 1.156839149618933, 0.0, 216106.1026352289, 0.0, 0.0, 0.0, 0, 0.23300970873786409, 0, 0.7669902912621359, 0, 0.0, 0, 4.627356598475732e-06, 1e-05, 1e-05, 0.01, 0.01, 0.01, 0.01, -255
0.11600000000000002 0.043000000000000003, 0.0 0.0, 0.0 0.0, 0.0 0.0, 1.156839149618933, 0.0, 216106.1026352289, 0.0, 0.0, 0.0, 0, 0.23300970873786409, 0, 0.7669902912621359, 0, 0.0, 0, 4.627356598475732e-06, 1e-05, 1e-05, 0.01, 0.01, 0.01, 0.01, -255
0.11600000000000002 0.043000000000000003, 0.0 0.0, 0.0 0.0, 0.0 0.0, 1.156839149618933, 0.0, 216106.1026352289, 0.0, 0.0, 0.0, 0, 0.23300970873786409, 0, 0.7669902912621359, 0, 0.0, 0, 4.627356598475732e-06, 1e-05, 1e-05, 0.01, 0.01, 0.01, 0.01, -255
0.11600000000000002 0.043000000000000003, 0.0 0.0, 0.0 0.0, 0.0 0.0, 1.156839149618933, 0.0, 216106.1026352289, 0.0, 0.0, 0.0, 0, 0.23300970873786409, 0, 0.7669902912621359, 0, 0.0, 0, 4.627356598475732e-06, 1e-05, 1e-05, 0.01, 0.01, 0.01, 0.01, -255
0.11600000000000002 0.043000000000000003, 0.0 0.0, 0.0 0.0, 0.0 0.0, 1.156839149618933, 0.0, 216106.1026352289, 0.0, 0.0, 0.0, 0, 0.23300970873786409, 0, 0.7669902912621359, 0, 0.0, 0, 4.627356598475732e-06, 1e-05, 1e-05, 0.01, 0.01, 0.01, 0.01, -255
0.11600000000000002 0.043000000000000003, 0.0 0.0, 0.0 0.0, 0.0 0.0, 1.156839149618933, 0.0, 216106.1026352289, 0.0, 0.0, 0.0, 0, 0.23300970873786409, 0, 0.7669902912621359, 0, 0.0, 0, 4.627356598475732e-06, 1e-05, 1e-05, 0.01, 0.01, 0.01, 0.01, -255
0.11600000000000002 0.043000000000000003, 0.0 0.0, 0.0 0.0, 0.0 0.0, 1.156839149618933, 0.0, 216106.1026352289, 0.0, 0.0, 0.0, 0, 0.23300970873786409, 0, 0.7669902912621359, 0, 0.0, 0, 4.627356598475732e-06, 1e-05, 1e-05, 0.01, 0.01, 0.01, 0.01, -255
0.11600000000000002 0.043000000000000003, 0.0 0.0, 0.0 0.0, 0.0 0.0, 1.156839149618933, 0.0, 216106.1026352289, 0.0, 0.0, 0.0, 0, 0.23300970873786409, 0, 0.7669902912621359, 0, 0.0, 0, 4.627356598475732e-06, 1e-05, 1e-05, 0.01, 0.01, 0.01, 0.01, -255
0.11600000000000002 0.043000000000000003, 0.0 0.0, 0.0 0.0, 0.0 0.0, 1.156839149618933, 0.0, 216106.1026352289, 0.0, 0.0, 0.0, 0, 0.23300970873786409, 0, 0.7669902912621359, 0, 0.0, 0, 4.627356598475732e-06, 1e-05, 1e-05, 0.01, 0.01, 0.01, 0.01, -255
0.11600000000000002 0.043000000000000003, 0.0 0.0, 0.0 0.0, 0.0 0.0, 1.156839149618933, 0.0, 216106.1026352289, 0.0, 0.0, 0.0, 0, 0.23300970873786409, 0, 0.7669902912621359, 0, 0.0, 0, 4.627356598475732e-06, 1e-05, 1e-05, 0.01, 0.01, 0.01, 0.01, -255
0.11600000000000002 0.043000000000000003, 0.0 0.0, 0.0 0.0, 0.0 0.0, 1.156839149618933, 0.0, 216106.1026352289, 0.0, 0.0, 0.0, 0, 0.23300970873786409, 0, 0.7669902912621359, 0, 0.0, 0, 4.627356598475732e-06, 1e-05, 1e-05, 0.01, 0.01, 0.01, 0.01, -255
0.11600000000000002 0.043000000000000003, 0.0 0.0, 0.0 0.0, 0.0 0.0, 1.156839149618933, 0.0, 216106.1026352289, 0.0, 0.0, 0.0, 0, 0.23300970873786409, 0, 0.7669902912621359, 0, 0.0, 0, 4.627356598475732e-06, 1e-05, 1e-05, 0.01, 0.01, 0.01, 0.01, -255
0.11600000000000002 0.043000000000000003, 0.0 0.0, 0.0 0.0, 0.0 0.0, 1.156839149618933, 0.0, 216106.1026352289, 0.0, 0.0, 0.0, 0, 0.23300970873786409, 0, 0.7669902912621359, 0, 0.0, 0, 4.627356598475732e-06, 1e-05, 1e-05, 0.01, 0.01, 0.01, 0.01, -255
0.11600000000000002 0.043000000000000003, 0.0 0.0, 0.0 0.0, 0.0 0.0, 1.156839149618933, 0.0, 216106.1026352289, 0.0, 0.0, 0.0, 0, 0.23300970873786409, 0, 0.7669902912621359, 0, 0.0, 0, 4.627356598475732e-06, 1e-05, 1e-05, 0.01, 0.01, 0.01, 0.01, -255
0.11600000000000002 0.043000000000000003, 0.0 0.0, 0.0 0.0, 0.0 0.0, 1.156839149618933, 0.0, 216106.1026352289, 0.0, 0.0, 0.0, 0, 0.23300970873786409, 0, 0.7669902912621359, 0, 0.0, 0, 4.627356598475732e-06, 1e-05, 1e-05, 0.01, 0.01, 0.01, 0.01, -255
0.11600000000000002 0.043000000000000003, 0.0 0.0, 0.0 0.0, 0.0 0.0, 1.156839149618933, 0.0, 216106.1026352289, 0.0, 0.0, 0.0, 0, 0.23300970873786409, 0, 0.7669902912621359, 0, 0.0, 0, 4.627356598475732e-06, 1e-05, 1e-05, 0.01, 0.01, 0.01, 0.01, -255
0.11600000000000002 0.043000000000000003, 0.0 0.0, 0.0 0.0, 0.0 0.0, 1.156839149618933, 0.0, 216106.1026352289, 0.0, 0.0, 0.0, 0, 0.23300970873786409, 0, 0.7669902912621359, 0, 0.0, 0, 4.627356598475732e-06, 1e-05, 1e-05, 0.01, 0.01, 0.01, 0.01, -255
0.11600000000000002 0.043000000000000003, 0.0 0.0, 0.0 0.0, 0.0 0.0, 1.156839149618933, 0.0, 216106.1026352289, 0.0, 0.0, 0.0, 0, 0.23300970873786409, 0, 0.7669902912621359, 0, 0.0, 0, 4.627356598475732e-06, 1e-05, 1e-05, 0.01, 0.01, 0.01, 0.01, -255
0.11600000000000002 0.043000000000000003, 0.0 0.0, 0.0 0.0, 0.0 0.0, 1.156839149618933, 0.0, 216106.1026352289, 0.0, 0.0, 0.0, 0, 0.23300970873786409, 0, 0.7669902912621359, 0, 0.0, 0, 4.627356598475732e-06, 1e-05, 1e-05, 0.01, 0.01, 0.01, 0.01, -255
0.11600000000000002 0.043000000000000003, 0.0 0.0, 0.0 0.0, 0.0 0.0, 1.156839149618933, 0.0, 216106.1026352289, 0.0, 0.0, 0.0, 0, 0.23300970873786409, 0, 0.7669902912621359, 0, 0.0, 0, 4.627356598475732e-06, 1e-05, 1e-05, 0.01, 0.01, 0.01, 0.01, -255
0.11600000000000002 0.043000000000000003, 0.0 0.0, 0.0 0.0, 0.0 0.0, 1.156839149618933, 0.0, 216106.1026352289, 0.0, 0.0, 0.0, 0, 0.23300970873786409, 0, 0.7669902912621359, 0, 0.0, 0, 4.627356598475732e-06, 1e-05, 1e-05, 0.01, 0.01, 0.01, 0.01, -255
0.11600000000000002 0.043000000000000003, 0.0 0.0, 0.0 0.0, 0.0 0.0, 1.156839149618933, 0.0, 216106.1026352289, 0.0, 0.0, 0.0, 0, 0.23300970873786409, 0, 0.7669902912621359, 0, 0.0, 0, 4.627356598475732e-06, 1e-05, 1e-05, 0.01, 0.01, 0.01, 0.01, -255
0.11600000000000002 0.043000000000000003, 0.0 0.0, 0.0 0.0, 0.0 0.0, 1.156839149618933, 0.0, 216106.1026352289, 0.0, 0.0, 0.0, 0, 0.23300970873786409, 0, 0.7669902912621359, 0, 0.0, 0, 4.627356598475732e-06, 1e-05, 1e-05, 0.01, 0.01, 0.01, 0.01, -255
0.11600000000000002 0.043000000000000003, 0.0 0.0, 0.0 0.0, 0.0 0.0, 1.156839149618933, 0.0, 216106.1026352289, 0.0, 0.0, 0.0, 0, 0.23300970873786409, 0, 0.7669902912621359, 0, 0.0, 0, 4.627356598475732e-06, 1e-05, 1e-05, 0.01, 0.01, 0.01, 0.01, -255
0.11600000000000002 0.043000000000000003, 0.0 0.0, 0.0 0.0, 0.0 0.0, 1.156839149618933, 0.0, 216106.1026352289, 0.0, 0.0, 0.0, 0, 0.23300970873786409, 0, 0.7669902912621359, 0, 0.0, 0, 4.627356598475732e-06, 1e-05, 1e-05, 0.01, 0.01, 0.01, 0.01, -255
0.11600000000000002 0.043000000000000003, 0.0 0.0, 0.0 0.0, 0.0 0.0, 1.156839149618933, 0.0, 216106.1026352289, 0.0, 0.0, 0.0, 0, 0.23300970873786409, 0, 0.7669902912621359, 0, 0.0, 0, 4.627356598475732e-06, 1e-05, 1e-05, 0.01, 0.01, 0.01, 0.01, -255
0.11600000000000002 0.043000000000000003, 0.0 0.0, 0.0 0.0, 0.0 0.0, 1.156839149618933, 0.0, 216106.1026352289, 0.0, 0.0, 0.0, 0, 0.23300970873786409, 0, 0.7669902912621359, 0, 0.0, 0, 4.627356598475732e-06, 1e-05, 1e-05, 0.01, 0.01, 0.01, 0.01, -255
0.11600000000000002 0.043000000000000003, 0.0 0.0, 0.0 0.0, 0.0 0.0, 1.156839149618933, 0.0, 216106.1026352289, 0.0, 0.0, 0.0, 0, 0.23300970873786409, 0, 0.7669902912621359, 0, 0.0, 0, 4.627356598475732e-06, 1e-05, 1e-05, 0.01, 0.01, 0.01, 0.01, -255
0.11600000000000002 0.043000000000000003, 0.0 0.0, 0.0 0.0, 0.0 0.0, 1.156839149618933, 0.0, 216106.1026352289, 0.0, 0.0, 0.0, 0, 0.23300970873786409, 0, 0.7669902912621359, 0, 0.0, 0, 4.627356598475732e-06, 1e-05, 1e-05, 0.01, 0.01, 0.01, 0.01, -255
0.11600000000000002 0.043000000000000003, 0.0 0.0, 0.0 0.0, 0.0 0.0, 1.156839149618933, 0.0, 216106.1026352289, 0.0, 0.0, 0.0, 0, 0.23300970873786409, 0, 0.7669902912621359, 0, 0.0, 0, 4.627356598475732e-06, 1e-05, 1e-05, 0.01, 0.01, 0.01, 0.01, -255
0.11600000000000002 0.043000000000000003, 0.0 0.0, 0.0 0.0, 0.0 0.0, 1.156839149618933, 0.0, 216106.1026352289, 0.0, 0.0, 0.0, 0, 0.23300970873786409, 0, 0.7669902912621359, 0, 0.0, 0, 4.627356598475732e-06, 1e-05, 1e-05, 0.01, 0.01, 0.01, 0.01, -255
0.11600000000000002 0.043000000000000003, 0.0 0.0, 0.0 0.0, 0.0 0.0, 1.156839149618933, 0.0, 216106.1026352289, 0.0, 0.0, 0.0, 0, 0.23300970873786409, 0, 0.7669902912621359, 0, 0.0, 0, 4.627356598475732e-06, 1e-05, 1e-05, 0.01, 0.01, 0.01, 0.01, -255
0.11600000000000002 0.043000000000000003, 0.0 0.0, 0.0 0.0, 0.0 0.0, 1.156839149618933, 0.0, 216106.1026352289, 0.0, 0.0, 0.0, 0, 0.23300970873786409, 0, 0.7669902912621359, 0, 0.0, 0, 4.627356598475732e-06, 1e-05, 1e-05, 0.01, 0.01, 0.01, 0.01, -255
0.11600000000000002 0.043000000000000003, 0.0 0.0, 0.0 0.0, 0.0 0.0, 1.156839149618933, 0.0, 216106.1026352289, 0.0, 0.0, 0.0, 0, 0.23300970873786409, 0, 0.7669902912621359, 0, 0.0, 0, 4.627356598475732e-06, 1e-05, 1e-05, 0.01, 0.01, 0.01, 0.01, -255
0.11600000000000002 0.043000000000000003, 0.0 0.0, 0.0 0.0, 0.0 0.0, 1.156839149618933, 0.0, 216106.1026352289, 0.0, 0.0, 0.0, 0, 0.23300970873786409, 0, 0.7669902912621359, 0, 0.0, 0, 4.627356598475732e-06, 1e-05, 1e-05, 0.01, 0.01, 0.01, 0.01, -255
0.11600000000000002 0.043000000000000003, 0.0 0.0, 0.0 0.0, 0.0 0.0, 1.156839149618933, 0.0, 216106.1026352289, 0.0, 0.0, 0.0, 0, 0.23300970873786409, 0, 0.7669902912621359, 0, 0.0, 0, 4.627356598475732e-06, 1e-05, 1e-05, 0.01, 0.01, 0.01, 0.01, -255
0.11600000000000002 0.043000000000000003, 0.0 0.0, 0.0 0.0, 0.0 0.0, 1.156839149618933, 0.0, 216106.1026352289, 0.0, 0.0, 0.0, 0, 0.23300970873786409, 0, 0.7669902912621359, 0, 0.0, 0, 4.627356598475732e-06, 1e-05, 1e-05, 0.01, 0.01, 0.01, 0.01, -255
0.11600000000000002 0.043000000000000003, 0.0 0.0, 0.0 0.0, 0.0 0.0, 1.156839149618933, 0.0, 216106.1026352289, 0.0, 0.0, 0.0, 0, 0.23300970873786409, 0, 0.7669902912621359, 0, 0.0, 0, 4.627356598475732e-06, 1e-05, 1e-05, 0.01, 0.01, 0.01, 0.01, -255
0.11600000000000002 0.043000000000000003, 0.0 0.0, 0.0 0.0, 0.0 0.0, 1.156839149618933, 0.0, 216106.1026352289, 0.0, 0.0, 0.0, 0, 0.23300970873786409, 0, 0.7669902912621359, 0, 0.0, 0, 4.627356598475732e-06, 1e-05, 1e-05, 0.01, 0.01, 0.01, 0.01, -255
0.11600000000000002 0.043000000000000003, 0.0 0.0, 0.0 0.0, 0.0 0.0, 1.156839149618933, 0.0, 216106.1026352289, 0.0, 0.0, 0.0, 0, 0.23300970873786409, 0, 0.7669902912621359, 0, 0.0, 0, 4.627356598475732e-06, 1e-05, 1e-05, 0.01, 0.01, 0.01, 0.01, -255
0.11600000000000002 0.043000000000000003, 0.0 0.0, 0.0 0.0, 0.0 0.0, 1.156839149618933, 0.0, 216106.1026352289, 0.0, 0.0, 0.0, 0, 0.23300970873786409, 0, 0.7669902912621359, 0, 0.0, 0, 4.627356598475732e-06, 1e-05, 1e-05, 0.01, 0.01, 0.01, 0.01, -255
0.11600000000000002 0.043000000000000003, 0.0 0.0, 0.0 0.0, 0.0 0.0, 1.156839149618933, 0.0, 216106.1026352289, 0.0, 0.0, 0.0, 0, 0.23300970873786409, 0, 0.7669902912621359, 0, 0.0, 0, 4.627356598475732e-06, 1e-05, 1e-05, 0.01, 0.01, 0.01, 0.01, -255
0.11600000000000002 0.043000000000000003, 0.0 0.0, 0.0 0.0, 0.0 0.0, 1.156839149618933, 0.0, 216106.1026352289, 0.0, 0.0, 0.0, 0, 0.23300970873786409, 0, 0.7669902912621359, 0, 0.0, 0, 4.627356598475732e-06, 1e-05, 1e-05, 0.01, 0.01, 0.01, 0.01, -255
0.11600000000000002 0.043000000000000003, 0.0 0.0, 0.0 0.0, 0.0 0.0, 1.156839149618933, 0.0, 216106.1026352289, 0.0, 0.0, 0.0, 0, 0.23300970873786409, 0, 0.7669902912621359, 0, 0.0, 0, 4.627356598475732e-06, 1e-05, 1e-05, 0.01, 0.01, 0.01, 0.01, -255
0.11600000000000002 0.043000000000000003, 0.0 0.0, 0.0 0.0, 0.0 0.0, 1.156839149618933, 0.0, 216106.1026352289, 0.0, 0.0, 0.0, 0, 0.23300970873786409, 0, 0.7669902912621359, 0, 0.0, 0, 4.627356598475732e-06, 1e-05, 1e-05, 0.01, 0.01, 0.01, 0.01, -255
0.11600000000000002 0.043000000000000003, 0.0 0.0, 0.0 0.0, 0.0 0.0, 1.156839149618933, 0.0, 216106.1026352289, 0.0, 0.0, 0.0, 0, 0.23300970873786409, 0, 0.7669902912621359, 0, 0.0, 0, 4.627356598475732e-06, 1e-05, 1e-05, 0.01, 0.01, 0.01, 0.01, -255
0.11600000000000002 0.043000000000000003, 0.0 0.0, 0.0 0.0, 0.0 0.0, 1.156839149618933, 0.0, 216106.1026352289, 0.0, 0.0, 0.0, 0, 0.23300970873786409, 0, 0.7669902912621359, 0, 0.0, 0, 4.627356598475732e-06, 1e-05, 1e-05, 0.01, 0.01, 0.01, 0.01, -255
0.11600000000000002 0.043000000000000003, 0.0 0.0, 0.0 0.0, 0.0 0.0, 1.156839149618933, 0.0, 216106.1026352289, 0.0, 0.0, 0.0, 0, 0.23300970873786409, 0, 0.7669902912621359, 0, 0.0, 0, 4.627356598475732e-06, 1e-05, 1e-05, 0.01, 0.01, 0.01, 0.01, -255
0.11600000000000002 0.043000000000000003, 0.0 0.0, 0.0 0.0, 0.0 0.0, 1.156839149618933, 0.0, 216106.1026352289, 0.0, 0.0, 0.0, 0, 0.23300970873786409, 0, 0.7669902912621359, 0, 0.0, 0, 4.627356598475732e-06, 1e-05, 1e-05, 0.01, 0.01, 0.01, 0.01, -255
0.11600000000000002 0.043000000000000003, 0.0 0.0, 0.0 0.0, 0.0 0.0, 1.156839149618933, 0.0, 216106.1026352289, 0.0, 0.0, 0.0, 0, 0.23300970873786409, 0, 0.7669902912621359, 0, 0.0, 0, 4.627356598475732e-06, 1e-05, 1e-05, 0.01, 0.01, 0.01, 0.01, -255
0.11600000000000002 0.043000000000000003, 0.0 0.0, 0.0 0.0, 0.0 0.0, 1.156839149618933, 0.0, 216106.1026352289, 0.0, 0.0, 0.0, 0, 0.23300970873786409, 0, 0.7669902912621359, 0, 0.0, 0, 4.627356598475732e-06, 1e-05, 1e-05, 0.01, 0.01, 0.01, 0.01, -255
0.11600000000000002 0.043000000000000003, 0.0 0.0, 0.0 0.0, 0.0 0.0, 1.156839149618933, 0.0, 216106.1026352289, 0.0, 0.0, 0.0, 0, 0.23300970873786409, 0, 0.7669902912621359, 0, 0.0, 0, 4.627356598475732e-06, 1e-05, 1e-05, 0.01, 0.01, 0.01, 0.01, -255
0.11600000000000002 0.043000000000000003, 0.0 0.0, 0.0 0.0, 0.0 0.0, 1.156839149618933, 0.0, 216106.1026352289, 0.0, 0.0, 0.0, 0, 0.23300970873786409, 0, 0.7669902912621359, 0, 0.0, 0, 4.627356598475732e-06, 1e-05, 1e-05, 0.01, 0.01, 0.01, 0.01, -255
0.11600000000000002 0.043000000000000003, 0.0 0.0, 0.0 0.0, 0.0 0.0, 1.156839149618933, 0.0, 216106.1026352289, 0.0, 0.0, 0.0, 0, 0.23300970873786409, 0, 0.7669902912621359, 0, 0.0, 0, 4.627356598475732e-06, 1e-05, 1e-05, 0.01, 0.01, 0.01, 0.01, -255
0.11600000000000002 0.043000000000000003, 0.0 0.0, 0.0 0.0, 0.0 0.0, 1.156839149618933, 0.0, 216106.1026352289, 0.0, 0.0, 0.0, 0, 0.23300970873786409, 0, 0.7669902912621359, 0, 0.0, 0, 4.627356598475732e-06, 1e-05, 1e-05, 0.01, 0.01, 0.01, 0.01, -255
0.11600000000000002 0.043000000000000003, 0.0 0.0, 0.0 0.0, 0.0 0.0, 1.156839149618933, 0.0, 216106.1026352289, 0.0, 0.0, 0.0, 0, 0.23300970873786409, 0, 0.7669902912621359, 0, 0.0, 0, 4.627356598475732e-06, 1e-05, 1e-05, 0.01, 0.01, 0.01, 0.01, -255
0.11600000000000002 0.043000000000000003, 0.0 0.0, 0.0 0.0, 0.0 0.0, 1.156839149618933, 0.0, 216106.1026352289, 0.0, 0.0, 0.0, 0, 0.23300970873786409, 0, 0.7669902912621359, 0, 0.0, 0, 4.627356598475732e-06, 1e-05, 1e-05, 0.01, 0.01, 0.01, 0.01, -255
0.11600000000000002 0.043000000000000003, 0.0 0.0, 0.0 0.0, 0.0 0.0, 1.156839149618933, 0.0, 216106.1026352289, 0.0, 0.0, 0.0, 0, 0.23300970873786409, 0, 0.7669902912621359, 0, 0.0, 0, 4.627356598475732e-06, 1e-05, 1e-05, 0.01, 0.01, 0.01, 0.01, -255
0.11600000000000002 0.043000000000000003, 0.0 0.0, 0.0 0.0, 0.0 0.0, 1.156839149618933, 0.0, 216106.1026352289, 0.0, 0.0, 0.0, 0, 0.23300970873786409, 0, 0.7669902912621359, 0, 0.0, 0, 4.627356598475732e-06, 1e-05, 1e-05, 0.01, 0.01, 0.01, 0.01, -255
0.11600000000000002 0.043000000000000003, 0.0 0.0, 0.0 0.0, 0.0 0.0, 1.156839149618933, 0.0, 216106.1026352289, 0.0, 0.0, 0.0, 0, 0.23300970873786409, 0, 0.7669902912621359, 0, 0.0, 0, 4.627356598475732e-06, 1e-05, 1e-05, 0.01, 0.01, 0.01, 0.01, -255
0.11600000000000002 0.043000000000000003, 0.0 0.0, 0.0 0.0, 0.0 0.0, 1.156839149618933, 0.0, 216106.1026352289, 0.0, 0.0, 0.0, 0, 0.23300970873786409, 0, 0.7669902912621359, 0, 0.0, 0, 4.627356598475732e-06, 1e-05, 1e-05, 0.01, 0.01, 0.01, 0.01, -255
0.11600000000000002 0.043000000000000003, 0.0 0.0, 0.0 0.0, 0.0 0.0, 1.156839149618933, 0.0, 216106.1026352289, 0.0, 0.0, 0.0, 0, 0.23300970873786409, 0, 0.7669902912621359, 0, 0.0, 0, 4.627356598475732e-06, 1e-05, 1e-05, 0.01, 0.01, 0.01, 0.01, -255
0.11600000000000002 0.043000000000000003, 0.0 0.0, 0.0 0.0, 0.0 0.0, 1.156839149618933, 0.0, 216106.1026352289, 0.0, 0.0, 0.0, 0, 0.23300970873786409, 0, 0.7669902912621359, 0, 0.0, 0, 4.627356598475732e-06, 1e-05, 1e-05, 0.01, 0.01, 0.01, 0.01, -255
0.11600000000000002 0.043000000000000003, 0.0 0.0, 0.0 0.0, 0.0 0.0, 1.156839149618933, 0.0, 216106.1026352289, 0.0, 0.0, 0.0, 0, 0.23300970873786409, 0, 0.7669902912621359, 0, 0.0, 0, 4.627356598475732e-06, 1e-05, 1e-05, 0.01, 0.01, 0.01, 0.01, -255
0.11600000000000002 0.043000000000000003, 0.0 0.0, 0.0 0.0, 0.0 0.0, 1.156839149618933, 0.0, 216106.1026352289, 0.0, 0.0, 0.0, 0, 0.23300970873786409, 0, 0.7669902912621359, 0, 0.0, 0, 4.627356598475732e-06, 1e-05, 1e-05, 0.01, 0.01, 0.01, 0.01, -255
0.11600000000000002 0.043000000000000003, 0.0 0.0, 0.0 0.0, 0.0 0.0, 1.156839149618933, 0.0, 216106.1026352289, 0.0, 0.0, 0.0, 0, 0.23300970873786409, 0, 0.7669902912621359, 0, 0.0, 0, 4.627356598475732e-06, 1e-05, 1e-05, 0.01, 0.01, 0.01, 0.01, -255
0.11600000000000002 0.043000000000000003, 0.0 0.0, 0.0 0.0, 0.0 0.0, 1.156839149618933, 0.0, 216106.1026352289, 0.0, 0.0, 0.0, 0, 0.23300970873786409, 0, 0.7669902912621359, 0, 0.0, 0, 4.627356598475732e-06, 1e-05, 1e-05, 0.01, 0.01, 0.01, 0.01, -255
0.11600000000000002 0.043000000000000003, 0.0 0.0, 0.0 0.0, 0.0 0.0, 1.156839149618933, 0.0, 216106.1026352289, 0.0, 0.0, 0.0, 0, 0.23300970873786409, 0, 0.7669902912621359, 0, 0.0, 0, 4.627356598475732e-06, 1e-05, 1e-05, 0.01, 0.01, 0.01, 0.01, -255
0.11600000000000002 0.043000000000000003, 0.0 0.0, 0.0 0.0, 0.0 0.0, 1.156839149618933, 0.0, 216106.1026352289, 0.0, 0.0, 0.0, 0, 0.23300970873786409, 0, 0.7669902912621359, 0, 0.0, 0, 4.627356598475732e-06, 1e-05, 1e-05, 0.01, 0.01, 0.01, 0.01, -255
0.11600000000000002 0.043000000000000003, 0.0 0.0, 0.0 0.0, 0.0 0.0, 1.156839149618933, 0.0, 216106.1026352289, 0.0, 0.0, 0.0, 0, 0.23300970873786409, 0, 0.7669902912621359, 0, 0.0, 0, 4.627356598475732e-06, 1e-05, 1e-05, 0.01, 0.01, 0.01, 0.01, -255
0.11600000000000002 0.043000000000000003, 0.0 0.0, 0.0 0.0, 0.0 0.0, 1.156839149618933, 0.0, 216106.1026352289, 0.0, 0.0, 0.0, 0, 0.23300970873786409, 0, 0.7669902912621359, 0, 0.0, 0, 4.627356598475732e-06, 1e-05, 1e-05, 0.01, 0.01, 0.01, 0.01, -255
0.11600000000000002 0.043000000000000003, 0.0 0.0, 0.0 0.0, 0.0 0.0, 1.156839149618933, 0.0, 216106.1026352289, 0.0, 0.0, 0.0, 0, 0.23300970873786409, 0, 0.7669902912621359, 0, 0.0, 0, 4.627356598475732e-06, 1e-05, 1e-05, 0.01, 0.01, 0.01, 0.01, -255
0.11600000000000002 0.043000000000000003, 0.0 0.0, 0.0 0.0, 0.0 0.0, 1.156839149618933, 0.0, 216106.1026352289, 0.0, 0.0, 0.0, 0, 0.23300970873786409, 0, 0.7669902912621359, 0, 0.0, 0, 4.627356598475732e-06, 1e-05, 1e-05, 0.01, 0.01, 0.01, 0.01, -255
0.11600000000000002 0.043000000000000003, 0.0 0.0, 0.0 0.0, 0.0 0.0, 1.156839149618933, 0.0, 216106.1026352289, 0.0, 0.0, 0.0, 0, 0.23300970873786409, 0, 0.7669902912621359, 0, 0.0, 0, 4.627356598475732e-06, 1e-05, 1e-05, 0.01, 0.01, 0.01, 0.01, -255
0.11600000000000002 0.043000000000000003, 0.0 0.0, 0.0 0.0, 0.0 0.0, 1.156839149618933, 0.0, 216106.1026352289, 0.0, 0.0, 0.0, 0, 0.23300970873786409, 0, 0.7669902912621359, 0, 0.0, 0, 4.627356598475732e-06, 1e-05, 1e-05, 0.01, 0.01, 0.01, 0.01, -255
0.11600000000000002 0.043000000000000003, 0.0 0.0, 0.0 0.0, 0.0 0.0, 1.156839149618933, 0.0, 216106.1026352289, 0.0, 0.0, 0.0, 0, 0.23300970873786409, 0, 0.7669902912621359, 0, 0.0, 0, 4.627356598475732e-06, 1e-05, 1e-05, 0.01, 0.01, 0.01, 0.01, -255
0.11600000000000002 0.043000000000000003, 0.0 0.0, 0.0 0.0, 0.0 0.0, 1.156839149618933, 0.0, 216106.1026352289, 0.0, 0.0, 0.0, 0, 0.23300970873786409, 0, 0.7669902912621359, 0, 0.0, 0, 4.627356598475732e-06, 1e-05, 1e-05, 0.01, 0.01, 0.01, 0.01, -255
0.11600000000000002 0.043000000000000003, 0.0 0.0, 0.0 0.0, 0.0 0.0, 1.156839149618933, 0.0, 216106.1026352289, 0.0, 0.0, 0.0, 0, 0.23300970873786409, 0, 0.7669902912621359, 0, 0.0, 0, 4.627356598475732e-06, 1e-05, 1e-05, 0.01, 0.01, 0.01, 0.01, -255
0.11600000000000002 0.043000000000000003, 0.0 0.0, 0.0 0.0, 0.0 0.0, 1.156839149618933, 0.0, 216106.1026352289, 0.0, 0.0, 0.0, 0, 0.23300970873786409, 0, 0.7669902912621359, 0, 0.0, 0, 4.627356598475732e-06, 1e-05, 1e-05, 0.01, 0.01, 0.01, 0.01, -255
0.11600000000000002 0.043000000000000003, 0.0 0.0, 0.0 0.0, 0.0 0.0, 1.156839149618933, 0.0, 216106.1026352289, 0.0, 0.0, 0.0, 0, 0.23300970873786409, 0, 0.7669902912621359, 0, 0.0, 0, 4.627356598475732e-06, 1e-05, 1e-05, 0.01, 0.01, 0.01, 0.01, -255
0.11600000000000002 0.043000000000000003, 0.0 0.0, 0.0 0.0, 0.0 0.0, 1.156839149618933, 0.0, 216106.1026352289, 0.0, 0.0, 0.0, 0, 0.23300970873786409, 0, 0.7669902912621359, 0, 0.0, 0, 4.627356598475732e-06, 1e-05, 1e-05, 0.01, 0.01, 0.01, 0.01, -255
0.11600000000000002 0.043000000000000003, 0.0 0.0, 0.0 0.0, 0.0 0.0, 1.156839149618933, 0.0, 216106.1026352289, 0.0, 0.0, 0.0, 0, 0.23300970873786409, 0, 0.7669902912621359, 0, 0.0, 0, 4.627356598475732e-06, 1e-05, 1e-05, 0.01, 0.01, 0.01, 0.01, -255
0.11600000000000002 0.043000000000000003, 0.0 0.0, 0.0 0.0, 0.0 0.0, 1.156839149618933, 0.0, 216106.1026352289, 0.0, 0.0, 0.0, 0, 0.23300970873786409, 0, 0.7669902912621359, 0, 0.0, 0, 4.627356598475732e-06, 1e-05, 1e-05, 0.01, 0.01, 0.01, 0.01, -255
0.11600000000000002 0.043000000000000003, 0.0 0.0, 0.0 0.0, 0.0 0.0, 1.156839149618933, 0.0, 216106.1026352289, 0.0, 0.0, 0.0, 0, 0.23300970873786409, 0, 0.7669902912621359, 0, 0.0, 0, 4.627356598475732e-06, 1e-05, 1e-05, 0.01, 0.01, 0.01, 0.01, -255
0.11600000000000002 0.043000000000000003, 0.0 0.0, 0.0 0.0, 0.0 0.0, 1.156839149618933, 0.0, 216106.1026352289, 0.0, 0.0, 0.0, 0, 0.23300970873786409, 0, 0.7669902912621359, 0, 0.0, 0, 4.627356598475732e-06, 1e-05, 1e-05, 0.01, 0.01, 0.01, 0.01, -255
0.11600000000000002 0.043000000000000003, 0.0 0.0, 0.0 0.0, 0.0 0.0, 1.156839149618933, 0.0, 216106.1026352289, 0.0, 0.0, 0.0, 0, 0.23300970873786409, 0, 0.7669902912621359, 0, 0.0, 0, 4.627356598475732e-06, 1e-05, 1e-05, 0.01, 0.01, 0.01, 0.01, -255
0.11600000000000002 0.043000000000000003, 0.0 0.0, 0.0 0.0, 0.0 0.0, 1.156839149618933, 0.0, 216106.1026352289, 0.0, 0.0, 0.0, 0, 0.23300970873786409, 0, 0.7669902912621359, 0, 0.0, 0, 4.627356598475732e-06, 1e-05, 1e-05, 0.01, 0.01, 0.01, 0.01, -255
0.11600000000000002 0.043000000000000003, 0.0 0.0, 0.0 0.0, 0.0 0.0, 1.156839149618933, 0.0, 216106.1026352289, 0.0, 0.0, 0.0, 0, 0.23300970873786409, 0, 0.7669902912621359, 0, 0.0, 0, 4.627356598475732e-06, 1e-05, 1e-05, 0.01, 0.01, 0.01, 0.01, -255
0.11600000000000002 0.043000000000000003, 0.0 0.0, 0.0 0.0, 0.0 0.0, 1.156839149618933, 0.0, 216106.1026352289, 0.0, 0.0, 0.0, 0, 0.23300970873786409, 0, 0.7669902912621359, 0, 0.0, 0, 4.627356598475732e-06, 1e-05, 1e-05, 0.01, 0.01, 0.01, 0.01, -255
0.11600000000000002 0.043000000000000003, 0.0 0.0, 0.0 0.0, 0.0 0.0, 1.156839149618933, 0.0, 216106.1026352289, 0.0, 0.0, 0.0, 0, 0.23300970873786409, 0, 0.7669902912621359, 0, 0.0, 0, 4.627356598475732e-06, 1e-05, 1e-05, 0.01, 0.01, 0.01, 0.01, -255
0.11600000000000002 0.043000000000000003, 0.0 0.0, 0.0 0.0, 0.0 0.0, 1.156839149618933, 0.0, 216106.1026352289, 0.0, 0.0, 0.0, 0, 0.23300970873786409, 0, 0.7669902912621359, 0, 0.0, 0, 4.627356598475732e-06, 1e-05, 1e-05, 0.01, 0.01, 0.01, 0.01, -255
0.11600000000000002 0.043000000000000003, 0.0 0.0, 0.0 0.0, 0.0 0.0, 1.156839149618933, 0.0, 216106.1026352289, 0.0, 0.0, 0.0, 0, 0.23300970873786409, 0, 0.7669902912621359, 0, 0.0, 0, 4.627356598475732e-06, 1e-05, 1e-05, 0.01, 0.01, 0.01, 0.01, -255
0.11600000000000002 0.043000000000000003, 0.0 0.0, 0.0 0.0, 0.0 0.0, 1.156839149618933, 0.0, 216106.1026352289, 0.0, 0.0, 0.0, 0, 0.23300970873786409, 0, 0.7669902912621359, 0, 0.0, 0, 4.627356598475732e-06, 1e-05, 1e-05, 0.01, 0.01, 0.01, 0.01, -255
0.11600000000000002 0.043000000000000003, 0.0 0.0, 0.0 0.0, 0.0 0.0, 1.156839149618933, 0.0, 216106.1026352289, 0.0, 0.0, 0.0, 0, 0.23300970873786409, 0, 0.7669902912621359, 0, 0.0, 0, 4.627356598475732e-06, 1e-05, 1e-05, 0.01, 0.01, 0.01, 0.01, -255
0.11600000000000002 0.043000000000000003, 0.0 0.0, 0.0 0.0, 0.0 0.0, 1.156839149618933, 0.0, 216106.1026352289, 0.0, 0.0, 0.0, 0, 0.23300970873786409, 0, 0.7669902912621359, 0, 0.0, 0, 4.627356598475732e-06, 1e-05, 1e-05, 0.01, 0.01, 0.01, 0.01, -255
0.11600000000000002 0.043000000000000003, 0.0 0.0, 0.0 0.0, 0.0 0.0, 1.156839149618933, 0.0, 216106.1026352289, 0.0, 0.0, 0.0, 0, 0.23300970873786409, 0, 0.7669902912621359, 0, 0.0, 0, 4.627356598475732e-06, 1e-05, 1e-05, 0.01, 0.01, 0.01, 0.01, -255
0.11600000000000002 0.043000000000000003, 0.0 0.0, 0.0 0.0, 0.0 0.0, 1.156839149618933, 0.0, 216106.1026352289, 0.0, 0.0, 0.0, 0, 0.23300970873786409, 0, 0.7669902912621359, 0, 0.0, 0, 4.627356598475732e-06, 1e-05, 1e-05, 0.01, 0.01, 0.01, 0.01, -255
0.11600000000000002 0.043000000000000003, 0.0 0.0, 0.0 0.0, 0.0 0.0, 1.156839149618933, 0.0, 216106.1026352289, 0.0, 0.0, 0.0, 0, 0.23300970873786409, 0, 0.7669902912621359, 0, 0.0, 0, 4.627356598475732e-06, 1e-05, 1e-05, 0.01, 0.01, 0.01, 0.01, -255
0.11600000000000002 0.043000000000000003, 0.0 0.0, 0.0 0.0, 0.0 0.0, 1.156839149618933, 0.0, 216106.1026352289, 0.0, 0.0, 0.0, 0, 0.23300970873786409, 0, 0.7669902912621359, 0, 0.0, 0, 4.627356598475732e-06, 1e-05, 1e-05, 0.01, 0.01, 0.01, 0.01, -255
0.11600000000000002 0.043000000000000003, 0.0 0.0, 0.0 0.0, 0.0 0.0, 1.156839149618933, 0.0, 216106.1026352289, 0.0, 0.0, 0.0, 0, 0.23300970873786409, 0, 0.7669902912621359, 0, 0.0, 0, 4.627356598475732e-06, 1e-05, 1e-05, 0.01, 0.01, 0.01, 0.01, -255
0.11600000000000002 0.043000000000000003, 0.0 0.0, 0.0 0.0, 0.0 0.0, 1.156839149618933, 0.0, 216106.1026352289, 0.0, 0.0, 0.0, 0, 0.23300970873786409, 0, 0.7669902912621359, 0, 0.0, 0, 4.627356598475732e-06, 1e-05, 1e-05, 0.01, 0.01, 0.01, 0.01, -255
0.11600000000000002 0.043000000000000003, 0.0 0.0, 0.0 0.0, 0.0 0.0, 1.156839149618933, 0.0, 216106.1026352289, 0.0, 0.0, 0.0, 0, 0.23300970873786409, 0, 0.7669902912621359, 0, 0.0, 0, 4.627356598475732e-06, 1e-05, 1e-05, 0.01, 0.01, 0.01, 0.01, -255
0.11600000000000002 0.043000000000000003, 0.0 0.0, 0.0 0.0, 0.0 0.0, 1.156839149618933, 0.0, 216106.1026352289, 0.0, 0.0, 0.0, 0, 0.23300970873786409, 0, 0.7669902912621359, 0, 0.0, 0, 4.627356598475732e-06, 1e-05, 1e-05, 0.01, 0.01, 0.01, 0.01, -255
0.11600000000000002 0.043000000000000003, 0.0 0.0, 0.0 0.0, 0.0 0.0, 1.156839149618933, 0.0, 216106.1026352289, 0.0, 0.0, 0.0, 0, 0.23300970873786409, 0, 0.7669902912621359, 0, 0.0, 0, 4.627356598475732e-06, 1e-05, 1e-05, 0.01, 0.01, 0.01, 0.01, -255
0.11600000000000002 0.043000000000000003, 0.0 0.0, 0.0 0.0, 0.0 0.0, 1.156839149618933, 0.0, 216106.1026352289, 0.0, 0.0, 0.0, 0, 0.23300970873786409, 0, 0.7669902912621359, 0, 0.0, 0, 4.627356598475732e-06, 1e-05, 1e-05, 0.01, 0.01, 0.01, 0.01, -255
0.11600000000000002 0.043000000000000003, 0.0 0.0, 0.0 0.0, 0.0 0.0, 1.156839149618933, 0.0, 216106.1026352289, 0.0, 0.0, 0.0, 0, 0.23300970873786409, 0, 0.7669902912621359, 0, 0.0, 0, 4.627356598475732e-06, 1e-05, 1e-05, 0.01, 0.01, 0.01, 0.01, -255
0.11600000000000002 0.043000000000000003, 0.0 0.0, 0.0 0.0, 0.0 0.0, 1.156839149618933, 0.0, 216106.1026352289, 0.0, 0.0, 0.0, 0, 0.23300970873786409, 0, 0.7669902912621359, 0, 0.0, 0, 4.627356598475732e-06, 1e-05, 1e-05, 0.01, 0.01, 0.01, 0.01, -255
0.11600000000000002 0.043000000000000003, 0.0 0.0, 0.0 0.0, 0.0 0.0, 1.156839149618933, 0.0, 216106.1026352289, 0.0, 0.0, 0.0, 0, 0.23300970873786409, 0, 0.7669902912621359, 0, 0.0, 0, 4.627356598475732e-06, 1e-05, 1e-05, 0.01, 0.01, 0.01, 0.01, -255
0.11600000000000002 0.043000000000000003, 0.0 0.0, 0.0 0.0, 0.0 0.0, 1.156839149618933, 0.0, 216106.1026352289, 0.0, 0.0, 0.0, 0, 0.23300970873786409, 0, 0.7669902912621359, 0, 0.0, 0, 4.627356598475732e-06, 1e-05, 1e-05, 0.01, 0.01, 0.01, 0.01, -255
0.11600000000000002 0.043000000000000003, 0.0 0.0, 0.0 0.0, 0.0 0.0, 1.156839149618933, 0.0, 216106.1026352289, 0.0, 0.0, 0.0, 0, 0.23300970873786409, 0, 0.7669902912621359, 0, 0.0, 0, 4.627356598475732e-06, 1e-05, 1e-05, 0.01, 0.01, 0.01, 0.01, -255
0.11600000000000002 0.043000000000000003, 0.0 0.0, 0.0 0.0, 0.0 0.0, 1.156839149618933, 0.0, 216106.1026352289, 0.0, 0.0, 0.0, 0, 0.23300970873786409, 0, 0.7669902912621359, 0, 0.0, 0, 4.627356598475732e-06, 1e-05, 1e-05, 0.01, 0.01, 0.01, 0.01, -255
0.11600000000000002 0.043000000000000003, 0.0 0.0, 0.0 0.0, 0.0 0.0, 1.156839149618933, 0.0, 216106.1026352289, 0.0, 0.0, 0.0, 0, 0.23300970873786409, 0, 0.7669902912621359, 0, 0.0, 0, 4.627356598475732e-06, 1e-05, 1e-05, 0.01, 0.01, 0.01, 0.01, -255
0.11600000000000002 0.043000000000000003, 0.0 0.0, 0.0 0.0, 0.0 0.0, 1.156839149618933, 0.0, 216106.1026352289, 0.0, 0.0, 0.0, 0, 0.23300970873786409, 0, 0.7669902912621359, 0, 0.0, 0, 4.627356598475732e-06, 1e-05, 1e-05, 0.01, 0.01, 0.01, 0.01, -255
0.11600000000000002 0.043000000000000003, 0.0 0.0, 0.0 0.0, 0.0 0.0, 1.156839149618933, 0.0, 216106.1026352289, 0.0, 0.0, 0.0, 0, 0.23300970873786409, 0, 0.7669902912621359, 0, 0.0, 0, 4.627356598475732e-06, 1e-05, 1e-05, 0.01, 0.01, 0.01, 0.01, -255
0.11600000000000002 0.043000000000000003, 0.0 0.0, 0.0 0.0, 0.0 0.0, 1.156839149618933, 0.0, 216106.1026352289, 0.0, 0.0, 0.0, 0, 0.23300970873786409, 0, 0.7669902912621359, 0, 0.0, 0, 4.627356598475732e-06, 1e-05, 1e-05, 0.01, 0.01, 0.01, 0.01, -255
0.11600000000000002 0.043000000000000003, 0.0 0.0, 0.0 0.0, 0.0 0.0, 1.156839149618933, 0.0, 216106.1026352289, 0.0, 0.0, 0.0, 0, 0.23300970873786409, 0, 0.7669902912621359, 0, 0.0, 0, 4.627356598475732e-06, 1e-05, 1e-05, 0.01, 0.01, 0.01, 0.01, -255
0.11600000000000002 0.043000000000000003, 0.0 0.0, 0.0 0.0, 0.0 0.0, 1.156839149618933, 0.0, 216106.1026352289, 0.0, 0.0, 0.0, 0, 0.23300970873786409, 0, 0.7669902912621359, 0, 0.0, 0, 4.627356598475732e-06, 1e-05, 1e-05, 0.01, 0.01, 0.01, 0.01, -255
0.11600000000000002 0.043000000000000003, 0.0 0.0, 0.0 0.0, 0.0 0.0, 1.156839149618933, 0.0, 216106.1026352289, 0.0, 0.0, 0.0, 0, 0.23300970873786409, 0, 0.7669902912621359, 0, 0.0, 0, 4.627356598475732e-06, 1e-05, 1e-05, 0.01, 0.01, 0.01, 0.01, -255
0.11600000000000002 0.043000000000000003, 0.0 0.0, 0.0 0.0, 0.0 0.0, 1.156839149618933, 0.0, 216106.1026352289, 0.0, 0.0, 0.0, 0, 0.23300970873786409, 0, 0.7669902912621359, 0, 0.0, 0, 4.627356598475732e-06, 1e-05, 1e-05, 0.01, 0.01, 0.01, 0.01, -255
0.11600000000000002 0.043000000000000003, 0.0 0.0, 0.0 0.0, 0.0 0.0, 1.156839149618933, 0.0, 216106.1026352289, 0.0, 0.0, 0.0, 0, 0.23300970873786409, 0, 0.7669902912621359, 0, 0.0, 0, 4.627356598475732e-06, 1e-05, 1e-05, 0.01, 0.01, 0.01, 0.01, -255
0.11600000000000002 0.043000000000000003, 0.0 0.0, 0.0 0.0, 0.0 0.0, 1.156839149618933, 0.0, 216106.1026352289, 0.0, 0.0, 0.0, 0, 0.23300970873786409, 0, 0.7669902912621359, 0, 0.0, 0, 4.627356598475732e-06, 1e-05, 1e-05, 0.01, 0.01, 0.01, 0.01, -255
0.11600000000000002 0.043000000000000003, 0.0 0.0, 0.0 0.0, 0.0 0.0, 1.156839149618933, 0.0, 216106.1026352289, 0.0, 0.0, 0.0, 0, 0.23300970873786409, 0, 0.7669902912621359, 0, 0.0, 0, 4.627356598475732e-06, 1e-05, 1e-05, 0.01, 0.01, 0.01, 0.01, -255
0.11600000000000002 0.043000000000000003, 0.0 0.0, 0.0 0.0, 0.0 0.0, 1.156839149618933, 0.0, 216106.1026352289, 0.0, 0.0, 0.0, 0, 0.23300970873786409, 0, 0.7669902912621359, 0, 0.0, 0, 4.627356598475732e-06, 1e-05, 1e-05, 0.01, 0.01, 0.01, 0.01, -255
0.11600000000000002 0.043000000000000003, 0.0 0.0, 0.0 0.0, 0.0 0.0, 1.156839149618933, 0.0, 216106.1026352289, 0.0, 0.0, 0.0, 0, 0.23300970873786409, 0, 0.7669902912621359, 0, 0.0, 0, 4.627356598475732e-06, 1e-05, 1e-05, 0.01, 0.01, 0.01, 0.01, -255
0.11600000000000002 0.043000000000000003, 0.0 0.0, 0.0 0.0, 0.0 0.0, 1.156839149618933, 0.0, 216106.1026352289, 0.0, 0.0, 0.0, 0, 0.23300970873786409, 0, 0.7669902912621359, 0, 0.0, 0, 4.627356598475732e-06, 1e-05, 1e-05, 0.01, 0.01, 0.01, 0.01, -255
0.11600000000000002 0.043000000000000003, 0.0 0.0, 0.0 0.0, 0.0 0.0, 1.156839149618933, 0.0, 216106.1026352289, 0.0, 0.0, 0.0, 0, 0.23300970873786409, 0, 0.7669902912621359, 0, 0.0, 0, 4.627356598475732e-06, 1e-05, 1e-05, 0.01, 0.01, 0.01, 0.01, -255
0.11600000000000002 0.043000000000000003, 0.0 0.0, 0.0 0.0, 0.0 0.0, 1.156839149618933, 0.0, 216106.1026352289, 0.0, 0.0, 0.0, 0, 0.23300970873786409, 0, 0.7669902912621359, 0, 0.0, 0, 4.627356598475732e-06, 1e-05, 1e-05, 0.01, 0.01, 0.01, 0.01, -255
0.11600000000000002 0.043000000000000003, 0.0 0.0, 0.0 0.0, 0.0 0.0, 1.156839149618933, 0.0, 216106.1026352289, 0.0, 0.0, 0.0, 0, 0.23300970873786409, 0, 0.7669902912621359, 0, 0.0, 0, 4.627356598475732e-06, 1e-05, 1e-05, 0.01, 0.01, 0.01, 0.01, -255
0.11600000000000002 0.043000000000000003, 0.0 0.0, 0.0 0.0, 0.0 0.0, 1.156839149618933, 0.0, 216106.1026352289, 0.0, 0.0, 0.0, 0, 0.23300970873786409, 0, 0.7669902912621359, 0, 0.0, 0, 4.627356598475732e-06, 1e-05, 1e-05, 0.01, 0.01, 0.01, 0.01, -255
0.11600000000000002 0.043000000000000003, 0.0 0.0, 0.0 0.0, 0.0 0.0, 1.156839149618933, 0.0, 216106.1026352289, 0.0, 0.0, 0.0, 0, 0.23300970873786409, 0, 0.7669902912621359, 0, 0.0, 0, 4.627356598475732e-06, 1e-05, 1e-05, 0.01, 0.01, 0.01, 0.01, -255
0.11600000000000002 0.043000000000000003, 0.0 0.0, 0.0 0.0, 0.0 0.0, 1.156839149618933, 0.0, 216106.1026352289, 0.0, 0.0, 0.0, 0, 0.23300970873786409, 0, 0.7669902912621359, 0, 0.0, 0, 4.627356598475732e-06, 1e-05, 1e-05, 0.01, 0.01, 0.01, 0.01, -255
0.11600000000000002 0.043000000000000003, 0.0 0.0, 0.0 0.0, 0.0 0.0, 1.156839149618933, 0.0, 216106.1026352289, 0.0, 0.0, 0.0, 0, 0.23300970873786409, 0, 0.7669902912621359, 0, 0.0, 0, 4.627356598475732e-06, 1e-05, 1e-05, 0.01, 0.01, 0.01, 0.01, -255
0.11600000000000002 0.043000000000000003, 0.0 0.0, 0.0 0.0, 0.0 0.0, 1.156839149618933, 0.0, 216106.1026352289, 0.0, 0.0, 0.0, 0, 0.23300970873786409, 0, 0.7669902912621359, 0, 0.0, 0, 4.627356598475732e-06, 1e-05, 1e-05, 0.01, 0.01, 0.01, 0.01, -255
0.11600000000000002 0.043000000000000003, 0.0 0.0, 0.0 0.0, 0.0 0.0, 1.156839149618933, 0.0, 216106.1026352289, 0.0, 0.0, 0.0, 0, 0.23300970873786409, 0, 0.7669902912621359, 0, 0.0, 0, 4.627356598475732e-06, 1e-05, 1e-05, 0.01, 0.01, 0.01, 0.01, -255
0.11600000000000002 0.043000000000000003, 0.0 0.0, 0.0 0.0, 0.0 0.0, 1.156839149618933, 0.0, 216106.1026352289, 0.0, 0.0, 0.0, 0, 0.23300970873786409, 0, 0.7669902912621359, 0, 0.0, 0, 4.627356598475732e-06, 1e-05, 1e-05, 0.01, 0.01, 0.01, 0.01, -255
0.11600000000000002 0.043000000000000003, 0.0 0.0, 0.0 0.0, 0.0 0.0, 1.156839149618933, 0.0, 216106.1026352289, 0.0, 0.0, 0.0, 0, 0.23300970873786409, 0, 0.7669902912621359, 0, 0.0, 0, 4.627356598475732e-06, 1e-05, 1e-05, 0.01, 0.01, 0.01, 0.01, -255
0.11600000000000002 0.043000000000000003, 0.0 0.0, 0.0 0.0, 0.0 0.0, 1.156839149618933, 0.0, 216106.1026352289, 0.0, 0.0, 0.0, 0, 0.23300970873786409, 0, 0.7669902912621359, 0, 0.0, 0, 4.627356598475732e-06, 1e-05, 1e-05, 0.01, 0.01, 0.01, 0.01, -255
0.11600000000000002 0.043000000000000003, 0.0 0.0, 0.0 0.0, 0.0 0.0, 1.156839149618933, 0.0, 216106.1026352289, 0.0, 0.0, 0.0, 0, 0.23300970873786409, 0, 0.7669902912621359, 0, 0.0, 0, 4.627356598475732e-06, 1e-05, 1e-05, 0.01, 0.01, 0.01, 0.01, -255
0.11600000000000002 0.043000000000000003, 0.0 0.0, 0.0 0.0, 0.0 0.0, 1.156839149618933, 0.0, 216106.1026352289, 0.0, 0.0, 0.0, 0, 0.23300970873786409, 0, 0.7669902912621359, 0, 0.0, 0, 4.627356598475732e-06, 1e-05, 1e-05, 0.01, 0.01, 0.01, 0.01, -255
0.11600000000000002 0.043000000000000003, 0.0 0.0, 0.0 0.0, 0.0 0.0, 1.156839149618933, 0.0, 216106.1026352289, 0.0, 0.0, 0.0, 0, 0.23300970873786409, 0, 0.7669902912621359, 0, 0.0, 0, 4.627356598475732e-06, 1e-05, 1e-05, 0.01, 0.01, 0.01, 0.01, -255
0.11600000000000002 0.043000000000000003, 0.0 0.0, 0.0 0.0, 0.0 0.0, 1.156839149618933, 0.0, 216106.1026352289, 0.0, 0.0, 0.0, 0, 0.23300970873786409, 0, 0.7669902912621359, 0, 0.0, 0, 4.627356598475732e-06, 1e-05, 1e-05, 0.01, 0.01, 0.01, 0.01, -255
0.11600000000000002 0.043000000000000003, 0.0 0.0, 0.0 0.0, 0.0 0.0, 1.156839149618933, 0.0, 216106.1026352289, 0.0, 0.0, 0.0, 0, 0.23300970873786409, 0, 0.7669902912621359, 0, 0.0, 0, 4.627356598475732e-06, 1e-05, 1e-05, 0.01, 0.01, 0.01, 0.01, -255
0.11600000000000002 0.043000000000000003, 0.0 0.0, 0.0 0.0, 0.0 0.0, 1.156839149618933, 0.0, 216106.1026352289, 0.0, 0.0, 0.0, 0, 0.23300970873786409, 0, 0.7669902912621359, 0, 0.0, 0, 4.627356598475732e-06, 1e-05, 1e-05, 0.01, 0.01, 0.01, 0.01, -255
0.11600000000000002 0.043000000000000003, 0.0 0.0, 0.0 0.0, 0.0 0.0, 1.156839149618933, 0.0, 216106.1026352289, 0.0, 0.0, 0.0, 0, 0.23300970873786409, 0, 0.7669902912621359, 0, 0.0, 0, 4.627356598475732e-06, 1e-05, 1e-05, 0.01, 0.01, 0.01, 0.01, -255
0.11600000000000002 0.043000000000000003, 0.0 0.0, 0.0 0.0, 0.0 0.0, 1.156839149618933, 0.0, 216106.1026352289, 0.0, 0.0, 0.0, 0, 0.23300970873786409, 0, 0.7669902912621359, 0, 0.0, 0, 4.627356598475732e-06, 1e-05, 1e-05, 0.01, 0.01, 0.01, 0.01, -255
0.11600000000000002 0.043000000000000003, 0.0 0.0, 0.0 0.0, 0.0 0.0, 1.156839149618933, 0.0, 216106.1026352289, 0.0, 0.0, 0.0, 0, 0.23300970873786409, 0, 0.7669902912621359, 0, 0.0, 0, 4.627356598475732e-06, 1e-05, 1e-05, 0.01, 0.01, 0.01, 0.01, -255
0.11600000000000002 0.043000000000000003, 0.0 0.0, 0.0 0.0, 0.0 0.0, 1.156839149618933, 0.0, 216106.1026352289, 0.0, 0.0, 0.0, 0, 0.23300970873786409, 0, 0.7669902912621359, 0, 0.0, 0, 4.627356598475732e-06, 1e-05, 1e-05, 0.01, 0.01, 0.01, 0.01, -255
0.11600000000000002 0.043000000000000003, 0.0 0.0, 0.0 0.0, 0.0 0.0, 1.156839149618933, 0.0, 216106.1026352289, 0.0, 0.0, 0.0, 0, 0.23300970873786409, 0, 0.7669902912621359, 0, 0.0, 0, 4.627356598475732e-06, 1e-05, 1e-05, 0.01, 0.01, 0.01, 0.01, -255
0.11600000000000002 0.043000000000000003, 0.0 0.0, 0.0 0.0, 0.0 0.0, 1.156839149618933, 0.0, 216106.1026352289, 0.0, 0.0, 0.0, 0, 0.23300970873786409, 0, 0.7669902912621359, 0, 0.0, 0, 4.627356598475732e-06, 1e-05, 1e-05, 0.01, 0.01, 0.01, 0.01, -255
0.11600000000000002 0.043000000000000003, 0.0 0.0, 0.0 0.0, 0.0 0.0, 1.156839149618933, 0.0, 216106.1026352289, 0.0, 0.0, 0.0, 0, 0.23300970873786409, 0, 0.7669902912621359, 0, 0.0, 0, 4.627356598475732e-06, 1e-05, 1e-05, 0.01, 0.01, 0.01, 0.01, -255
0.11600000000000002 0.043000000000000003, 0.0 0.0, 0.0 0.0, 0.0 0.0, 1.156839149618933, 0.0, 216106.1026352289, 0.0, 0.0, 0.0, 0, 0.23300970873786409, 0, 0.7669902912621359, 0, 0.0, 0, 4.627356598475732e-06, 1e-05, 1e-05, 0.01, 0.01, 0.01, 0.01, -255
0.11600000000000002 0.043000000000000003, 0.0 0.0, 0.0 0.0, 0.0 0.0, 1.156839149618933, 0.0, 216106.1026352289, 0.0, 0.0, 0.0, 0, 0.23300970873786409, 0, 0.7669902912621359, 0, 0.0, 0, 4.627356598475732e-06, 1e-05, 1e-05, 0.01, 0.01, 0.01, 0.01, -255
0.11600000000000002 0.043000000000000003, 0.0 0.0, 0.0 0.0, 0.0 0.0, 1.156839149618933, 0.0, 216106.1026352289, 0.0, 0.0, 0.0, 0, 0.23300970873786409, 0, 0.7669902912621359, 0, 0.0, 0, 4.627356598475732e-06, 1e-05, 1e-05, 0.01, 0.01, 0.01, 0.01, -255
0.11600000000000002 0.043000000000000003, 0.0 0.0, 0.0 0.0, 0.0 0.0, 1.156839149618933, 0.0, 216106.1026352289, 0.0, 0.0, 0.0, 0, 0.23300970873786409, 0, 0.7669902912621359, 0, 0.0, 0, 4.627356598475732e-06, 1e-05, 1e-05, 0.01, 0.01, 0.01, 0.01, -255
0.11600000000000002 0.043000000000000003, 0.0 0.0, 0.0 0.0, 0.0 0.0, 1.156839149618933, 0.0, 216106.1026352289, 0.0, 0.0, 0.0, 0, 0.23300970873786409, 0, 0.7669902912621359, 0, 0.0, 0, 4.627356598475732e-06, 1e-05, 1e-05, 0.01, 0.01, 0.01, 0.01, -255
0.11600000000000002 0.043000000000000003, 0.0 0.0, 0.0 0.0, 0.0 0.0, 1.156839149618933, 0.0, 216106.1026352289, 0.0, 0.0, 0.0, 0, 0.23300970873786409, 0, 0.7669902912621359, 0, 0.0, 0, 4.627356598475732e-06, 1e-05, 1e-05, 0.01, 0.01, 0.01, 0.01, -255
0.11600000000000002 0.043000000000000003, 0.0 0.0, 0.0 0.0, 0.0 0.0, 1.156839149618933, 0.0, 216106.1026352289, 0.0, 0.0, 0.0, 0, 0.23300970873786409, 0, 0.7669902912621359, 0, 0.0, 0, 4.627356598475732e-06, 1e-05, 1e-05, 0.01, 0.01, 0.01, 0.01, -255
0.11600000000000002 0.043000000000000003, 0.0 0.0, 0.0 0.0, 0.0 0.0, 1.156839149618933, 0.0, 216106.1026352289, 0.0, 0.0, 0.0, 0, 0.23300970873786409, 0, 0.7669902912621359, 0, 0.0, 0, 4.627356598475732e-06, 1e-05, 1e-05, 0.01, 0.01, 0.01, 0.01, -255
0.11600000000000002 0.043000000000000003, 0.0 0.0, 0.0 0.0, 0.0 0.0, 1.156839149618933, 0.0, 216106.1026352289, 0.0, 0.0, 0.0, 0, 0.23300970873786409, 0, 0.7669902912621359, 0, 0.0, 0, 4.627356598475732e-06, 1e-05, 1e-05, 0.01, 0.01, 0.01, 0.01, -255
0.11600000000000002 0.043000000000000003, 0.0 0.0, 0.0 0.0, 0.0 0.0, 1.156839149618933, 0.0, 216106.1026352289, 0.0, 0.0, 0.0, 0, 0.23300970873786409, 0, 0.7669902912621359, 0, 0.0, 0, 4.627356598475732e-06, 1e-05, 1e-05, 0.01, 0.01, 0.01, 0.01, -255
0.11600000000000002 0.043000000000000003, 0.0 0.0, 0.0 0.0, 0.0 0.0, 1.156839149618933, 0.0, 216106.1026352289, 0.0, 0.0, 0.0, 0, 0.23300970873786409, 0, 0.7669902912621359, 0, 0.0, 0, 4.627356598475732e-06, 1e-05, 1e-05, 0.01, 0.01, 0.01, 0.01, -255
0.11600000000000002 0.043000000000000003, 0.0 0.0, 0.0 0.0, 0.0 0.0, 1.156839149618933, 0.0, 216106.1026352289, 0.0, 0.0, 0.0, 0, 0.23300970873786409, 0, 0.7669902912621359, 0, 0.0, 0, 4.627356598475732e-06, 1e-05, 1e-05, 0.01, 0.01, 0.01, 0.01, -255
0.11600000000000002 0.043000000000000003, 0.0 0.0, 0.0 0.0, 0.0 0.0, 1.156839149618933, 0.0, 216106.1026352289, 0.0, 0.0, 0.0, 0, 0.23300970873786409, 0, 0.7669902912621359, 0, 0.0, 0, 4.627356598475732e-06, 1e-05, 1e-05, 0.01, 0.01, 0.01, 0.01, -255
0.11600000000000002 0.043000000000000003, 0.0 0.0, 0.0 0.0, 0.0 0.0, 1.156839149618933, 0.0, 216106.1026352289, 0.0, 0.0, 0.0, 0, 0.23300970873786409, 0, 0.7669902912621359, 0, 0.0, 0, 4.627356598475732e-06, 1e-05, 1e-05, 0.01, 0.01, 0.01, 0.01, -255
0.11600000000000002 0.043000000000000003, 0.0 0.0, 0.0 0.0, 0.0 0.0, 1.156839149618933, 0.0, 216106.1026352289, 0.0, 0.0, 0.0, 0, 0.23300970873786409, 0, 0.7669902912621359, 0, 0.0, 0, 4.627356598475732e-06, 1e-05, 1e-05, 0.01, 0.01, 0.01, 0.01, -255
0.11600000000000002 0.043000000000000003, 0.0 0.0, 0.0 0.0, 0.0 0.0, 1.156839149618933, 0.0, 216106.1026352289, 0.0, 0.0, 0.0, 0, 0.23300970873786409, 0, 0.7669902912621359, 0, 0.0, 0, 4.627356598475732e-06, 1e-05, 1e-05, 0.01, 0.01, 0.01, 0.01, -255
0.11600000000000002 0.043000000000000003, 0.0 0.0, 0.0 0.0, 0.0 0.0, 1.156839149618933, 0.0, 216106.1026352289, 0.0, 0.0, 0.0, 0, 0.23300970873786409, 0, 0.7669902912621359, 0, 0.0, 0, 4.627356598475732e-06, 1e-05, 1e-05, 0.01, 0.01, 0.01, 0.01, -255
0.11600000000000002 0.043000000000000003, 0.0 0.0, 0.0 0.0, 0.0 0.0, 1.156839149618933, 0.0, 216106.1026352289, 0.0, 0.0, 0.0, 0, 0.23300970873786409, 0, 0.7669902912621359, 0, 0.0, 0, 4.627356598475732e-06, 1e-05, 1e-05, 0.01, 0.01, 0.01, 0.01, -255
0.11600000000000002 0.043000000000000003, 0.0 0.0, 0.0 0.0, 0.0 0.0, 1.156839149618933, 0.0, 216106.1026352289, 0.0, 0.0, 0.0, 0, 0.23300970873786409, 0, 0.7669902912621359, 0, 0.0, 0, 4.627356598475732e-06, 1e-05, 1e-05, 0.01, 0.01, 0.01, 0.01, -255
0.11600000000000002 0.043000000000000003, 0.0 0.0, 0.0 0.0, 0.0 0.0, 1.156839149618933, 0.0, 216106.1026352289, 0.0, 0.0, 0.0, 0, 0.23300970873786409, 0, 0.7669902912621359, 0, 0.0, 0, 4.627356598475732e-06, 1e-05, 1e-05, 0.01, 0.01, 0.01, 0.01, -255
0.11600000000000002 0.043000000000000003, 0.0 0.0, 0.0 0.0, 0.0 0.0, 1.156839149618933, 0.0, 216106.1026352289, 0.0, 0.0, 0.0, 0, 0.23300970873786409, 0, 0.7669902912621359, 0, 0.0, 0, 4.627356598475732e-06, 1e-05, 1e-05, 0.01, 0.01, 0.01, 0.01, -255
0.11600000000000002 0.043000000000000003, 0.0 0.0, 0.0 0.0, 0.0 0.0, 1.156839149618933, 0.0, 216106.1026352289, 0.0, 0.0, 0.0, 0, 0.23300970873786409, 0, 0.7669902912621359, 0, 0.0, 0, 4.627356598475732e-06, 1e-05, 1e-05, 0.01, 0.01, 0.01, 0.01, -255
0.11600000000000002 0.043000000000000003, 0.0 0.0, 0.0 0.0, 0.0 0.0, 1.156839149618933, 0.0, 216106.1026352289, 0.0, 0.0, 0.0, 0, 0.23300970873786409, 0, 0.7669902912621359, 0, 0.0, 0, 4.627356598475732e-06, 1e-05, 1e-05, 0.01, 0.01, 0.01, 0.01, -255
0.11600000000000002 0.043000000000000003, 0.0 0.0, 0.0 0.0, 0.0 0.0, 1.156839149618933, 0.0, 216106.1026352289, 0.0, 0.0, 0.0, 0, 0.23300970873786409, 0, 0.7669902912621359, 0, 0.0, 0, 4.627356598475732e-06, 1e-05, 1e-05, 0.01, 0.01, 0.01, 0.01, -255
0.11600000000000002 0.043000000000000003, 0.0 0.0, 0.0 0.0, 0.0 0.0, 1.156839149618933, 0.0, 216106.1026352289, 0.0, 0.0, 0.0, 0, 0.23300970873786409, 0, 0.7669902912621359, 0, 0.0, 0, 4.627356598475732e-06, 1e-05, 1e-05, 0.01, 0.01, 0.01, 0.01, -255
0.11600000000000002 0.043000000000000003, 0.0 0.0, 0.0 0.0, 0.0 0.0, 1.156839149618933, 0.0, 216106.1026352289, 0.0, 0.0, 0.0, 0, 0.23300970873786409, 0, 0.7669902912621359, 0, 0.0, 0, 4.627356598475732e-06, 1e-05, 1e-05, 0.01, 0.01, 0.01, 0.01, -255
0.11600000000000002 0.043000000000000003, 0.0 0.0, 0.0 0.0, 0.0 0.0, 1.156839149618933, 0.0, 216106.1026352289, 0.0, 0.0, 0.0, 0, 0.23300970873786409, 0, 0.7669902912621359, 0, 0.0, 0, 4.627356598475732e-06, 1e-05, 1e-05, 0.01, 0.01, 0.01, 0.01, -255
0.11600000000000002 0.043000000000000003, 0.0 0.0, 0.0 0.0, 0.0 0.0, 1.156839149618933, 0.0, 216106.1026352289, 0.0, 0.0, 0.0, 0, 0.23300970873786409, 0, 0.7669902912621359, 0, 0.0, 0, 4.627356598475732e-06, 1e-05, 1e-05, 0.01, 0.01, 0.01, 0.01, -255
0.11600000000000002 0.043000000000000003, 0.0 0.0, 0.0 0.0, 0.0 0.0, 1.156839149618933, 0.0, 216106.1026352289, 0.0, 0.0, 0.0, 0, 0.23300970873786409, 0, 0.7669902912621359, 0, 0.0, 0, 4.627356598475732e-06, 1e-05, 1e-05, 0.01, 0.01, 0.01, 0.01, -255
0.11600000000000002 0.043000000000000003, 0.0 0.0, 0.0 0.0, 0.0 0.0, 1.156839149618933, 0.0, 216106.1026352289, 0.0, 0.0, 0.0, 0, 0.23300970873786409, 0, 0.7669902912621359, 0, 0.0, 0, 4.627356598475732e-06, 1e-05, 1e-05, 0.01, 0.01, 0.01, 0.01, -255
0.11600000000000002 0.043000000000000003, 0.0 0.0, 0.0 0.0, 0.0 0.0, 1.156839149618933, 0.0, 216106.1026352289, 0.0, 0.0, 0.0, 0, 0.23300970873786409, 0, 0.7669902912621359, 0, 0.0, 0, 4.627356598475732e-06, 1e-05, 1e-05, 0.01, 0.01, 0.01, 0.01, -255
0.11600000000000002 0.043000000000000003, 0.0 0.0, 0.0 0.0, 0.0 0.0, 1.156839149618933, 0.0, 216106.1026352289, 0.0, 0.0, 0.0, 0, 0.23300970873786409, 0, 0.7669902912621359, 0, 0.0, 0, 4.627356598475732e-06, 1e-05, 1e-05, 0.01, 0.01, 0.01, 0.01, -255
0.11600000000000002 0.043000000000000003, 0.0 0.0, 0.0 0.0, 0.0 0.0, 1.156839149618933, 0.0, 216106.1026352289, 0.0, 0.0, 0.0, 0, 0.23300970873786409, 0, 0.7669902912621359, 0, 0.0, 0, 4.627356598475732e-06, 1e-05, 1e-05, 0.01, 0.01, 0.01, 0.01, -255
0.11600000000000002 0.043000000000000003, 0.0 0.0, 0.0 0.0, 0.0 0.0, 1.156839149618933, 0.0, 216106.1026352289, 0.0, 0.0, 0.0, 0, 0.23300970873786409, 0, 0.7669902912621359, 0, 0.0, 0, 4.627356598475732e-06, 1e-05, 1e-05, 0.01, 0.01, 0.01, 0.01, -255
0.11600000000000002 0.043000000000000003, 0.0 0.0, 0.0 0.0, 0.0 0.0, 1.156839149618933, 0.0, 216106.1026352289, 0.0, 0.0, 0.0, 0, 0.23300970873786409, 0, 0.7669902912621359, 0, 0.0, 0, 4.627356598475732e-06, 1e-05, 1e-05, 0.01, 0.01, 0.01, 0.01, -255
0.11600000000000002 0.043000000000000003, 0.0 0.0, 0.0 0.0, 0.0 0.0, 1.156839149618933, 0.0, 216106.1026352289, 0.0, 0.0, 0.0, 0, 0.23300970873786409, 0, 0.7669902912621359, 0, 0.0, 0, 4.627356598475732e-06, 1e-05, 1e-05, 0.01, 0.01, 0.01, 0.01, -255
0.11600000000000002 0.043000000000000003, 0.0 0.0, 0.0 0.0, 0.0 0.0, 1.156839149618933, 0.0, 216106.1026352289, 0.0, 0.0, 0.0, 0, 0.23300970873786409, 0, 0.7669902912621359, 0, 0.0, 0, 4.627356598475732e-06, 1e-05, 1e-05, 0.01, 0.01, 0.01, 0.01, -255
0.11600000000000002 0.043000000000000003, 0.0 0.0, 0.0 0.0, 0.0 0.0, 1.156839149618933, 0.0, 216106.1026352289, 0.0, 0.0, 0.0, 0, 0.23300970873786409, 0, 0.7669902912621359, 0, 0.0, 0, 4.627356598475732e-06, 1e-05, 1e-05, 0.01, 0.01, 0.01, 0.01, -255
0.11600000000000002 0.043000000000000003, 0.0 0.0, 0.0 0.0, 0.0 0.0, 1.156839149618933, 0.0, 216106.1026352289, 0.0, 0.0, 0.0, 0, 0.23300970873786409, 0, 0.7669902912621359, 0, 0.0, 0, 4.627356598475732e-06, 1e-05, 1e-05, 0.01, 0.01, 0.01, 0.01, -255
0.11600000000000002 0.043000000000000003, 0.0 0.0, 0.0 0.0, 0.0 0.0, 1.156839149618933, 0.0, 216106.1026352289, 0.0, 0.0, 0.0, 0, 0.23300970873786409, 0, 0.7669902912621359, 0, 0.0, 0, 4.627356598475732e-06, 1e-05, 1e-05, 0.01, 0.01, 0.01, 0.01, -255
0.11600000000000002 0.043000000000000003, 0.0 0.0, 0.0 0.0, 0.0 0.0, 1.156839149618933, 0.0, 216106.1026352289, 0.0, 0.0, 0.0, 0, 0.23300970873786409, 0, 0.7669902912621359, 0, 0.0, 0, 4.627356598475732e-06, 1e-05, 1e-05, 0.01, 0.01, 0.01, 0.01, -255
0.11600000000000002 0.043000000000000003, 0.0 0.0, 0.0 0.0, 0.0 0.0, 1.156839149618933, 0.0, 216106.1026352289, 0.0, 0.0, 0.0, 0, 0.23300970873786409, 0, 0.7669902912621359, 0, 0.0, 0, 4.627356598475732e-06, 1e-05, 1e-05, 0.01, 0.01, 0.01, 0.01, -255
0.11600000000000002 0.043000000000000003, 0.0 0.0, 0.0 0.0, 0.0 0.0, 1.156839149618933, 0.0, 216106.1026352289, 0.0, 0.0, 0.0, 0, 0.23300970873786409, 0, 0.7669902912621359, 0, 0.0, 0, 4.627356598475732e-06, 1e-05, 1e-05, 0.01, 0.01, 0.01, 0.01, -255
0.11600000000000002 0.043000000000000003, 0.0 0.0, 0.0 0.0, 0.0 0.0, 1.156839149618933, 0.0, 216106.1026352289, 0.0, 0.0, 0.0, 0, 0.23300970873786409, 0, 0.7669902912621359, 0, 0.0, 0, 4.627356598475732e-06, 1e-05, 1e-05, 0.01, 0.01, 0.01, 0.01, -255
0.11600000000000002 0.043000000000000003, 0.0 0.0, 0.0 0.0, 0.0 0.0, 1.156839149618933, 0.0, 216106.1026352289, 0.0, 0.0, 0.0, 0, 0.23300970873786409, 0, 0.7669902912621359, 0, 0.0, 0, 4.627356598475732e-06, 1e-05, 1e-05, 0.01, 0.01, 0.01, 0.01, -255
0.11600000000000002 0.043000000000000003, 0.0 0.0, 0.0 0.0, 0.0 0.0, 1.156839149618933, 0.0, 216106.1026352289, 0.0, 0.0, 0.0, 0, 0.23300970873786409, 0, 0.7669902912621359, 0, 0.0, 0, 4.627356598475732e-06, 1e-05, 1e-05, 0.01, 0.01, 0.01, 0.01, -255
0.11600000000000002 0.043000000000000003, 0.0 0.0, 0.0 0.0, 0.0 0.0, 1.156839149618933, 0.0, 216106.1026352289, 0.0, 0.0, 0.0, 0, 0.23300970873786409, 0, 0.7669902912621359, 0, 0.0, 0, 4.627356598475732e-06, 1e-05, 1e-05, 0.01, 0.01, 0.01, 0.01, -255
0.11600000000000002 0.043000000000000003, 0.0 0.0, 0.0 0.0, 0.0 0.0, 1.156839149618933, 0.0, 216106.1026352289, 0.0, 0.0, 0.0, 0, 0.23300970873786409, 0, 0.7669902912621359, 0, 0.0, 0, 4.627356598475732e-06, 1e-05, 1e-05, 0.01, 0.01, 0.01, 0.01, -255
0.11600000000000002 0.043000000000000003, 0.0 0.0, 0.0 0.0, 0.0 0.0, 1.156839149618933, 0.0, 216106.1026352289, 0.0, 0.0, 0.0, 0, 0.23300970873786409, 0, 0.7669902912621359, 0, 0.0, 0, 4.627356598475732e-06, 1e-05, 1e-05, 0.01, 0.01, 0.01, 0.01, -255
0.11600000000000002 0.043000000000000003, 0.0 0.0, 0.0 0.0, 0.0 0.0, 1.156839149618933, 0.0, 216106.1026352289, 0.0, 0.0, 0.0, 0, 0.23300970873786409, 0, 0.7669902912621359, 0, 0.0, 0, 4.627356598475732e-06, 1e-05, 1e-05, 0.01, 0.01, 0.01, 0.01, -255
0.11600000000000002 0.043000000000000003, 0.0 0.0, 0.0 0.0, 0.0 0.0, 1.156839149618933, 0.0, 216106.1026352289, 0.0, 0.0, 0.0, 0, 0.23300970873786409, 0, 0.7669902912621359, 0, 0.0, 0, 4.627356598475732e-06, 1e-05, 1e-05, 0.01, 0.01, 0.01, 0.01, -255
0.11600000000000002 0.043000000000000003, 0.0 0.0, 0.0 0.0, 0.0 0.0, 1.156839149618933, 0.0, 216106.1026352289, 0.0, 0.0, 0.0, 0, 0.23300970873786409, 0, 0.7669902912621359, 0, 0.0, 0, 4.627356598475732e-06, 1e-05, 1e-05, 0.01, 0.01, 0.01, 0.01, -255
0.11600000000000002 0.043000000000000003, 0.0 0.0, 0.0 0.0, 0.0 0.0, 1.156839149618933, 0.0, 216106.1026352289, 0.0, 0.0, 0.0, 0, 0.23300970873786409, 0, 0.7669902912621359, 0, 0.0, 0, 4.627356598475732e-06, 1e-05, 1e-05, 0.01, 0.01, 0.01, 0.01, -255
0.11600000000000002 0.043000000000000003, 0.0 0.0, 0.0 0.0, 0.0 0.0, 1.156839149618933, 0.0, 216106.1026352289, 0.0, 0.0, 0.0, 0, 0.23300970873786409, 0, 0.7669902912621359, 0, 0.0, 0, 4.627356598475732e-06, 1e-05, 1e-05, 0.01, 0.01, 0.01, 0.01, -255
0.11600000000000002 0.043000000000000003, 0.0 0.0, 0.0 0.0, 0.0 0.0, 1.156839149618933, 0.0, 216106.1026352289, 0.0, 0.0, 0.0, 0, 0.23300970873786409, 0, 0.7669902912621359, 0, 0.0, 0, 4.627356598475732e-06, 1e-05, 1e-05, 0.01, 0.01, 0.01, 0.01, -255
0.11600000000000002 0.043000000000000003, 0.0 0.0, 0.0 0.0, 0.0 0.0, 1.156839149618933, 0.0, 216106.1026352289, 0.0, 0.0, 0.0, 0, 0.23300970873786409, 0, 0.7669902912621359, 0, 0.0, 0, 4.627356598475732e-06, 1e-05, 1e-05, 0.01, 0.01, 0.01, 0.01, -255
0.11600000000000002 0.043000000000000003, 0.0 0.0, 0.0 0.0, 0.0 0.0, 1.156839149618933, 0.0, 216106.1026352289, 0.0, 0.0, 0.0, 0, 0.23300970873786409, 0, 0.7669902912621359, 0, 0.0, 0, 4.627356598475732e-06, 1e-05, 1e-05, 0.01, 0.01, 0.01, 0.01, -255
0.11600000000000002 0.043000000000000003, 0.0 0.0, 0.0 0.0, 0.0 0.0, 1.156839149618933, 0.0, 216106.1026352289, 0.0, 0.0, 0.0, 0, 0.23300970873786409, 0, 0.7669902912621359, 0, 0.0, 0, 4.627356598475732e-06, 1e-05, 1e-05, 0.01, 0.01, 0.01, 0.01, -255
0.11600000000000002 0.043000000000000003, 0.0 0.0, 0.0 0.0, 0.0 0.0, 1.156839149618933, 0.0, 216106.1026352289, 0.0, 0.0, 0.0, 0, 0.23300970873786409, 0, 0.7669902912621359, 0, 0.0, 0, 4.627356598475732e-06, 1e-05, 1e-05, 0.01, 0.01, 0.01, 0.01, -255
0.11600000000000002 0.043000000000000003, 0.0 0.0, 0.0 0.0, 0.0 0.0, 1.156839149618933, 0.0, 216106.1026352289, 0.0, 0.0, 0.0, 0, 0.23300970873786409, 0, 0.7669902912621359, 0, 0.0, 0, 4.627356598475732e-06, 1e-05, 1e-05, 0.01, 0.01, 0.01, 0.01, -255
0.11600000000000002 0.043000000000000003, 0.0 0.0, 0.0 0.0, 0.0 0.0, 1.156839149618933, 0.0, 216106.1026352289, 0.0, 0.0, 0.0, 0, 0.23300970873786409, 0, 0.7669902912621359, 0, 0.0, 0, 4.627356598475732e-06, 1e-05, 1e-05, 0.01, 0.01, 0.01, 0.01, -255
0.11600000000000002 0.043000000000000003, 0.0 0.0, 0.0 0.0, 0.0 0.0, 1.156839149618933, 0.0, 216106.1026352289, 0.0, 0.0, 0.0, 0, 0.23300970873786409, 0, 0.7669902912621359, 0, 0.0, 0, 4.627356598475732e-06, 1e-05, 1e-05, 0.01, 0.01, 0.01, 0.01, -255
0.11600000000000002 0.043000000000000003, 0.0 0.0, 0.0 0.0, 0.0 0.0, 1.156839149618933, 0.0, 216106.1026352289, 0.0, 0.0, 0.0, 0, 0.23300970873786409, 0, 0.7669902912621359, 0, 0.0, 0, 4.627356598475732e-06, 1e-05, 1e-05, 0.01, 0.01, 0.01, 0.01, -255
0.11600000000000002 0.043000000000000003, 0.0 0.0, 0.0 0.0, 0.0 0.0, 1.156839149618933, 0.0, 216106.1026352289, 0.0, 0.0, 0.0, 0, 0.23300970873786409, 0, 0.7669902912621359, 0, 0.0, 0, 4.627356598475732e-06, 1e-05, 1e-05, 0.01, 0.01, 0.01, 0.01, -255
0.11600000000000002 0.043000000000000003, 0.0 0.0, 0.0 0.0, 0.0 0.0, 1.156839149618933, 0.0, 216106.1026352289, 0.0, 0.0, 0.0, 0, 0.23300970873786409, 0, 0.7669902912621359, 0, 0.0, 0, 4.627356598475732e-06, 1e-05, 1e-05, 0.01, 0.01, 0.01, 0.01, -255
0.11600000000000002 0.043000000000000003, 0.0 0.0, 0.0 0.0, 0.0 0.0, 1.156839149618933, 0.0, 216106.1026352289, 0.0, 0.0, 0.0, 0, 0.23300970873786409, 0, 0.7669902912621359, 0, 0.0, 0, 4.627356598475732e-06, 1e-05, 1e-05, 0.01, 0.01, 0.01, 0.01, -255
0.11600000000000002 0.043000000000000003, 0.0 0.0, 0.0 0.0, 0.0 0.0, 1.156839149618933, 0.0, 216106.1026352289, 0.0, 0.0, 0.0, 0, 0.23300970873786409, 0, 0.7669902912621359, 0, 0.0, 0, 4.627356598475732e-06, 1e-05, 1e-05, 0.01, 0.01, 0.01, 0.01, -255
0.11600000000000002 0.043000000000000003, 0.0 0.0, 0.0 0.0, 0.0 0.0, 1.156839149618933, 0.0, 216106.1026352289, 0.0, 0.0, 0.0, 0, 0.23300970873786409, 0, 0.7669902912621359, 0, 0.0, 0, 4.627356598475732e-06, 1e-05, 1e-05, 0.01, 0.01, 0.01, 0.01, -255
0.11600000000000002 0.043000000000000003, 0.0 0.0, 0.0 0.0, 0.0 0.0, 1.156839149618933, 0.0, 216106.1026352289, 0.0, 0.0, 0.0, 0, 0.23300970873786409, 0, 0.7669902912621359, 0, 0.0, 0, 4.627356598475732e-06, 1e-05, 1e-05, 0.01, 0.01, 0.01, 0.01, -255
0.11600000000000002 0.043000000000000003, 0.0 0.0, 0.0 0.0, 0.0 0.0, 1.156839149618933, 0.0, 216106.1026352289, 0.0, 0.0, 0.0, 0, 0.23300970873786409, 0, 0.7669902912621359, 0, 0.0, 0, 4.627356598475732e-06, 1e-05, 1e-05, 0.01, 0.01, 0.01, 0.01, -255
0.11600000000000002 0.043000000000000003, 0.0 0.0, 0.0 0.0, 0.0 0.0, 1.156839149618933, 0.0, 216106.1026352289, 0.0, 0.0, 0.0, 0, 0.23300970873786409, 0, 0.7669902912621359, 0, 0.0, 0, 4.627356598475732e-06, 1e-05, 1e-05, 0.01, 0.01, 0.01, 0.01, -255
0.11600000000000002 0.043000000000000003, 0.0 0.0, 0.0 0.0, 0.0 0.0, 1.156839149618933, 0.0, 216106.1026352289, 0.0, 0.0, 0.0, 0, 0.23300970873786409, 0, 0.7669902912621359, 0, 0.0, 0, 4.627356598475732e-06, 1e-05, 1e-05, 0.01, 0.01, 0.01, 0.01, -255
0.11600000000000002 0.043000000000000003, 0.0 0.0, 0.0 0.0, 0.0 0.0, 1.156839149618933, 0.0, 216106.1026352289, 0.0, 0.0, 0.0, 0, 0.23300970873786409, 0, 0.7669902912621359, 0, 0.0, 0, 4.627356598475732e-06, 1e-05, 1e-05, 0.01, 0.01, 0.01, 0.01, -255
0.11600000000000002 0.043000000000000003, 0.0 0.0, 0.0 0.0, 0.0 0.0, 1.156839149618933, 0.0, 216106.1026352289, 0.0, 0.0, 0.0, 0, 0.23300970873786409, 0, 0.7669902912621359, 0, 0.0, 0, 4.627356598475732e-06, 1e-05, 1e-05, 0.01, 0.01, 0.01, 0.01, -255
0.11600000000000002 0.043000000000000003, 0.0 0.0, 0.0 0.0, 0.0 0.0, 1.156839149618933, 0.0, 216106.1026352289, 0.0, 0.0, 0.0, 0, 0.23300970873786409, 0, 0.7669902912621359, 0, 0.0, 0, 4.627356598475732e-06, 1e-05, 1e-05, 0.01, 0.01, 0.01, 0.01, -255
0.11600000000000002 0.043000000000000003, 0.0 0.0, 0.0 0.0, 0.0 0.0, 1.156839149618933, 0.0, 216106.1026352289, 0.0, 0.0, 0.0, 0, 0.23300970873786409, 0, 0.7669902912621359, 0, 0.0, 0, 4.627356598475732e-06, 1e-05, 1e-05, 0.01, 0.01, 0.01, 0.01, -255
0.11600000000000002 0.043000000000000003, 0.0 0.0, 0.0 0.0, 0.0 0.0, 1.156839149618933, 0.0, 216106.1026352289, 0.0, 0.0, 0.0, 0, 0.23300970873786409, 0, 0.7669902912621359, 0, 0.0, 0, 4.627356598475732e-06, 1e-05, 1e-05, 0.01, 0.01, 0.01, 0.01, -255
0.11600000000000002 0.043000000000000003, 0.0 0.0, 0.0 0.0, 0.0 0.0, 1.156839149618933, 0.0, 216106.1026352289, 0.0, 0.0, 0.0, 0, 0.23300970873786409, 0, 0.7669902912621359, 0, 0.0, 0, 4.627356598475732e-06, 1e-05, 1e-05, 0.01, 0.01, 0.01, 0.01, -255
0.11600000000000002 0.043000000000000003, 0.0 0.0, 0.0 0.0, 0.0 0.0, 1.156839149618933, 0.0, 216106.1026352289, 0.0, 0.0, 0.0, 0, 0.23300970873786409, 0, 0.7669902912621359, 0, 0.0, 0, 4.627356598475732e-06, 1e-05, 1e-05, 0.01, 0.01, 0.01, 0.01, -255
0.11600000000000002 0.043000000000000003, 0.0 0.0, 0.0 0.0, 0.0 0.0, 1.156839149618933, 0.0, 216106.1026352289, 0.0, 0.0, 0.0, 0, 0.23300970873786409, 0, 0.7669902912621359, 0, 0.0, 0, 4.627356598475732e-06, 1e-05, 1e-05, 0.01, 0.01, 0.01, 0.01, -255
0.11600000000000002 0.043000000000000003, 0.0 0.0, 0.0 0.0, 0.0 0.0, 1.156839149618933, 0.0, 216106.1026352289, 0.0, 0.0, 0.0, 0, 0.23300970873786409, 0, 0.7669902912621359, 0, 0.0, 0, 4.627356598475732e-06, 1e-05, 1e-05, 0.01, 0.01, 0.01, 0.01, -255
0.11600000000000002 0.043000000000000003, 0.0 0.0, 0.0 0.0, 0.0 0.0, 1.156839149618933, 0.0, 216106.1026352289, 0.0, 0.0, 0.0, 0, 0.23300970873786409, 0, 0.7669902912621359, 0, 0.0, 0, 4.627356598475732e-06, 1e-05, 1e-05, 0.01, 0.01, 0.01, 0.01, -255
0.11600000000000002 0.043000000000000003, 0.0 0.0, 0.0 0.0, 0.0 0.0, 1.156839149618933, 0.0, 216106.1026352289, 0.0, 0.0, 0.0, 0, 0.23300970873786409, 0, 0.7669902912621359, 0, 0.0, 0, 4.627356598475732e-06, 1e-05, 1e-05, 0.01, 0.01, 0.01, 0.01, -255
0.11600000000000002 0.043000000000000003, 0.0 0.0, 0.0 0.0, 0.0 0.0, 1.156839149618933, 0.0, 216106.1026352289, 0.0, 0.0, 0.0, 0, 0.23300970873786409, 0, 0.7669902912621359, 0, 0.0, 0, 4.627356598475732e-06, 1e-05, 1e-05, 0.01, 0.01, 0.01, 0.01, -255
0.11600000000000002 0.043000000000000003, 0.0 0.0, 0.0 0.0, 0.0 0.0, 1.156839149618933, 0.0, 216106.1026352289, 0.0, 0.0, 0.0, 0, 0.23300970873786409, 0, 0.7669902912621359, 0, 0.0, 0, 4.627356598475732e-06, 1e-05, 1e-05, 0.01, 0.01, 0.01, 0.01, -255
0.11600000000000002 0.043000000000000003, 0.0 0.0, 0.0 0.0, 0.0 0.0, 1.156839149618933, 0.0, 216106.1026352289, 0.0, 0.0, 0.0, 0, 0.23300970873786409, 0, 0.7669902912621359, 0, 0.0, 0, 4.627356598475732e-06, 1e-05, 1e-05, 0.01, 0.01, 0.01, 0.01, -255
0.11600000000000002 0.043000000000000003, 0.0 0.0, 0.0 0.0, 0.0 0.0, 1.156839149618933, 0.0, 216106.1026352289, 0.0, 0.0, 0.0, 0, 0.23300970873786409, 0, 0.7669902912621359, 0, 0.0, 0, 4.627356598475732e-06, 1e-05, 1e-05, 0.01, 0.01, 0.01, 0.01, -255
0.11600000000000002 0.043000000000000003, 0.0 0.0, 0.0 0.0, 0.0 0.0, 1.156839149618933, 0.0, 216106.1026352289, 0.0, 0.0, 0.0, 0, 0.23300970873786409, 0, 0.7669902912621359, 0, 0.0, 0, 4.627356598475732e-06, 1e-05, 1e-05, 0.01, 0.01, 0.01, 0.01, -255
0.11600000000000002 0.043000000000000003, 0.0 0.0, 0.0 0.0, 0.0 0.0, 1.156839149618933, 0.0, 216106.1026352289, 0.0, 0.0, 0.0, 0, 0.23300970873786409, 0, 0.7669902912621359, 0, 0.0, 0, 4.627356598475732e-06, 1e-05, 1e-05, 0.01, 0.01, 0.01, 0.01, -255
0.11600000000000002 0.043000000000000003, 0.0 0.0, 0.0 0.0, 0.0 0.0, 1.156839149618933, 0.0, 216106.1026352289, 0.0, 0.0, 0.0, 0, 0.23300970873786409, 0, 0.7669902912621359, 0, 0.0, 0, 4.627356598475732e-06, 1e-05, 1e-05, 0.01, 0.01, 0.01, 0.01, -255
0.11600000000000002 0.043000000000000003, 0.0 0.0, 0.0 0.0, 0.0 0.0, 1.156839149618933, 0.0, 216106.1026352289, 0.0, 0.0, 0.0, 0, 0.23300970873786409, 0, 0.7669902912621359, 0, 0.0, 0, 4.627356598475732e-06, 1e-05, 1e-05, 0.01, 0.01, 0.01, 0.01, -255
0.11600000000000002 0.043000000000000003, 0.0 0.0, 0.0 0.0, 0.0 0.0, 1.156839149618933, 0.0, 216106.1026352289, 0.0, 0.0, 0.0, 0, 0.23300970873786409, 0, 0.7669902912621359, 0, 0.0, 0, 4.627356598475732e-06, 1e-05, 1e-05, 0.01, 0.01, 0.01, 0.01, -255
0.11600000000000002 0.043000000000000003, 0.0 0.0, 0.0 0.0, 0.0 0.0, 1.156839149618933, 0.0, 216106.1026352289, 0.0, 0.0, 0.0, 0, 0.23300970873786409, 0, 0.7669902912621359, 0, 0.0, 0, 4.627356598475732e-06, 1e-05, 1e-05, 0.01, 0.01, 0.01, 0.01, -255
0.11600000000000002 0.043000000000000003, 0.0 0.0, 0.0 0.0, 0.0 0.0, 1.156839149618933, 0.0, 216106.1026352289, 0.0, 0.0, 0.0, 0, 0.23300970873786409, 0, 0.7669902912621359, 0, 0.0, 0, 4.627356598475732e-06, 1e-05, 1e-05, 0.01, 0.01, 0.01, 0.01, -255
0.11600000000000002 0.043000000000000003, 0.0 0.0, 0.0 0.0, 0.0 0.0, 1.156839149618933, 0.0, 216106.1026352289, 0.0, 0.0, 0.0, 0, 0.23300970873786409, 0, 0.7669902912621359, 0, 0.0, 0, 4.627356598475732e-06, 1e-05, 1e-05, 0.01, 0.01, 0.01, 0.01, -255
0.11600000000000002 0.043000000000000003, 0.0 0.0, 0.0 0.0, 0.0 0.0, 1.156839149618933, 0.0, 216106.1026352289, 0.0, 0.0, 0.0, 0, 0.23300970873786409, 0, 0.7669902912621359, 0, 0.0, 0, 4.627356598475732e-06, 1e-05, 1e-05, 0.01, 0.01, 0.01, 0.01, -255
0.11600000000000002 0.043000000000000003, 0.0 0.0, 0.0 0.0, 0.0 0.0, 1.156839149618933, 0.0, 216106.1026352289, 0.0, 0.0, 0.0, 0, 0.23300970873786409, 0, 0.7669902912621359, 0, 0.0, 0, 4.627356598475732e-06, 1e-05, 1e-05, 0.01, 0.01, 0.01, 0.01, -255
0.11600000000000002 0.043000000000000003, 0.0 0.0, 0.0 0.0, 0.0 0.0, 1.156839149618933, 0.0, 216106.1026352289, 0.0, 0.0, 0.0, 0, 0.23300970873786409, 0, 0.7669902912621359, 0, 0.0, 0, 4.627356598475732e-06, 1e-05, 1e-05, 0.01, 0.01, 0.01, 0.01, -255
0.11600000000000002 0.043000000000000003, 0.0 0.0, 0.0 0.0, 0.0 0.0, 1.156839149618933, 0.0, 216106.1026352289, 0.0, 0.0, 0.0, 0, 0.23300970873786409, 0, 0.7669902912621359, 0, 0.0, 0, 4.627356598475732e-06, 1e-05, 1e-05, 0.01, 0.01, 0.01, 0.01, -255
0.11600000000000002 0.043000000000000003, 0.0 0.0, 0.0 0.0, 0.0 0.0, 1.156839149618933, 0.0, 216106.1026352289, 0.0, 0.0, 0.0, 0, 0.23300970873786409, 0, 0.7669902912621359, 0, 0.0, 0, 4.627356598475732e-06, 1e-05, 1e-05, 0.01, 0.01, 0.01, 0.01, -255
0.11600000000000002 0.043000000000000003, 0.0 0.0, 0.0 0.0, 0.0 0.0, 1.156839149618933, 0.0, 216106.1026352289, 0.0, 0.0, 0.0, 0, 0.23300970873786409, 0, 0.7669902912621359, 0, 0.0, 0, 4.627356598475732e-06, 1e-05, 1e-05, 0.01, 0.01, 0.01, 0.01, -255
0.11600000000000002 0.043000000000000003, 0.0 0.0, 0.0 0.0, 0.0 0.0, 1.156839149618933, 0.0, 216106.1026352289, 0.0, 0.0, 0.0, 0, 0.23300970873786409, 0, 0.7669902912621359, 0, 0.0, 0, 4.627356598475732e-06, 1e-05, 1e-05, 0.01, 0.01, 0.01, 0.01, -255
0.11600000000000002 0.043000000000000003, 0.0 0.0, 0.0 0.0, 0.0 0.0, 1.156839149618933, 0.0, 216106.1026352289, 0.0, 0.0, 0.0, 0, 0.23300970873786409, 0, 0.7669902912621359, 0, 0.0, 0, 4.627356598475732e-06, 1e-05, 1e-05, 0.01, 0.01, 0.01, 0.01, -255
0.11600000000000002 0.043000000000000003, 0.0 0.0, 0.0 0.0, 0.0 0.0, 1.156839149618933, 0.0, 216106.1026352289, 0.0, 0.0, 0.0, 0, 0.23300970873786409, 0, 0.7669902912621359, 0, 0.0, 0, 4.627356598475732e-06, 1e-05, 1e-05, 0.01, 0.01, 0.01, 0.01, -255
0.11600000000000002 0.043000000000000003, 0.0 0.0, 0.0 0.0, 0.0 0.0, 1.156839149618933, 0.0, 216106.1026352289, 0.0, 0.0, 0.0, 0, 0.23300970873786409, 0, 0.7669902912621359, 0, 0.0, 0, 4.627356598475732e-06, 1e-05, 1e-05, 0.01, 0.01, 0.01, 0.01, -255
0.11600000000000002 0.043000000000000003, 0.0 0.0, 0.0 0.0, 0.0 0.0, 1.156839149618933, 0.0, 216106.1026352289, 0.0, 0.0, 0.0, 0, 0.23300970873786409, 0, 0.7669902912621359, 0, 0.0, 0, 4.627356598475732e-06, 1e-05, 1e-05, 0.01, 0.01, 0.01, 0.01, -255
0.11600000000000002 0.043000000000000003, 0.0 0.0, 0.0 0.0, 0.0 0.0, 1.156839149618933, 0.0, 216106.1026352289, 0.0, 0.0, 0.0, 0, 0.23300970873786409, 0, 0.7669902912621359, 0, 0.0, 0, 4.627356598475732e-06, 1e-05, 1e-05, 0.01, 0.01, 0.01, 0.01, -255
0.11600000000000002 0.043000000000000003, 0.0 0.0, 0.0 0.0, 0.0 0.0, 1.156839149618933, 0.0, 216106.1026352289, 0.0, 0.0, 0.0, 0, 0.23300970873786409, 0, 0.7669902912621359, 0, 0.0, 0, 4.627356598475732e-06, 1e-05, 1e-05, 0.01, 0.01, 0.01, 0.01, -255
0.11600000000000002 0.043000000000000003, 0.0 0.0, 0.0 0.0, 0.0 0.0, 1.156839149618933, 0.0, 216106.1026352289, 0.0, 0.0, 0.0, 0, 0.23300970873786409, 0, 0.7669902912621359, 0, 0.0, 0, 4.627356598475732e-06, 1e-05, 1e-05, 0.01, 0.01, 0.01, 0.01, -255
0.11600000000000002 0.043000000000000003, 0.0 0.0, 0.0 0.0, 0.0 0.0, 1.156839149618933, 0.0, 216106.1026352289, 0.0, 0.0, 0.0, 0, 0.23300970873786409, 0, 0.7669902912621359, 0, 0.0, 0, 4.627356598475732e-06, 1e-05, 1e-05, 0.01, 0.01, 0.01, 0.01, -255
0.11600000000000002 0.043000000000000003, 0.0 0.0, 0.0 0.0, 0.0 0.0, 1.156839149618933, 0.0, 216106.1026352289, 0.0, 0.0, 0.0, 0, 0.23300970873786409, 0, 0.7669902912621359, 0, 0.0, 0, 4.627356598475732e-06, 1e-05, 1e-05, 0.01, 0.01, 0.01, 0.01, -255
0.11600000000000002 0.043000000000000003, 0.0 0.0, 0.0 0.0, 0.0 0.0, 1.156839149618933, 0.0, 216106.1026352289, 0.0, 0.0, 0.0, 0, 0.23300970873786409, 0, 0.7669902912621359, 0, 0.0, 0, 4.627356598475732e-06, 1e-05, 1e-05, 0.01, 0.01, 0.01, 0.01, -255
0.11600000000000002 0.043000000000000003, 0.0 0.0, 0.0 0.0, 0.0 0.0, 1.156839149618933, 0.0, 216106.1026352289, 0.0, 0.0, 0.0, 0, 0.23300970873786409, 0, 0.7669902912621359, 0, 0.0, 0, 4.627356598475732e-06, 1e-05, 1e-05, 0.01, 0.01, 0.01, 0.01, -255
0.11600000000000002 0.043000000000000003, 0.0 0.0, 0.0 0.0, 0.0 0.0, 1.156839149618933, 0.0, 216106.1026352289, 0.0, 0.0, 0.0, 0, 0.23300970873786409, 0, 0.7669902912621359, 0, 0.0, 0, 4.627356598475732e-06, 1e-05, 1e-05, 0.01, 0.01, 0.01, 0.01, -255
0.11600000000000002 0.043000000000000003, 0.0 0.0, 0.0 0.0, 0.0 0.0, 1.156839149618933, 0.0, 216106.1026352289, 0.0, 0.0, 0.0, 0, 0.23300970873786409, 0, 0.7669902912621359, 0, 0.0, 0, 4.627356598475732e-06, 1e-05, 1e-05, 0.01, 0.01, 0.01, 0.01, -255
0.11600000000000002 0.043000000000000003, 0.0 0.0, 0.0 0.0, 0.0 0.0, 1.156839149618933, 0.0, 216106.1026352289, 0.0, 0.0, 0.0, 0, 0.23300970873786409, 0, 0.7669902912621359, 0, 0.0, 0, 4.627356598475732e-06, 1e-05, 1e-05, 0.01, 0.01, 0.01, 0.01, -255
0.11600000000000002 0.043000000000000003, 0.0 0.0, 0.0 0.0, 0.0 0.0, 1.156839149618933, 0.0, 216106.1026352289, 0.0, 0.0, 0.0, 0, 0.23300970873786409, 0, 0.7669902912621359, 0, 0.0, 0, 4.627356598475732e-06, 1e-05, 1e-05, 0.01, 0.01, 0.01, 0.01, -255
0.11600000000000002 0.043000000000000003, 0.0 0.0, 0.0 0.0, 0.0 0.0, 1.156839149618933, 0.0, 216106.1026352289, 0.0, 0.0, 0.0, 0, 0.23300970873786409, 0, 0.7669902912621359, 0, 0.0, 0, 4.627356598475732e-06, 1e-05, 1e-05, 0.01, 0.01, 0.01, 0.01, -255
0.11600000000000002 0.043000000000000003, 0.0 0.0, 0.0 0.0, 0.0 0.0, 1.156839149618933, 0.0, 216106.1026352289, 0.0, 0.0, 0.0, 0, 0.23300970873786409, 0, 0.7669902912621359, 0, 0.0, 0, 4.627356598475732e-06, 1e-05, 1e-05, 0.01, 0.01, 0.01, 0.01, -255
0.11600000000000002 0.043000000000000003, 0.0 0.0, 0.0 0.0, 0.0 0.0, 1.156839149618933, 0.0, 216106.1026352289, 0.0, 0.0, 0.0, 0, 0.23300970873786409, 0, 0.7669902912621359, 0, 0.0, 0, 4.627356598475732e-06, 1e-05, 1e-05, 0.01, 0.01, 0.01, 0.01, -255
0.11600000000000002 0.043000000000000003, 0.0 0.0, 0.0 0.0, 0.0 0.0, 1.156839149618933, 0.0, 216106.1026352289, 0.0, 0.0, 0.0, 0, 0.23300970873786409, 0, 0.7669902912621359, 0, 0.0, 0, 4.627356598475732e-06, 1e-05, 1e-05, 0.01, 0.01, 0.01, 0.01, -255
0.11600000000000002 0.043000000000000003, 0.0 0.0, 0.0 0.0, 0.0 0.0, 1.156839149618933, 0.0, 216106.1026352289, 0.0, 0.0, 0.0, 0, 0.23300970873786409, 0, 0.7669902912621359, 0, 0.0, 0, 4.627356598475732e-06, 1e-05, 1e-05, 0.01, 0.01, 0.01, 0.01, -255
0.11600000000000002 0.043000000000000003, 0.0 0.0, 0.0 0.0, 0.0 0.0, 1.156839149618933, 0.0, 216106.1026352289, 0.0, 0.0, 0.0, 0, 0.23300970873786409, 0, 0.7669902912621359, 0, 0.0, 0, 4.627356598475732e-06, 1e-05, 1e-05, 0.01, 0.01, 0.01, 0.01, -255
0.11600000000000002 0.043000000000000003, 0.0 0.0, 0.0 0.0, 0.0 0.0, 1.156839149618933, 0.0, 216106.1026352289, 0.0, 0.0, 0.0, 0, 0.23300970873786409, 0, 0.7669902912621359, 0, 0.0, 0, 4.627356598475732e-06, 1e-05, 1e-05, 0.01, 0.01, 0.01, 0.01, -255
0.11600000000000002 0.043000000000000003, 0.0 0.0, 0.0 0.0, 0.0 0.0, 1.156839149618933, 0.0, 216106.1026352289, 0.0, 0.0, 0.0, 0, 0.23300970873786409, 0, 0.7669902912621359, 0, 0.0, 0, 4.627356598475732e-06, 1e-05, 1e-05, 0.01, 0.01, 0.01, 0.01, -255
0.11600000000000002 0.043000000000000003, 0.0 0.0, 0.0 0.0, 0.0 0.0, 1.156839149618933, 0.0, 216106.1026352289, 0.0, 0.0, 0.0, 0, 0.23300970873786409, 0, 0.7669902912621359, 0, 0.0, 0, 4.627356598475732e-06, 1e-05, 1e-05, 0.01, 0.01, 0.01, 0.01, -255
0.11600000000000002 0.043000000000000003, 0.0 0.0, 0.0 0.0, 0.0 0.0, 1.156839149618933, 0.0, 216106.1026352289, 0.0, 0.0, 0.0, 0, 0.23300970873786409, 0, 0.7669902912621359, 0, 0.0, 0, 4.627356598475732e-06, 1e-05, 1e-05, 0.01, 0.01, 0.01, 0.01, -255
0.11600000000000002 0.043000000000000003, 0.0 0.0, 0.0 0.0, 0.0 0.0, 1.156839149618933, 0.0, 216106.1026352289, 0.0, 0.0, 0.0, 0, 0.23300970873786409, 0, 0.7669902912621359, 0, 0.0, 0, 4.627356598475732e-06, 1e-05, 1e-05, 0.01, 0.01, 0.01, 0.01, -255
0.11600000000000002 0.043000000000000003, 0.0 0.0, 0.0 0.0, 0.0 0.0, 1.156839149618933, 0.0, 216106.1026352289, 0.0, 0.0, 0.0, 0, 0.23300970873786409, 0, 0.7669902912621359, 0, 0.0, 0, 4.627356598475732e-06, 1e-05, 1e-05, 0.01, 0.01, 0.01, 0.01, -255
0.11600000000000002 0.043000000000000003, 0.0 0.0, 0.0 0.0, 0.0 0.0, 1.156839149618933, 0.0, 216106.1026352289, 0.0, 0.0, 0.0, 0, 0.23300970873786409, 0, 0.7669902912621359, 0, 0.0, 0, 4.627356598475732e-06, 1e-05, 1e-05, 0.01, 0.01, 0.01, 0.01, -255
0.11600000000000002 0.043000000000000003, 0.0 0.0, 0.0 0.0, 0.0 0.0, 1.156839149618933, 0.0, 216106.1026352289, 0.0, 0.0, 0.0, 0, 0.23300970873786409, 0, 0.7669902912621359, 0, 0.0, 0, 4.627356598475732e-06, 1e-05, 1e-05, 0.01, 0.01, 0.01, 0.01, -255
0.11600000000000002 0.043000000000000003, 0.0 0.0, 0.0 0.0, 0.0 0.0, 1.156839149618933, 0.0, 216106.1026352289, 0.0, 0.0, 0.0, 0, 0.23300970873786409, 0, 0.7669902912621359, 0, 0.0, 0, 4.627356598475732e-06, 1e-05, 1e-05, 0.01, 0.01, 0.01, 0.01, -255
0.11600000000000002 0.043000000000000003, 0.0 0.0, 0.0 0.0, 0.0 0.0, 1.156839149618933, 0.0, 216106.1026352289, 0.0, 0.0, 0.0, 0, 0.23300970873786409, 0, 0.7669902912621359, 0, 0.0, 0, 4.627356598475732e-06, 1e-05, 1e-05, 0.01, 0.01, 0.01, 0.01, -255
0.11600000000000002 0.043000000000000003, 0.0 0.0, 0.0 0.0, 0.0 0.0, 1.156839149618933, 0.0, 216106.1026352289, 0.0, 0.0, 0.0, 0, 0.23300970873786409, 0, 0.7669902912621359, 0, 0.0, 0, 4.627356598475732e-06, 1e-05, 1e-05, 0.01, 0.01, 0.01, 0.01, -255
0.11600000000000002 0.043000000000000003, 0.0 0.0, 0.0 0.0, 0.0 0.0, 1.156839149618933, 0.0, 216106.1026352289, 0.0, 0.0, 0.0, 0, 0.23300970873786409, 0, 0.7669902912621359, 0, 0.0, 0, 4.627356598475732e-06, 1e-05, 1e-05, 0.01, 0.01, 0.01, 0.01, -255
0.11600000000000002 0.043000000000000003, 0.0 0.0, 0.0 0.0, 0.0 0.0, 1.156839149618933, 0.0, 216106.1026352289, 0.0, 0.0, 0.0, 0, 0.23300970873786409, 0, 0.7669902912621359, 0, 0.0, 0, 4.627356598475732e-06, 1e-05, 1e-05, 0.01, 0.01, 0.01, 0.01, -255
0.11600000000000002 0.043000000000000003, 0.0 0.0, 0.0 0.0, 0.0 0.0, 1.156839149618933, 0.0, 216106.1026352289, 0.0, 0.0, 0.0, 0, 0.23300970873786409, 0, 0.7669902912621359, 0, 0.0, 0, 4.627356598475732e-06, 1e-05, 1e-05, 0.01, 0.01, 0.01, 0.01, -255
0.11600000000000002 0.043000000000000003, 0.0 0.0, 0.0 0.0, 0.0 0.0, 1.156839149618933, 0.0, 216106.1026352289, 0.0, 0.0, 0.0, 0, 0.23300970873786409, 0, 0.7669902912621359, 0, 0.0, 0, 4.627356598475732e-06, 1e-05, 1e-05, 0.01, 0.01, 0.01, 0.01, -255
0.11600000000000002 0.043000000000000003, 0.0 0.0, 0.0 0.0, 0.0 0.0, 1.156839149618933, 0.0, 216106.1026352289, 0.0, 0.0, 0.0, 0, 0.23300970873786409, 0, 0.7669902912621359, 0, 0.0, 0, 4.627356598475732e-06, 1e-05, 1e-05, 0.01, 0.01, 0.01, 0.01, -255
0.11600000000000002 0.043000000000000003, 0.0 0.0, 0.0 0.0, 0.0 0.0, 1.156839149618933, 0.0, 216106.1026352289, 0.0, 0.0, 0.0, 0, 0.23300970873786409, 0, 0.7669902912621359, 0, 0.0, 0, 4.627356598475732e-06, 1e-05, 1e-05, 0.01, 0.01, 0.01, 0.01, -255
0.11600000000000002 0.043000000000000003, 0.0 0.0, 0.0 0.0, 0.0 0.0, 1.156839149618933, 0.0, 216106.1026352289, 0.0, 0.0, 0.0, 0, 0.23300970873786409, 0, 0.7669902912621359, 0, 0.0, 0, 4.627356598475732e-06, 1e-05, 1e-05, 0.01, 0.01, 0.01, 0.01, -255
0.11600000000000002 0.043000000000000003, 0.0 0.0, 0.0 0.0, 0.0 0.0, 1.156839149618933, 0.0, 216106.1026352289, 0.0, 0.0, 0.0, 0, 0.23300970873786409, 0, 0.7669902912621359, 0, 0.0, 0, 4.627356598475732e-06, 1e-05, 1e-05, 0.01, 0.01, 0.01, 0.01, -255
0.11600000000000002 0.043000000000000003, 0.0 0.0, 0.0 0.0, 0.0 0.0, 1.156839149618933, 0.0, 216106.1026352289, 0.0, 0.0, 0.0, 0, 0.23300970873786409, 0, 0.7669902912621359, 0, 0.0, 0, 4.627356598475732e-06, 1e-05, 1e-05, 0.01, 0.01, 0.01, 0.01, -255
0.11600000000000002 0.043000000000000003, 0.0 0.0, 0.0 0.0, 0.0 0.0, 1.156839149618933, 0.0, 216106.1026352289, 0.0, 0.0, 0.0, 0, 0.23300970873786409, 0, 0.7669902912621359, 0, 0.0, 0, 4.627356598475732e-06, 1e-05, 1e-05, 0.01, 0.01, 0.01, 0.01, -255
0.11600000000000002 0.043000000000000003, 0.0 0.0, 0.0 0.0, 0.0 0.0, 1.156839149618933, 0.0, 216106.1026352289, 0.0, 0.0, 0.0, 0, 0.23300970873786409, 0, 0.7669902912621359, 0, 0.0, 0, 4.627356598475732e-06, 1e-05, 1e-05, 0.01, 0.01, 0.01, 0.01, -255
0.11600000000000002 0.043000000000000003, 0.0 0.0, 0.0 0.0, 0.0 0.0, 1.156839149618933, 0.0, 216106.1026352289, 0.0, 0.0, 0.0, 0, 0.23300970873786409, 0, 0.7669902912621359, 0, 0.0, 0, 4.627356598475732e-06, 1e-05, 1e-05, 0.01, 0.01, 0.01, 0.01, -255
0.11600000000000002 0.043000000000000003, 0.0 0.0, 0.0 0.0, 0.0 0.0, 1.156839149618933, 0.0, 216106.1026352289, 0.0, 0.0, 0.0, 0, 0.23300970873786409, 0, 0.7669902912621359, 0, 0.0, 0, 4.627356598475732e-06, 1e-05, 1e-05, 0.01, 0.01, 0.01, 0.01, -255
0.11600000000000002 0.043000000000000003, 0.0 0.0, 0.0 0.0, 0.0 0.0, 1.156839149618933, 0.0, 216106.1026352289, 0.0, 0.0, 0.0, 0, 0.23300970873786409, 0, 0.7669902912621359, 0, 0.0, 0, 4.627356598475732e-06, 1e-05, 1e-05, 0.01, 0.01, 0.01, 0.01, -255
0.11600000000000002 0.043000000000000003, 0.0 0.0, 0.0 0.0, 0.0 0.0, 1.156839149618933, 0.0, 216106.1026352289, 0.0, 0.0, 0.0, 0, 0.23300970873786409, 0, 0.7669902912621359, 0, 0.0, 0, 4.627356598475732e-06, 1e-05, 1e-05, 0.01, 0.01, 0.01, 0.01, -255
0.11600000000000002 0.043000000000000003, 0.0 0.0, 0.0 0.0, 0.0 0.0, 1.156839149618933, 0.0, 216106.1026352289, 0.0, 0.0, 0.0, 0, 0.23300970873786409, 0, 0.7669902912621359, 0, 0.0, 0, 4.627356598475732e-06, 1e-05, 1e-05, 0.01, 0.01, 0.01, 0.01, -255
0.11600000000000002 0.043000000000000003, 0.0 0.0, 0.0 0.0, 0.0 0.0, 1.156839149618933, 0.0, 216106.1026352289, 0.0, 0.0, 0.0, 0, 0.23300970873786409, 0, 0.7669902912621359, 0, 0.0, 0, 4.627356598475732e-06, 1e-05, 1e-05, 0.01, 0.01, 0.01, 0.01, -255
0.11600000000000002 0.043000000000000003, 0.0 0.0, 0.0 0.0, 0.0 0.0, 1.156839149618933, 0.0, 216106.1026352289, 0.0, 0.0, 0.0, 0, 0.23300970873786409, 0, 0.7669902912621359, 0, 0.0, 0, 4.627356598475732e-06, 1e-05, 1e-05, 0.01, 0.01, 0.01, 0.01, -255
0.11600000000000002 0.043000000000000003, 0.0 0.0, 0.0 0.0, 0.0 0.0, 1.156839149618933, 0.0, 216106.1026352289, 0.0, 0.0, 0.0, 0, 0.23300970873786409, 0, 0.7669902912621359, 0, 0.0, 0, 4.627356598475732e-06, 1e-05, 1e-05, 0.01, 0.01, 0.01, 0.01, -255
0.11600000000000002 0.043000000000000003, 0.0 0.0, 0.0 0.0, 0.0 0.0, 1.156839149618933, 0.0, 216106.1026352289, 0.0, 0.0, 0.0, 0, 0.23300970873786409, 0, 0.7669902912621359, 0, 0.0, 0, 4.627356598475732e-06, 1e-05, 1e-05, 0.01, 0.01, 0.01, 0.01, -255
0.11600000000000002 0.043000000000000003, 0.0 0.0, 0.0 0.0, 0.0 0.0, 1.156839149618933, 0.0, 216106.1026352289, 0.0, 0.0, 0.0, 0, 0.23300970873786409, 0, 0.7669902912621359, 0, 0.0, 0, 4.627356598475732e-06, 1e-05, 1e-05, 0.01, 0.01, 0.01, 0.01, -255
0.11600000000000002 0.043000000000000003, 0.0 0.0, 0.0 0.0, 0.0 0.0, 1.156839149618933, 0.0, 216106.1026352289, 0.0, 0.0, 0.0, 0, 0.23300970873786409, 0, 0.7669902912621359, 0, 0.0, 0, 4.627356598475732e-06, 1e-05, 1e-05, 0.01, 0.01, 0.01, 0.01, -255
0.11600000000000002 0.043000000000000003, 0.0 0.0, 0.0 0.0, 0.0 0.0, 1.156839149618933, 0.0, 216106.1026352289, 0.0, 0.0, 0.0, 0, 0.23300970873786409, 0, 0.7669902912621359, 0, 0.0, 0, 4.627356598475732e-06, 1e-05, 1e-05, 0.01, 0.01, 0.01, 0.01, -255
0.11600000000000002 0.043000000000000003, 0.0 0.0, 0.0 0.0, 0.0 0.0, 1.156839149618933, 0.0, 216106.1026352289, 0.0, 0.0, 0.0, 0, 0.23300970873786409, 0, 0.7669902912621359, 0, 0.0, 0, 4.627356598475732e-06, 1e-05, 1e-05, 0.01, 0.01, 0.01, 0.01, -255
0.11600000000000002 0.043000000000000003, 0.0 0.0, 0.0 0.0, 0.0 0.0, 1.156839149618933, 0.0, 216106.1026352289, 0.0, 0.0, 0.0, 0, 0.23300970873786409, 0, 0.7669902912621359, 0, 0.0, 0, 4.627356598475732e-06, 1e-05, 1e-05, 0.01, 0.01, 0.01, 0.01, -255
0.11600000000000002 0.043000000000000003, 0.0 0.0, 0.0 0.0, 0.0 0.0, 1.156839149618933, 0.0, 216106.1026352289, 0.0, 0.0, 0.0, 0, 0.23300970873786409, 0, 0.7669902912621359, 0, 0.0, 0, 4.627356598475732e-06, 1e-05, 1e-05, 0.01, 0.01, 0.01, 0.01, -255
0.11600000000000002 0.043000000000000003, 0.0 0.0, 0.0 0.0, 0.0 0.0, 1.156839149618933, 0.0, 216106.1026352289, 0.0, 0.0, 0.0, 0, 0.23300970873786409, 0, 0.7669902912621359, 0, 0.0, 0, 4.627356598475732e-06, 1e-05, 1e-05, 0.01, 0.01, 0.01, 0.01, -255
0.11600000000000002 0.043000000000000003, 0.0 0.0, 0.0 0.0, 0.0 0.0, 1.156839149618933, 0.0, 216106.1026352289, 0.0, 0.0, 0.0, 0, 0.23300970873786409, 0, 0.7669902912621359, 0, 0.0, 0, 4.627356598475732e-06, 1e-05, 1e-05, 0.01, 0.01, 0.01, 0.01, -255
0.11600000000000002 0.043000000000000003, 0.0 0.0, 0.0 0.0, 0.0 0.0, 1.156839149618933, 0.0, 216106.1026352289, 0.0, 0.0, 0.0, 0, 0.23300970873786409, 0, 0.7669902912621359, 0, 0.0, 0, 4.627356598475732e-06, 1e-05, 1e-05, 0.01, 0.01, 0.01, 0.01, -255
0.11600000000000002 0.043000000000000003, 0.0 0.0, 0.0 0.0, 0.0 0.0, 1.156839149618933, 0.0, 216106.1026352289, 0.0, 0.0, 0.0, 0, 0.23300970873786409, 0, 0.7669902912621359, 0, 0.0, 0, 4.627356598475732e-06, 1e-05, 1e-05, 0.01, 0.01, 0.01, 0.01, -255
0.11600000000000002 0.043000000000000003, 0.0 0.0, 0.0 0.0, 0.0 0.0, 1.156839149618933, 0.0, 216106.1026352289, 0.0, 0.0, 0.0, 0, 0.23300970873786409, 0, 0.7669902912621359, 0, 0.0, 0, 4.627356598475732e-06, 1e-05, 1e-05, 0.01, 0.01, 0.01, 0.01, -255
0.11600000000000002 0.043000000000000003, 0.0 0.0, 0.0 0.0, 0.0 0.0, 1.156839149618933, 0.0, 216106.1026352289, 0.0, 0.0, 0.0, 0, 0.23300970873786409, 0, 0.7669902912621359, 0, 0.0, 0, 4.627356598475732e-06, 1e-05, 1e-05, 0.01, 0.01, 0.01, 0.01, -255
0.11600000000000002 0.043000000000000003, 0.0 0.0, 0.0 0.0, 0.0 0.0, 1.156839149618933, 0.0, 216106.1026352289, 0.0, 0.0, 0.0, 0, 0.23300970873786409, 0, 0.7669902912621359, 0, 0.0, 0, 4.627356598475732e-06, 1e-05, 1e-05, 0.01, 0.01, 0.01, 0.01, -255
0.11600000000000002 0.043000000000000003, 0.0 0.0, 0.0 0.0, 0.0 0.0, 1.156839149618933, 0.0, 216106.1026352289, 0.0, 0.0, 0.0, 0, 0.23300970873786409, 0, 0.7669902912621359, 0, 0.0, 0, 4.627356598475732e-06, 1e-05, 1e-05, 0.01, 0.01, 0.01, 0.01, -255
0.11600000000000002 0.043000000000000003, 0.0 0.0, 0.0 0.0, 0.0 0.0, 1.156839149618933, 0.0, 216106.1026352289, 0.0, 0.0, 0.0, 0, 0.23300970873786409, 0, 0.7669902912621359, 0, 0.0, 0, 4.627356598475732e-06, 1e-05, 1e-05, 0.01, 0.01, 0.01, 0.01, -255
0.11600000000000002 0.043000000000000003, 0.0 0.0, 0.0 0.0, 0.0 0.0, 1.156839149618933, 0.0, 216106.1026352289, 0.0, 0.0, 0.0, 0, 0.23300970873786409, 0, 0.7669902912621359, 0, 0.0, 0, 4.627356598475732e-06, 1e-05, 1e-05, 0.01, 0.01, 0.01, 0.01, -255
0.11600000000000002 0.043000000000000003, 0.0 0.0, 0.0 0.0, 0.0 0.0, 1.156839149618933, 0.0, 216106.1026352289, 0.0, 0.0, 0.0, 0, 0.23300970873786409, 0, 0.7669902912621359, 0, 0.0, 0, 4.627356598475732e-06, 1e-05, 1e-05, 0.01, 0.01, 0.01, 0.01, -255
0.11600000000000002 0.043000000000000003, 0.0 0.0, 0.0 0.0, 0.0 0.0, 1.156839149618933, 0.0, 216106.1026352289, 0.0, 0.0, 0.0, 0, 0.23300970873786409, 0, 0.7669902912621359, 0, 0.0, 0, 4.627356598475732e-06, 1e-05, 1e-05, 0.01, 0.01, 0.01, 0.01, -255
0.11600000000000002 0.043000000000000003, 0.0 0.0, 0.0 0.0, 0.0 0.0, 1.156839149618933, 0.0, 216106.1026352289, 0.0, 0.0, 0.0, 0, 0.23300970873786409, 0, 0.7669902912621359, 0, 0.0, 0, 4.627356598475732e-06, 1e-05, 1e-05, 0.01, 0.01, 0.01, 0.01, -255
0.11600000000000002 0.043000000000000003, 0.0 0.0, 0.0 0.0, 0.0 0.0, 1.156839149618933, 0.0, 216106.1026352289, 0.0, 0.0, 0.0, 0, 0.23300970873786409, 0, 0.7669902912621359, 0, 0.0, 0, 4.627356598475732e-06, 1e-05, 1e-05, 0.01, 0.01, 0.01, 0.01, -255
0.11600000000000002 0.043000000000000003, 0.0 0.0, 0.0 0.0, 0.0 0.0, 1.156839149618933, 0.0, 216106.1026352289, 0.0, 0.0, 0.0, 0, 0.23300970873786409, 0, 0.7669902912621359, 0, 0.0, 0, 4.627356598475732e-06, 1e-05, 1e-05, 0.01, 0.01, 0.01, 0.01, -255
0.11600000000000002 0.043000000000000003, 0.0 0.0, 0.0 0.0, 0.0 0.0, 1.156839149618933, 0.0, 216106.1026352289, 0.0, 0.0, 0.0, 0, 0.23300970873786409, 0, 0.7669902912621359, 0, 0.0, 0, 4.627356598475732e-06, 1e-05, 1e-05, 0.01, 0.01, 0.01, 0.01, -255
0.11600000000000002 0.043000000000000003, 0.0 0.0, 0.0 0.0, 0.0 0.0, 1.156839149618933, 0.0, 216106.1026352289, 0.0, 0.0, 0.0, 0, 0.23300970873786409, 0, 0.7669902912621359, 0, 0.0, 0, 4.627356598475732e-06, 1e-05, 1e-05, 0.01, 0.01, 0.01, 0.01, -255
0.11600000000000002 0.043000000000000003, 0.0 0.0, 0.0 0.0, 0.0 0.0, 1.156839149618933, 0.0, 216106.1026352289, 0.0, 0.0, 0.0, 0, 0.23300970873786409, 0, 0.7669902912621359, 0, 0.0, 0, 4.627356598475732e-06, 1e-05, 1e-05, 0.01, 0.01, 0.01, 0.01, -255
0.11600000000000002 0.043000000000000003, 0.0 0.0, 0.0 0.0, 0.0 0.0, 1.156839149618933, 0.0, 216106.1026352289, 0.0, 0.0, 0.0, 0, 0.23300970873786409, 0, 0.7669902912621359, 0, 0.0, 0, 4.627356598475732e-06, 1e-05, 1e-05, 0.01, 0.01, 0.01, 0.01, -255
0.11600000000000002 0.043000000000000003, 0.0 0.0, 0.0 0.0, 0.0 0.0, 1.156839149618933, 0.0, 216106.1026352289, 0.0, 0.0, 0.0, 0, 0.23300970873786409, 0, 0.7669902912621359, 0, 0.0, 0, 4.627356598475732e-06, 1e-05, 1e-05, 0.01, 0.01, 0.01, 0.01, -255
0.11600000000000002 0.043000000000000003, 0.0 0.0, 0.0 0.0, 0.0 0.0, 1.156839149618933, 0.0, 216106.1026352289, 0.0, 0.0, 0.0, 0, 0.23300970873786409, 0, 0.7669902912621359, 0, 0.0, 0, 4.627356598475732e-06, 1e-05, 1e-05, 0.01, 0.01, 0.01, 0.01, -255
0.11600000000000002 0.043000000000000003, 0.0 0.0, 0.0 0.0, 0.0 0.0, 1.156839149618933, 0.0, 216106.1026352289, 0.0, 0.0, 0.0, 0, 0.23300970873786409, 0, 0.7669902912621359, 0, 0.0, 0, 4.627356598475732e-06, 1e-05, 1e-05, 0.01, 0.01, 0.01, 0.01, -255
0.11600000000000002 0.043000000000000003, 0.0 0.0, 0.0 0.0, 0.0 0.0, 1.156839149618933, 0.0, 216106.1026352289, 0.0, 0.0, 0.0, 0, 0.23300970873786409, 0, 0.7669902912621359, 0, 0.0, 0, 4.627356598475732e-06, 1e-05, 1e-05, 0.01, 0.01, 0.01, 0.01, -255
0.11600000000000002 0.043000000000000003, 0.0 0.0, 0.0 0.0, 0.0 0.0, 1.156839149618933, 0.0, 216106.1026352289, 0.0, 0.0, 0.0, 0, 0.23300970873786409, 0, 0.7669902912621359, 0, 0.0, 0, 4.627356598475732e-06, 1e-05, 1e-05, 0.01, 0.01, 0.01, 0.01, -255
0.11600000000000002 0.043000000000000003, 0.0 0.0, 0.0 0.0, 0.0 0.0, 1.156839149618933, 0.0, 216106.1026352289, 0.0, 0.0, 0.0, 0, 0.23300970873786409, 0, 0.7669902912621359, 0, 0.0, 0, 4.627356598475732e-06, 1e-05, 1e-05, 0.01, 0.01, 0.01, 0.01, -255
0.11600000000000002 0.043000000000000003, 0.0 0.0, 0.0 0.0, 0.0 0.0, 1.156839149618933, 0.0, 216106.1026352289, 0.0, 0.0, 0.0, 0, 0.23300970873786409, 0, 0.7669902912621359, 0, 0.0, 0, 4.627356598475732e-06, 1e-05, 1e-05, 0.01, 0.01, 0.01, 0.01, -255
0.11600000000000002 0.043000000000000003, 0.0 0.0, 0.0 0.0, 0.0 0.0, 1.156839149618933, 0.0, 216106.1026352289, 0.0, 0.0, 0.0, 0, 0.23300970873786409, 0, 0.7669902912621359, 0, 0.0, 0, 4.627356598475732e-06, 1e-05, 1e-05, 0.01, 0.01, 0.01, 0.01, -255
0.11600000000000002 0.043000000000000003, 0.0 0.0, 0.0 0.0, 0.0 0.0, 1.156839149618933, 0.0, 216106.1026352289, 0.0, 0.0, 0.0, 0, 0.23300970873786409, 0, 0.7669902912621359, 0, 0.0, 0, 4.627356598475732e-06, 1e-05, 1e-05, 0.01, 0.01, 0.01, 0.01, -255
0.11600000000000002 0.043000000000000003, 0.0 0.0, 0.0 0.0, 0.0 0.0, 1.156839149618933, 0.0, 216106.1026352289, 0.0, 0.0, 0.0, 0, 0.23300970873786409, 0, 0.7669902912621359, 0, 0.0, 0, 4.627356598475732e-06, 1e-05, 1e-05, 0.01, 0.01, 0.01, 0.01, -255
0.11600000000000002 0.043000000000000003, 0.0 0.0, 0.0 0.0, 0.0 0.0, 1.156839149618933, 0.0, 216106.1026352289, 0.0, 0.0, 0.0, 0, 0.23300970873786409, 0, 0.7669902912621359, 0, 0.0, 0, 4.627356598475732e-06, 1e-05, 1e-05, 0.01, 0.01, 0.01, 0.01, -255
0.11600000000000002 0.043000000000000003, 0.0 0.0, 0.0 0.0, 0.0 0.0, 1.156839149618933, 0.0, 216106.1026352289, 0.0, 0.0, 0.0, 0, 0.23300970873786409, 0, 0.7669902912621359, 0, 0.0, 0, 4.627356598475732e-06, 1e-05, 1e-05, 0.01, 0.01, 0.01, 0.01, -255
0.11600000000000002 0.043000000000000003, 0.0 0.0, 0.0 0.0, 0.0 0.0, 1.156839149618933, 0.0, 216106.1026352289, 0.0, 0.0, 0.0, 0, 0.23300970873786409, 0, 0.7669902912621359, 0, 0.0, 0, 4.627356598475732e-06, 1e-05, 1e-05, 0.01, 0.01, 0.01, 0.01, -255
0.11600000000000002 0.043000000000000003, 0.0 0.0, 0.0 0.0, 0.0 0.0, 1.156839149618933, 0.0, 216106.1026352289, 0.0, 0.0, 0.0, 0, 0.23300970873786409, 0, 0.7669902912621359, 0, 0.0, 0, 4.627356598475732e-06, 1e-05, 1e-05, 0.01, 0.01, 0.01, 0.01, -255
0.11600000000000002 0.043000000000000003, 0.0 0.0, 0.0 0.0, 0.0 0.0, 1.156839149618933, 0.0, 216106.1026352289, 0.0, 0.0, 0.0, 0, 0.23300970873786409, 0, 0.7669902912621359, 0, 0.0, 0, 4.627356598475732e-06, 1e-05, 1e-05, 0.01, 0.01, 0.01, 0.01, -255
0.11600000000000002 0.043000000000000003, 0.0 0.0, 0.0 0.0, 0.0 0.0, 1.156839149618933, 0.0, 216106.1026352289, 0.0, 0.0, 0.0, 0, 0.23300970873786409, 0, 0.7669902912621359, 0, 0.0, 0, 4.627356598475732e-06, 1e-05, 1e-05, 0.01, 0.01, 0.01, 0.01, -255
0.11600000000000002 0.043000000000000003, 0.0 0.0, 0.0 0.0, 0.0 0.0, 1.156839149618933, 0.0, 216106.1026352289, 0.0, 0.0, 0.0, 0, 0.23300970873786409, 0, 0.7669902912621359, 0, 0.0, 0, 4.627356598475732e-06, 1e-05, 1e-05, 0.01, 0.01, 0.01, 0.01, -255
0.11600000000000002 0.043000000000000003, 0.0 0.0, 0.0 0.0, 0.0 0.0, 1.156839149618933, 0.0, 216106.1026352289, 0.0, 0.0, 0.0, 0, 0.23300970873786409, 0, 0.7669902912621359, 0, 0.0, 0, 4.627356598475732e-06, 1e-05, 1e-05, 0.01, 0.01, 0.01, 0.01, -255
0.11600000000000002 0.043000000000000003, 0.0 0.0, 0.0 0.0, 0.0 0.0, 1.156839149618933, 0.0, 216106.1026352289, 0.0, 0.0, 0.0, 0, 0.23300970873786409, 0, 0.7669902912621359, 0, 0.0, 0, 4.627356598475732e-06, 1e-05, 1e-05, 0.01, 0.01, 0.01, 0.01, -255
0.11600000000000002 0.043000000000000003, 0.0 0.0, 0.0 0.0, 0.0 0.0, 1.156839149618933, 0.0, 216106.1026352289, 0.0, 0.0, 0.0, 0, 0.23300970873786409, 0, 0.7669902912621359, 0, 0.0, 0, 4.627356598475732e-06, 1e-05, 1e-05, 0.01, 0.01, 0.01, 0.01, -255
0.11600000000000002 0.043000000000000003, 0.0 0.0, 0.0 0.0, 0.0 0.0, 1.156839149618933, 0.0, 216106.1026352289, 0.0, 0.0, 0.0, 0, 0.23300970873786409, 0, 0.7669902912621359, 0, 0.0, 0, 4.627356598475732e-06, 1e-05, 1e-05, 0.01, 0.01, 0.01, 0.01, -255
0.11600000000000002 0.043000000000000003, 0.0 0.0, 0.0 0.0, 0.0 0.0, 1.156839149618933, 0.0, 216106.1026352289, 0.0, 0.0, 0.0, 0, 0.23300970873786409, 0, 0.7669902912621359, 0, 0.0, 0, 4.627356598475732e-06, 1e-05, 1e-05, 0.01, 0.01, 0.01, 0.01, -255
0.11600000000000002 0.043000000000000003, 0.0 0.0, 0.0 0.0, 0.0 0.0, 1.156839149618933, 0.0, 216106.1026352289, 0.0, 0.0, 0.0, 0, 0.23300970873786409, 0, 0.7669902912621359, 0, 0.0, 0, 4.627356598475732e-06, 1e-05, 1e-05, 0.01, 0.01, 0.01, 0.01, -255
0.11600000000000002 0.043000000000000003, 0.0 0.0, 0.0 0.0, 0.0 0.0, 1.156839149618933, 0.0, 216106.1026352289, 0.0, 0.0, 0.0, 0, 0.23300970873786409, 0, 0.7669902912621359, 0, 0.0, 0, 4.627356598475732e-06, 1e-05, 1e-05, 0.01, 0.01, 0.01, 0.01, -255
0.11600000000000002 0.043000000000000003, 0.0 0.0, 0.0 0.0, 0.0 0.0, 1.156839149618933, 0.0, 216106.1026352289, 0.0, 0.0, 0.0, 0, 0.23300970873786409, 0, 0.7669902912621359, 0, 0.0, 0, 4.627356598475732e-06, 1e-05, 1e-05, 0.01, 0.01, 0.01, 0.01, -255
0.11600000000000002 0.043000000000000003, 0.0 0.0, 0.0 0.0, 0.0 0.0, 1.156839149618933, 0.0, 216106.1026352289, 0.0, 0.0, 0.0, 0, 0.23300970873786409, 0, 0.7669902912621359, 0, 0.0, 0, 4.627356598475732e-06, 1e-05, 1e-05, 0.01, 0.01, 0.01, 0.01, -255
0.11600000000000002 0.043000000000000003, 0.0 0.0, 0.0 0.0, 0.0 0.0, 1.156839149618933, 0.0, 216106.1026352289, 0.0, 0.0, 0.0, 0, 0.23300970873786409, 0, 0.7669902912621359, 0, 0.0, 0, 4.627356598475732e-06, 1e-05, 1e-05, 0.01, 0.01, 0.01, 0.01, -255
0.11600000000000002 0.043000000000000003, 0.0 0.0, 0.0 0.0, 0.0 0.0, 1.156839149618933, 0.0, 216106.1026352289, 0.0, 0.0, 0.0, 0, 0.23300970873786409, 0, 0.7669902912621359, 0, 0.0, 0, 4.627356598475732e-06, 1e-05, 1e-05, 0.01, 0.01, 0.01, 0.01, -255
0.11600000000000002 0.043000000000000003, 0.0 0.0, 0.0 0.0, 0.0 0.0, 1.156839149618933, 0.0, 216106.1026352289, 0.0, 0.0, 0.0, 0, 0.23300970873786409, 0, 0.7669902912621359, 0, 0.0, 0, 4.627356598475732e-06, 1e-05, 1e-05, 0.01, 0.01, 0.01, 0.01, -255
0.11600000000000002 0.043000000000000003, 0.0 0.0, 0.0 0.0, 0.0 0.0, 1.156839149618933, 0.0, 216106.1026352289, 0.0, 0.0, 0.0, 0, 0.23300970873786409, 0, 0.7669902912621359, 0, 0.0, 0, 4.627356598475732e-06, 1e-05, 1e-05, 0.01, 0.01, 0.01, 0.01, -255
0.11600000000000002 0.043000000000000003, 0.0 0.0, 0.0 0.0, 0.0 0.0, 1.156839149618933, 0.0, 216106.1026352289, 0.0, 0.0, 0.0, 0, 0.23300970873786409, 0, 0.7669902912621359, 0, 0.0, 0, 4.627356598475732e-06, 1e-05, 1e-05, 0.01, 0.01, 0.01, 0.01, -255
0.11600000000000002 0.043000000000000003, 0.0 0.0, 0.0 0.0, 0.0 0.0, 1.156839149618933, 0.0, 216106.1026352289, 0.0, 0.0, 0.0, 0, 0.23300970873786409, 0, 0.7669902912621359, 0, 0.0, 0, 4.627356598475732e-06, 1e-05, 1e-05, 0.01, 0.01, 0.01, 0.01, -255
0.11600000000000002 0.043000000000000003, 0.0 0.0, 0.0 0.0, 0.0 0.0, 1.156839149618933, 0.0, 216106.1026352289, 0.0, 0.0, 0.0, 0, 0.23300970873786409, 0, 0.7669902912621359, 0, 0.0, 0, 4.627356598475732e-06, 1e-05, 1e-05, 0.01, 0.01, 0.01, 0.01, -255
0.11600000000000002 0.043000000000000003, 0.0 0.0, 0.0 0.0, 0.0 0.0, 1.156839149618933, 0.0, 216106.1026352289, 0.0, 0.0, 0.0, 0, 0.23300970873786409, 0, 0.7669902912621359, 0, 0.0, 0, 4.627356598475732e-06, 1e-05, 1e-05, 0.01, 0.01, 0.01, 0.01, -255
0.11600000000000002 0.043000000000000003, 0.0 0.0, 0.0 0.0, 0.0 0.0, 1.156839149618933, 0.0, 216106.1026352289, 0.0, 0.0, 0.0, 0, 0.23300970873786409, 0, 0.7669902912621359, 0, 0.0, 0, 4.627356598475732e-06, 1e-05, 1e-05, 0.01, 0.01, 0.01, 0.01, -255
0.11600000000000002 0.043000000000000003, 0.0 0.0, 0.0 0.0, 0.0 0.0, 1.156839149618933, 0.0, 216106.1026352289, 0.0, 0.0, 0.0, 0, 0.23300970873786409, 0, 0.7669902912621359, 0, 0.0, 0, 4.627356598475732e-06, 1e-05, 1e-05, 0.01, 0.01, 0.01, 0.01, -255
0.11600000000000002 0.043000000000000003, 0.0 0.0, 0.0 0.0, 0.0 0.0, 1.156839149618933, 0.0, 216106.1026352289, 0.0, 0.0, 0.0, 0, 0.23300970873786409, 0, 0.7669902912621359, 0, 0.0, 0, 4.627356598475732e-06, 1e-05, 1e-05, 0.01, 0.01, 0.01, 0.01, -255
0.11600000000000002 0.043000000000000003, 0.0 0.0, 0.0 0.0, 0.0 0.0, 1.156839149618933, 0.0, 216106.1026352289, 0.0, 0.0, 0.0, 0, 0.23300970873786409, 0, 0.7669902912621359, 0, 0.0, 0, 4.627356598475732e-06, 1e-05, 1e-05, 0.01, 0.01, 0.01, 0.01, -255
0.11600000000000002 0.043000000000000003, 0.0 0.0, 0.0 0.0, 0.0 0.0, 1.156839149618933, 0.0, 216106.1026352289, 0.0, 0.0, 0.0, 0, 0.23300970873786409, 0, 0.7669902912621359, 0, 0.0, 0, 4.627356598475732e-06, 1e-05, 1e-05, 0.01, 0.01, 0.01, 0.01, -255
0.11600000000000002 0.043000000000000003, 0.0 0.0, 0.0 0.0, 0.0 0.0, 1.156839149618933, 0.0, 216106.1026352289, 0.0, 0.0, 0.0, 0, 0.23300970873786409, 0, 0.7669902912621359, 0, 0.0, 0, 4.627356598475732e-06, 1e-05, 1e-05, 0.01, 0.01, 0.01, 0.01, -255
0.11600000000000002 0.043000000000000003, 0.0 0.0, 0.0 0.0, 0.0 0.0, 1.156839149618933, 0.0, 216106.1026352289, 0.0, 0.0, 0.0, 0, 0.23300970873786409, 0, 0.7669902912621359, 0, 0.0, 0, 4.627356598475732e-06, 1e-05, 1e-05, 0.01, 0.01, 0.01, 0.01, -255
0.11600000000000002 0.043000000000000003, 0.0 0.0, 0.0 0.0, 0.0 0.0, 1.156839149618933, 0.0, 216106.1026352289, 0.0, 0.0, 0.0, 0, 0.23300970873786409, 0, 0.7669902912621359, 0, 0.0, 0, 4.627356598475732e-06, 1e-05, 1e-05, 0.01, 0.01, 0.01, 0.01, -255
0.11600000000000002 0.043000000000000003, 0.0 0.0, 0.0 0.0, 0.0 0.0, 1.156839149618933, 0.0, 216106.1026352289, 0.0, 0.0, 0.0, 0, 0.23300970873786409, 0, 0.7669902912621359, 0, 0.0, 0, 4.627356598475732e-06, 1e-05, 1e-05, 0.01, 0.01, 0.01, 0.01, -255
0.11600000000000002 0.043000000000000003, 0.0 0.0, 0.0 0.0, 0.0 0.0, 1.156839149618933, 0.0, 216106.1026352289, 0.0, 0.0, 0.0, 0, 0.23300970873786409, 0, 0.7669902912621359, 0, 0.0, 0, 4.627356598475732e-06, 1e-05, 1e-05, 0.01, 0.01, 0.01, 0.01, -255
0.11600000000000002 0.043000000000000003, 0.0 0.0, 0.0 0.0, 0.0 0.0, 1.156839149618933, 0.0, 216106.1026352289, 0.0, 0.0, 0.0, 0, 0.23300970873786409, 0, 0.7669902912621359, 0, 0.0, 0, 4.627356598475732e-06, 1e-05, 1e-05, 0.01, 0.01, 0.01, 0.01, -255
0.11600000000000002 0.043000000000000003, 0.0 0.0, 0.0 0.0, 0.0 0.0, 1.156839149618933, 0.0, 216106.1026352289, 0.0, 0.0, 0.0, 0, 0.23300970873786409, 0, 0.7669902912621359, 0, 0.0, 0, 4.627356598475732e-06, 1e-05, 1e-05, 0.01, 0.01, 0.01, 0.01, -255
0.11600000000000002 0.043000000000000003, 0.0 0.0, 0.0 0.0, 0.0 0.0, 1.156839149618933, 0.0, 216106.1026352289, 0.0, 0.0, 0.0, 0, 0.23300970873786409, 0, 0.7669902912621359, 0, 0.0, 0, 4.627356598475732e-06, 1e-05, 1e-05, 0.01, 0.01, 0.01, 0.01, -255
0.11600000000000002 0.043000000000000003, 0.0 0.0, 0.0 0.0, 0.0 0.0, 1.156839149618933, 0.0, 216106.1026352289, 0.0, 0.0, 0.0, 0, 0.23300970873786409, 0, 0.7669902912621359, 0, 0.0, 0, 4.627356598475732e-06, 1e-05, 1e-05, 0.01, 0.01, 0.01, 0.01, -255
0.11600000000000002 0.043000000000000003, 0.0 0.0, 0.0 0.0, 0.0 0.0, 1.156839149618933, 0.0, 216106.1026352289, 0.0, 0.0, 0.0, 0, 0.23300970873786409, 0, 0.7669902912621359, 0, 0.0, 0, 4.627356598475732e-06, 1e-05, 1e-05, 0.01, 0.01, 0.01, 0.01, -255
0.11600000000000002 0.043000000000000003, 0.0 0.0, 0.0 0.0, 0.0 0.0, 1.156839149618933, 0.0, 216106.1026352289, 0.0, 0.0, 0.0, 0, 0.23300970873786409, 0, 0.7669902912621359, 0, 0.0, 0, 4.627356598475732e-06, 1e-05, 1e-05, 0.01, 0.01, 0.01, 0.01, -255
0.11600000000000002 0.043000000000000003, 0.0 0.0, 0.0 0.0, 0.0 0.0, 1.156839149618933, 0.0, 216106.1026352289, 0.0, 0.0, 0.0, 0, 0.23300970873786409, 0, 0.7669902912621359, 0, 0.0, 0, 4.627356598475732e-06, 1e-05, 1e-05, 0.01, 0.01, 0.01, 0.01, -255
0.11600000000000002 0.043000000000000003, 0.0 0.0, 0.0 0.0, 0.0 0.0, 1.156839149618933, 0.0, 216106.1026352289, 0.0, 0.0, 0.0, 0, 0.23300970873786409, 0, 0.7669902912621359, 0, 0.0, 0, 4.627356598475732e-06, 1e-05, 1e-05, 0.01, 0.01, 0.01, 0.01, -255
0.11600000000000002 0.043000000000000003, 0.0 0.0, 0.0 0.0, 0.0 0.0, 1.156839149618933, 0.0, 216106.1026352289, 0.0, 0.0, 0.0, 0, 0.23300970873786409, 0, 0.7669902912621359, 0, 0.0, 0, 4.627356598475732e-06, 1e-05, 1e-05, 0.01, 0.01, 0.01, 0.01, -255
0.11600000000000002 0.043000000000000003, 0.0 0.0, 0.0 0.0, 0.0 0.0, 1.156839149618933, 0.0, 216106.1026352289, 0.0, 0.0, 0.0, 0, 0.23300970873786409, 0, 0.7669902912621359, 0, 0.0, 0, 4.627356598475732e-06, 1e-05, 1e-05, 0.01, 0.01, 0.01, 0.01, -255
0.11600000000000002 0.043000000000000003, 0.0 0.0, 0.0 0.0, 0.0 0.0, 1.156839149618933, 0.0, 216106.1026352289, 0.0, 0.0, 0.0, 0, 0.23300970873786409, 0, 0.7669902912621359, 0, 0.0, 0, 4.627356598475732e-06, 1e-05, 1e-05, 0.01, 0.01, 0.01, 0.01, -255
0.11600000000000002 0.043000000000000003, 0.0 0.0, 0.0 0.0, 0.0 0.0, 1.156839149618933, 0.0, 216106.1026352289, 0.0, 0.0, 0.0, 0, 0.23300970873786409, 0, 0.7669902912621359, 0, 0.0, 0, 4.627356598475732e-06, 1e-05, 1e-05, 0.01, 0.01, 0.01, 0.01, -255
0.11600000000000002 0.043000000000000003, 0.0 0.0, 0.0 0.0, 0.0 0.0, 1.156839149618933, 0.0, 216106.1026352289, 0.0, 0.0, 0.0, 0, 0.23300970873786409, 0, 0.7669902912621359, 0, 0.0, 0, 4.627356598475732e-06, 1e-05, 1e-05, 0.01, 0.01, 0.01, 0.01, -255
0.11600000000000002 0.043000000000000003, 0.0 0.0, 0.0 0.0, 0.0 0.0, 1.156839149618933, 0.0, 216106.1026352289, 0.0, 0.0, 0.0, 0, 0.23300970873786409, 0, 0.7669902912621359, 0, 0.0, 0, 4.627356598475732e-06, 1e-05, 1e-05, 0.01, 0.01, 0.01, 0.01, -255
0.11600000000000002 0.043000000000000003, 0.0 0.0, 0.0 0.0, 0.0 0.0, 1.156839149618933, 0.0, 216106.1026352289, 0.0, 0.0, 0.0, 0, 0.23300970873786409, 0, 0.7669902912621359, 0, 0.0, 0, 4.627356598475732e-06, 1e-05, 1e-05, 0.01, 0.01, 0.01, 0.01, -255
0.11600000000000002 0.043000000000000003, 0.0 0.0, 0.0 0.0, 0.0 0.0, 1.156839149618933, 0.0, 216106.1026352289, 0.0, 0.0, 0.0, 0, 0.23300970873786409, 0, 0.7669902912621359, 0, 0.0, 0, 4.627356598475732e-06, 1e-05, 1e-05, 0.01, 0.01, 0.01, 0.01, -255
0.11600000000000002 0.043000000000000003, 0.0 0.0, 0.0 0.0, 0.0 0.0, 1.156839149618933, 0.0, 216106.1026352289, 0.0, 0.0, 0.0, 0, 0.23300970873786409, 0, 0.7669902912621359, 0, 0.0, 0, 4.627356598475732e-06, 1e-05, 1e-05, 0.01, 0.01, 0.01, 0.01, -255
0.11600000000000002 0.043000000000000003, 0.0 0.0, 0.0 0.0, 0.0 0.0, 1.156839149618933, 0.0, 216106.1026352289, 0.0, 0.0, 0.0, 0, 0.23300970873786409, 0, 0.7669902912621359, 0, 0.0, 0, 4.627356598475732e-06, 1e-05, 1e-05, 0.01, 0.01, 0.01, 0.01, -255
0.11600000000000002 0.043000000000000003, 0.0 0.0, 0.0 0.0, 0.0 0.0, 1.156839149618933, 0.0, 216106.1026352289, 0.0, 0.0, 0.0, 0, 0.23300970873786409, 0, 0.7669902912621359, 0, 0.0, 0, 4.627356598475732e-06, 1e-05, 1e-05, 0.01, 0.01, 0.01, 0.01, -255
0.11600000000000002 0.043000000000000003, 0.0 0.0, 0.0 0.0, 0.0 0.0, 1.156839149618933, 0.0, 216106.1026352289, 0.0, 0.0, 0.0, 0, 0.23300970873786409, 0, 0.7669902912621359, 0, 0.0, 0, 4.627356598475732e-06, 1e-05, 1e-05, 0.01, 0.01, 0.01, 0.01, -255
0.11600000000000002 0.043000000000000003, 0.0 0.0, 0.0 0.0, 0.0 0.0, 1.156839149618933, 0.0, 216106.1026352289, 0.0, 0.0, 0.0, 0, 0.23300970873786409, 0, 0.7669902912621359, 0, 0.0, 0, 4.627356598475732e-06, 1e-05, 1e-05, 0.01, 0.01, 0.01, 0.01, -255
0.11600000000000002 0.043000000000000003, 0.0 0.0, 0.0 0.0, 0.0 0.0, 1.156839149618933, 0.0, 216106.1026352289, 0.0, 0.0, 0.0, 0, 0.23300970873786409, 0, 0.7669902912621359, 0, 0.0, 0, 4.627356598475732e-06, 1e-05, 1e-05, 0.01, 0.01, 0.01, 0.01, -255
0.11600000000000002 0.043000000000000003, 0.0 0.0, 0.0 0.0, 0.0 0.0, 1.156839149618933, 0.0, 216106.1026352289, 0.0, 0.0, 0.0, 0, 0.23300970873786409, 0, 0.7669902912621359, 0, 0.0, 0, 4.627356598475732e-06, 1e-05, 1e-05, 0.01, 0.01, 0.01, 0.01, -255
0.11600000000000002 0.043000000000000003, 0.0 0.0, 0.0 0.0, 0.0 0.0, 1.156839149618933, 0.0, 216106.1026352289, 0.0, 0.0, 0.0, 0, 0.23300970873786409, 0, 0.7669902912621359, 0, 0.0, 0, 4.627356598475732e-06, 1e-05, 1e-05, 0.01, 0.01, 0.01, 0.01, -255
0.11600000000000002 0.043000000000000003, 0.0 0.0, 0.0 0.0, 0.0 0.0, 1.156839149618933, 0.0, 216106.1026352289, 0.0, 0.0, 0.0, 0, 0.23300970873786409, 0, 0.7669902912621359, 0, 0.0, 0, 4.627356598475732e-06, 1e-05, 1e-05, 0.01, 0.01, 0.01, 0.01, -255
0.11600000000000002 0.043000000000000003, 0.0 0.0, 0.0 0.0, 0.0 0.0, 1.156839149618933, 0.0, 216106.1026352289, 0.0, 0.0, 0.0, 0, 0.23300970873786409, 0, 0.7669902912621359, 0, 0.0, 0, 4.627356598475732e-06, 1e-05, 1e-05, 0.01, 0.01, 0.01, 0.01, -255
0.11600000000000002 0.043000000000000003, 0.0 0.0, 0.0 0.0, 0.0 0.0, 1.156839149618933, 0.0, 216106.1026352289, 0.0, 0.0, 0.0, 0, 0.23300970873786409, 0, 0.7669902912621359, 0, 0.0, 0, 4.627356598475732e-06, 1e-05, 1e-05, 0.01, 0.01, 0.01, 0.01, -255
0.11600000000000002 0.043000000000000003, 0.0 0.0, 0.0 0.0, 0.0 0.0, 1.156839149618933, 0.0, 216106.1026352289, 0.0, 0.0, 0.0, 0, 0.23300970873786409, 0, 0.7669902912621359, 0, 0.0, 0, 4.627356598475732e-06, 1e-05, 1e-05, 0.01, 0.01, 0.01, 0.01, -255
0.11600000000000002 0.043000000000000003, 0.0 0.0, 0.0 0.0, 0.0 0.0, 1.156839149618933, 0.0, 216106.1026352289, 0.0, 0.0, 0.0, 0, 0.23300970873786409, 0, 0.7669902912621359, 0, 0.0, 0, 4.627356598475732e-06, 1e-05, 1e-05, 0.01, 0.01, 0.01, 0.01, -255
0.11600000000000002 0.043000000000000003, 0.0 0.0, 0.0 0.0, 0.0 0.0, 1.156839149618933, 0.0, 216106.1026352289, 0.0, 0.0, 0.0, 0, 0.23300970873786409, 0, 0.7669902912621359, 0, 0.0, 0, 4.627356598475732e-06, 1e-05, 1e-05, 0.01, 0.01, 0.01, 0.01, -255
0.11600000000000002 0.043000000000000003, 0.0 0.0, 0.0 0.0, 0.0 0.0, 1.156839149618933, 0.0, 216106.1026352289, 0.0, 0.0, 0.0, 0, 0.23300970873786409, 0, 0.7669902912621359, 0, 0.0, 0, 4.627356598475732e-06, 1e-05, 1e-05, 0.01, 0.01, 0.01, 0.01, -255
0.11600000000000002 0.043000000000000003, 0.0 0.0, 0.0 0.0, 0.0 0.0, 1.156839149618933, 0.0, 216106.1026352289, 0.0, 0.0, 0.0, 0, 0.23300970873786409, 0, 0.7669902912621359, 0, 0.0, 0, 4.627356598475732e-06, 1e-05, 1e-05, 0.01, 0.01, 0.01, 0.01, -255
0.11600000000000002 0.043000000000000003, 0.0 0.0, 0.0 0.0, 0.0 0.0, 1.156839149618933, 0.0, 216106.1026352289, 0.0, 0.0, 0.0, 0, 0.23300970873786409, 0, 0.7669902912621359, 0, 0.0, 0, 4.627356598475732e-06, 1e-05, 1e-05, 0.01, 0.01, 0.01, 0.01, -255
0.11600000000000002 0.043000000000000003, 0.0 0.0, 0.0 0.0, 0.0 0.0, 1.156839149618933, 0.0, 216106.1026352289, 0.0, 0.0, 0.0, 0, 0.23300970873786409, 0, 0.7669902912621359, 0, 0.0, 0, 4.627356598475732e-06, 1e-05, 1e-05, 0.01, 0.01, 0.01, 0.01, -255
0.11600000000000002 0.043000000000000003, 0.0 0.0, 0.0 0.0, 0.0 0.0, 1.156839149618933, 0.0, 216106.1026352289, 0.0, 0.0, 0.0, 0, 0.23300970873786409, 0, 0.7669902912621359, 0, 0.0, 0, 4.627356598475732e-06, 1e-05, 1e-05, 0.01, 0.01, 0.01, 0.01, -255
0.11600000000000002 0.043000000000000003, 0.0 0.0, 0.0 0.0, 0.0 0.0, 1.156839149618933, 0.0, 216106.1026352289, 0.0, 0.0, 0.0, 0, 0.23300970873786409, 0, 0.7669902912621359, 0, 0.0, 0, 4.627356598475732e-06, 1e-05, 1e-05, 0.01, 0.01, 0.01, 0.01, -255
0.11600000000000002 0.043000000000000003, 0.0 0.0, 0.0 0.0, 0.0 0.0, 1.156839149618933, 0.0, 216106.1026352289, 0.0, 0.0, 0.0, 0, 0.23300970873786409, 0, 0.7669902912621359, 0, 0.0, 0, 4.627356598475732e-06, 1e-05, 1e-05, 0.01, 0.01, 0.01, 0.01, -255
0.11600000000000002 0.043000000000000003, 0.0 0.0, 0.0 0.0, 0.0 0.0, 1.156839149618933, 0.0, 216106.1026352289, 0.0, 0.0, 0.0, 0, 0.23300970873786409, 0, 0.7669902912621359, 0, 0.0, 0, 4.627356598475732e-06, 1e-05, 1e-05, 0.01, 0.01, 0.01, 0.01, -255
0.11600000000000002 0.043000000000000003, 0.0 0.0, 0.0 0.0, 0.0 0.0, 1.156839149618933, 0.0, 216106.1026352289, 0.0, 0.0, 0.0, 0, 0.23300970873786409, 0, 0.7669902912621359, 0, 0.0, 0, 4.627356598475732e-06, 1e-05, 1e-05, 0.01, 0.01, 0.01, 0.01, -255
0.11600000000000002 0.043000000000000003, 0.0 0.0, 0.0 0.0, 0.0 0.0, 1.156839149618933, 0.0, 216106.1026352289, 0.0, 0.0, 0.0, 0, 0.23300970873786409, 0, 0.7669902912621359, 0, 0.0, 0, 4.627356598475732e-06, 1e-05, 1e-05, 0.01, 0.01, 0.01, 0.01, -255
0.11600000000000002 0.043000000000000003, 0.0 0.0, 0.0 0.0, 0.0 0.0, 1.156839149618933, 0.0, 216106.1026352289, 0.0, 0.0, 0.0, 0, 0.23300970873786409, 0, 0.7669902912621359, 0, 0.0, 0, 4.627356598475732e-06, 1e-05, 1e-05, 0.01, 0.01, 0.01, 0.01, -255
0.11600000000000002 0.043000000000000003, 0.0 0.0, 0.0 0.0, 0.0 0.0, 1.156839149618933, 0.0, 216106.1026352289, 0.0, 0.0, 0.0, 0, 0.23300970873786409, 0, 0.7669902912621359, 0, 0.0, 0, 4.627356598475732e-06, 1e-05, 1e-05, 0.01, 0.01, 0.01, 0.01, -255
0.11600000000000002 0.043000000000000003, 0.0 0.0, 0.0 0.0, 0.0 0.0, 1.156839149618933, 0.0, 216106.1026352289, 0.0, 0.0, 0.0, 0, 0.23300970873786409, 0, 0.7669902912621359, 0, 0.0, 0, 4.627356598475732e-06, 1e-05, 1e-05, 0.01, 0.01, 0.01, 0.01, -255
0.11600000000000002 0.043000000000000003, 0.0 0.0, 0.0 0.0, 0.0 0.0, 1.156839149618933, 0.0, 216106.1026352289, 0.0, 0.0, 0.0, 0, 0.23300970873786409, 0, 0.7669902912621359, 0, 0.0, 0, 4.627356598475732e-06, 1e-05, 1e-05, 0.01, 0.01, 0.01, 0.01, -255
0.11600000000000002 0.043000000000000003, 0.0 0.0, 0.0 0.0, 0.0 0.0, 1.156839149618933, 0.0, 216106.1026352289, 0.0, 0.0, 0.0, 0, 0.23300970873786409, 0, 0.7669902912621359, 0, 0.0, 0, 4.627356598475732e-06, 1e-05, 1e-05, 0.01, 0.01, 0.01, 0.01, -255
0.11600000000000002 0.043000000000000003, 0.0 0.0, 0.0 0.0, 0.0 0.0, 1.156839149618933, 0.0, 216106.1026352289, 0.0, 0.0, 0.0, 0, 0.23300970873786409, 0, 0.7669902912621359, 0, 0.0, 0, 4.627356598475732e-06, 1e-05, 1e-05, 0.01, 0.01, 0.01, 0.01, -255
0.11600000000000002 0.043000000000000003, 0.0 0.0, 0.0 0.0, 0.0 0.0, 1.156839149618933, 0.0, 216106.1026352289, 0.0, 0.0, 0.0, 0, 0.23300970873786409, 0, 0.7669902912621359, 0, 0.0, 0, 4.627356598475732e-06, 1e-05, 1e-05, 0.01, 0.01, 0.01, 0.01, -255
0.11600000000000002 0.043000000000000003, 0.0 0.0, 0.0 0.0, 0.0 0.0, 1.156839149618933, 0.0, 216106.1026352289, 0.0, 0.0, 0.0, 0, 0.23300970873786409, 0, 0.7669902912621359, 0, 0.0, 0, 4.627356598475732e-06, 1e-05, 1e-05, 0.01, 0.01, 0.01, 0.01, -255
0.11600000000000002 0.043000000000000003, 0.0 0.0, 0.0 0.0, 0.0 0.0, 1.156839149618933, 0.0, 216106.1026352289, 0.0, 0.0, 0.0, 0, 0.23300970873786409, 0, 0.7669902912621359, 0, 0.0, 0, 4.627356598475732e-06, 1e-05, 1e-05, 0.01, 0.01, 0.01, 0.01, -255
0.11600000000000002 0.043000000000000003, 0.0 0.0, 0.0 0.0, 0.0 0.0, 1.156839149618933, 0.0, 216106.1026352289, 0.0, 0.0, 0.0, 0, 0.23300970873786409, 0, 0.7669902912621359, 0, 0.0, 0, 4.627356598475732e-06, 1e-05, 1e-05, 0.01, 0.01, 0.01, 0.01, -255
0.11600000000000002 0.043000000000000003, 0.0 0.0, 0.0 0.0, 0.0 0.0, 1.156839149618933, 0.0, 216106.1026352289, 0.0, 0.0, 0.0, 0, 0.23300970873786409, 0, 0.7669902912621359, 0, 0.0, 0, 4.627356598475732e-06, 1e-05, 1e-05, 0.01, 0.01, 0.01, 0.01, -255
0.11600000000000002 0.043000000000000003, 0.0 0.0, 0.0 0.0, 0.0 0.0, 1.156839149618933, 0.0, 216106.1026352289, 0.0, 0.0, 0.0, 0, 0.23300970873786409, 0, 0.7669902912621359, 0, 0.0, 0, 4.627356598475732e-06, 1e-05, 1e-05, 0.01, 0.01, 0.01, 0.01, -255
0.11600000000000002 0.043000000000000003, 0.0 0.0, 0.0 0.0, 0.0 0.0, 1.156839149618933, 0.0, 216106.1026352289, 0.0, 0.0, 0.0, 0, 0.23300970873786409, 0, 0.7669902912621359, 0, 0.0, 0, 4.627356598475732e-06, 1e-05, 1e-05, 0.01, 0.01, 0.01, 0.01, -255
0.11600000000000002 0.043000000000000003, 0.0 0.0, 0.0 0.0, 0.0 0.0, 1.156839149618933, 0.0, 216106.1026352289, 0.0, 0.0, 0.0, 0, 0.23300970873786409, 0, 0.7669902912621359, 0, 0.0, 0, 4.627356598475732e-06, 1e-05, 1e-05, 0.01, 0.01, 0.01, 0.01, -255
0.11600000000000002 0.043000000000000003, 0.0 0.0, 0.0 0.0, 0.0 0.0, 1.156839149618933, 0.0, 216106.1026352289, 0.0, 0.0, 0.0, 0, 0.23300970873786409, 0, 0.7669902912621359, 0, 0.0, 0, 4.627356598475732e-06, 1e-05, 1e-05, 0.01, 0.01, 0.01, 0.01, -255
0.11600000000000002 0.043000000000000003, 0.0 0.0, 0.0 0.0, 0.0 0.0, 1.156839149618933, 0.0, 216106.1026352289, 0.0, 0.0, 0.0, 0, 0.23300970873786409, 0, 0.7669902912621359, 0, 0.0, 0, 4.627356598475732e-06, 1e-05, 1e-05, 0.01, 0.01, 0.01, 0.01, -255
0.11600000000000002 0.043000000000000003, 0.0 0.0, 0.0 0.0, 0.0 0.0, 1.156839149618933, 0.0, 216106.1026352289, 0.0, 0.0, 0.0, 0, 0.23300970873786409, 0, 0.7669902912621359, 0, 0.0, 0, 4.627356598475732e-06, 1e-05, 1e-05, 0.01, 0.01, 0.01, 0.01, -255
0.11600000000000002 0.043000000000000003, 0.0 0.0, 0.0 0.0, 0.0 0.0, 1.156839149618933, 0.0, 216106.1026352289, 0.0, 0.0, 0.0, 0, 0.23300970873786409, 0, 0.7669902912621359, 0, 0.0, 0, 4.627356598475732e-06, 1e-05, 1e-05, 0.01, 0.01, 0.01, 0.01, -255
0.11600000000000002 0.043000000000000003, 0.0 0.0, 0.0 0.0, 0.0 0.0, 1.156839149618933, 0.0, 216106.1026352289, 0.0, 0.0, 0.0, 0, 0.23300970873786409, 0, 0.7669902912621359, 0, 0.0, 0, 4.627356598475732e-06, 1e-05, 1e-05, 0.01, 0.01, 0.01, 0.01, -255
0.11600000000000002 0.043000000000000003, 0.0 0.0, 0.0 0.0, 0.0 0.0, 1.156839149618933, 0.0, 216106.1026352289, 0.0, 0.0, 0.0, 0, 0.23300970873786409, 0, 0.7669902912621359, 0, 0.0, 0, 4.627356598475732e-06, 1e-05, 1e-05, 0.01, 0.01, 0.01, 0.01, -255
0.11600000000000002 0.043000000000000003, 0.0 0.0, 0.0 0.0, 0.0 0.0, 1.156839149618933, 0.0, 216106.1026352289, 0.0, 0.0, 0.0, 0, 0.23300970873786409, 0, 0.7669902912621359, 0, 0.0, 0, 4.627356598475732e-06, 1e-05, 1e-05, 0.01, 0.01, 0.01, 0.01, -255
0.11600000000000002 0.043000000000000003, 0.0 0.0, 0.0 0.0, 0.0 0.0, 1.156839149618933, 0.0, 216106.1026352289, 0.0, 0.0, 0.0, 0, 0.23300970873786409, 0, 0.7669902912621359, 0, 0.0, 0, 4.627356598475732e-06, 1e-05, 1e-05, 0.01, 0.01, 0.01, 0.01, -255
0.11600000000000002 0.043000000000000003, 0.0 0.0, 0.0 0.0, 0.0 0.0, 1.156839149618933, 0.0, 216106.1026352289, 0.0, 0.0, 0.0, 0, 0.23300970873786409, 0, 0.7669902912621359, 0, 0.0, 0, 4.627356598475732e-06, 1e-05, 1e-05, 0.01, 0.01, 0.01, 0.01, -255
0.11600000000000002 0.043000000000000003, 0.0 0.0, 0.0 0.0, 0.0 0.0, 1.156839149618933, 0.0, 216106.1026352289, 0.0, 0.0, 0.0, 0, 0.23300970873786409, 0, 0.7669902912621359, 0, 0.0, 0, 4.627356598475732e-06, 1e-05, 1e-05, 0.01, 0.01, 0.01, 0.01, -255
0.11600000000000002 0.043000000000000003, 0.0 0.0, 0.0 0.0, 0.0 0.0, 1.156839149618933, 0.0, 216106.1026352289, 0.0, 0.0, 0.0, 0, 0.23300970873786409, 0, 0.7669902912621359, 0, 0.0, 0, 4.627356598475732e-06, 1e-05, 1e-05, 0.01, 0.01, 0.01, 0.01, -255
0.11600000000000002 0.043000000000000003, 0.0 0.0, 0.0 0.0, 0.0 0.0, 1.156839149618933, 0.0, 216106.1026352289, 0.0, 0.0, 0.0, 0, 0.23300970873786409, 0, 0.7669902912621359, 0, 0.0, 0, 4.627356598475732e-06, 1e-05, 1e-05, 0.01, 0.01, 0.01, 0.01, -255
0.11600000000000002 0.043000000000000003, 0.0 0.0, 0.0 0.0, 0.0 0.0, 1.156839149618933, 0.0, 216106.1026352289, 0.0, 0.0, 0.0, 0, 0.23300970873786409, 0, 0.7669902912621359, 0, 0.0, 0, 4.627356598475732e-06, 1e-05, 1e-05, 0.01, 0.01, 0.01, 0.01, -255
0.11600000000000002 0.043000000000000003, 0.0 0.0, 0.0 0.0, 0.0 0.0, 1.156839149618933, 0.0, 216106.1026352289, 0.0, 0.0, 0.0, 0, 0.23300970873786409, 0, 0.7669902912621359, 0, 0.0, 0, 4.627356598475732e-06, 1e-05, 1e-05, 0.01, 0.01, 0.01, 0.01, -255
0.11600000000000002 0.043000000000000003, 0.0 0.0, 0.0 0.0, 0.0 0.0, 1.156839149618933, 0.0, 216106.1026352289, 0.0, 0.0, 0.0, 0, 0.23300970873786409, 0, 0.7669902912621359, 0, 0.0, 0, 4.627356598475732e-06, 1e-05, 1e-05, 0.01, 0.01, 0.01, 0.01, -255
0.11600000000000002 0.043000000000000003, 0.0 0.0, 0.0 0.0, 0.0 0.0, 1.156839149618933, 0.0, 216106.1026352289, 0.0, 0.0, 0.0, 0, 0.23300970873786409, 0, 0.7669902912621359, 0, 0.0, 0, 4.627356598475732e-06, 1e-05, 1e-05, 0.01, 0.01, 0.01, 0.01, -255
0.11600000000000002 0.043000000000000003, 0.0 0.0, 0.0 0.0, 0.0 0.0, 1.156839149618933, 0.0, 216106.1026352289, 0.0, 0.0, 0.0, 0, 0.23300970873786409, 0, 0.7669902912621359, 0, 0.0, 0, 4.627356598475732e-06, 1e-05, 1e-05, 0.01, 0.01, 0.01, 0.01, -255
0.11600000000000002 0.043000000000000003, 0.0 0.0, 0.0 0.0, 0.0 0.0, 1.156839149618933, 0.0, 216106.1026352289, 0.0, 0.0, 0.0, 0, 0.23300970873786409, 0, 0.7669902912621359, 0, 0.0, 0, 4.627356598475732e-06, 1e-05, 1e-05, 0.01, 0.01, 0.01, 0.01, -255
0.11600000000000002 0.043000000000000003, 0.0 0.0, 0.0 0.0, 0.0 0.0, 1.156839149618933, 0.0, 216106.1026352289, 0.0, 0.0, 0.0, 0, 0.23300970873786409, 0, 0.7669902912621359, 0, 0.0, 0, 4.627356598475732e-06, 1e-05, 1e-05, 0.01, 0.01, 0.01, 0.01, -255
0.11600000000000002 0.043000000000000003, 0.0 0.0, 0.0 0.0, 0.0 0.0, 1.156839149618933, 0.0, 216106.1026352289, 0.0, 0.0, 0.0, 0, 0.23300970873786409, 0, 0.7669902912621359, 0, 0.0, 0, 4.627356598475732e-06, 1e-05, 1e-05, 0.01, 0.01, 0.01, 0.01, -255
0.11600000000000002 0.043000000000000003, 0.0 0.0, 0.0 0.0, 0.0 0.0, 1.156839149618933, 0.0, 216106.1026352289, 0.0, 0.0, 0.0, 0, 0.23300970873786409, 0, 0.7669902912621359, 0, 0.0, 0, 4.627356598475732e-06, 1e-05, 1e-05, 0.01, 0.01, 0.01, 0.01, -255
0.11600000000000002 0.043000000000000003, 0.0 0.0, 0.0 0.0, 0.0 0.0, 1.156839149618933, 0.0, 216106.1026352289, 0.0, 0.0, 0.0, 0, 0.23300970873786409, 0, 0.7669902912621359, 0, 0.0, 0, 4.627356598475732e-06, 1e-05, 1e-05, 0.01, 0.01, 0.01, 0.01, -255
0.11600000000000002 0.043000000000000003, 0.0 0.0, 0.0 0.0, 0.0 0.0, 1.156839149618933, 0.0, 216106.1026352289, 0.0, 0.0, 0.0, 0, 0.23300970873786409, 0, 0.7669902912621359, 0, 0.0, 0, 4.627356598475732e-06, 1e-05, 1e-05, 0.01, 0.01, 0.01, 0.01, -255
0.11600000000000002 0.043000000000000003, 0.0 0.0, 0.0 0.0, 0.0 0.0, 1.156839149618933, 0.0, 216106.1026352289, 0.0, 0.0, 0.0, 0, 0.23300970873786409, 0, 0.7669902912621359, 0, 0.0, 0, 4.627356598475732e-06, 1e-05, 1e-05, 0.01, 0.01, 0.01, 0.01, -255
0.11600000000000002 0.043000000000000003, 0.0 0.0, 0.0 0.0, 0.0 0.0, 1.156839149618933, 0.0, 216106.1026352289, 0.0, 0.0, 0.0, 0, 0.23300970873786409, 0, 0.7669902912621359, 0, 0.0, 0, 4.627356598475732e-06, 1e-05, 1e-05, 0.01, 0.01, 0.01, 0.01, -255
0.11600000000000002 0.043000000000000003, 0.0 0.0, 0.0 0.0, 0.0 0.0, 1.156839149618933, 0.0, 216106.1026352289, 0.0, 0.0, 0.0, 0, 0.23300970873786409, 0, 0.7669902912621359, 0, 0.0, 0, 4.627356598475732e-06, 1e-05, 1e-05, 0.01, 0.01, 0.01, 0.01, -255
0.11600000000000002 0.043000000000000003, 0.0 0.0, 0.0 0.0, 0.0 0.0, 1.156839149618933, 0.0, 216106.1026352289, 0.0, 0.0, 0.0, 0, 0.23300970873786409, 0, 0.7669902912621359, 0, 0.0, 0, 4.627356598475732e-06, 1e-05, 1e-05, 0.01, 0.01, 0.01, 0.01, -255
0.11600000000000002 0.043000000000000003, 0.0 0.0, 0.0 0.0, 0.0 0.0, 1.156839149618933, 0.0, 216106.1026352289, 0.0, 0.0, 0.0, 0, 0.23300970873786409, 0, 0.7669902912621359, 0, 0.0, 0, 4.627356598475732e-06, 1e-05, 1e-05, 0.01, 0.01, 0.01, 0.01, -255
0.11600000000000002 0.043000000000000003, 0.0 0.0, 0.0 0.0, 0.0 0.0, 1.156839149618933, 0.0, 216106.1026352289, 0.0, 0.0, 0.0, 0, 0.23300970873786409, 0, 0.7669902912621359, 0, 0.0, 0, 4.627356598475732e-06, 1e-05, 1e-05, 0.01, 0.01, 0.01, 0.01, -255
0.11600000000000002 0.043000000000000003, 0.0 0.0, 0.0 0.0, 0.0 0.0, 1.156839149618933, 0.0, 216106.1026352289, 0.0, 0.0, 0.0, 0, 0.23300970873786409, 0, 0.7669902912621359, 0, 0.0, 0, 4.627356598475732e-06, 1e-05, 1e-05, 0.01, 0.01, 0.01, 0.01, -255
0.11600000000000002 0.043000000000000003, 0.0 0.0, 0.0 0.0, 0.0 0.0, 1.156839149618933, 0.0, 216106.1026352289, 0.0, 0.0, 0.0, 0, 0.23300970873786409, 0, 0.7669902912621359, 0, 0.0, 0, 4.627356598475732e-06, 1e-05, 1e-05, 0.01, 0.01, 0.01, 0.01, -255
0.11600000000000002 0.043000000000000003, 0.0 0.0, 0.0 0.0, 0.0 0.0, 1.156839149618933, 0.0, 216106.1026352289, 0.0, 0.0, 0.0, 0, 0.23300970873786409, 0, 0.7669902912621359, 0, 0.0, 0, 4.627356598475732e-06, 1e-05, 1e-05, 0.01, 0.01, 0.01, 0.01, -255
0.11600000000000002 0.043000000000000003, 0.0 0.0, 0.0 0.0, 0.0 0.0, 1.156839149618933, 0.0, 216106.1026352289, 0.0, 0.0, 0.0, 0, 0.23300970873786409, 0, 0.7669902912621359, 0, 0.0, 0, 4.627356598475732e-06, 1e-05, 1e-05, 0.01, 0.01, 0.01, 0.01, -255
0.11600000000000002 0.043000000000000003, 0.0 0.0, 0.0 0.0, 0.0 0.0, 1.156839149618933, 0.0, 216106.1026352289, 0.0, 0.0, 0.0, 0, 0.23300970873786409, 0, 0.7669902912621359, 0, 0.0, 0, 4.627356598475732e-06, 1e-05, 1e-05, 0.01, 0.01, 0.01, 0.01, -255
0.11600000000000002 0.043000000000000003, 0.0 0.0, 0.0 0.0, 0.0 0.0, 1.156839149618933, 0.0, 216106.1026352289, 0.0, 0.0, 0.0, 0, 0.23300970873786409, 0, 0.7669902912621359, 0, 0.0, 0, 4.627356598475732e-06, 1e-05, 1e-05, 0.01, 0.01, 0.01, 0.01, -255
0.11600000000000002 0.043000000000000003, 0.0 0.0, 0.0 0.0, 0.0 0.0, 1.156839149618933, 0.0, 216106.1026352289, 0.0, 0.0, 0.0, 0, 0.23300970873786409, 0, 0.7669902912621359, 0, 0.0, 0, 4.627356598475732e-06, 1e-05, 1e-05, 0.01, 0.01, 0.01, 0.01, -255
0.11600000000000002 0.043000000000000003, 0.0 0.0, 0.0 0.0, 0.0 0.0, 1.156839149618933, 0.0, 216106.1026352289, 0.0, 0.0, 0.0, 0, 0.23300970873786409, 0, 0.7669902912621359, 0, 0.0, 0, 4.627356598475732e-06, 1e-05, 1e-05, 0.01, 0.01, 0.01, 0.01, -255
0.11600000000000002 0.043000000000000003, 0.0 0.0, 0.0 0.0, 0.0 0.0, 1.156839149618933, 0.0, 216106.1026352289, 0.0, 0.0, 0.0, 0, 0.23300970873786409, 0, 0.7669902912621359, 0, 0.0, 0, 4.627356598475732e-06, 1e-05, 1e-05, 0.01, 0.01, 0.01, 0.01, -255
0.11600000000000002 0.043000000000000003, 0.0 0.0, 0.0 0.0, 0.0 0.0, 1.156839149618933, 0.0, 216106.1026352289, 0.0, 0.0, 0.0, 0, 0.23300970873786409, 0, 0.7669902912621359, 0, 0.0, 0, 4.627356598475732e-06, 1e-05, 1e-05, 0.01, 0.01, 0.01, 0.01, -255
0.11600000000000002 0.043000000000000003, 0.0 0.0, 0.0 0.0, 0.0 0.0, 1.156839149618933, 0.0, 216106.1026352289, 0.0, 0.0, 0.0, 0, 0.23300970873786409, 0, 0.7669902912621359, 0, 0.0, 0, 4.627356598475732e-06, 1e-05, 1e-05, 0.01, 0.01, 0.01, 0.01, -255
0.11600000000000002 0.043000000000000003, 0.0 0.0, 0.0 0.0, 0.0 0.0, 1.156839149618933, 0.0, 216106.1026352289, 0.0, 0.0, 0.0, 0, 0.23300970873786409, 0, 0.7669902912621359, 0, 0.0, 0, 4.627356598475732e-06, 1e-05, 1e-05, 0.01, 0.01, 0.01, 0.01, -255
0.11600000000000002 0.043000000000000003, 0.0 0.0, 0.0 0.0, 0.0 0.0, 1.156839149618933, 0.0, 216106.1026352289, 0.0, 0.0, 0.0, 0, 0.23300970873786409, 0, 0.7669902912621359, 0, 0.0, 0, 4.627356598475732e-06, 1e-05, 1e-05, 0.01, 0.01, 0.01, 0.01, -255
0.11600000000000002 0.043000000000000003, 0.0 0.0, 0.0 0.0, 0.0 0.0, 1.156839149618933, 0.0, 216106.1026352289, 0.0, 0.0, 0.0, 0, 0.23300970873786409, 0, 0.7669902912621359, 0, 0.0, 0, 4.627356598475732e-06, 1e-05, 1e-05, 0.01, 0.01, 0.01, 0.01, -255
0.11600000000000002 0.043000000000000003, 0.0 0.0, 0.0 0.0, 0.0 0.0, 1.156839149618933, 0.0, 216106.1026352289, 0.0, 0.0, 0.0, 0, 0.23300970873786409, 0, 0.7669902912621359, 0, 0.0, 0, 4.627356598475732e-06, 1e-05, 1e-05, 0.01, 0.01, 0.01, 0.01, -255
0.11600000000000002 0.043000000000000003, 0.0 0.0, 0.0 0.0, 0.0 0.0, 1.156839149618933, 0.0, 216106.1026352289, 0.0, 0.0, 0.0, 0, 0.23300970873786409, 0, 0.7669902912621359, 0, 0.0, 0, 4.627356598475732e-06, 1e-05, 1e-05, 0.01, 0.01, 0.01, 0.01, -255
0.11600000000000002 0.043000000000000003, 0.0 0.0, 0.0 0.0, 0.0 0.0, 1.156839149618933, 0.0, 216106.1026352289, 0.0, 0.0, 0.0, 0, 0.23300970873786409, 0, 0.7669902912621359, 0, 0.0, 0, 4.627356598475732e-06, 1e-05, 1e-05, 0.01, 0.01, 0.01, 0.01, -255
0.11600000000000002 0.043000000000000003, 0.0 0.0, 0.0 0.0, 0.0 0.0, 1.156839149618933, 0.0, 216106.1026352289, 0.0, 0.0, 0.0, 0, 0.23300970873786409, 0, 0.7669902912621359, 0, 0.0, 0, 4.627356598475732e-06, 1e-05, 1e-05, 0.01, 0.01, 0.01, 0.01, -255
0.11600000000000002 0.043000000000000003, 0.0 0.0, 0.0 0.0, 0.0 0.0, 1.156839149618933, 0.0, 216106.1026352289, 0.0, 0.0, 0.0, 0, 0.23300970873786409, 0, 0.7669902912621359, 0, 0.0, 0, 4.627356598475732e-06, 1e-05, 1e-05, 0.01, 0.01, 0.01, 0.01, -255
0.11600000000000002 0.043000000000000003, 0.0 0.0, 0.0 0.0, 0.0 0.0, 1.156839149618933, 0.0, 216106.1026352289, 0.0, 0.0, 0.0, 0, 0.23300970873786409, 0, 0.7669902912621359, 0, 0.0, 0, 4.627356598475732e-06, 1e-05, 1e-05, 0.01, 0.01, 0.01, 0.01, -255
0.11600000000000002 0.043000000000000003, 0.0 0.0, 0.0 0.0, 0.0 0.0, 1.156839149618933, 0.0, 216106.1026352289, 0.0, 0.0, 0.0, 0, 0.23300970873786409, 0, 0.7669902912621359, 0, 0.0, 0, 4.627356598475732e-06, 1e-05, 1e-05, 0.01, 0.01, 0.01, 0.01, -255
0.11600000000000002 0.043000000000000003, 0.0 0.0, 0.0 0.0, 0.0 0.0, 1.156839149618933, 0.0, 216106.1026352289, 0.0, 0.0, 0.0, 0, 0.23300970873786409, 0, 0.7669902912621359, 0, 0.0, 0, 4.627356598475732e-06, 1e-05, 1e-05, 0.01, 0.01, 0.01, 0.01, -255
0.11600000000000002 0.043000000000000003, 0.0 0.0, 0.0 0.0, 0.0 0.0, 1.156839149618933, 0.0, 216106.1026352289, 0.0, 0.0, 0.0, 0, 0.23300970873786409, 0, 0.7669902912621359, 0, 0.0, 0, 4.627356598475732e-06, 1e-05, 1e-05, 0.01, 0.01, 0.01, 0.01, -255
0.11600000000000002 0.043000000000000003, 0.0 0.0, 0.0 0.0, 0.0 0.0, 1.156839149618933, 0.0, 216106.1026352289, 0.0, 0.0, 0.0, 0, 0.23300970873786409, 0, 0.7669902912621359, 0, 0.0, 0, 4.627356598475732e-06, 1e-05, 1e-05, 0.01, 0.01, 0.01, 0.01, -255
0.11600000000000002 0.043000000000000003, 0.0 0.0, 0.0 0.0, 0.0 0.0, 1.156839149618933, 0.0, 216106.1026352289, 0.0, 0.0, 0.0, 0, 0.23300970873786409, 0, 0.7669902912621359, 0, 0.0, 0, 4.627356598475732e-06, 1e-05, 1e-05, 0.01, 0.01, 0.01, 0.01, -255
0.11600000000000002 0.043000000000000003, 0.0 0.0, 0.0 0.0, 0.0 0.0, 1.156839149618933, 0.0, 216106.1026352289, 0.0, 0.0, 0.0, 0, 0.23300970873786409, 0, 0.7669902912621359, 0, 0.0, 0, 4.627356598475732e-06, 1e-05, 1e-05, 0.01, 0.01, 0.01, 0.01, -255
0.11600000000000002 0.043000000000000003, 0.0 0.0, 0.0 0.0, 0.0 0.0, 1.156839149618933, 0.0, 216106.1026352289, 0.0, 0.0, 0.0, 0, 0.23300970873786409, 0, 0.7669902912621359, 0, 0.0, 0, 4.627356598475732e-06, 1e-05, 1e-05, 0.01, 0.01, 0.01, 0.01, -255
0.11600000000000002 0.043000000000000003, 0.0 0.0, 0.0 0.0, 0.0 0.0, 1.156839149618933, 0.0, 216106.1026352289, 0.0, 0.0, 0.0, 0, 0.23300970873786409, 0, 0.7669902912621359, 0, 0.0, 0, 4.627356598475732e-06, 1e-05, 1e-05, 0.01, 0.01, 0.01, 0.01, -255
0.11600000000000002 0.043000000000000003, 0.0 0.0, 0.0 0.0, 0.0 0.0, 1.156839149618933, 0.0, 216106.1026352289, 0.0, 0.0, 0.0, 0, 0.23300970873786409, 0, 0.7669902912621359, 0, 0.0, 0, 4.627356598475732e-06, 1e-05, 1e-05, 0.01, 0.01, 0.01, 0.01, -255
0.11600000000000002 0.043000000000000003, 0.0 0.0, 0.0 0.0, 0.0 0.0, 1.156839149618933, 0.0, 216106.1026352289, 0.0, 0.0, 0.0, 0, 0.23300970873786409, 0, 0.7669902912621359, 0, 0.0, 0, 4.627356598475732e-06, 1e-05, 1e-05, 0.01, 0.01, 0.01, 0.01, -255
0.11600000000000002 0.043000000000000003, 0.0 0.0, 0.0 0.0, 0.0 0.0, 1.156839149618933, 0.0, 216106.1026352289, 0.0, 0.0, 0.0, 0, 0.23300970873786409, 0, 0.7669902912621359, 0, 0.0, 0, 4.627356598475732e-06, 1e-05, 1e-05, 0.01, 0.01, 0.01, 0.01, -255
0.11600000000000002 0.043000000000000003, 0.0 0.0, 0.0 0.0, 0.0 0.0, 1.156839149618933, 0.0, 216106.1026352289, 0.0, 0.0, 0.0, 0, 0.23300970873786409, 0, 0.7669902912621359, 0, 0.0, 0, 4.627356598475732e-06, 1e-05, 1e-05, 0.01, 0.01, 0.01, 0.01, -255
0.11600000000000002 0.043000000000000003, 0.0 0.0, 0.0 0.0, 0.0 0.0, 1.156839149618933, 0.0, 216106.1026352289, 0.0, 0.0, 0.0, 0, 0.23300970873786409, 0, 0.7669902912621359, 0, 0.0, 0, 4.627356598475732e-06, 1e-05, 1e-05, 0.01, 0.01, 0.01, 0.01, -255
0.11600000000000002 0.043000000000000003, 0.0 0.0, 0.0 0.0, 0.0 0.0, 1.156839149618933, 0.0, 216106.1026352289, 0.0, 0.0, 0.0, 0, 0.23300970873786409, 0, 0.7669902912621359, 0, 0.0, 0, 4.627356598475732e-06, 1e-05, 1e-05, 0.01, 0.01, 0.01, 0.01, -255
0.11600000000000002 0.043000000000000003, 0.0 0.0, 0.0 0.0, 0.0 0.0, 1.156839149618933, 0.0, 216106.1026352289, 0.0, 0.0, 0.0, 0, 0.23300970873786409, 0, 0.7669902912621359, 0, 0.0, 0, 4.627356598475732e-06, 1e-05, 1e-05, 0.01, 0.01, 0.01, 0.01, -255
0.11600000000000002 0.043000000000000003, 0.0 0.0, 0.0 0.0, 0.0 0.0, 1.156839149618933, 0.0, 216106.1026352289, 0.0, 0.0, 0.0, 0, 0.23300970873786409, 0, 0.7669902912621359, 0, 0.0, 0, 4.627356598475732e-06, 1e-05, 1e-05, 0.01, 0.01, 0.01, 0.01, -255
0.11600000000000002 0.043000000000000003, 0.0 0.0, 0.0 0.0, 0.0 0.0, 1.156839149618933, 0.0, 216106.1026352289, 0.0, 0.0, 0.0, 0, 0.23300970873786409, 0, 0.7669902912621359, 0, 0.0, 0, 4.627356598475732e-06, 1e-05, 1e-05, 0.01, 0.01, 0.01, 0.01, -255
0.11600000000000002 0.043000000000000003, 0.0 0.0, 0.0 0.0, 0.0 0.0, 1.156839149618933, 0.0, 216106.1026352289, 0.0, 0.0, 0.0, 0, 0.23300970873786409, 0, 0.7669902912621359, 0, 0.0, 0, 4.627356598475732e-06, 1e-05, 1e-05, 0.01, 0.01, 0.01, 0.01, -255
0.11600000000000002 0.043000000000000003, 0.0 0.0, 0.0 0.0, 0.0 0.0, 1.156839149618933, 0.0, 216106.1026352289, 0.0, 0.0, 0.0, 0, 0.23300970873786409, 0, 0.7669902912621359, 0, 0.0, 0, 4.627356598475732e-06, 1e-05, 1e-05, 0.01, 0.01, 0.01, 0.01, -255
0.11600000000000002 0.043000000000000003, 0.0 0.0, 0.0 0.0, 0.0 0.0, 1.156839149618933, 0.0, 216106.1026352289, 0.0, 0.0, 0.0, 0, 0.23300970873786409, 0, 0.7669902912621359, 0, 0.0, 0, 4.627356598475732e-06, 1e-05, 1e-05, 0.01, 0.01, 0.01, 0.01, -255
0.11600000000000002 0.043000000000000003, 0.0 0.0, 0.0 0.0, 0.0 0.0, 1.156839149618933, 0.0, 216106.1026352289, 0.0, 0.0, 0.0, 0, 0.23300970873786409, 0, 0.7669902912621359, 0, 0.0, 0, 4.627356598475732e-06, 1e-05, 1e-05, 0.01, 0.01, 0.01, 0.01, -255
0.11600000000000002 0.043000000000000003, 0.0 0.0, 0.0 0.0, 0.0 0.0, 1.156839149618933, 0.0, 216106.1026352289, 0.0, 0.0, 0.0, 0, 0.23300970873786409, 0, 0.7669902912621359, 0, 0.0, 0, 4.627356598475732e-06, 1e-05, 1e-05, 0.01, 0.01, 0.01, 0.01, -255
0.11600000000000002 0.043000000000000003, 0.0 0.0, 0.0 0.0, 0.0 0.0, 1.156839149618933, 0.0, 216106.1026352289, 0.0, 0.0, 0.0, 0, 0.23300970873786409, 0, 0.7669902912621359, 0, 0.0, 0, 4.627356598475732e-06, 1e-05, 1e-05, 0.01, 0.01, 0.01, 0.01, -255
0.11600000000000002 0.043000000000000003, 0.0 0.0, 0.0 0.0, 0.0 0.0, 1.156839149618933, 0.0, 216106.1026352289, 0.0, 0.0, 0.0, 0, 0.23300970873786409, 0, 0.7669902912621359, 0, 0.0, 0, 4.627356598475732e-06, 1e-05, 1e-05, 0.01, 0.01, 0.01, 0.01, -255
0.11600000000000002 0.043000000000000003, 0.0 0.0, 0.0 0.0, 0.0 0.0, 1.156839149618933, 0.0, 216106.1026352289, 0.0, 0.0, 0.0, 0, 0.23300970873786409, 0, 0.7669902912621359, 0, 0.0, 0, 4.627356598475732e-06, 1e-05, 1e-05, 0.01, 0.01, 0.01, 0.01, -255
0.11600000000000002 0.043000000000000003, 0.0 0.0, 0.0 0.0, 0.0 0.0, 1.156839149618933, 0.0, 216106.1026352289, 0.0, 0.0, 0.0, 0, 0.23300970873786409, 0, 0.7669902912621359, 0, 0.0, 0, 4.627356598475732e-06, 1e-05, 1e-05, 0.01, 0.01, 0.01, 0.01, -255
0.11600000000000002 0.043000000000000003, 0.0 0.0, 0.0 0.0, 0.0 0.0, 1.156839149618933, 0.0, 216106.1026352289, 0.0, 0.0, 0.0, 0, 0.23300970873786409, 0, 0.7669902912621359, 0, 0.0, 0, 4.627356598475732e-06, 1e-05, 1e-05, 0.01, 0.01, 0.01, 0.01, -255
0.11600000000000002 0.043000000000000003, 0.0 0.0, 0.0 0.0, 0.0 0.0, 1.156839149618933, 0.0, 216106.1026352289, 0.0, 0.0, 0.0, 0, 0.23300970873786409, 0, 0.7669902912621359, 0, 0.0, 0, 4.627356598475732e-06, 1e-05, 1e-05, 0.01, 0.01, 0.01, 0.01, -255
0.11600000000000002 0.043000000000000003, 0.0 0.0, 0.0 0.0, 0.0 0.0, 1.156839149618933, 0.0, 216106.1026352289, 0.0, 0.0, 0.0, 0, 0.23300970873786409, 0, 0.7669902912621359, 0, 0.0, 0, 4.627356598475732e-06, 1e-05, 1e-05, 0.01, 0.01, 0.01, 0.01, -255
0.11600000000000002 0.043000000000000003, 0.0 0.0, 0.0 0.0, 0.0 0.0, 1.156839149618933, 0.0, 216106.1026352289, 0.0, 0.0, 0.0, 0, 0.23300970873786409, 0, 0.7669902912621359, 0, 0.0, 0, 4.627356598475732e-06, 1e-05, 1e-05, 0.01, 0.01, 0.01, 0.01, -255
0.11600000000000002 0.043000000000000003, 0.0 0.0, 0.0 0.0, 0.0 0.0, 1.156839149618933, 0.0, 216106.1026352289, 0.0, 0.0, 0.0, 0, 0.23300970873786409, 0, 0.7669902912621359, 0, 0.0, 0, 4.627356598475732e-06, 1e-05, 1e-05, 0.01, 0.01, 0.01, 0.01, -255
0.11600000000000002 0.043000000000000003, 0.0 0.0, 0.0 0.0, 0.0 0.0, 1.156839149618933, 0.0, 216106.1026352289, 0.0, 0.0, 0.0, 0, 0.23300970873786409, 0, 0.7669902912621359, 0, 0.0, 0, 4.627356598475732e-06, 1e-05, 1e-05, 0.01, 0.01, 0.01, 0.01, -255
0.11600000000000002 0.043000000000000003, 0.0 0.0, 0.0 0.0, 0.0 0.0, 1.156839149618933, 0.0, 216106.1026352289, 0.0, 0.0, 0.0, 0, 0.23300970873786409, 0, 0.7669902912621359, 0, 0.0, 0, 4.627356598475732e-06, 1e-05, 1e-05, 0.01, 0.01, 0.01, 0.01, -255
0.11600000000000002 0.043000000000000003, 0.0 0.0, 0.0 0.0, 0.0 0.0, 1.156839149618933, 0.0, 216106.1026352289, 0.0, 0.0, 0.0, 0, 0.23300970873786409, 0, 0.7669902912621359, 0, 0.0, 0, 4.627356598475732e-06, 1e-05, 1e-05, 0.01, 0.01, 0.01, 0.01, -255
0.11600000000000002 0.043000000000000003, 0.0 0.0, 0.0 0.0, 0.0 0.0, 1.156839149618933, 0.0, 216106.1026352289, 0.0, 0.0, 0.0, 0, 0.23300970873786409, 0, 0.7669902912621359, 0, 0.0, 0, 4.627356598475732e-06, 1e-05, 1e-05, 0.01, 0.01, 0.01, 0.01, -255
0.11600000000000002 0.043000000000000003, 0.0 0.0, 0.0 0.0, 0.0 0.0, 1.156839149618933, 0.0, 216106.1026352289, 0.0, 0.0, 0.0, 0, 0.23300970873786409, 0, 0.7669902912621359, 0, 0.0, 0, 4.627356598475732e-06, 1e-05, 1e-05, 0.01, 0.01, 0.01, 0.01, -255
0.11600000000000002 0.043000000000000003, 0.0 0.0, 0.0 0.0, 0.0 0.0, 1.156839149618933, 0.0, 216106.1026352289, 0.0, 0.0, 0.0, 0, 0.23300970873786409, 0, 0.7669902912621359, 0, 0.0, 0, 4.627356598475732e-06, 1e-05, 1e-05, 0.01, 0.01, 0.01, 0.01, -255
0.11600000000000002 0.043000000000000003, 0.0 0.0, 0.0 0.0, 0.0 0.0, 1.156839149618933, 0.0, 216106.1026352289, 0.0, 0.0, 0.0, 0, 0.23300970873786409, 0, 0.7669902912621359, 0, 0.0, 0, 4.627356598475732e-06, 1e-05, 1e-05, 0.01, 0.01, 0.01, 0.01, -255
0.11600000000000002 0.043000000000000003, 0.0 0.0, 0.0 0.0, 0.0 0.0, 1.156839149618933, 0.0, 216106.1026352289, 0.0, 0.0, 0.0, 0, 0.23300970873786409, 0, 0.7669902912621359, 0, 0.0, 0, 4.627356598475732e-06, 1e-05, 1e-05, 0.01, 0.01, 0.01, 0.01, -255
0.11600000000000002 0.043000000000000003, 0.0 0.0, 0.0 0.0, 0.0 0.0, 1.156839149618933, 0.0, 216106.1026352289, 0.0, 0.0, 0.0, 0, 0.23300970873786409, 0, 0.7669902912621359, 0, 0.0, 0, 4.627356598475732e-06, 1e-05, 1e-05, 0.01, 0.01, 0.01, 0.01, -255
0.11600000000000002 0.043000000000000003, 0.0 0.0, 0.0 0.0, 0.0 0.0, 1.156839149618933, 0.0, 216106.1026352289, 0.0, 0.0, 0.0, 0, 0.23300970873786409, 0, 0.7669902912621359, 0, 0.0, 0, 4.627356598475732e-06, 1e-05, 1e-05, 0.01, 0.01, 0.01, 0.01, -255
0.11600000000000002 0.043000000000000003, 0.0 0.0, 0.0 0.0, 0.0 0.0, 1.156839149618933, 0.0, 216106.1026352289, 0.0, 0.0, 0.0, 0, 0.23300970873786409, 0, 0.7669902912621359, 0, 0.0, 0, 4.627356598475732e-06, 1e-05, 1e-05, 0.01, 0.01, 0.01, 0.01, -255
0.11600000000000002 0.043000000000000003, 0.0 0.0, 0.0 0.0, 0.0 0.0, 1.156839149618933, 0.0, 216106.1026352289, 0.0, 0.0, 0.0, 0, 0.23300970873786409, 0, 0.7669902912621359, 0, 0.0, 0, 4.627356598475732e-06, 1e-05, 1e-05, 0.01, 0.01, 0.01, 0.01, -255
0.11600000000000002 0.043000000000000003, 0.0 0.0, 0.0 0.0, 0.0 0.0, 1.156839149618933, 0.0, 216106.1026352289, 0.0, 0.0, 0.0, 0, 0.23300970873786409, 0, 0.7669902912621359, 0, 0.0, 0, 4.627356598475732e-06, 1e-05, 1e-05, 0.01, 0.01, 0.01, 0.01, -255
0.11600000000000002 0.043000000000000003, 0.0 0.0, 0.0 0.0, 0.0 0.0, 1.156839149618933, 0.0, 216106.1026352289, 0.0, 0.0, 0.0, 0, 0.23300970873786409, 0, 0.7669902912621359, 0, 0.0, 0, 4.627356598475732e-06, 1e-05, 1e-05, 0.01, 0.01, 0.01, 0.01, -255
0.11600000000000002 0.043000000000000003, 0.0 0.0, 0.0 0.0, 0.0 0.0, 1.156839149618933, 0.0, 216106.1026352289, 0.0, 0.0, 0.0, 0, 0.23300970873786409, 0, 0.7669902912621359, 0, 0.0, 0, 4.627356598475732e-06, 1e-05, 1e-05, 0.01, 0.01, 0.01, 0.01, -255
0.11600000000000002 0.043000000000000003, 0.0 0.0, 0.0 0.0, 0.0 0.0, 1.156839149618933, 0.0, 216106.1026352289, 0.0, 0.0, 0.0, 0, 0.23300970873786409, 0, 0.7669902912621359, 0, 0.0, 0, 4.627356598475732e-06, 1e-05, 1e-05, 0.01, 0.01, 0.01, 0.01, -255
0.11600000000000002 0.043000000000000003, 0.0 0.0, 0.0 0.0, 0.0 0.0, 1.156839149618933, 0.0, 216106.1026352289, 0.0, 0.0, 0.0, 0, 0.23300970873786409, 0, 0.7669902912621359, 0, 0.0, 0, 4.627356598475732e-06, 1e-05, 1e-05, 0.01, 0.01, 0.01, 0.01, -255
0.11600000000000002 0.043000000000000003, 0.0 0.0, 0.0 0.0, 0.0 0.0, 1.156839149618933, 0.0, 216106.1026352289, 0.0, 0.0, 0.0, 0, 0.23300970873786409, 0, 0.7669902912621359, 0, 0.0, 0, 4.627356598475732e-06, 1e-05, 1e-05, 0.01, 0.01, 0.01, 0.01, -255
0.11600000000000002 0.043000000000000003, 0.0 0.0, 0.0 0.0, 0.0 0.0, 1.156839149618933, 0.0, 216106.1026352289, 0.0, 0.0, 0.0, 0, 0.23300970873786409, 0, 0.7669902912621359, 0, 0.0, 0, 4.627356598475732e-06, 1e-05, 1e-05, 0.01, 0.01, 0.01, 0.01, -255
0.11600000000000002 0.043000000000000003, 0.0 0.0, 0.0 0.0, 0.0 0.0, 1.156839149618933, 0.0, 216106.1026352289, 0.0, 0.0, 0.0, 0, 0.23300970873786409, 0, 0.7669902912621359, 0, 0.0, 0, 4.627356598475732e-06, 1e-05, 1e-05, 0.01, 0.01, 0.01, 0.01, -255
0.11600000000000002 0.043000000000000003, 0.0 0.0, 0.0 0.0, 0.0 0.0, 1.156839149618933, 0.0, 216106.1026352289, 0.0, 0.0, 0.0, 0, 0.23300970873786409, 0, 0.7669902912621359, 0, 0.0, 0, 4.627356598475732e-06, 1e-05, 1e-05, 0.01, 0.01, 0.01, 0.01, -255
0.11600000000000002 0.043000000000000003, 0.0 0.0, 0.0 0.0, 0.0 0.0, 1.156839149618933, 0.0, 216106.1026352289, 0.0, 0.0, 0.0, 0, 0.23300970873786409, 0, 0.7669902912621359, 0, 0.0, 0, 4.627356598475732e-06, 1e-05, 1e-05, 0.01, 0.01, 0.01, 0.01, -255
0.11600000000000002 0.043000000000000003, 0.0 0.0, 0.0 0.0, 0.0 0.0, 1.156839149618933, 0.0, 216106.1026352289, 0.0, 0.0, 0.0, 0, 0.23300970873786409, 0, 0.7669902912621359, 0, 0.0, 0, 4.627356598475732e-06, 1e-05, 1e-05, 0.01, 0.01, 0.01, 0.01, -255
0.11600000000000002 0.043000000000000003, 0.0 0.0, 0.0 0.0, 0.0 0.0, 1.156839149618933, 0.0, 216106.1026352289, 0.0, 0.0, 0.0, 0, 0.23300970873786409, 0, 0.7669902912621359, 0, 0.0, 0, 4.627356598475732e-06, 1e-05, 1e-05, 0.01, 0.01, 0.01, 0.01, -255
0.11600000000000002 0.043000000000000003, 0.0 0.0, 0.0 0.0, 0.0 0.0, 1.156839149618933, 0.0, 216106.1026352289, 0.0, 0.0, 0.0, 0, 0.23300970873786409, 0, 0.7669902912621359, 0, 0.0, 0, 4.627356598475732e-06, 1e-05, 1e-05, 0.01, 0.01, 0.01, 0.01, -255
0.11600000000000002 0.043000000000000003, 0.0 0.0, 0.0 0.0, 0.0 0.0, 1.156839149618933, 0.0, 216106.1026352289, 0.0, 0.0, 0.0, 0, 0.23300970873786409, 0, 0.7669902912621359, 0, 0.0, 0, 4.627356598475732e-06, 1e-05, 1e-05, 0.01, 0.01, 0.01, 0.01, -255
0.11600000000000002 0.043000000000000003, 0.0 0.0, 0.0 0.0, 0.0 0.0, 1.156839149618933, 0.0, 216106.1026352289, 0.0, 0.0, 0.0, 0, 0.23300970873786409, 0, 0.7669902912621359, 0, 0.0, 0, 4.627356598475732e-06, 1e-05, 1e-05, 0.01, 0.01, 0.01, 0.01, -255
0.11600000000000002 0.043000000000000003, 0.0 0.0, 0.0 0.0, 0.0 0.0, 1.156839149618933, 0.0, 216106.1026352289, 0.0, 0.0, 0.0, 0, 0.23300970873786409, 0, 0.7669902912621359, 0, 0.0, 0, 4.627356598475732e-06, 1e-05, 1e-05, 0.01, 0.01, 0.01, 0.01, -255
0.11600000000000002 0.043000000000000003, 0.0 0.0, 0.0 0.0, 0.0 0.0, 1.156839149618933, 0.0, 216106.1026352289, 0.0, 0.0, 0.0, 0, 0.23300970873786409, 0, 0.7669902912621359, 0, 0.0, 0, 4.627356598475732e-06, 1e-05, 1e-05, 0.01, 0.01, 0.01, 0.01, -255
0.11600000000000002 0.043000000000000003, 0.0 0.0, 0.0 0.0, 0.0 0.0, 1.156839149618933, 0.0, 216106.1026352289, 0.0, 0.0, 0.0, 0, 0.23300970873786409, 0, 0.7669902912621359, 0, 0.0, 0, 4.627356598475732e-06, 1e-05, 1e-05, 0.01, 0.01, 0.01, 0.01, -255
0.11600000000000002 0.043000000000000003, 0.0 0.0, 0.0 0.0, 0.0 0.0, 1.156839149618933, 0.0, 216106.1026352289, 0.0, 0.0, 0.0, 0, 0.23300970873786409, 0, 0.7669902912621359, 0, 0.0, 0, 4.627356598475732e-06, 1e-05, 1e-05, 0.01, 0.01, 0.01, 0.01, -255
0.11600000000000002 0.043000000000000003, 0.0 0.0, 0.0 0.0, 0.0 0.0, 1.156839149618933, 0.0, 216106.1026352289, 0.0, 0.0, 0.0, 0, 0.23300970873786409, 0, 0.7669902912621359, 0, 0.0, 0, 4.627356598475732e-06, 1e-05, 1e-05, 0.01, 0.01, 0.01, 0.01, -255
0.11600000000000002 0.043000000000000003, 0.0 0.0, 0.0 0.0, 0.0 0.0, 1.156839149618933, 0.0, 216106.1026352289, 0.0, 0.0, 0.0, 0, 0.23300970873786409, 0, 0.7669902912621359, 0, 0.0, 0, 4.627356598475732e-06, 1e-05, 1e-05, 0.01, 0.01, 0.01, 0.01, -255
0.11600000000000002 0.043000000000000003, 0.0 0.0, 0.0 0.0, 0.0 0.0, 1.156839149618933, 0.0, 216106.1026352289, 0.0, 0.0, 0.0, 0, 0.23300970873786409, 0, 0.7669902912621359, 0, 0.0, 0, 4.627356598475732e-06, 1e-05, 1e-05, 0.01, 0.01, 0.01, 0.01, -255
0.11600000000000002 0.043000000000000003, 0.0 0.0, 0.0 0.0, 0.0 0.0, 1.156839149618933, 0.0, 216106.1026352289, 0.0, 0.0, 0.0, 0, 0.23300970873786409, 0, 0.7669902912621359, 0, 0.0, 0, 4.627356598475732e-06, 1e-05, 1e-05, 0.01, 0.01, 0.01, 0.01, -255
0.11600000000000002 0.043000000000000003, 0.0 0.0, 0.0 0.0, 0.0 0.0, 1.156839149618933, 0.0, 216106.1026352289, 0.0, 0.0, 0.0, 0, 0.23300970873786409, 0, 0.7669902912621359, 0, 0.0, 0, 4.627356598475732e-06, 1e-05, 1e-05, 0.01, 0.01, 0.01, 0.01, -255
0.11600000000000002 0.043000000000000003, 0.0 0.0, 0.0 0.0, 0.0 0.0, 1.156839149618933, 0.0, 216106.1026352289, 0.0, 0.0, 0.0, 0, 0.23300970873786409, 0, 0.7669902912621359, 0, 0.0, 0, 4.627356598475732e-06, 1e-05, 1e-05, 0.01, 0.01, 0.01, 0.01, -255
0.11600000000000002 0.043000000000000003, 0.0 0.0, 0.0 0.0, 0.0 0.0, 1.156839149618933, 0.0, 216106.1026352289, 0.0, 0.0, 0.0, 0, 0.23300970873786409, 0, 0.7669902912621359, 0, 0.0, 0, 4.627356598475732e-06, 1e-05, 1e-05, 0.01, 0.01, 0.01, 0.01, -255
0.11600000000000002 0.043000000000000003, 0.0 0.0, 0.0 0.0, 0.0 0.0, 1.156839149618933, 0.0, 216106.1026352289, 0.0, 0.0, 0.0, 0, 0.23300970873786409, 0, 0.7669902912621359, 0, 0.0, 0, 4.627356598475732e-06, 1e-05, 1e-05, 0.01, 0.01, 0.01, 0.01, -255
0.11600000000000002 0.043000000000000003, 0.0 0.0, 0.0 0.0, 0.0 0.0, 1.156839149618933, 0.0, 216106.1026352289, 0.0, 0.0, 0.0, 0, 0.23300970873786409, 0, 0.7669902912621359, 0, 0.0, 0, 4.627356598475732e-06, 1e-05, 1e-05, 0.01, 0.01, 0.01, 0.01, -255
0.11600000000000002 0.043000000000000003, 0.0 0.0, 0.0 0.0, 0.0 0.0, 1.156839149618933, 0.0, 216106.1026352289, 0.0, 0.0, 0.0, 0, 0.23300970873786409, 0, 0.7669902912621359, 0, 0.0, 0, 4.627356598475732e-06, 1e-05, 1e-05, 0.01, 0.01, 0.01, 0.01, -255
0.11600000000000002 0.043000000000000003, 0.0 0.0, 0.0 0.0, 0.0 0.0, 1.156839149618933, 0.0, 216106.1026352289, 0.0, 0.0, 0.0, 0, 0.23300970873786409, 0, 0.7669902912621359, 0, 0.0, 0, 4.627356598475732e-06, 1e-05, 1e-05, 0.01, 0.01, 0.01, 0.01, -255
0.11600000000000002 0.043000000000000003, 0.0 0.0, 0.0 0.0, 0.0 0.0, 1.156839149618933, 0.0, 216106.1026352289, 0.0, 0.0, 0.0, 0, 0.23300970873786409, 0, 0.7669902912621359, 0, 0.0, 0, 4.627356598475732e-06, 1e-05, 1e-05, 0.01, 0.01, 0.01, 0.01, -255
