$MeshFormat
4.1 0 8
$EndMeshFormat
$Entities
2 3 1 1
1 -19 -1.163414459189985e-15 0 0 
2 19 -1.163414459189985e-15 0 0 
1 -19.0000001 -19.0000001 -1e-07 19.0000001 1.000000029449666e-07 1e-07 0 2 1 -2 
2 -19.0000001 -1.000000011713165e-07 -1.000000011699987e-07 -18.9999999 1.000000011713165e-07 1.000000011699987e-07 0 2 1 -1 
3 18.9999999 -1.000000011713165e-07 -1.000000011699987e-07 19.0000001 1.000000011713165e-07 1.000000011699987e-07 0 2 2 -2 
1 -19.0000001 -19.0000001 -19.0000001 19.0000001 19.0000001 19.0000001 0 4 -1 2 1 -3 
1 -19.0000001 -19.0000001 -19.0000001 19.0000001 19.0000001 19.0000001 0 1 1 
$EndEntities
$Nodes
7 5508 1 5508
0 1 0 1
1
-19 -1.163414459189985e-15 0
0 2 0 1
2
19 -1.163414459189985e-15 0
1 1 0 59
3
4
5
6
7
8
9
10
11
12
13
14
15
16
17
18
19
20
21
22
23
24
25
26
27
28
29
30
31
32
33
34
35
36
37
38
39
40
41
42
43
44
45
46
47
48
49
50
51
52
53
54
55
56
57
58
59
60
61
-18.9739611603369 -0.9943831686159311 0
-18.89591601199719 -1.986040802085416 0
-18.76607847130762 -2.972254835764383 0
-18.58480441394231 -3.950322125537425 0
-18.3525906994923 -4.91756185694789 0
-18.07007380960792 -5.871322893123998 0
-17.73802810344684 -6.8089910413607 0
-17.35736369520942 -7.727996218440196 0
-16.92912395957899 -8.625819495051381 0
-16.45448267190434 -9.499999999999991 0
-15.93474079096307 -10.3481416652855 0
-15.37132289312401 -11.16791979355698 0
-14.76577326768246 -11.9570874299469 0
-14.11975168407051 -12.71348152081829 0
-13.43502884254442 -13.43502884254439 0
-12.71348152081833 -14.11975168407047 0
-11.95708742994693 -14.76577326768243 0
-11.16791979355701 -15.37132289312399 0
-10.34814166528553 -15.93474079096304 0
-9.500000000000021 -16.45448267190432 0
-8.62581949505141 -16.92912395957898 0
-7.727996218440226 -17.35736369520941 0
-6.808991041360724 -17.73802810344683 0
-5.871322893124022 -18.07007380960791 0
-4.917561856947914 -18.35259069949229 0
-3.950322125537448 -18.5848044139423 0
-2.972254835764407 -18.76607847130761 0
-1.986040802085437 -18.89591601199719 0
-0.9943831686159506 -18.9739611603369 0
-1.773234337143472e-14 -19 0
0.994383168615915 -18.97396116033691 0
1.986040802085398 -18.89591601199719 0
2.972254835764372 -18.76607847130762 0
3.950322125537413 -18.58480441394231 0
4.917561856947881 -18.3525906994923 0
5.871322893123988 -18.07007380960792 0
6.808991041360692 -17.73802810344684 0
7.727996218440191 -17.35736369520942 0
8.625819495051376 -16.92912395957899 0
9.499999999999988 -16.45448267190434 0
10.3481416652855 -15.93474079096307 0
11.16791979355698 -15.37132289312401 0
11.9570874299469 -14.76577326768246 0
12.7134815208183 -14.1197516840705 0
13.4350288425444 -13.43502884254441 0
14.11975168407048 -12.71348152081831 0
14.76577326768244 -11.95708742994692 0
15.371322893124 -11.167919793557 0
15.93474079096305 -10.34814166528552 0
16.45448267190433 -9.500000000000007 0
16.92912395957899 -8.625819495051397 0
17.35736369520941 -7.727996218440211 0
17.73802810344683 -6.808991041360716 0
18.07007380960792 -5.871322893124006 0
18.3525906994923 -4.917561856947902 0
18.5848044139423 -3.950322125537438 0
18.76607847130762 -2.972254835764392 0
18.89591601199719 -1.98604080208542 0
18.9739611603369 -0.9943831686159353 0
1 2 0 0
1 3 0 0
2 1 0 5447
62
63
64
65
66
67
68
69
70
71
72
73
74
75
76
77
78
79
80
81
82
83
84
85
86
87
88
89
90
91
92
93
94
95
96
97
98
99
100
101
102
103
104
105
106
107
108
109
110
111
112
113
114
115
116
117
118
119
120
121
122
123
124
125
126
127
128
129
130
131
132
133
134
135
136
137
138
139
140
141
142
143
144
145
146
147
148
149
150
151
152
153
154
155
156
157
158
159
160
161
162
163
164
165
166
167
168
169
170
171
172
173
174
175
176
177
178
179
180
181
182
183
184
185
186
187
188
189
190
191
192
193
194
195
196
197
198
199
200
201
202
203
204
205
206
207
208
209
210
211
212
213
214
215
216
217
218
219
220
221
222
223
224
225
226
227
228
229
230
231
232
233
234
235
236
237
238
239
240
241
242
243
244
245
246
247
248
249
250
251
252
253
254
255
256
257
258
259
260
261
262
263
264
265
266
267
268
269
270
271
272
273
274
275
276
277
278
279
280
281
282
283
284
285
286
287
288
289
290
291
292
293
294
295
296
297
298
299
300
301
302
303
304
305
306
307
308
309
310
311
312
313
314
315
316
317
318
319
320
321
322
323
324
325
326
327
328
329
330
331
332
333
334
335
336
337
338
339
340
341
342
343
344
345
346
347
348
349
350
351
352
353
354
355
356
357
358
359
360
361
362
363
364
365
366
367
368
369
370
371
372
373
374
375
376
377
378
379
380
381
382
383
384
385
386
387
388
389
390
391
392
393
394
395
396
397
398
399
400
401
402
403
404
405
406
407
408
409
410
411
412
413
414
415
416
417
418
419
420
421
422
423
424
425
426
427
428
429
430
431
432
433
434
435
436
437
438
439
440
441
442
443
444
445
446
447
448
449
450
451
452
453
454
455
456
457
458
459
460
461
462
463
464
465
466
467
468
469
470
471
472
473
474
475
476
477
478
479
480
481
482
483
484
485
486
487
488
489
490
491
492
493
494
495
496
497
498
499
500
501
502
503
504
505
506
507
508
509
510
511
512
513
514
515
516
517
518
519
520
521
522
523
524
525
526
527
528
529
530
531
532
533
534
535
536
537
538
539
540
541
542
543
544
545
546
547
548
549
550
551
552
553
554
555
556
557
558
559
560
561
562
563
564
565
566
567
568
569
570
571
572
573
574
575
576
577
578
579
580
581
582
583
584
585
586
587
588
589
590
591
592
593
594
595
596
597
598
599
600
601
602
603
604
605
606
607
608
609
610
611
612
613
614
615
616
617
618
619
620
621
622
623
624
625
626
627
628
629
630
631
632
633
634
635
636
637
638
639
640
641
642
643
644
645
646
647
648
649
650
651
652
653
654
655
656
657
658
659
660
661
662
663
664
665
666
667
668
669
670
671
672
673
674
675
676
677
678
679
680
681
682
683
684
685
686
687
688
689
690
691
692
693
694
695
696
697
698
699
700
701
702
703
704
705
706
707
708
709
710
711
712
713
714
715
716
717
718
719
720
721
722
723
724
725
726
727
728
729
730
731
732
733
734
735
736
737
738
739
740
741
742
743
744
745
746
747
748
749
750
751
752
753
754
755
756
757
758
759
760
761
762
763
764
765
766
767
768
769
770
771
772
773
774
775
776
777
778
779
780
781
782
783
784
785
786
787
788
789
790
791
792
793
794
795
796
797
798
799
800
801
802
803
804
805
806
807
808
809
810
811
812
813
814
815
816
817
818
819
820
821
822
823
824
825
826
827
828
829
830
831
832
833
834
835
836
837
838
839
840
841
842
843
844
845
846
847
848
849
850
851
852
853
854
855
856
857
858
859
860
861
862
863
864
865
866
867
868
869
870
871
872
873
874
875
876
877
878
879
880
881
882
883
884
885
886
887
888
889
890
891
892
893
894
895
896
897
898
899
900
901
902
903
904
905
906
907
908
909
910
911
912
913
914
915
916
917
918
919
920
921
922
923
924
925
926
927
928
929
930
931
932
933
934
935
936
937
938
939
940
941
942
943
944
945
946
947
948
949
950
951
952
953
954
955
956
957
958
959
960
961
962
963
964
965
966
967
968
969
970
971
972
973
974
975
976
977
978
979
980
981
982
983
984
985
986
987
988
989
990
991
992
993
994
995
996
997
998
999
1000
1001
1002
1003
1004
1005
1006
1007
1008
1009
1010
1011
1012
1013
1014
1015
1016
1017
1018
1019
1020
1021
1022
1023
1024
1025
1026
1027
1028
1029
1030
1031
1032
1033
1034
1035
1036
1037
1038
1039
1040
1041
1042
1043
1044
1045
1046
1047
1048
1049
1050
1051
1052
1053
1054
1055
1056
1057
1058
1059
1060
1061
1062
1063
1064
1065
1066
1067
1068
1069
1070
1071
1072
1073
1074
1075
1076
1077
1078
1079
1080
1081
1082
1083
1084
1085
1086
1087
1088
1089
1090
1091
1092
1093
1094
1095
1096
1097
1098
1099
1100
1101
1102
1103
1104
1105
1106
1107
1108
1109
1110
1111
1112
1113
1114
1115
1116
1117
1118
1119
1120
1121
1122
1123
1124
1125
1126
1127
1128
1129
1130
1131
1132
1133
1134
1135
1136
1137
1138
1139
1140
1141
1142
1143
1144
1145
1146
1147
1148
1149
1150
1151
1152
1153
1154
1155
1156
1157
1158
1159
1160
1161
1162
1163
1164
1165
1166
1167
1168
1169
1170
1171
1172
1173
1174
1175
1176
1177
1178
1179
1180
1181
1182
1183
1184
1185
1186
1187
1188
1189
1190
1191
1192
1193
1194
1195
1196
1197
1198
1199
1200
1201
1202
1203
1204
1205
1206
1207
1208
1209
1210
1211
1212
1213
1214
1215
1216
1217
1218
1219
1220
1221
1222
1223
1224
1225
1226
1227
1228
1229
1230
1231
1232
1233
1234
1235
1236
1237
1238
1239
1240
1241
1242
1243
1244
1245
1246
1247
1248
1249
1250
1251
1252
1253
1254
1255
1256
1257
1258
1259
1260
1261
1262
1263
1264
1265
1266
1267
1268
1269
1270
1271
1272
1273
1274
1275
1276
1277
1278
1279
1280
1281
1282
1283
1284
1285
1286
1287
1288
1289
1290
1291
1292
1293
1294
1295
1296
1297
1298
1299
1300
1301
1302
1303
1304
1305
1306
1307
1308
1309
1310
1311
1312
1313
1314
1315
1316
1317
1318
1319
1320
1321
1322
1323
1324
1325
1326
1327
1328
1329
1330
1331
1332
1333
1334
1335
1336
1337
1338
1339
1340
1341
1342
1343
1344
1345
1346
1347
1348
1349
1350
1351
1352
1353
1354
1355
1356
1357
1358
1359
1360
1361
1362
1363
1364
1365
1366
1367
1368
1369
1370
1371
1372
1373
1374
1375
1376
1377
1378
1379
1380
1381
1382
1383
1384
1385
1386
1387
1388
1389
1390
1391
1392
1393
1394
1395
1396
1397
1398
1399
1400
1401
1402
1403
1404
1405
1406
1407
1408
1409
1410
1411
1412
1413
1414
1415
1416
1417
1418
1419
1420
1421
1422
1423
1424
1425
1426
1427
1428
1429
1430
1431
1432
1433
1434
1435
1436
1437
1438
1439
1440
1441
1442
1443
1444
1445
1446
1447
1448
1449
1450
1451
1452
1453
1454
1455
1456
1457
1458
1459
1460
1461
1462
1463
1464
1465
1466
1467
1468
1469
1470
1471
1472
1473
1474
1475
1476
1477
1478
1479
1480
1481
1482
1483
1484
1485
1486
1487
1488
1489
1490
1491
1492
1493
1494
1495
1496
1497
1498
1499
1500
1501
1502
1503
1504
1505
1506
1507
1508
1509
1510
1511
1512
1513
1514
1515
1516
1517
1518
1519
1520
1521
1522
1523
1524
1525
1526
1527
1528
1529
1530
1531
1532
1533
1534
1535
1536
1537
1538
1539
1540
1541
1542
1543
1544
1545
1546
1547
1548
1549
1550
1551
1552
1553
1554
1555
1556
1557
1558
1559
1560
1561
1562
1563
1564
1565
1566
1567
1568
1569
1570
1571
1572
1573
1574
1575
1576
1577
1578
1579
1580
1581
1582
1583
1584
1585
1586
1587
1588
1589
1590
1591
1592
1593
1594
1595
1596
1597
1598
1599
1600
1601
1602
1603
1604
1605
1606
1607
1608
1609
1610
1611
1612
1613
1614
1615
1616
1617
1618
1619
1620
1621
1622
1623
1624
1625
1626
1627
1628
1629
1630
1631
1632
1633
1634
1635
1636
1637
1638
1639
1640
1641
1642
1643
1644
1645
1646
1647
1648
1649
1650
1651
1652
1653
1654
1655
1656
1657
1658
1659
1660
1661
1662
1663
1664
1665
1666
1667
1668
1669
1670
1671
1672
1673
1674
1675
1676
1677
1678
1679
1680
1681
1682
1683
1684
1685
1686
1687
1688
1689
1690
1691
1692
1693
1694
1695
1696
1697
1698
1699
1700
1701
1702
1703
1704
1705
1706
1707
1708
1709
1710
1711
1712
1713
1714
1715
1716
1717
1718
1719
1720
1721
1722
1723
1724
1725
1726
1727
1728
1729
1730
1731
1732
1733
1734
1735
1736
1737
1738
1739
1740
1741
1742
1743
1744
1745
1746
1747
1748
1749
1750
1751
1752
1753
1754
1755
1756
1757
1758
1759
1760
1761
1762
1763
1764
1765
1766
1767
1768
1769
1770
1771
1772
1773
1774
1775
1776
1777
1778
1779
1780
1781
1782
1783
1784
1785
1786
1787
1788
1789
1790
1791
1792
1793
1794
1795
1796
1797
1798
1799
1800
1801
1802
1803
1804
1805
1806
1807
1808
1809
1810
1811
1812
1813
1814
1815
1816
1817
1818
1819
1820
1821
1822
1823
1824
1825
1826
1827
1828
1829
1830
1831
1832
1833
1834
1835
1836
1837
1838
1839
1840
1841
1842
1843
1844
1845
1846
1847
1848
1849
1850
1851
1852
1853
1854
1855
1856
1857
1858
1859
1860
1861
1862
1863
1864
1865
1866
1867
1868
1869
1870
1871
1872
1873
1874
1875
1876
1877
1878
1879
1880
1881
1882
1883
1884
1885
1886
1887
1888
1889
1890
1891
1892
1893
1894
1895
1896
1897
1898
1899
1900
1901
1902
1903
1904
1905
1906
1907
1908
1909
1910
1911
1912
1913
1914
1915
1916
1917
1918
1919
1920
1921
1922
1923
1924
1925
1926
1927
1928
1929
1930
1931
1932
1933
1934
1935
1936
1937
1938
1939
1940
1941
1942
1943
1944
1945
1946
1947
1948
1949
1950
1951
1952
1953
1954
1955
1956
1957
1958
1959
1960
1961
1962
1963
1964
1965
1966
1967
1968
1969
1970
1971
1972
1973
1974
1975
1976
1977
1978
1979
1980
1981
1982
1983
1984
1985
1986
1987
1988
1989
1990
1991
1992
1993
1994
1995
1996
1997
1998
1999
2000
2001
2002
2003
2004
2005
2006
2007
2008
2009
2010
2011
2012
2013
2014
2015
2016
2017
2018
2019
2020
2021
2022
2023
2024
2025
2026
2027
2028
2029
2030
2031
2032
2033
2034
2035
2036
2037
2038
2039
2040
2041
2042
2043
2044
2045
2046
2047
2048
2049
2050
2051
2052
2053
2054
2055
2056
2057
2058
2059
2060
2061
2062
2063
2064
2065
2066
2067
2068
2069
2070
2071
2072
2073
2074
2075
2076
2077
2078
2079
2080
2081
2082
2083
2084
2085
2086
2087
2088
2089
2090
2091
2092
2093
2094
2095
2096
2097
2098
2099
2100
2101
2102
2103
2104
2105
2106
2107
2108
2109
2110
2111
2112
2113
2114
2115
2116
2117
2118
2119
2120
2121
2122
2123
2124
2125
2126
2127
2128
2129
2130
2131
2132
2133
2134
2135
2136
2137
2138
2139
2140
2141
2142
2143
2144
2145
2146
2147
2148
2149
2150
2151
2152
2153
2154
2155
2156
2157
2158
2159
2160
2161
2162
2163
2164
2165
2166
2167
2168
2169
2170
2171
2172
2173
2174
2175
2176
2177
2178
2179
2180
2181
2182
2183
2184
2185
2186
2187
2188
2189
2190
2191
2192
2193
2194
2195
2196
2197
2198
2199
2200
2201
2202
2203
2204
2205
2206
2207
2208
2209
2210
2211
2212
2213
2214
2215
2216
2217
2218
2219
2220
2221
2222
2223
2224
2225
2226
2227
2228
2229
2230
2231
2232
2233
2234
2235
2236
2237
2238
2239
2240
2241
2242
2243
2244
2245
2246
2247
2248
2249
2250
2251
2252
2253
2254
2255
2256
2257
2258
2259
2260
2261
2262
2263
2264
2265
2266
2267
2268
2269
2270
2271
2272
2273
2274
2275
2276
2277
2278
2279
2280
2281
2282
2283
2284
2285
2286
2287
2288
2289
2290
2291
2292
2293
2294
2295
2296
2297
2298
2299
2300
2301
2302
2303
2304
2305
2306
2307
2308
2309
2310
2311
2312
2313
2314
2315
2316
2317
2318
2319
2320
2321
2322
2323
2324
2325
2326
2327
2328
2329
2330
2331
2332
2333
2334
2335
2336
2337
2338
2339
2340
2341
2342
2343
2344
2345
2346
2347
2348
2349
2350
2351
2352
2353
2354
2355
2356
2357
2358
2359
2360
2361
2362
2363
2364
2365
2366
2367
2368
2369
2370
2371
2372
2373
2374
2375
2376
2377
2378
2379
2380
2381
2382
2383
2384
2385
2386
2387
2388
2389
2390
2391
2392
2393
2394
2395
2396
2397
2398
2399
2400
2401
2402
2403
2404
2405
2406
2407
2408
2409
2410
2411
2412
2413
2414
2415
2416
2417
2418
2419
2420
2421
2422
2423
2424
2425
2426
2427
2428
2429
2430
2431
2432
2433
2434
2435
2436
2437
2438
2439
2440
2441
2442
2443
2444
2445
2446
2447
2448
2449
2450
2451
2452
2453
2454
2455
2456
2457
2458
2459
2460
2461
2462
2463
2464
2465
2466
2467
2468
2469
2470
2471
2472
2473
2474
2475
2476
2477
2478
2479
2480
2481
2482
2483
2484
2485
2486
2487
2488
2489
2490
2491
2492
2493
2494
2495
2496
2497
2498
2499
2500
2501
2502
2503
2504
2505
2506
2507
2508
2509
2510
2511
2512
2513
2514
2515
2516
2517
2518
2519
2520
2521
2522
2523
2524
2525
2526
2527
2528
2529
2530
2531
2532
2533
2534
2535
2536
2537
2538
2539
2540
2541
2542
2543
2544
2545
2546
2547
2548
2549
2550
2551
2552
2553
2554
2555
2556
2557
2558
2559
2560
2561
2562
2563
2564
2565
2566
2567
2568
2569
2570
2571
2572
2573
2574
2575
2576
2577
2578
2579
2580
2581
2582
2583
2584
2585
2586
2587
2588
2589
2590
2591
2592
2593
2594
2595
2596
2597
2598
2599
2600
2601
2602
2603
2604
2605
2606
2607
2608
2609
2610
2611
2612
2613
2614
2615
2616
2617
2618
2619
2620
2621
2622
2623
2624
2625
2626
2627
2628
2629
2630
2631
2632
2633
2634
2635
2636
2637
2638
2639
2640
2641
2642
2643
2644
2645
2646
2647
2648
2649
2650
2651
2652
2653
2654
2655
2656
2657
2658
2659
2660
2661
2662
2663
2664
2665
2666
2667
2668
2669
2670
2671
2672
2673
2674
2675
2676
2677
2678
2679
2680
2681
2682
2683
2684
2685
2686
2687
2688
2689
2690
2691
2692
2693
2694
2695
2696
2697
2698
2699
2700
2701
2702
2703
2704
2705
2706
2707
2708
2709
2710
2711
2712
2713
2714
2715
2716
2717
2718
2719
2720
2721
2722
2723
2724
2725
2726
2727
2728
2729
2730
2731
2732
2733
2734
2735
2736
2737
2738
2739
2740
2741
2742
2743
2744
2745
2746
2747
2748
2749
2750
2751
2752
2753
2754
2755
2756
2757
2758
2759
2760
2761
2762
2763
2764
2765
2766
2767
2768
2769
2770
2771
2772
2773
2774
2775
2776
2777
2778
2779
2780
2781
2782
2783
2784
2785
2786
2787
2788
2789
2790
2791
2792
2793
2794
2795
2796
2797
2798
2799
2800
2801
2802
2803
2804
2805
2806
2807
2808
2809
2810
2811
2812
2813
2814
2815
2816
2817
2818
2819
2820
2821
2822
2823
2824
2825
2826
2827
2828
2829
2830
2831
2832
2833
2834
2835
2836
2837
2838
2839
2840
2841
2842
2843
2844
2845
2846
2847
2848
2849
2850
2851
2852
2853
2854
2855
2856
2857
2858
2859
2860
2861
2862
2863
2864
2865
2866
2867
2868
2869
2870
2871
2872
2873
2874
2875
2876
2877
2878
2879
2880
2881
2882
2883
2884
2885
2886
2887
2888
2889
2890
2891
2892
2893
2894
2895
2896
2897
2898
2899
2900
2901
2902
2903
2904
2905
2906
2907
2908
2909
2910
2911
2912
2913
2914
2915
2916
2917
2918
2919
2920
2921
2922
2923
2924
2925
2926
2927
2928
2929
2930
2931
2932
2933
2934
2935
2936
2937
2938
2939
2940
2941
2942
2943
2944
2945
2946
2947
2948
2949
2950
2951
2952
2953
2954
2955
2956
2957
2958
2959
2960
2961
2962
2963
2964
2965
2966
2967
2968
2969
2970
2971
2972
2973
2974
2975
2976
2977
2978
2979
2980
2981
2982
2983
2984
2985
2986
2987
2988
2989
2990
2991
2992
2993
2994
2995
2996
2997
2998
2999
3000
3001
3002
3003
3004
3005
3006
3007
3008
3009
3010
3011
3012
3013
3014
3015
3016
3017
3018
3019
3020
3021
3022
3023
3024
3025
3026
3027
3028
3029
3030
3031
3032
3033
3034
3035
3036
3037
3038
3039
3040
3041
3042
3043
3044
3045
3046
3047
3048
3049
3050
3051
3052
3053
3054
3055
3056
3057
3058
3059
3060
3061
3062
3063
3064
3065
3066
3067
3068
3069
3070
3071
3072
3073
3074
3075
3076
3077
3078
3079
3080
3081
3082
3083
3084
3085
3086
3087
3088
3089
3090
3091
3092
3093
3094
3095
3096
3097
3098
3099
3100
3101
3102
3103
3104
3105
3106
3107
3108
3109
3110
3111
3112
3113
3114
3115
3116
3117
3118
3119
3120
3121
3122
3123
3124
3125
3126
3127
3128
3129
3130
3131
3132
3133
3134
3135
3136
3137
3138
3139
3140
3141
3142
3143
3144
3145
3146
3147
3148
3149
3150
3151
3152
3153
3154
3155
3156
3157
3158
3159
3160
3161
3162
3163
3164
3165
3166
3167
3168
3169
3170
3171
3172
3173
3174
3175
3176
3177
3178
3179
3180
3181
3182
3183
3184
3185
3186
3187
3188
3189
3190
3191
3192
3193
3194
3195
3196
3197
3198
3199
3200
3201
3202
3203
3204
3205
3206
3207
3208
3209
3210
3211
3212
3213
3214
3215
3216
3217
3218
3219
3220
3221
3222
3223
3224
3225
3226
3227
3228
3229
3230
3231
3232
3233
3234
3235
3236
3237
3238
3239
3240
3241
3242
3243
3244
3245
3246
3247
3248
3249
3250
3251
3252
3253
3254
3255
3256
3257
3258
3259
3260
3261
3262
3263
3264
3265
3266
3267
3268
3269
3270
3271
3272
3273
3274
3275
3276
3277
3278
3279
3280
3281
3282
3283
3284
3285
3286
3287
3288
3289
3290
3291
3292
3293
3294
3295
3296
3297
3298
3299
3300
3301
3302
3303
3304
3305
3306
3307
3308
3309
3310
3311
3312
3313
3314
3315
3316
3317
3318
3319
3320
3321
3322
3323
3324
3325
3326
3327
3328
3329
3330
3331
3332
3333
3334
3335
3336
3337
3338
3339
3340
3341
3342
3343
3344
3345
3346
3347
3348
3349
3350
3351
3352
3353
3354
3355
3356
3357
3358
3359
3360
3361
3362
3363
3364
3365
3366
3367
3368
3369
3370
3371
3372
3373
3374
3375
3376
3377
3378
3379
3380
3381
3382
3383
3384
3385
3386
3387
3388
3389
3390
3391
3392
3393
3394
3395
3396
3397
3398
3399
3400
3401
3402
3403
3404
3405
3406
3407
3408
3409
3410
3411
3412
3413
3414
3415
3416
3417
3418
3419
3420
3421
3422
3423
3424
3425
3426
3427
3428
3429
3430
3431
3432
3433
3434
3435
3436
3437
3438
3439
3440
3441
3442
3443
3444
3445
3446
3447
3448
3449
3450
3451
3452
3453
3454
3455
3456
3457
3458
3459
3460
3461
3462
3463
3464
3465
3466
3467
3468
3469
3470
3471
3472
3473
3474
3475
3476
3477
3478
3479
3480
3481
3482
3483
3484
3485
3486
3487
3488
3489
3490
3491
3492
3493
3494
3495
3496
3497
3498
3499
3500
3501
3502
3503
3504
3505
3506
3507
3508
3509
3510
3511
3512
3513
3514
3515
3516
3517
3518
3519
3520
3521
3522
3523
3524
3525
3526
3527
3528
3529
3530
3531
3532
3533
3534
3535
3536
3537
3538
3539
3540
3541
3542
3543
3544
3545
3546
3547
3548
3549
3550
3551
3552
3553
3554
3555
3556
3557
3558
3559
3560
3561
3562
3563
3564
3565
3566
3567
3568
3569
3570
3571
3572
3573
3574
3575
3576
3577
3578
3579
3580
3581
3582
3583
3584
3585
3586
3587
3588
3589
3590
3591
3592
3593
3594
3595
3596
3597
3598
3599
3600
3601
3602
3603
3604
3605
3606
3607
3608
3609
3610
3611
3612
3613
3614
3615
3616
3617
3618
3619
3620
3621
3622
3623
3624
3625
3626
3627
3628
3629
3630
3631
3632
3633
3634
3635
3636
3637
3638
3639
3640
3641
3642
3643
3644
3645
3646
3647
3648
3649
3650
3651
3652
3653
3654
3655
3656
3657
3658
3659
3660
3661
3662
3663
3664
3665
3666
3667
3668
3669
3670
3671
3672
3673
3674
3675
3676
3677
3678
3679
3680
3681
3682
3683
3684
3685
3686
3687
3688
3689
3690
3691
3692
3693
3694
3695
3696
3697
3698
3699
3700
3701
3702
3703
3704
3705
3706
3707
3708
3709
3710
3711
3712
3713
3714
3715
3716
3717
3718
3719
3720
3721
3722
3723
3724
3725
3726
3727
3728
3729
3730
3731
3732
3733
3734
3735
3736
3737
3738
3739
3740
3741
3742
3743
3744
3745
3746
3747
3748
3749
3750
3751
3752
3753
3754
3755
3756
3757
3758
3759
3760
3761
3762
3763
3764
3765
3766
3767
3768
3769
3770
3771
3772
3773
3774
3775
3776
3777
3778
3779
3780
3781
3782
3783
3784
3785
3786
3787
3788
3789
3790
3791
3792
3793
3794
3795
3796
3797
3798
3799
3800
3801
3802
3803
3804
3805
3806
3807
3808
3809
3810
3811
3812
3813
3814
3815
3816
3817
3818
3819
3820
3821
3822
3823
3824
3825
3826
3827
3828
3829
3830
3831
3832
3833
3834
3835
3836
3837
3838
3839
3840
3841
3842
3843
3844
3845
3846
3847
3848
3849
3850
3851
3852
3853
3854
3855
3856
3857
3858
3859
3860
3861
3862
3863
3864
3865
3866
3867
3868
3869
3870
3871
3872
3873
3874
3875
3876
3877
3878
3879
3880
3881
3882
3883
3884
3885
3886
3887
3888
3889
3890
3891
3892
3893
3894
3895
3896
3897
3898
3899
3900
3901
3902
3903
3904
3905
3906
3907
3908
3909
3910
3911
3912
3913
3914
3915
3916
3917
3918
3919
3920
3921
3922
3923
3924
3925
3926
3927
3928
3929
3930
3931
3932
3933
3934
3935
3936
3937
3938
3939
3940
3941
3942
3943
3944
3945
3946
3947
3948
3949
3950
3951
3952
3953
3954
3955
3956
3957
3958
3959
3960
3961
3962
3963
3964
3965
3966
3967
3968
3969
3970
3971
3972
3973
3974
3975
3976
3977
3978
3979
3980
3981
3982
3983
3984
3985
3986
3987
3988
3989
3990
3991
3992
3993
3994
3995
3996
3997
3998
3999
4000
4001
4002
4003
4004
4005
4006
4007
4008
4009
4010
4011
4012
4013
4014
4015
4016
4017
4018
4019
4020
4021
4022
4023
4024
4025
4026
4027
4028
4029
4030
4031
4032
4033
4034
4035
4036
4037
4038
4039
4040
4041
4042
4043
4044
4045
4046
4047
4048
4049
4050
4051
4052
4053
4054
4055
4056
4057
4058
4059
4060
4061
4062
4063
4064
4065
4066
4067
4068
4069
4070
4071
4072
4073
4074
4075
4076
4077
4078
4079
4080
4081
4082
4083
4084
4085
4086
4087
4088
4089
4090
4091
4092
4093
4094
4095
4096
4097
4098
4099
4100
4101
4102
4103
4104
4105
4106
4107
4108
4109
4110
4111
4112
4113
4114
4115
4116
4117
4118
4119
4120
4121
4122
4123
4124
4125
4126
4127
4128
4129
4130
4131
4132
4133
4134
4135
4136
4137
4138
4139
4140
4141
4142
4143
4144
4145
4146
4147
4148
4149
4150
4151
4152
4153
4154
4155
4156
4157
4158
4159
4160
4161
4162
4163
4164
4165
4166
4167
4168
4169
4170
4171
4172
4173
4174
4175
4176
4177
4178
4179
4180
4181
4182
4183
4184
4185
4186
4187
4188
4189
4190
4191
4192
4193
4194
4195
4196
4197
4198
4199
4200
4201
4202
4203
4204
4205
4206
4207
4208
4209
4210
4211
4212
4213
4214
4215
4216
4217
4218
4219
4220
4221
4222
4223
4224
4225
4226
4227
4228
4229
4230
4231
4232
4233
4234
4235
4236
4237
4238
4239
4240
4241
4242
4243
4244
4245
4246
4247
4248
4249
4250
4251
4252
4253
4254
4255
4256
4257
4258
4259
4260
4261
4262
4263
4264
4265
4266
4267
4268
4269
4270
4271
4272
4273
4274
4275
4276
4277
4278
4279
4280
4281
4282
4283
4284
4285
4286
4287
4288
4289
4290
4291
4292
4293
4294
4295
4296
4297
4298
4299
4300
4301
4302
4303
4304
4305
4306
4307
4308
4309
4310
4311
4312
4313
4314
4315
4316
4317
4318
4319
4320
4321
4322
4323
4324
4325
4326
4327
4328
4329
4330
4331
4332
4333
4334
4335
4336
4337
4338
4339
4340
4341
4342
4343
4344
4345
4346
4347
4348
4349
4350
4351
4352
4353
4354
4355
4356
4357
4358
4359
4360
4361
4362
4363
4364
4365
4366
4367
4368
4369
4370
4371
4372
4373
4374
4375
4376
4377
4378
4379
4380
4381
4382
4383
4384
4385
4386
4387
4388
4389
4390
4391
4392
4393
4394
4395
4396
4397
4398
4399
4400
4401
4402
4403
4404
4405
4406
4407
4408
4409
4410
4411
4412
4413
4414
4415
4416
4417
4418
4419
4420
4421
4422
4423
4424
4425
4426
4427
4428
4429
4430
4431
4432
4433
4434
4435
4436
4437
4438
4439
4440
4441
4442
4443
4444
4445
4446
4447
4448
4449
4450
4451
4452
4453
4454
4455
4456
4457
4458
4459
4460
4461
4462
4463
4464
4465
4466
4467
4468
4469
4470
4471
4472
4473
4474
4475
4476
4477
4478
4479
4480
4481
4482
4483
4484
4485
4486
4487
4488
4489
4490
4491
4492
4493
4494
4495
4496
4497
4498
4499
4500
4501
4502
4503
4504
4505
4506
4507
4508
4509
4510
4511
4512
4513
4514
4515
4516
4517
4518
4519
4520
4521
4522
4523
4524
4525
4526
4527
4528
4529
4530
4531
4532
4533
4534
4535
4536
4537
4538
4539
4540
4541
4542
4543
4544
4545
4546
4547
4548
4549
4550
4551
4552
4553
4554
4555
4556
4557
4558
4559
4560
4561
4562
4563
4564
4565
4566
4567
4568
4569
4570
4571
4572
4573
4574
4575
4576
4577
4578
4579
4580
4581
4582
4583
4584
4585
4586
4587
4588
4589
4590
4591
4592
4593
4594
4595
4596
4597
4598
4599
4600
4601
4602
4603
4604
4605
4606
4607
4608
4609
4610
4611
4612
4613
4614
4615
4616
4617
4618
4619
4620
4621
4622
4623
4624
4625
4626
4627
4628
4629
4630
4631
4632
4633
4634
4635
4636
4637
4638
4639
4640
4641
4642
4643
4644
4645
4646
4647
4648
4649
4650
4651
4652
4653
4654
4655
4656
4657
4658
4659
4660
4661
4662
4663
4664
4665
4666
4667
4668
4669
4670
4671
4672
4673
4674
4675
4676
4677
4678
4679
4680
4681
4682
4683
4684
4685
4686
4687
4688
4689
4690
4691
4692
4693
4694
4695
4696
4697
4698
4699
4700
4701
4702
4703
4704
4705
4706
4707
4708
4709
4710
4711
4712
4713
4714
4715
4716
4717
4718
4719
4720
4721
4722
4723
4724
4725
4726
4727
4728
4729
4730
4731
4732
4733
4734
4735
4736
4737
4738
4739
4740
4741
4742
4743
4744
4745
4746
4747
4748
4749
4750
4751
4752
4753
4754
4755
4756
4757
4758
4759
4760
4761
4762
4763
4764
4765
4766
4767
4768
4769
4770
4771
4772
4773
4774
4775
4776
4777
4778
4779
4780
4781
4782
4783
4784
4785
4786
4787
4788
4789
4790
4791
4792
4793
4794
4795
4796
4797
4798
4799
4800
4801
4802
4803
4804
4805
4806
4807
4808
4809
4810
4811
4812
4813
4814
4815
4816
4817
4818
4819
4820
4821
4822
4823
4824
4825
4826
4827
4828
4829
4830
4831
4832
4833
4834
4835
4836
4837
4838
4839
4840
4841
4842
4843
4844
4845
4846
4847
4848
4849
4850
4851
4852
4853
4854
4855
4856
4857
4858
4859
4860
4861
4862
4863
4864
4865
4866
4867
4868
4869
4870
4871
4872
4873
4874
4875
4876
4877
4878
4879
4880
4881
4882
4883
4884
4885
4886
4887
4888
4889
4890
4891
4892
4893
4894
4895
4896
4897
4898
4899
4900
4901
4902
4903
4904
4905
4906
4907
4908
4909
4910
4911
4912
4913
4914
4915
4916
4917
4918
4919
4920
4921
4922
4923
4924
4925
4926
4927
4928
4929
4930
4931
4932
4933
4934
4935
4936
4937
4938
4939
4940
4941
4942
4943
4944
4945
4946
4947
4948
4949
4950
4951
4952
4953
4954
4955
4956
4957
4958
4959
4960
4961
4962
4963
4964
4965
4966
4967
4968
4969
4970
4971
4972
4973
4974
4975
4976
4977
4978
4979
4980
4981
4982
4983
4984
4985
4986
4987
4988
4989
4990
4991
4992
4993
4994
4995
4996
4997
4998
4999
5000
5001
5002
5003
5004
5005
5006
5007
5008
5009
5010
5011
5012
5013
5014
5015
5016
5017
5018
5019
5020
5021
5022
5023
5024
5025
5026
5027
5028
5029
5030
5031
5032
5033
5034
5035
5036
5037
5038
5039
5040
5041
5042
5043
5044
5045
5046
5047
5048
5049
5050
5051
5052
5053
5054
5055
5056
5057
5058
5059
5060
5061
5062
5063
5064
5065
5066
5067
5068
5069
5070
5071
5072
5073
5074
5075
5076
5077
5078
5079
5080
5081
5082
5083
5084
5085
5086
5087
5088
5089
5090
5091
5092
5093
5094
5095
5096
5097
5098
5099
5100
5101
5102
5103
5104
5105
5106
5107
5108
5109
5110
5111
5112
5113
5114
5115
5116
5117
5118
5119
5120
5121
5122
5123
5124
5125
5126
5127
5128
5129
5130
5131
5132
5133
5134
5135
5136
5137
5138
5139
5140
5141
5142
5143
5144
5145
5146
5147
5148
5149
5150
5151
5152
5153
5154
5155
5156
5157
5158
5159
5160
5161
5162
5163
5164
5165
5166
5167
5168
5169
5170
5171
5172
5173
5174
5175
5176
5177
5178
5179
5180
5181
5182
5183
5184
5185
5186
5187
5188
5189
5190
5191
5192
5193
5194
5195
5196
5197
5198
5199
5200
5201
5202
5203
5204
5205
5206
5207
5208
5209
5210
5211
5212
5213
5214
5215
5216
5217
5218
5219
5220
5221
5222
5223
5224
5225
5226
5227
5228
5229
5230
5231
5232
5233
5234
5235
5236
5237
5238
5239
5240
5241
5242
5243
5244
5245
5246
5247
5248
5249
5250
5251
5252
5253
5254
5255
5256
5257
5258
5259
5260
5261
5262
5263
5264
5265
5266
5267
5268
5269
5270
5271
5272
5273
5274
5275
5276
5277
5278
5279
5280
5281
5282
5283
5284
5285
5286
5287
5288
5289
5290
5291
5292
5293
5294
5295
5296
5297
5298
5299
5300
5301
5302
5303
5304
5305
5306
5307
5308
5309
5310
5311
5312
5313
5314
5315
5316
5317
5318
5319
5320
5321
5322
5323
5324
5325
5326
5327
5328
5329
5330
5331
5332
5333
5334
5335
5336
5337
5338
5339
5340
5341
5342
5343
5344
5345
5346
5347
5348
5349
5350
5351
5352
5353
5354
5355
5356
5357
5358
5359
5360
5361
5362
5363
5364
5365
5366
5367
5368
5369
5370
5371
5372
5373
5374
5375
5376
5377
5378
5379
5380
5381
5382
5383
5384
5385
5386
5387
5388
5389
5390
5391
5392
5393
5394
5395
5396
5397
5398
5399
5400
5401
5402
5403
5404
5405
5406
5407
5408
5409
5410
5411
5412
5413
5414
5415
5416
5417
5418
5419
5420
5421
5422
5423
5424
5425
5426
5427
5428
5429
5430
5431
5432
5433
5434
5435
5436
5437
5438
5439
5440
5441
5442
5443
5444
5445
5446
5447
5448
5449
5450
5451
5452
5453
5454
5455
5456
5457
5458
5459
5460
5461
5462
5463
5464
5465
5466
5467
5468
5469
5470
5471
5472
5473
5474
5475
5476
5477
5478
5479
5480
5481
5482
5483
5484
5485
5486
5487
5488
5489
5490
5491
5492
5493
5494
5495
5496
5497
5498
5499
5500
5501
5502
5503
5504
5505
5506
5507
5508
-14.4477133464006 -12.30882889936827 -0.8696609605556348
17.53661856887156 -7.262683072874903 -0.8487895810421696
11.55357276013196 -15.0591502345248 -0.8584583218470826
-18.94142934092943 -1.186764901556316 -0.9021328012059094
-18.44837274247334 -4.448504164907515 -0.9318550582398326
-7.270985214936727 -17.53242197043997 -0.8642649215405878
2.504625313197764 -18.81508153276485 -0.8482682098841123
18.96823298156887 -0.04895301637552326 1.097151383862238
18.92195485166111 -1.48919014327788 -0.8613578285837663
15.04958713461307 -11.56628320669781 -0.8549969942339672
7.260155703114471 -17.53705507927557 -0.8613003616563667
-16.65484167672018 -9.104755090561484 -0.8483415964569837
-2.559094768495486 -18.8101708142526 -0.7927849043079543
-11.55386494536455 -15.05938837703152 -0.8503096694758331
18.19884469870554 -5.390743392476055 -0.861357828589846
-17.8843643594269 -6.353864623766258 -0.8819953526592326
16.67462115686012 -9.06730615141112 -0.8607952321980367
9.914172173583051 -16.18545313467407 -0.8604051009965251
-13.05565454544482 -13.77677851997587 -0.8661743482334285
-5.390743392475728 -18.19884469870557 -0.8613578285911695
0.3537091521347707 -18.97646914037334 -0.8766463369879884
13.72331597478869 -13.10514061329293 -0.9622308257013438
18.65140034038739 -3.514908266597599 -0.8778867922466149
5.407258742823538 -18.19453789764624 -0.8487305693052443
-15.64229851915801 -10.75065392097949 -0.8613578285911677
-9.916057468399003 -16.18475169437698 -0.8518314826124033
7.328110227837397 17.52799911886674 0.2608589229292975
-7.224946235634008 -17.54406959820035 1.002882757704141
-13.79282959735483 -13.03894023034244 0.8624902132141357
7.26350960572656 -17.53566340056737 0.8613578289654015
15.05821554030793 -11.55457517308413 0.8613578299269261
-18.19884469870559 -5.390743392475686 0.8613578285911566
-0.4968506588013196 -18.97396116033674 0.8613578285947323
18.19884469870549 -5.390743392476366 0.8613578285889034
-16.18350704589793 -9.917265872532203 0.8613578285939704
-18.96163482594416 -0.6817155214841688 0.9958256249509621
11.55457517422724 -15.05821553950607 0.8613578286110544
18.92195485166029 -1.489190143284029 0.8613578285911689
16.59432306820978 -9.206103199752858 0.9360052261503965
-10.75065392097713 -15.64229851915952 0.86135782859332
3.458915066525573 -18.66263564595534 0.8613578285935903
-4.430901626185741 -18.45603352484464 0.8613578285912147
-18.66263564595528 -3.458915066526518 0.8613578285912085
13.7538601153807 -13.07828274837335 0.8887363389329848
-15.05821553945533 -11.55457517429448 0.8613578285961097
-12.32682614010121 -14.4328590377248 0.8613578285956069
17.50429721758203 -7.333800959107085 0.9027416079642692
-17.53566340054093 -7.263509605833226 0.8613578286041715
18.66263564591454 -3.458915066733564 0.8613578286422954
-2.477447861096306 -18.81808477998423 0.8613578285911657
1.53412719336901 -18.90715155706699 1.079848949003928
-9.056695287745983 -16.68035770467874 0.8613578285964724
9.917265872562213 -16.18350704587938 0.8613578285969338
5.384987237172557 -18.19265089720012 1.014576654616345
-18.8323811978256 -2.298470185688986 -1.0288115596568
-18.66924594753205 -3.367659435171528 -1.057414620316056
-18.20355480450947 -5.366753004779311 -0.9102497816053586
-18.49699967721104 -3.934242440838933 -1.839222487345248
-18.82975421075969 -1.703406700499921 -1.881159742039353
-18.62842421358474 -3.043505920926606 -2.17229901901521
17.13148866244204 -8.171300930680779 -0.8613578285911492
-13.77518273034698 -13.05702854343326 -0.870830845526007
10.7506539209795 -15.64229851915801 -0.8613578285911568
11.12344237246917 -15.30728941477539 -1.719279081086775
16.85951374999864 -8.590351321725592 -1.721238008798958
16.28751898703762 -9.622197383772033 -1.769192684424099
11.89004388331098 -14.72015536663911 -1.715774587451631
17.28780204737975 -7.692624456755534 -1.719136218552559
17.67955608650516 -6.721583839765266 -1.803775836717195
10.30245518812611 -15.8717315129168 -1.716844745029979
10.61745377861157 -15.54946381958641 -2.546340547220689
16.91617675146882 -8.202287774560125 -2.750534380146392
9.810250760531584 -16.06768749818469 -2.566787579089676
-6.340738873362855 -17.88989237209519 -0.8641651778886505
-6.785919113157616 -17.6629110509767 -1.724202712840802
-13.38264812631145 -13.37627468684459 -1.726268991036292
-7.707722241781182 -17.28081734342154 -1.721734528565012
-12.6602323341734 -14.06239230494335 -1.722683925338705
-14.07308712131041 -12.64717517317225 -1.731236267845188
-13.65573256295556 -12.95497362252348 -2.586431249570713
-7.215471481085163 -17.38627141815092 -2.579639021265376
-17.99230835315318 -5.849140670651419 -1.750540927823689
-14.3270330342384 -12.20733410602537 -2.59174043062017
-6.292179373034901 -17.74241465683118 -2.572003281999505
-6.704298511524761 -17.4436332414751 -3.431040775810126
-13.88623391148533 -12.50259532312939 -3.44348921031822
-14.53387545459564 -11.74302580276041 -3.444968688682918
-14.08591001952039 -12.00901200262574 -4.286113582578746
-14.71110478557283 -11.23531255887307 -4.283823956738325
-14.23870236031784 -11.4905557669333 -5.121179870037268
-14.84404330157255 -10.70127606175305 -5.112442577789021
-18.45886743027244 -3.551169456256237 -2.767563673085064
-13.60202248582551 -12.23827698246472 -5.119527399630903
-7.623232845758607 -17.06281682127836 -3.427331776009948
-7.094360744822517 -17.09773765620069 -4.282220529358357
-6.172027559809789 -17.4541919283876 -4.272851498467703
-6.562665188906728 -17.08284341813877 -5.109587690769643
-5.625529921786051 -17.41629397043539 -5.101579895921024
-6.006005000992674 -17.02183117615754 -5.931708635666658
-14.35169939021392 -10.94130173388933 -5.942780576541914
-5.060893960278926 -17.33166742090545 -5.916135286987342
-5.431709889949073 -16.91416626791411 -6.738509266357498
10.11090872353001 -15.72529017512548 -3.388919251405484
-4.477654680495597 -17.20052034170471 -6.715110463487422
-14.93702056067897 -10.137181843684 -5.926462776221343
-6.356549561104369 -16.58510241391769 -6.747492541462007
-14.42459334074285 -10.36275391375055 -6.748661961992513
-14.98978116852519 -9.544577178216253 -6.723652802517468
-14.45718444128631 -9.756498739764931 -7.536613985842338
-4.84756073961968 -16.75859160439053 -7.526670068028043
-3.885046593732265 -17.02200628783044 -7.493845134614827
-15.00218041079671 -8.925087209173103 -7.501826526290926
-13.87219230706001 -10.56087965278513 -7.551827696348346
-3.51702941159168 -17.43960526832177 -6.670132847486811
-2.919334535466918 -17.23763285769571 -7.43918673870466
-8.011071794617774 -16.6922781019119 -4.265041672705212
9.303292104854023 -16.211197246517 -3.412600159157326
9.63452895905592 -15.81152249722059 -4.262816915726025
10.4994103575256 -15.28205471552664 -4.14984166154975
8.794602990119072 -16.29580558621111 -4.254606743589759
9.118233949280553 -15.87078677010836 -5.096659390614718
8.24510732670068 -16.34702492049539 -5.07867910188166
8.552048970075639 -15.90245455355787 -5.913915588292988
7.665796812759009 -16.35712401192747 -5.888977269774398
7.96322450059181 -15.8898886352532 -6.715541282162254
7.067862170950468 -16.3219016799805 -6.681380836436208
7.351418727240119 -15.83383039315381 -7.499763848123623
8.187195623697379 -15.41463742593504 -7.507248553649555
6.448124213822161 -16.24308778940001 -7.455453922395636
6.153343217837084 -16.7095360492776 -6.627802973941726
5.524964403144198 -16.60812646253781 -7.392219135573614
5.811535422465944 -16.11915204330364 -8.209688997659015
-4.248953514852936 -16.55708616652813 -8.295136629542739
-13.88535788341085 -9.940692802070004 -8.329433538030882
-13.28133232797205 -10.73101573578355 -8.333757428215092
-13.27586963724012 -10.09665424309242 -9.099937278379979
-13.86127067137693 -9.292591650649486 -9.083662025257503
-12.6536337423292 -10.87269559167077 -9.092306840722596
-13.22890030484916 -9.436889448584022 -9.845878033957426
4.880602145649085 -16.46174954012953 -8.135755943606636
5.158424463396122 -15.95084722768293 -8.942098734332799
4.222023505596849 -16.27080669730517 -8.856374367489042
4.494829731373694 -15.73739728763746 -9.650431715577296
3.56242692321683 -16.02730304884343 -9.562147844353488
3.81652325354082 -15.479571775265 -10.33523139119785
4.755076534100619 -15.1610707802552 -10.4178299060283
4.074032770578946 -14.88301162091638 -11.08594705363132
5.006072560150232 -14.5425799559429 -11.15583281281675
3.128857627674666 -15.18204502813394 -10.98707234478119
3.379523049951175 -14.56319525726732 -11.72570543095618
2.433323178307003 -14.84240587735996 -11.60956183848574
2.678981302997032 -14.20405744106161 -12.33157781426264
1.728144807604744 -14.46271921387861 -12.2001339527259
1.972385581989616 -13.8046589255123 -12.90507989383379
1.04285781539494 -14.02521863023981 -12.77519823528558
1.263242241237452 -13.36361629111914 -13.446857575794
2.211877029671202 -13.1088815225726 -13.57441804398139
0.3346541127815539 -13.56458091959656 -13.30000568046929
0.5505114879104577 -12.88722888227451 -13.95049349799312
-0.4047372118419794 -13.08944365716722 -13.76599624201587
-0.1685402765577198 -12.37902844437446 -14.41288482395339
-1.124167818386317 -12.56472082196406 -14.20788645021515
3.967586268401478 -16.74026400657879 -8.063610865662762
-2.543093983574919 -17.63179959908316 -6.606989926469987
-15.51421157524338 -8.70050095277319 -6.679110896622169
-15.50568565160372 -8.068925074090995 -7.447560716258455
-1.362990214188651 -13.26046150585585 -13.5389223473562
-2.079244542364391 -12.71511007276076 -13.96433736238945
-1.837668884738313 -12.00319539194831 -14.61322255537003
-2.78811786183616 -12.13601139713726 -14.35073608415487
-2.54455692725694 -11.40621225942334 -14.98077274164886
-3.491064479416969 -11.52294860025267 -14.69809934503397
-3.731126860959256 -12.23652553998058 -14.04799398693035
-4.42624001682104 -11.60779044241968 -14.37593824271524
-4.661533921023099 -12.30475192707432 -13.70631903598891
-5.353742795284716 -11.65881639208826 -14.01461517193787
-5.581341150356908 -12.33961897843447 -13.32600594440782
-6.264801156269884 -11.67749263973089 -13.61574207017121
-6.482541422748042 -12.34230794152662 -12.90907012061228
-7.184257341139241 -11.65133532263125 -13.17698112831206
-6.930314360353913 -10.98289139510216 -13.8689163048186
-3.242473127156674 -10.77745382533815 -15.30793444793813
-2.292222155804653 -10.64557059413236 -15.56976378477794
-2.986092977709014 -10.00205966737575 -15.87583229751222
-2.031580462437311 -9.855608126360634 -16.11644096208146
-2.722651150994035 -9.198890820377278 -16.40023104668862
-1.768002815542332 -9.03838100902095 -16.61871940854661
-2.452871600739381 -8.370149755935451 -16.87969235423146
-1.52271867161112 -8.189629430447125 -17.07663016051707
-2.129747417515206 -7.532807554290207 -17.31245176997226
-1.236678057219328 -7.329291441676454 -17.48576890919471
-1.832446987801899 -6.656301494279774 -17.70129341189916
-0.9242987225824985 -6.454151079155688 -17.84627708287826
-1.591934381094185 -5.749067123504911 -18.03923424471574
-0.6463014018448101 -5.5536942799399 -18.15871070155963
-1.325391492369944 -4.845836891873697 -18.32378787831024
-0.3614280293718123 -4.637544128623751 -18.42179563003161
-1.027098794777931 -3.926392341863224 -18.5614792310183
-0.06597079301277357 -3.711712642217111 -18.63380898034739
-0.7337557575441879 -2.994742926451632 -18.74814970317707
0.2274428384699586 -2.774875864090116 -18.79490180059792
-0.4487089432180323 -2.05148855969193 -18.88359221582931
0.5191085125308512 -1.830303982161346 -18.90451040585559
-0.1579548773923372 -1.104116314354755 -18.967234311335
0.8114926815185035 -0.8813565705747164 -18.96219107126987
0.1378627603732384 -0.1705906607198604 -18.99873397586738
1.102827576551423 0.06677245200173942 -18.9678494504794
0.4021261957768684 0.7517667051627075 -18.98086250262824
1.387697788121238 1.012031353170223 -18.92221148251556
0.6807740342313531 1.712475147776888 -18.9104197621989
1.671897355196017 1.960467465687959 -18.82448741797948
0.9908612670175165 2.684737554052552 -18.7832472755747
-0.002815311511229103 2.435415052844191 -18.84326791176098
0.3084085077150982 3.402422352252224 -18.69032921939213
-0.6695196765929374 3.163759765098137 -18.72277670516318
-0.3711793125327336 4.113538588816123 -18.54564709564669
-1.347719241831826 3.870454875805267 -18.55271494686294
-1.050319040121485 4.8126693286886 -18.35034179100374
1.958484643946416 2.907093064724057 -18.67386269127144
-2.014559741096229 4.573874275902475 -18.33088167977176
2.068241731519575 0.2913671503027432 -18.88484792958962
-13.79999672628027 -8.618353512077521 -9.812444807259553
-2.42518584284457 -5.029741230055056 -18.16095197907727
0.7403134509457353 -4.379212668038046 -18.47361449209233
-2.302637449117052 3.628141018724151 -18.5076863363894
-2.972145333644171 4.32394104981914 -18.26115784700922
-3.254028299230481 3.36314556236514 -18.41468304788738
-3.926329141477882 4.064907142316636 -18.14002396352124
-4.183007014718592 3.149321348628725 -18.26428830690882
-4.862431698725456 3.797626705159244 -17.97038645615311
-5.103705883773884 2.733541152916845 -18.09640679851229
-5.796750786349345 3.513146211836204 -17.74980236552563
-6.058143911788645 2.556404596052161 -17.82592740603814
-6.709795658989894 3.224102364946004 -17.48095552751479
-6.96696145393933 2.305575089065826 -17.52557478680807
-7.612862098005057 2.9173709203139 -17.16197184446079
-7.844917191655004 1.981931556696528 -17.19096336918458
-8.476897854317588 2.624064254954607 -16.80049075334811
-8.694259542785369 1.629308709304228 -16.81532646523614
-9.330389546256267 2.31388616159499 -16.38870836113362
-9.5400147192001 1.340388759185692 -16.37655266323453
-10.15642146916587 1.998892928994726 -15.93271885144157
-9.923975657194374 2.966067713007419 -15.92850116857416
-5.521114168246573 4.461282146652483 -17.62425203942416
-10.7591015654885 2.610649844009137 -15.44105698763779
-10.48962582965758 3.610995424650446 -15.42492988628908
-11.30571676368881 3.252233629772874 -14.91991102106913
-11.02578885869017 4.246900685602221 -14.87937547782887
-11.79937946769074 3.916079037440423 -14.36798417141242
-11.52501105411565 4.872002127850398 -14.29817175266591
-12.29172309521989 4.538968130868509 -13.7590447218329
-1.68337738195241 5.48932198027513 -18.1116974573561
-0.7510302691197017 5.730746253245665 -18.09957184343809
-1.383239491816848 6.398092972584523 -17.83678936418891
-0.4693893573318927 6.636304820908944 -17.79716640241374
-1.114625739862686 7.297916278603438 -17.5070850643541
-0.1803737590734146 7.521375380553987 -17.44695898120455
-0.8238062992552703 8.172442374530855 -17.13279103988255
0.1027729888028072 8.387605534254206 -17.0480940610533
-0.5384858643815583 9.026549676709527 -16.71021944523041
0.3960445805183443 9.227834641215798 -16.60392172122658
-0.2435949292128167 9.853744811497512 -16.24328706574958
0.7181867166938452 10.03406396398804 -16.11836741753212
0.04987057092237954 10.6545151220176 -15.7314595775743
1.018274649183405 10.81866226876908 -15.58588025916864
0.3456399511463069 11.42540308027198 -15.17697919473711
-12.00385701758049 5.484697907190647 -13.66841269381131
1.31545515248986 11.57422540420229 -15.01022598212653
0.6400302928791904 12.16519152974814 -14.58075705403327
1.987200985758313 10.95216218481933 -15.39809000232219
2.280251122812833 11.69232517980062 -14.80168864375654
2.95026871090694 11.0546113908585 -15.16876664500265
3.239778957026617 11.77918269632951 -14.55179326805115
3.869216550844762 11.138824320987 -14.89817962131137
4.179378407961265 11.83754023737685 -14.26202780994173
4.887811352776281 11.08064967194432 -14.63996253503784
5.127077430170301 11.84705366562611 -13.94131975348149
5.817494712221763 11.17931820858992 -14.21898729390956
4.434270205621925 12.60001670388722 -13.51209927455008
6.051164770492972 11.8516136830319 -13.56180880371478
6.695891250312473 11.15059613177334 -13.85024354551465
6.958084213468154 11.81212395407044 -13.15518117594588
7.590737647649572 11.09674109140638 -13.42546234268484
7.843363572565634 11.74232291786725 -12.71217921369424
8.470279033343518 11.00952746479686 -12.96320477733747
8.705299874646656 11.63234900157275 -12.24361918707399
9.318780201689506 10.89202602093634 -12.4709303867773
9.552881559572798 11.50694735555327 -11.71889996822653
10.15285267585185 10.74401959097393 -11.93673429256161
10.36800056851563 11.34353120864305 -11.17268382841834
10.95390048465925 10.56545795551622 -11.37467196724375
10.71727463687924 9.950883100926159 -12.12930129353736
11.15442789671493 11.14994652479504 -10.59516072512346
11.51046266558214 9.758704325051228 -11.54456318448066
11.26559540162576 9.131065523016359 -12.27640023220368
12.01047028010671 8.925800424236016 -11.7080609170512
11.7753154924976 8.285462487721 -12.39730036809281
-12.75359779751124 5.143940932594101 -13.11051543232757
12.50052496508745 8.071068184202851 -11.81502153883664
12.2520420857861 7.416844201028168 -12.48510660049809
-0.3295693155792608 12.00020908964186 -14.72706236393075
-12.43976035957647 6.085077094688145 -13.0086201784821
-13.17044193247186 5.73770157251999 -12.43455829404843
-12.84745870856077 6.665890844439284 -12.30888719510608
-13.55321165906375 6.311478791911052 -11.72500273705194
-12.0976535679712 7.005604214193185 -12.86733413506591
12.97543842396384 7.195911214089832 -11.86831325441232
12.68754165440359 6.538155999015236 -12.54108459824408
13.1450656977591 7.905357122836747 -11.21216199321128
13.40491398680486 6.296013858444097 -11.90245733034331
13.10137945891146 5.620146642505269 -12.56056559197672
-13.8718285721203 5.369522988075534 -11.82119261945407
-14.23365160479329 5.938671203304639 -11.09663671264431
-13.90801046968879 6.867077402081624 -10.97317149819717
-14.56469539018841 6.487317756398238 -10.33365165459648
13.7987448815901 5.376694342116965 -11.9031843489143
13.47166106711813 4.696994525851719 -12.54801141682667
8.119742747218876 12.32084835447614 -11.96939737601643
-14.50475590306181 5.017362517782532 -11.19991649780231
14.15441077071024 4.444513639603412 -11.87008653049257
13.79624944802993 3.764438180780279 -12.50969649315352
14.46787556973637 3.502560756468784 -11.80731318488124
14.09837572156824 2.813734659027506 -12.42250776945149
14.78711218310062 4.182318716833846 -11.17360834445249
14.74236611992433 2.551296359843209 -11.71125646847332
14.34886891790695 1.858303964214036 -12.31489614870179
14.97712967492566 1.593329139911606 -11.58217980141776
14.567741853615 0.8984570996762881 -12.16444294353321
13.92387119555314 1.162028754861869 -12.87538349341563
14.11898617589682 0.2002815269750236 -12.71275409479736
14.74318627316407 -0.06404353602126653 -11.98475518900075
14.27463973197506 -0.762312527451902 -12.51613119669209
14.87246035164943 -1.028964948646256 -11.77926798332873
14.39040500885283 -1.723113648465136 -12.28605400589044
14.97463744638066 -1.984986954328748 -11.52475857190071
14.46596453880773 -2.679486992943125 -12.02315347222208
15.03000948229337 -2.93816185741372 -11.24571117634677
14.50111111193605 -3.628809860232215 -11.728150558275
13.91720337259403 -3.365809380910446 -12.48930652587375
13.93286343676337 -4.310336020380336 -12.17769764134068
13.32985883730739 -4.04207198905529 -12.9219393827998
11.96159717175618 6.786236863201214 -13.10981244477447
-12.09877199360844 2.950122645635825 -14.3497906821801
13.45588646075288 0.4629190426126559 -13.40614879506094
13.32682478497203 -4.980871361568707 -12.59311961470071
12.69850855557267 -4.710342305680108 -13.32518502038032
12.68465712045645 -5.638577048066834 -12.97327725015801
12.04192492508044 -5.358208026228234 -13.68508863129464
13.28810413633509 -5.905746351900133 -12.22900030619562
12.62812688479444 -6.555536067115707 -12.59187667721841
6.446526564636114 10.50912989668076 -14.4568490365685
13.21380307657125 -6.814160638585239 -11.83057999614354
15.51062802712267 -2.244156905968812 -10.7417027507574
12.53610594935035 -7.454782719500206 -12.17670982785185
13.10412536443132 -7.703623041001832 -11.39895128840427
-1.467202093210157 8.802773668288388 -16.77374417840478
-13.15336376274386 -8.748640292720514 -10.55700311421399
-13.70170408209698 -7.919827376410728 -10.51378331403602
-13.03665653171232 -8.038684547294883 -11.24389333030356
-13.56666229065605 -7.198928839647372 -11.18575423710822
-12.8833727783544 -7.307337541114481 -11.90048418822426
-13.39524168243229 -6.457634850511869 -11.82651480389228
-12.69393285880242 -6.556604876156948 -12.52497509275651
-8.938348115950387 0.6509083671375601 -16.75357428299037
-3.03885356944034 -7.581468482995064 -17.15478663886124
10.55559923033497 11.91315395755387 -10.37574516226041
11.32531196069931 11.70319721765881 -9.786341700422279
10.70965152085647 12.44965322899468 -9.555600388233021
11.46608405444894 12.22369283273122 -8.950432949715184
10.8321289518101 12.95513723826457 -8.708007895557287
11.57635813305301 12.71000599418919 -8.089726818809902
10.93012406285474 13.42194608576593 -7.83477831475763
11.65583178752057 13.16080306611145 -7.206583656355938
12.28613548727841 12.43112329638447 -7.451043442251923
12.34919207520864 12.86437192071546 -6.557849508422075
12.96260326955306 12.11734696697216 -6.792703361562538
13.00830349643072 12.5334655644944 -5.890354920408551
13.59953263030969 11.7736878383799 -6.118250315370178
13.62310005118917 12.17598083191095 -5.211202910674925
14.20277203650866 11.39426862079376 -5.426961311467259
14.21664858843011 11.77194910443225 -4.506452839622873
14.7740851299882 10.9757250388052 -4.718036503081153
14.76256856642287 11.34342733746428 -3.7938404765266
15.2997517510448 10.5318989735122 -3.999587524749815
15.26762137962526 10.88460130649185 -3.070047525222608
15.78384444042905 10.05838759500347 -3.270946907092394
15.72489502844085 10.40430842642655 -2.340521846150074
15.19294350533798 11.20835031854085 -2.132451823717002
15.59923716942918 10.75442192276502 -1.41640701743886
15.06411882374212 11.51742897822344 -1.192121552425487
15.44951848117847 11.04969104911587 -0.4655173668229239
14.88021238190553 11.81170196182261 -0.2509506614081835
15.3165641832202 11.23200453581485 0.494909818785834
14.71625249679366 11.99741051433729 0.7028893234951058
15.09534256819207 11.44796768721061 1.440370987457818
14.47458899684653 12.19729711155631 1.64688085324636
14.82438700637526 11.64419421896423 2.377034050293001
14.15169232376863 12.40485680998304 2.617084617891693
15.42461532476477 10.87911517086573 2.173958413142028
15.15094039032132 11.03473145770473 3.111865508866318
15.72309617807139 10.26421104113286 2.903483817451594
16.16158329782406 9.879932439029654 -1.479919020657483
13.05533052997533 12.87426937754193 -4.981117620331799
-0.2877590382197674 -7.0697811899654 -17.63336010696584
13.0769001602859 4.021308588185888 -13.18422388449532
12.40532358741536 -8.335138063137499 -11.73172707490046
12.95937177346672 -8.571694351033585 -10.9352978555471
11.82372243563114 -8.074184338457997 -12.4902816234764
15.54660818339305 -3.19224866498314 -10.44569396703587
16.01932667485539 -2.488310678973337 -9.909060644136456
15.79466071258934 9.691566451285567 -4.195501483077175
11.67459061590879 -8.942925128341489 -12.03029609360521
11.07860613305179 -8.670666885767959 -12.77043546261263
-13.18791235097634 -5.697978288988756 -12.4343078312055
-13.87099303973532 -5.590673129165525 -11.719211835889
10.99411047119233 13.85451530044553 -6.941321252970488
10.25336924434982 14.09695478265198 -7.559383903129041
-12.46885628168102 -5.788545316462873 -13.11565347765942
3.644262718817914 10.42251792212971 -15.46255054637232
-10.7331192078081 5.193642958474769 -14.7927761049394
16.03210288759442 -3.434041137402673 -9.600991535680725
16.46481081534429 -2.737892861948267 -9.078212791701585
-13.64510934951879 -4.823275911274012 -12.31044273466226
-14.30932217839763 -4.708829880679338 -11.57886954541069
14.07548269279627 12.73014956745773 0.9077879460252112
10.30278620297363 14.51035760474038 -6.655983671732475
9.547949569188395 14.73318098165557 -7.264298808971017
12.04987618611164 -4.417975064571703 -14.01006710291576
11.37015412449642 -5.062816167292067 -14.35574754728583
11.36162650706085 -4.116326743450601 -14.66183130632752
10.66993642065777 -4.753942570387769 -14.98507546916517
10.64268000853446 -3.802302534358063 -15.27337086805514
9.936375808010963 -4.434051322735256 -15.57586673894343
9.895008286104781 -3.47676359837015 -15.84300873884017
9.175105656158976 -4.103087921270431 -16.12396060862976
9.120661709668001 -3.140602673856379 -16.36918277809745
8.388213626511746 -3.761959980090177 -16.62785401860993
8.430614361265539 -4.719052144586694 -16.36017384835182
10.91912498973886 -9.52640705041917 -12.28903080670661
10.29443273928218 -9.252862858521986 -13.01572831222977
-6.343218190199997 1.558227537216724 -17.84195925154453
8.321763800633191 -2.794741628287781 -16.85045003783538
-10.30742014149599 0.7871994484484142 -15.94168771037262
-14.06427006491978 -3.934896474126363 -12.15371948330671
-14.70902705099176 -3.814523418860852 -11.40587279870133
-14.43760489157049 -3.038690590268355 -11.97171351526232
-15.0646520947392 -2.912104448971356 -11.20606554249756
9.583754828896113 15.12653143656484 -6.351353405237815
8.815799537797231 15.32887993437114 -6.950332255871511
9.042251569212814 -2.169314441696326 -16.56900001243636
8.231447111629803 -1.82004953052785 -17.02735147211294
8.94009026203962 -1.191886827133393 -16.72286434489888
8.117511238549355 -0.8405566237094864 -17.15807319760476
8.770090541910303 -0.2201656423718086 -16.85339843997686
16.46740326881562 -3.669885683450466 -8.7382245709644
16.8742576066735 -2.984268068208437 -8.206922341578066
16.87626473024876 -2.014432755683227 -8.493158978106576
0.8472841799494428 7.686086873304412 -17.35529250961865
-7.397226444129621 -12.29681757329405 -12.45268318489618
8.008745763937098 0.1447989314260608 -17.2290169353355
8.611375139177213 0.7705492362290884 -16.91893826712857
7.632189619414662 -4.372108752288139 -16.8414472855353
7.663576049507757 -5.322967085134974 -16.55100068104587
-14.78399218258454 -2.126882200713709 -11.74350659937509
-15.38828841852089 -1.99835827671797 -10.96390184862527
-15.64170659187272 -2.775256096324989 -10.42281000947328
-15.95041531494632 -1.863193160042574 -10.15444545650311
-16.19287987198991 -2.639968685589426 -9.582338273637147
-16.46219943788572 -1.722285114640649 -9.328972271968777
8.817736497000899 15.70363071373202 -6.053387933726931
8.046700751391905 15.88617582218096 -6.624199933901612
9.586766296576998 15.51335543865432 -5.331952269927959
7.848777070798997 1.131023441022131 -17.26607901258298
8.494221832916621 1.750387873507201 -16.90515713459894
7.650923857995668 2.104292740683997 -17.26369937703554
8.300496225781671 2.725510664748612 -16.87226582359719
7.443795368696915 3.075911630162838 -17.20838976059048
8.085053597103514 3.693349564856824 -16.79258995282549
7.206694038574241 4.034858464170723 -17.11091693067582
7.848484763770005 4.651250430729172 -16.66634802059263
17.26582175068244 -2.242479124601854 -7.606752700685489
17.22904621652795 -1.294154853339018 -7.904753613131963
10.1287673333146 -10.08546481713272 -12.51764641336211
9.548586466397452 -9.782532027332424 -13.19570246815026
10.7283630705665 -10.35647390493366 -11.77478976808219
7.969833271458141 16.32045984066218 -5.578919986385525
7.279407420546066 16.39227728462205 -6.269248202915792
7.250252560491712 16.02175316741716 -7.192861965270967
6.46486667987608 16.50792955714804 -6.833283291922437
6.460413865252375 16.85555565617752 -5.929021522237622
5.65027064421572 16.95040156743547 -6.462068426579463
5.664376216556429 17.27636893366083 -5.517419554950389
-14.2205658874398 7.406574816923035 -10.19402547192743
4.837773973658392 17.34893012361346 -6.050666619949496
4.831685509745951 17.64881705027167 -5.116060189340139
4.002738716372814 17.69687377653585 -5.639037267637784
3.986207195434561 17.97320233801398 -4.69831351783535
3.149166394151757 17.99165415613068 -5.232889426323771
3.14389760954587 18.2402879881026 -4.290431438884881
2.29071572254851 18.24127045718884 -4.796735721942432
2.273211835482461 18.47081828260279 -3.829018140736502
1.425414864929079 18.44069362358298 -4.348449280374002
1.388448707887241 18.64609279786804 -3.375712303923407
0.5527907981176231 18.58970604826292 -3.888090967646418
0.5304233387122866 18.76821647134772 -2.910790539764331
-0.3162333344524006 18.68691215442945 -3.420425501427864
-0.3423459639487126 18.83885920516996 -2.445441287119993
-1.187804485098658 18.73303230401314 -2.943233120563118
-1.211929141471423 18.859156081399 -1.96556853187146
-2.056686537462324 18.7276107408621 -2.45899093641428
-2.069402068736683 18.82905919496752 -1.477871750294181
-2.917954831994009 18.67095271647801 -1.970041689275912
-2.942229798284801 18.74347480855912 -1.012638096752611
-3.776866176914857 18.5623432515546 -1.474684675834774
-3.799459525825499 18.6091394208183 -0.5138456267793895
-4.609239688280157 18.40738184746655 -0.9608345422298143
-4.623555701800198 18.4288493243272 0.01566057456844493
-5.448684520695325 18.19604682860997 -0.4644532322724351
-5.455454302005984 18.192617298783 0.5164244172635318
-6.254687058136569 17.94091032260955 0.05125037425061924
-6.26747893219995 17.90775622074435 1.015369377528175
-5.436908588975651 18.14278784938741 1.509726480937263
-6.240907491521359 17.83320682357058 2.006939976688003
-5.402329640751336 18.04356962314269 2.498885693156451
-6.198344746622317 17.70938780243961 2.993009533032367
-7.02839297116396 17.47465335729303 2.497635338743505
-6.976760619310762 17.32670855158144 3.479939946233144
-6.13767819222875 17.53741865827853 3.970875622945609
-6.907101461583002 17.13083298863591 4.45269699338071
-6.057463986018986 17.31831508461241 4.937923924907015
-6.819606527062525 16.88756382579968 5.413238849855817
-5.96274831873272 17.05104714288647 5.891300689874279
-6.714515756586621 16.59756818978069 6.358931383505413
-7.732885980401758 16.89823441340457 3.956279581088204
-4.584873799641557 18.33342131971772 -1.965857307914342
-14.82382440336333 7.052658226652749 -9.566307646959565
-14.47442840869403 7.94301691142196 -9.4020957550142
-15.10148908916656 7.525607305067216 -8.735574507707105
-14.71465183622522 8.43215331879397 -8.566084971970886
-15.30583861507151 8.014087827505879 -7.906054678688222
-14.9091126007129 8.904000862411992 -7.709547982951412
-14.28593994093108 9.31006107778615 -8.380613505704785
-15.48120767586241 8.485147538715138 -7.023850805865346
-14.45959606692934 9.769731452792847 -7.51481396453377
-13.82171396505467 10.15748123225263 -8.172257832731933
-1.165238951510258 18.55435048583717 -3.921517083297889
-13.97097265105336 10.60871842951517 -7.298425615623161
-13.31403303480559 10.98222877419167 -7.945261197683938
-1.27570267994208 18.92997063190187 -1.014295098933923
-13.44458232450856 11.41866100522942 -7.060976346594349
-12.76929425912183 11.77681100404119 -7.697522114229518
-15.85858437098521 7.597509517636275 -7.196051061364815
-16.02073331433281 8.0330530883938 -6.309212482558654
-16.3869170017257 7.120938589109857 -6.462289438633897
-16.51113780181592 7.565323002882417 -5.58105871242218
-0.03559576037759144 12.72351942826844 -14.11066214960584
-1.005271102379775 12.54151164645229 -14.23727205726651
-12.87677943400221 12.20188338662442 -6.804600886699878
-12.18899149681012 12.53904890735492 -7.429719967108579
-0.7214530279943456 13.23952821171677 -13.60861485455274
-1.679631230937881 13.04710498813545 -13.70955471037003
-13.52609301294108 11.8350543234755 -6.162491133109281
-12.95827395771223 12.5852007292563 -5.890319061069929
-13.57133122406727 12.21942665571364 -5.244481005046328
-12.98417810001163 12.95195580687137 -4.965678185709342
-13.59863288299401 12.54601210325679 -4.32143078372061
-1.394824011671193 13.72640882087457 -13.06293102097236
-2.349156131783094 13.5177048294495 -13.14355817929009
-2.046776642696332 14.17541242709948 -12.484726184284
-3.01128819373541 13.94850942588587 -12.5447689580256
-12.05930316886203 12.10184842354457 -8.313751969780318
-11.46237329055796 12.84719000224156 -8.035154484775516
-11.31655609052958 12.39288190069882 -8.907976001608302
-3.308897701028263 13.26185246679723 -13.19751738597203
-12.99095945083482 13.26824677775454 -4.023505932811772
-13.53972291315802 12.88507454264671 -3.413320592229974
-10.70400664366522 13.12091629928389 -8.617760569867158
-5.193972594643993 17.45768752186764 5.408492865384413
-5.08999652548345 17.16730095057892 6.354188653385941
-4.314169058166506 17.55019888881197 5.863315128892682
-4.203744529264906 17.23600644148947 6.800633344153247
-3.422076307404081 17.59505139216514 6.301076118677761
-3.306422734178587 17.2569752018114 7.229410459157333
-2.518974867071084 17.59213609523323 6.720975615627249
-2.400491901466506 17.23014972807902 7.639344145865682
-3.182860626296775 16.87135499138285 8.137983717623833
-2.272304316881642 16.82126657348119 8.537073500642089
-3.051728833041306 16.43924826251645 9.024304277501619
-2.119394145780122 16.36935478890445 9.410228065769925
-2.889993946523517 15.96656293748725 9.885180977216148
-1.970773458885143 15.87084083754448 10.25828753170257
-2.689484334271655 15.45678246408028 10.71702150197561
-1.886677462586584 15.31693573474837 11.0829566384497
-2.557001636696775 14.88853753997124 11.52359286641094
-1.746588196778416 14.72966817212896 11.87376541834331
-2.43545430781633 14.27609466778597 12.29884886283883
-1.53634089568721 14.11325062273378 12.62758145933509
-2.269976952648272 13.63204135772898 13.03896671732896
-1.363373355779588 13.45120833164994 13.34938978048441
-2.120464644088722 12.94600843783206 13.74425317071651
-1.196365042823547 12.75086231890756 14.03510672594167
-1.951377846729467 12.22756195975803 14.4110670326514
-1.057895339488385 12.03472256011344 14.66445738347605
-1.781117023461378 11.47903494521103 15.03527116068613
-0.7438769926272714 11.28027350625588 15.27095532846264
-1.575466822253912 10.69988065249747 15.62147426827211
-0.6594403019861086 10.45044963714437 15.85412378120045
-1.403992807554657 9.882314712562289 16.16690013942715
-0.4163344619721238 9.627543151013624 16.37489170929522
-1.156586284733895 9.053067141309295 16.66446169250334
-0.2088140379462737 8.776674195397797 16.85011533389
-0.9374885057126067 8.193380771496852 17.11693976255459
-0.09585947813787203 7.894552304583193 17.28198064084819
-0.8117346803503159 7.294201625603848 17.52528771386521
0.079064511180315 6.993512189389715 17.66591452656582
-0.6372792980148013 6.409565589004367 17.87488025292961
0.2877974785785153 6.084005564460346 17.99727893052001
-0.5552767330998291 5.408469752615792 18.20549704580235
0.4642981688626218 5.13969190199196 18.28573198871156
-0.2512420510124653 4.465724258182837 18.4660278425459
0.6725650508690256 4.189966552919519 18.52003878337638
-0.07340284171363945 3.550999991316317 18.66507463377792
0.8645205992463567 3.237268479024713 18.70221101710147
0.1155904070662103 2.595279494280667 18.82156112559106
1.055418365375544 2.272914440524428 18.83401051343244
0.3046410538124821 1.626377809956865 18.92781257957749
1.244287140942153 1.299617438559203 18.91461720533299
0.4924405422610687 0.651547103359343 18.98243895510905
-0.4470586873014184 0.9770096212254836 18.9695964830605
-1.677415533857307 6.68509147410282 17.70581342694122
-0.2590884552482535 0.001015888192946113 18.99823339524831
1.43090245829214 0.322975974753607 18.94328917254301
1.611049409370705 3.757747380232205 18.55488761558324
-1.198648919742859 0.3254858481383361 18.95935915926119
-1.009421241636634 -0.6511677696975396 18.96198959214565
-1.94772505446679 -0.3260382013372517 18.89709147470772
-1.756922235986464 -1.302011976886157 18.87373807884229
-2.692232870201339 -0.9757758268920249 18.78296418854757
-2.498379254993297 -1.950187717675764 18.73378949823142
-2.666288060777674 11.6807550243943 14.74621544793924
-3.430130673557465 -1.621945227198077 18.61729027657595
-3.23085007614403 -2.59408977722575 18.54271571300097
-4.159394898021111 -2.262774386208792 18.400524072956
-3.956407645674941 -3.231406617551485 18.30040572810585
-3.022666078847033 -3.559135661013408 18.41727567047554
-4.878025653359402 -2.896505932624799 18.13326002426031
0.7161172132103649 8.398204201064546 17.02813384767003
-3.743704453605303 -4.19138852931391 18.14984680817972
-2.806951331301159 -4.513213259069606 18.24148925668803
15.42633069430196 10.40820640981728 3.833739772164468
-3.532939152203215 -5.173055657635688 17.93760954279675
-2.580702206879209 -5.461066395550132 18.01434789113394
-3.294451248892951 -6.124987999588254 17.68137757567457
-2.346155750300814 -6.391940715732711 17.73805646292425
-3.053255839088871 -6.993268223926546 17.40033989120008
-2.102816563576861 -7.293183627273466 17.41802615335093
-2.807763974746389 -7.892667876237591 17.05351152277805
-3.725559591459645 -7.60999459074715 17.00612207586675
-1.855573668700413 -8.180383687483225 17.04811335853865
-0.3794435389134402 12.51561369307385 14.29039665252575
-3.49546351575142 -8.477728364893908 16.64060866017599
-4.409185164490021 -8.183221403625526 16.57087727443801
-4.176331023158049 -9.036771940760774 16.18317064347053
-5.108357141503514 -8.706235250656729 16.09677467926641
-4.856837695520333 -9.565841606106149 15.68138393019766
-5.780204888906873 -9.222879431288888 15.57330171922979
-0.9736797682661459 15.64914074414249 10.7310922873158
-5.517004938181473 -10.07395035476019 15.13532889506893
-6.433527548559994 -9.717708065757382 15.00586129586148
-4.578095266634876 -10.40452271615338 15.22455092206873
-5.074815923956648 -1.924335969928858 18.20832706244025
-5.785150514956785 -2.554693364181784 17.91662845890099
-5.975964546655952 -1.579520561845368 17.96643989586748
-6.675793539138296 -2.216958890691565 17.64989727731533
-6.855612344725055 -1.232963482546581 17.67711459570142
-7.554825479887161 -1.854508420391084 17.33451500582426
-7.723783857559596 -0.8762829598170049 17.33710734511488
-8.388521632176694 -1.44416253187023 16.98667417148059
-8.569299673376939 -0.5163402363594058 16.9499408809641
-9.212751957903707 -1.079347582688132 16.58192419949768
-9.389138405450161 -0.1556086146162912 16.51725963840122
-10.0268816772747 -0.7447403963765761 16.12163160390219
-10.18287339617595 0.2066495475790525 16.03952572122809
-10.80571831405752 -0.3879963005027727 15.62324904070975
-10.94832795452719 0.5694408152638628 15.51804923816232
-11.56622079193968 -0.04788972301110576 15.07382642750447
-11.67782724299005 0.9324299313102116 14.95857363875568
-5.2338445364121 -10.8987872343271 14.65685191947909
-4.292930566125875 -11.21436693907962 14.7244260095292
-12.25743735941824 0.3142140795460542 14.51401043447857
-12.3665607866258 1.295659236392586 14.36626052436192
-12.16149827737488 -0.6721441114382128 14.58239287438337
-4.937420288385217 -11.6938536005291 14.13773917092951
-3.987923664949523 -11.99380568619481 14.1860879034474
-12.87075796605166 -0.3185993267014174 13.97290534743376
-12.7335986120087 -1.278007966773379 14.04358081206905
-4.628545090096821 -12.45696911125521 13.57941423295476
-3.672487235426919 -12.74038732328939 13.60865049731947
-13.40731475180201 -0.9540927143228084 13.42883532695923
-13.27093433059448 -1.911673166938087 13.46208779112132
-11.74666758706172 1.913831147974624 14.81057226902849
-12.39157465761763 2.28423146162857 14.22080040414022
-1.149528146219716 -7.568502558992917 17.38954726424947
-0.8986073698451307 -8.446691410590571 16.99546730775931
-0.1911574357414242 -7.823828623738538 17.31332332341571
0.06048334827260108 -8.690857349461458 16.89571958502784
0.7680501140381131 -8.056673788818635 17.1901165348839
0.9954864326576873 -8.892476498203369 16.76105212960377
1.720119325559583 -8.263082778004316 17.02241617719661
1.959892289415923 -9.083270729147353 16.57265866042329
2.67956610193653 -8.424503654252462 16.81807550479066
2.933912916544858 -9.27115867336 16.32292167020086
3.629532262854767 -8.584655773691649 16.55687714516596
3.865077448489104 -9.425143075896713 16.03832454828301
4.552924169705089 -8.760025065175098 16.23369466148785
4.792764839381199 -9.556337527291088 15.70687168913273
5.473120002917609 -8.879700144008163 15.88067639573846
5.71360542071654 -9.657939663962715 15.3322834093169
6.388043817796569 -8.953324338898305 15.49292998320209
6.612622534989084 -9.732772895949353 14.91798763123325
7.281824028745087 -9.012922638453162 15.05796348540031
5.919793658740375 -10.4268319481773 14.7389693860326
7.473117445382673 -9.792475080195494 14.46581997161818
8.120771961942815 -9.032650853983704 14.61041687605631
7.937553093059361 -8.266049577222834 15.15479050603333
8.782579767960176 -8.290856766828872 14.66724195925548
8.557755977209384 -7.495832165481376 15.2176644982557
9.408250152892728 -7.511797868086482 14.69890206272582
9.153289144352584 -6.704527593927883 15.24029552148306
9.996638803085952 -6.712757647917009 14.69714589302862
9.741057012625484 -5.899846650372559 15.20866916527766
10.54875117094663 -5.88949466233318 14.66416384782307
10.29973495858811 -5.072737020121711 15.13878459148966
11.08483477602944 -5.056503152096239 14.57937631934127
10.82689158200198 -4.249606275528632 15.02395637555442
11.5604979679108 -4.186570624904908 14.48542416143254
11.31318484739867 -3.380380233275616 14.88572732811765
12.00950624314868 -3.305164102460338 14.34739175082288
11.7474231417195 -2.510662765108666 14.72055100902443
12.47989894645171 -2.466792909892633 14.11265584594398
12.19963822899491 -1.648746930365819 14.47240341620062
12.92225248594148 -1.613063408201545 13.83522378318112
12.51949927192101 -0.6974492810245022 14.27500271386201
13.28242897420446 -0.7218769704126029 13.56672304518677
12.94937794445506 0.1031810037649741 13.90334364576101
13.61159368709653 0.1579523267066186 13.25517138176198
13.2516939304425 0.9850619372756345 13.58021579186443
13.23892195568683 -2.493583284447925 13.39824570064137
10.75649770846038 -6.694074861052299 14.15934740030466
8.971554064284488 -9.024914199547721 14.10893834994052
13.91630965705713 1.036259460374632 12.89428136266937
13.53279050210121 1.862373529595205 13.20587543718713
-3.383249458143622 14.43783923575448 11.87865401914204
-4.308065982287435 -13.18604104449431 12.98340822223384
-3.349438581247028 -13.45136902148813 12.99391906386227
-5.253700860826461 -12.88572715089253 12.9366403311564
-13.92987309108275 -1.547656361822016 12.82822651234537
-13.75731212060782 -2.525249689620452 12.85921759755426
-11.77028845689266 2.893666287135466 14.63171230786865
-12.4490745688531 3.24615688211341 13.9815238037863
14.2071959982038 1.892260162797432 12.47296810486228
13.78448486328582 2.732328374837276 12.7875861172429
14.60566605735897 1.047863725828568 12.10687823648213
13.10931516045492 2.693078573608671 13.48677811118122
13.33032967832925 3.562866167291755 13.06171104185903
12.62400129848851 3.523277389002539 13.75576634200741
12.83153396694581 4.38666192467194 13.3082280268167
-14.40535155229335 -2.157796750630176 12.199580314003
-14.21660155837974 -3.133115385931679 12.20949745520727
-11.78467121309382 3.859038352717477 14.39546273627678
-12.45085119557582 4.206454087328721 13.72159059718747
-1.610835841006204 17.54141883899449 7.120662399545348
-4.928054661376113 -13.5965467037086 12.322669961837
-5.868097320495151 -13.27769894493083 12.25839078203091
12.11113683289362 4.340550516168416 13.98141573058743
12.30369180904918 5.196902505362242 13.51337752812729
14.85914469616259 1.913972225875662 11.68514138626827
15.22089515199799 1.085668770679614 11.32014461445856
15.98422602096766 9.613865012167993 3.616368072864323
-14.84444292898331 -2.761671694997113 11.53324254393399
-14.63072199065574 -3.733164912175779 11.53279904319165
-15.00397001469842 -1.794702285653229 11.51780914514135
-11.75935686366102 4.816253037659869 14.12519850587242
-12.40161085701155 5.158925701276697 13.43821170245357
11.47246945210034 -1.636969655743127 15.05665218489159
11.56056615699874 5.14662517509402 14.17270473257465
11.73675735207215 5.995884581624962 13.68568211461937
-11.70430242960378 5.759355072772483 13.81445379962961
-12.32795113315107 6.094875766679973 13.11007666824937
-13.00872747787397 5.48671015111885 12.71491333529317
-12.91334779555017 6.415818104963852 12.37266045582669
-13.55157956586816 5.828881772354494 11.97408988415646
-13.46280557520689 6.720222782226058 11.60135646385492
-12.21526342933989 7.015405106603794 12.75035021252628
-14.1072662726217 6.095310774599936 11.17283423641451
-13.97481767220239 7.00725501741494 10.79827986994285
-14.60002241477614 6.373358547821108 10.3546919948857
-14.4479799754026 7.27612767061752 9.965632982969003
-15.0532664304536 6.632871714358304 9.50811141050862
-14.87612139178994 7.52920135286202 9.111099786787012
-15.46575537056637 6.873138600935035 8.635414094884757
-15.27267501093546 7.756496692168655 8.220836762442392
-15.83635805029078 7.093500314114062 7.738993280566541
-14.66723810687457 8.398982175984445 8.679241022332654
-15.03838833187413 8.618297614426721 7.78279015578082
-15.23835216732705 -3.357267695617174 10.84072768980406
-14.99872596711485 -4.327706645854435 10.83093599606341
-5.531098214053693 -13.9708542292525 11.62850741288278
-6.465882230965789 -13.63293402874272 11.54709819579057
-14.41258220584397 9.249114307143838 8.229906359927602
-14.76353782705919 9.456178016769732 7.32247554752853
-15.59104274824887 -3.942734773846784 10.118015048683
-15.33158309799181 -4.906119383834889 10.09319336488366
15.45123261865224 1.936788232298247 10.88615000390533
15.79308153367953 1.090344619843808 10.50665143042865
10.97765666732079 5.937966804675696 14.32590675388462
11.13827253217378 6.779043139615736 13.81967651973995
-15.90154747434364 -4.516467380035812 9.367086544185872
10.7860109567719 5.081106665843405 14.79338780302599
-14.72816427275628 -5.278534438119713 10.78045691704622
-15.03926067676884 -5.851351083154898 10.02907417451164
-14.41115204047283 -6.218556118673839 10.70739261749936
-14.70205422319995 -6.783096398305612 9.941790828084349
16.00085713963558 1.955470092771092 10.05727137514202
15.65291984843293 9.761791268318753 4.549014338547456
-6.123214579716607 -14.30677328575147 10.90057252445274
-7.0442255467474 -13.95122832973722 10.80472649066551
8.924595550744776 -5.868484959196013 15.71344897020755
-8.696930881052506 0.4630356868697575 16.88635517815731
-11.05585674050146 5.406941577056451 14.47525524872728
-16.00797447285635 6.200565263821407 8.142342641124277
-16.35674141452704 6.411811203152968 7.235031955245113
-16.50616527087189 5.510227814931535 7.627837011775844
-16.8205972802489 5.721181920674419 6.733170469120131
-14.10948404001677 10.08236688808106 7.763268516458686
-14.44887722995962 10.26784014645141 6.841155276740563
-16.952387951767 4.809913681137594 7.105017460414191
10.36999187823026 6.720552905034512 14.43251319403764
10.50987859807472 7.544230492487076 13.91499328530054
16.32088332739671 1.106521210460462 9.664594053777174
16.50651100193245 1.969966575285218 9.200778566803033
11.20120611876881 7.630909103942578 13.31548751387731
10.60141518613285 8.366879116661234 13.36433050692813
9.841538402352008 8.296485493502241 13.97542308236633
9.937843011668743 9.095318824724407 13.39830033071511
10.70832247928814 9.146350046184232 12.75445453605281
10.01740839193393 9.868413696423232 12.77755611317978
9.254372831971018 9.795324622992451 13.39433458657333
9.310435429698515 10.55930582352552 12.75997071449126
10.07006057466815 10.61470758015678 12.12113290952114
9.344938539711533 11.29326232363769 12.08860412862128
10.09582694457022 11.33105925228731 11.43159544973685
9.356239407875876 11.99453917222549 11.38384004580435
10.08982277639626 12.01827544613222 10.71244750940749
9.336901026472518 12.66528971933229 10.64954062611305
13.49368652091075 4.402462240961316 12.63086498591056
-14.05398258892279 -7.141386168340066 10.60595007459946
-14.31374985391995 -7.707457584455568 9.834208799045545
-6.695108284397683 -14.6045465259814 10.14311322181874
-5.757497224394606 -14.94244909752073 10.22616451457194
-7.60927749139158 -14.22827632535076 10.03269898225122
-13.10505025455836 -2.876936195279946 13.45291403205224
3.135916137529049 -10.19211723688288 15.72535456541505
2.180008950632365 0.9700064839228503 18.84957952836907
-2.092439002879198 9.177783995000709 16.50424127187732
8.593539892095668 12.62952275655375 11.29806297843357
8.558868480329959 13.27805331591791 10.55647055014392
9.29299860807941 13.30090948098251 9.885645343069095
8.502724992251483 13.89544781663842 9.778558057363096
-2.711260655425452 14.59985620892255 -11.85298546093463
2.364703177504926 -0.007490091159911478 18.85227102449019
3.111248269890873 0.6389119081358676 18.73264332059796
-13.78347677519933 10.87188200776504 7.267595860859054
-14.01555508300923 11.15459968011853 6.335544309010378
-14.70966146970151 10.47227094237597 5.912478393723458
9.224652548044842 13.89965537182779 9.094249057083744
8.422223225324371 14.47513453606122 8.974220640575664
-16.84862476924222 6.653446425776714 -5.731971218053752
-16.95610492990227 7.077779734118 -4.83689359418339
9.129555129888502 14.46122020723327 8.277942573383477
8.317583942745211 15.01552377624401 8.145664066264807
-14.94390861291923 -7.33668539582307 9.157108865326167
-14.5563704037978 -8.231139647639457 9.02000115124701
-14.36771615777675 11.20088461164561 5.395267956845272
-14.97859243060781 10.58522607935441 4.959310198676195
-1.141807315432763 14.39295765549612 -12.35066985962784
16.8086840198122 1.117106102414967 8.787503370016831
16.60499597460467 0.2503339555789377 9.231004365400707
16.96680753084854 1.980237925560101 8.31902037317583
-12.92144675490299 13.58328152229629 -3.087179432143707
-12.32331875290376 13.97026524999275 -3.737312371099819
7.772334487599985 13.85350278058315 10.42455166044271
-16.13513436341938 -3.549704045512488 9.383871283413647
-16.42367145705708 -4.117905657882797 8.620085200473692
8.526030341153433 10.47574738159298 13.36284114321423
-7.950926145604291 -13.55449089390305 10.6798197566366
-8.488263172385361 -13.81771225417002 9.900515965205351
-10.54308988897339 12.64911332282623 -9.478564645521336
-6.326077992512716 -15.21892568492705 9.453308321921691
-5.385407040936246 -15.53511032232448 9.521435725595264
17.06522497213003 0.2617844622202199 8.349225445868003
16.83844917263337 -0.605338845489247 8.78067163392325
16.64168177515499 2.830389733374358 8.720282200232004
17.07893287932172 2.837362424292508 7.826840114429094
-13.43319318428624 10.66384754638962 8.175064304395754
-13.07752641398184 11.44125107572627 7.686096324780196
-12.70832948841431 11.22605073738509 8.571706157793496
-16.63493269196143 -3.145884624305549 8.624524581939038
-16.90080141847022 -3.70910543760385 7.848913827159312
-16.66668950958955 -4.67575947019598 7.833181612078844
10.81556896284587 11.33878482928892 10.74501868797875
17.27543033643083 -0.5936527627525171 7.887146701336394
17.0252625648659 -1.459953918929041 8.307163724881047
16.57718532587451 -1.507152877273782 9.161081643350638
16.72884139346133 -2.322829668551964 8.703466433744053
1.441169718984511 18.1867025621336 -5.307247851529567
4.766401892752953 17.03888051699148 -6.925168858912324
-17.12080215894306 -4.261209727184645 7.051256986897985
-17.22681040058255 6.250903261945842 -5.016294631715286
-17.25510663387945 5.007267692408681 6.179689742212758
-17.32964244917747 6.620363863853066 -4.105395826696217
-17.01044642609703 7.493994140736818 -3.935068513188202
-17.36813357283837 7.013337384342214 -3.187637829087961
-17.00961130065925 7.905990831867663 -3.027941935855055
-17.36512160751102 4.083876664773506 6.540221933793392
-17.36011705090239 7.38307589268726 -2.261973992288268
-17.11208135138115 5.901811946311041 5.774537866712243
-17.51306514264552 5.187922774282749 5.232399697799554
-17.72281374118652 6.434316546293879 -2.34551565275078
-16.67465936632302 6.215612359676034 -6.657469339872204
-17.03852355285299 3.881922996063036 7.457840772737835
3.291632321996832 -0.3390491460778772 18.70962859955615
4.032759725626968 0.3070735832606308 18.56455102634655
-16.97766195872596 8.26662932247751 -2.102815745609759
-8.317426987926112 -2.497519389067393 16.8991954010169
9.015445734302912 14.98006330594666 7.437704051766918
8.189094100979641 15.51513360628444 7.295160518072483
7.479913639211707 15.52965912884126 7.992532720729519
7.338323889027936 16.00923701067786 7.131152279657484
17.16589771558578 -2.309965898080067 7.809994440955385
16.84623483722928 -3.169664928254642 8.194973828604638
17.25996895542553 -3.153043761289815 7.290527189246206
16.91691936825745 -4.008407294382348 7.664888130313331
17.30721830908343 -3.98687550260814 6.750186525454721
16.94070114554563 -4.836756650391075 7.114663013959731
16.52718595008113 -4.852223291237867 8.019230243820761
16.52801871390546 -5.673928889590218 7.458627779200691
16.09183748234736 -5.682177721693139 8.35258180329979
16.05925617262183 -6.505247409638862 7.796284199636033
6.621336540470407 16.00088155117143 7.81854794723504
6.470739616809161 16.45781359405282 6.947654317456109
-17.33158536959036 -3.289090429650481 7.056772117773333
-9.915971255144754 13.35947714797257 -9.175940518548584
-5.940727782767099 -15.79153570612615 8.736999110289645
-4.992290472357628 -16.08623958438776 8.792606659761567
1.478517499814316 18.81046809019662 -2.231653250493368
-12.29817566363673 14.2152604458002 -2.771506053466545
-11.51503598354612 14.69976601592344 -3.510103328214173
-12.84249233561722 13.84159518581928 -2.116750651710676
-16.86352208294753 -5.221735657759138 7.025318475231403
15.06861056216062 10.55075412164855 4.755897727081353
15.29101858093426 9.865965608325579 5.463284119726893
-13.65763539809633 -8.04449387357611 10.47640747826575
-13.36744937595649 -7.479088650556673 11.24164267971344
4.366229889526743 -7.920926682135236 16.70912795594197
-9.741025671315501 12.8698400163086 -10.02395315359136
15.60560168417149 -6.501157930756866 8.671801521848906
15.5589660960928 -7.331638898587306 8.072524083665302
-12.18420152042904 14.46761656743846 -1.798139084485595
5.741283252226432 16.42906352548237 7.623879477888474
5.587022201990167 16.861723140618 6.742957484933186
-14.67719520580613 5.509834662609902 10.73413540446383
-1.727652082383681 17.87929998563843 6.192402627880808
-5.536655134050608 -16.32154615570958 7.997035764183693
-4.584455009714034 -16.59328858460446 8.040245407445173
-4.030064267498643 -16.33631343685888 8.825159788498706
-3.612040277166477 -16.82140782012936 8.061848670436447
-3.054877892165953 -16.54126323929118 8.834836247063656
-2.637145124982679 -17.00276704485733 8.059241801068739
-2.074157880675794 -16.70000678357289 8.820864045809222
-1.65328074400847 -17.13843500180213 8.033723201012984
-1.087185365277962 -16.81251986148082 8.783917343010367
-0.6637562082012873 -17.22772242314239 7.985299481373968
-0.09629977159293641 -16.87845299694834 8.724021480016926
0.3274902348858232 -17.27028166750332 7.913919463271852
0.8946278207437065 -16.89760916722294 8.641206252262169
1.317740250714279 -17.26599602297671 7.819778894968819
1.883360810280276 -16.86989745360376 8.535778345481674
1.458343506592551 -16.47835613453208 9.345427401692669
2.44478508116343 -16.4277774404428 9.22773830763526
2.866834564443098 -16.79648646098077 8.405908763852022
3.424616644517683 -16.33158448738644 9.085777290328606
3.842352064047535 -16.6775775072383 8.251953653891213
4.392406851232046 -16.19078236918452 8.919939928438618
4.805844846270976 -16.51375768213375 8.074630798330006
5.35209147020789 -16.00411501330768 8.730602472644577
5.75884665291744 -16.30469394802626 7.873540530750925
6.297715733758999 -15.77257877947212 8.518481976391701
2.01709139249043 -16.01367230369424 10.02465169790137
6.688581592218647 -16.05408489781974 7.650440142751931
7.222303322501229 -15.49867547725466 8.284285917840645
7.611836272460337 -15.75533426537361 7.40468707965444
8.131623179863952 -15.17996672574475 8.027783919985728
-12.94045208938251 -8.370846106388347 11.11186911305019
-12.62918073241748 -7.801460870348506 11.85921592333812
7.731588535704768 -14.90229823809007 8.896293943973307
8.630001385800318 -14.56293649293127 8.628091143696565
9.016345619497214 -14.82110706826085 7.748567412168636
9.502623681380376 -14.1839281236574 8.337645120355607
9.869853086535521 -14.4260265754343 7.448204971338294
10.34615533522544 -13.76715265969554 8.026367635738103
4.209147937114841 -0.6707919424192428 18.51575307173509
4.945650357386429 -0.02434620768589273 18.34502520588769
-17.34444823138369 6.075250339391552 4.823012426126862
-17.72659792705328 5.346636469393228 4.263942353825221
-1.882448801714878 -4.801467890010851 18.28666980644964
-6.478003348705649 -16.00487204438945 7.929662253644826
-2.124146323375542 0.6366624533563815 18.87015271049433
9.910531701460959 13.87072448870769 8.389538935644929
15.08919270982555 -7.2914420699861 8.952716677399348
15.01956555754836 -8.091735937561223 8.362802160716654
-12.32961301297397 11.9844795221981 8.084113651620516
-11.94088516487131 11.75871811661245 8.952530912172632
4.764132140997705 0.9533990539398915 18.36828993638382
5.667835043125206 0.6213939646064607 18.12427972264478
5.480665060627878 1.597934063956988 18.12205609803862
4.932504101658547 -15.66040614720927 9.56148955924608
14.52464599766815 -8.066338838207846 9.217854218289759
-17.50306748645552 -3.840124152255592 6.316333988940637
3.461850012195029 -1.316295874525587 18.63552949781068
16.19501620313233 8.946161825790984 4.322920166628265
16.49092543618902 8.804629788879955 3.395272086125301
-6.697061190769601 -8.85173381320941 15.42064135849002
-12.79151510292651 14.0028875025172 -1.138544229905326
8.875158696760039 15.45876250357927 6.577098141677398
-9.10042818577938 13.56221833340563 -9.708163611750075
-9.262334177191049 14.03339519148533 -8.847202099513442
10.70903635339495 -13.9843690551368 7.124181532737476
6.378224868240733 1.264281853088039 17.85272637235298
6.18142072539932 2.238984732638617 17.82630037844687
16.71512311567505 3.688252367354006 8.246299394427375
17.1447525794298 3.686129072015131 7.312312319272212
17.46953337822099 2.835390481606869 6.91201594066708
-2.711947621210445 -12.98744312918995 13.60042870889987
17.51161797631276 3.679685307143253 6.387734488226158
15.49219393394191 -8.136046696770489 7.40247737322469
9.951241525962077 -13.52556081200761 8.889994196435225
-17.68688747833178 -2.865390259850038 6.321673037067557
-12.21190706920213 -8.676655260829241 11.68695765449226
-12.48921869075001 -9.287377002300287 10.89789176454622
-11.95762260237769 -6.638706803423966 -13.18873889639485
-11.71579672790196 -5.862125846026967 -13.76138029399029
-13.77993967027689 -3.150869806310646 -12.69587658049688
-12.08244662124887 14.63973510887585 -0.8322497140999433
-8.434199715978984 14.21721399605469 -9.366701732273031
-8.583971150063565 14.66901934111489 -8.493250900854958
14.44010209216263 -8.85026673518734 8.611401180061057
13.91997588089741 -8.818559843152999 9.458714170962338
4.374105604930468 -1.646676119806164 18.41617924308341
-8.912562970154722 13.05445667355701 -10.54264588522491
4.247524908463727 -16.97726562897166 7.398039193956582
17.6265650899263 -3.126616109108991 6.366197832054216
16.85724064657083 -3.896796904177064 -7.851650251456461
-7.744167286740169 14.83303078360366 -9.000503919650811
-7.869327209448944 15.266663667919 -8.124202712960104
-7.025233377477741 15.41000056961426 -8.612663840906659
-7.144290685904791 15.82052002529206 -7.724652530996275
-6.317576520167012 15.95165002111296 -8.162909316889506
6.959801831672241 4.986803243559083 -16.9615138438136
-11.56832059223649 12.50300620954467 8.417172589374919
-11.16135488780331 12.250010532614 9.293083396771781
-11.95222918170236 12.7295896413487 7.49011115744822
-3.188560162485377 -17.25516805399324 7.286443543915121
4.803064032752673 16.81794549253995 7.422080928367249
4.631570601897226 17.22992509716323 6.532858096253575
4.989592711708939 16.35650229569237 8.280627827784038
-12.65811113451854 14.16842511827547 -0.167189036717353
-13.35039705282193 13.51107000544363 -0.4667824332649798
-6.070503304618464 -16.5114195097069 7.177883769126296
-7.003780816287259 -16.17216904909587 7.099859331343963
-1.419499251732981 -2.265057335392624 -18.8110216931913
6.55863629722983 0.2863234183532787 17.82981516507566
-9.540369643541284 12.344302001709 -10.84433285892679
-8.728967105671776 12.49310139783481 -11.34581644182199
-17.47871072866493 -2.309830990111281 7.082326740611093
-17.84561761986071 -1.877979100164397 6.245568530171015
1.472654336590785 -7.399658452275458 17.43778495092162
6.854662963075302 -4.969375755209187 -17.00937683356397
6.876094200549873 -5.913176602958641 -16.69591779470021
17.59495002015853 -1.519776143538313 -7.007711057232248
17.53429558512756 -0.5695223527886499 -7.29548645554568
7.256775883457697 0.9281297568179147 17.53504430937589
0.7494745262184344 -17.61498691170369 7.081703469862121
-17.52886144672333 6.233138334681653 3.858367903958702
-17.88683638616967 5.49658418428474 3.293728343301521
0.6558271964654523 -14.64757617005545 -12.08380747243186
14.69098287575868 10.63249336635884 5.667901459843868
14.88183462367461 9.95010319113536 6.366038385005039
-11.87874509350149 -8.092411168418089 12.42611349074507
-11.42836076436586 -8.941836423225549 12.26524078931106
-16.68430089564083 -2.498460939595497 -8.740240074336304
-16.94211478758897 -1.574439219258553 -8.454932741838903
-16.69913647829935 -0.7983943299182881 -9.027812989483467
-17.14935204726239 -0.6494489719452311 -8.153400541608175
-16.87786065007635 0.1304546565891809 -8.72472357494371
-17.31004313335799 0.2768919060052149 -7.828520779411308
-11.18833012605427 -6.703715480932916 -13.81598594893346
-10.93079883479953 -5.918518094868831 -14.36971747787184
13.63677866625873 -7.930306401033527 -10.59001926311739
13.4685914341819 -8.789563191453341 -10.1163542683385
16.91858432487781 -5.651255045513758 6.544067607578179
17.81241211257209 2.82447931305436 5.97831843765646
17.81998064978794 3.679447004794818 5.468999851900713
14.16176307578703 10.97331507527986 -6.326991610861424
-12.47046551989822 -8.851405682639244 -11.2756422060285
-15.98521285025807 -7.844438405515371 -6.628556119851434
14.5686214155086 -7.260804067903665 9.799795627414779
9.925998310039793 -10.90087047502192 -11.98522342035736
10.51372598241309 -11.15665924050887 -11.22454990446833
14.12800180514952 -8.136986367236332 -9.756485937728913
13.95068472850656 -8.979364044573776 -9.260098107516447
14.59024505650808 -8.314778132189582 -8.887587625644175
14.38875405993743 -9.148072383634698 -8.383109701442194
7.409720561685021 -1.471517252134556 -17.43360772113485
-15.07681292729409 -1.210852056609211 -11.49884990998591
-18.0601526459696 4.602647095611506 3.694120479564297
-18.19574216525516 4.745669742483202 2.719114883714001
-18.91167495716706 -0.6224309499502116 -1.720793429498282
-17.36895375290921 -1.423968935618803 -7.56913191850253
-9.310414781033417 11.78509148787338 -11.6373448529967
-8.493667731799718 11.91320454505344 -12.12159914901917
7.072066095895302 -16.28746125853398 6.760509365945938
-11.94061220052659 14.77848887667292 0.1343383738557888
4.037687130528003 16.71254907580028 8.086271453824438
4.229719159792311 16.23402270086575 8.919976613033318
-10.38816509118152 -6.751452632802335 -14.40499612583718
-10.11327730049075 -5.958345764876421 -14.94054008359664
-10.6442172240815 -5.116489416960697 -14.88362105580144
-9.815198379469068 -5.147945230046306 -15.43245089673417
-9.273329605859374 -5.981408151710734 -15.46700082574965
-8.959423600876441 -5.164154540166597 -15.93926712949296
-12.49250972238616 14.29300163962527 0.8045526494623055
15.00844341613267 -8.471512151196769 -7.998756659435855
14.78679468809988 -9.292724609681295 -7.483045648705132
14.13773560379148 -9.963731274037228 -7.864381164214978
14.52530017038599 -10.08809283060536 -6.945936797961335
13.86190337566879 -10.74233216235735 -7.310946212167416
-1.940189764248492 -17.40594847954528 -7.366723912711848
-1.562337752215722 -17.77605842368762 -6.524633910469319
-4.893396360448578 -12.9342572593638 -13.02918497866015
17.87611117763 -0.793711005809938 -6.388636161518975
17.79117573856557 0.1574775574459708 -6.667028322901936
-10.7610527414655 12.97970880366608 8.759389434625634
-10.34378855284092 12.70982975688942 9.615938119861497
-10.72104426037573 11.96571239237059 10.14302405154073
-9.894156002390094 12.40452857642629 10.45147586692863
-9.494774403466449 13.13728751182513 9.912665426560199
-9.039571083020608 12.81075731610949 10.73175901810904
-9.428562461336465 12.0594255296687 11.25488630804646
-8.554598853672921 12.45183487103504 11.52261458164828
-8.928855046167158 11.68470430602063 12.03092817888122
-8.62488032602862 13.52700983363717 10.17995306091181
-6.416098224094168 16.33129681830344 -7.28851341572804
-5.575050405600163 16.4411038687888 -7.720681093706397
-7.278019635330449 16.16991155123033 -6.823810563983466
-9.059527308941103 11.19089029743817 -12.39713431762577
-8.219169583944177 11.31148562802473 -12.86450715096995
-8.783493726990537 10.56724771909626 -13.1218715734903
-7.930612612804775 10.67295344679313 -13.57178869229139
-11.39254476873737 15.19748322680247 -0.4964144068944119
14.22467696980548 -10.85543564406827 -6.38890304216442
-13.8325958074626 8.308029564445222 -10.0317465071478
10.2219310513405 -14.62168483789014 6.535935899552141
11.04034557655627 -14.16422877650947 6.20365962290933
11.50085418431335 -13.52691517151827 6.764090402538317
17.8849635486141 -1.797417550424063 -6.156083902463673
17.08670619068855 4.557126476929271 6.948170250242564
-8.043142237830899 12.06017664660842 12.28250797657471
-8.410324836814143 11.27513517548483 12.77253940740884
-13.08892335406565 2.549796522447491 13.53434974889852
-6.191003107910038 -0.6190570406608366 17.95238838980085
6.053885546320238 -5.553642626107578 -17.13206127042324
6.068539531650573 -6.488404383416548 -16.79504202168173
-7.814846644892588 -10.9531004602039 -13.41483366372808
18.14324714351275 -0.05520326225685592 -5.640880754745015
17.99898222418216 0.8848511966013596 -6.02110266092911
17.65708237869735 1.107888855343532 -6.928204973591736
17.84043941208823 1.833896067686519 -6.27339993915046
18.15776407697326 1.608994157179843 -5.357867255460947
17.96825456133233 2.56333405375115 -5.618820743540388
18.26708586314981 2.327920593144506 -4.679140923324064
18.05900802222042 3.271255969969574 -4.916412679212031
18.32664778523025 3.039658963941504 -3.986784962729375
17.67405349505353 3.616284470296879 -5.962408882647674
18.09362020957063 3.978666930692148 -4.217951773839304
18.33628650418721 3.742257441133535 -3.282698048959535
18.07827885084078 4.675971150829458 -3.508721645821111
18.2959755873784 4.433789260977188 -2.56881102755673
5.401219667986912 17.25239667039994 5.84650624093779
4.467439484860457 17.59119278622461 5.620669071115023
-17.02040846421295 1.053652231737446 -8.378276235951096
-17.42374737632037 1.202043073166481 -7.481184385939263
-2.381837928815415 -13.68060830107259 12.96795298393235
-1.740397810961458 -13.19841872730613 13.5562811478036
9.695049395410411 -11.68657545792768 -11.42059417397863
10.26891986021906 -11.92670056053818 -10.6443928264442
7.585227825488295 5.595624040782678 -16.49706975282741
14.26152076394984 10.70251741149087 6.562404022624813
14.43238884055535 10.0059656829276 7.251675882655591
6.692777724112413 5.924882128963499 -16.76611159731181
-8.405052583022002 -5.98997492175828 -15.95228170241931
-8.079239713509528 -5.165072895885856 -16.40267989176878
-8.444034026392066 9.941896340379285 -13.81509994601146
-7.598117620952686 10.02176074770937 -14.24194228796901
3.621434545744774 -2.290148334642855 18.51054922027488
4.528207576702571 -2.617829089598502 18.26587821595079
4.010791426343409 18.19128986640111 -3.740391039843651
13.54605932244256 -11.49079939978147 -6.742833676344755
-6.585958787498971 -16.65686332492551 6.338300326121857
-7.505808603199928 -16.29667052381746 6.251509181811136
-17.65783980282608 6.390615807307973 2.891491501131616
11.82838192856953 -13.6684965018608 5.853339587834347
-3.919974172533492 15.95038379457882 9.550866939304916
-17.6895649988804 0.424268638038812 -6.920931026470507
-17.77919195617017 1.348304639212741 -6.563719066621545
18.10662879238695 2.804658840766387 5.028308121188973
18.09984959083299 3.640057953514479 4.488365279729256
9.260997568653577 2.367557070845231 -16.42037141935844
12.28456869893394 -12.99324443069378 6.423781677907304
-17.6089011024848 -1.32023825434479 7.013100093016937
-18.01061012554381 -0.8408155173154838 5.992574753100745
7.425790029312986 -0.05104003193809628 17.48871171229304
-11.75364597319375 14.88724973290394 1.105260931625709
-12.28891784575805 14.38175352487719 1.774165643307241
5.241995908387437 -6.118972938673636 -17.20696513253366
5.244902860105737 -7.047264122139932 -16.84716778514579
5.223371902386447 -5.174810823154067 -17.51963809312074
6.067371427633711 -7.406076309551621 -16.41149102477384
5.237771960460822 -7.954151483351371 -16.44071832585516
-0.8160579501317471 17.80430871846811 6.583360880242489
-0.9311299632100836 18.11772152582756 5.646340735748874
16.38603992451776 -3.18939371581793 9.073338047136303
-17.96083985039341 -2.587210166576866 5.631569534550856
8.119534406718348 0.5908303390215049 17.16752983188346
-8.109740968744385 9.266612751928392 -14.46934654798436
-7.255705824856753 9.332837591902711 -14.874571438072
-7.809469333558445 8.53345010907638 -15.0729034351088
-6.908532456771927 8.608679636300341 -15.46488972522199
-6.354573035127086 9.391916308473689 -15.24504213165256
-11.08888517746282 -8.361917754396938 12.965915200623
-10.62829282598302 -9.218564645279598 12.76939534535441
-10.3293711980474 -4.299828882345266 -15.35628738450471
15.03260186430437 9.2398675364859 7.045972544475798
14.55834084039078 9.286255376422673 7.925917805457666
-14.89950130854478 -4.600533294165717 -10.8554112849742
-5.6592593268842 16.79889636270877 -6.838849674180896
-4.784713106050228 16.8724403243683 -7.30939655467
-9.87332895106749 11.04452315234048 -11.89688546475201
-11.52578418047698 -7.479896063352252 13.12278377123216
-18.79042500274266 -1.046157447501097 -2.612562499030697
-18.83018751927638 -0.05533826292081902 -2.533964416787468
9.436553929818903 -12.44042509583121 -10.82530707946118
8.818613694076832 -12.17509823262479 -11.61890853482276
18.06413619389795 1.96096402305542 5.553521735672617
13.87158714933985 -11.60209769984179 -5.828413070604662
-3.554495438560511 2.494357637908623 -18.49712794331757
6.90759830783792 1.407240623555992 -17.64383063410462
-7.513087466194213 11.63499406825436 13.00693775479076
-7.865006019363097 10.83524438094567 13.48106670559001
-3.96906016485015 13.67540686059936 -12.57894306390133
-18.34419766776286 3.845322489691479 3.115109448529294
-18.45473165937793 3.982454271811517 2.136103310536334
-18.18364559487758 3.696507049052984 4.085445938473625
-5.989817146496303 8.660750662721444 -15.81497671543367
0.273427515012493 -9.498832372655555 16.45288488230028
12.58387904395528 -13.13584748027409 5.485936490890135
13.00259224363652 -12.46258118953089 6.051170551230088
6.051779470109636 5.307616829980223 -17.21061209926219
5.776016387967823 6.237993562897232 -16.99191192877305
5.220393122983624 17.59137865084857 4.928579187146601
4.278936080136497 17.90635363995234 4.696084043442141
-10.71903447329074 -7.74044815228276 13.64506366281327
-11.09249240497929 -6.88978644078913 13.8017192786187
-10.3021340669967 -7.105867971575496 14.29589710497958
-10.65697590925519 -6.248601716891166 14.43550626244952
-9.864898870673725 -6.447400614763199 14.90351621544833
-8.833093657851956 -13.12108161850451 10.52680737888553
-9.373007611251708 -13.361754964488 9.726779147713685
-14.59554801022029 11.32640400600347 4.436502065157072
-15.19819097415335 10.682031991818 3.988631800372205
-0.9584945797369087 -17.52605158826958 -7.274531178428497
-0.5778978670171249 -17.87213129569637 -6.422846487709899
-1.335821695383286 -17.13195735855627 -8.106270255965626
-1.179826198825427 -18.09754901798016 -5.664514955613637
-0.1942828570216549 -18.16891185203026 -5.554538350270165
6.048903220025536 -8.303648072620375 -15.98312230200447
5.211564451595313 -8.840575232808229 -15.99011649488289
4.391931266135464 -8.480168633213506 -16.42551916092163
3.326637810183903 16.56517179439279 8.690717133937133
3.469397851169672 16.06706613731379 9.529567896262851
18.01302601724899 5.36125638528975 -2.790667245140629
18.20582558103399 5.112358008263584 -1.847081619288006
17.78601344993481 5.573834963988507 -3.686473837281
-14.15062258438856 11.79794377360238 -4.644179495789236
9.702251514604368 -8.929012232484135 -13.67987778086873
15.38605337538375 -8.603983395891415 -7.088076696330758
10.53866067850844 -14.78180598666575 5.606678417372681
-0.8103251387556283 -1.601642499546361 18.91502351236042
-16.57028131218568 0.9035390530309727 -9.252534486003171
-16.68449281166968 1.828260526684155 -8.904221642788963
-13.95433880699537 11.93900151738996 4.872029477265444
-0.9914545326745907 3.865359972773093 18.57622163386631
-10.63090132597426 -7.527423776608626 -13.83191339926425
14.05081621224196 11.37027811673337 5.855880746560056
13.60194026051534 11.42516679104513 6.741868060572783
13.36258003646836 12.08944835650883 6.023843723428027
-12.64131276228939 -11.49224336574531 -8.314177894925171
-11.9962693688837 -11.6185875273359 -9.060791637534628
-11.96705433746769 -12.22228814715743 -8.270748631892447
-11.30557923336556 -12.33228456097172 -9.005478094210874
-11.26040609919777 -12.91914804918501 -8.203588736911968
-10.58345744279928 -13.01182949282215 -8.92651789928078
-10.52330591704387 -13.58091204520752 -8.112882385234407
-9.831884300486879 -13.65535877979793 -8.824127588426816
-11.34594590669559 -11.70363551468816 -9.761886458142584
-1.15255064110478 -9.691171322322829 -16.30192704624446
18.51874063303059 2.897413749461959 -3.108253356946713
-1.407917514740809 -13.87313023125306 12.90558119025945
-0.7647746127126774 -13.37235497678418 13.4757278900483
4.36047448963351 -9.354109745580113 -15.95264533213531
5.152145695912608 -9.646303304091559 -15.53718852603525
9.548909867536738 -0.5964090269806159 -16.41531652494692
-15.95990983453949 -7.197623627597654 -7.380751465048648
-16.42746091887295 -6.953935589152383 -6.540742127681072
-16.44305175562748 -7.576320943314556 -5.764148673104244
-8.753263989499732 10.4598447361631 13.22769887869724
-8.198730617335004 10.00497223629395 13.91694459338546
-7.301638337397907 10.3657020829516 14.15055821928357
-7.62255216312881 9.521841586437288 14.56815813077184
-15.15958056822589 -7.857045540133317 8.333903789685788
-14.7469597042142 -8.744203427334522 8.189388615987996
-15.33438219559372 -8.353935763973638 7.487888883447772
-14.89641192628234 -9.234162739505487 7.336698864124225
-15.46310508690534 -8.831834873234071 6.625033874875569
-15.00431722123056 -9.699673949246934 6.464270260670142
-14.41712105622533 -10.08901883658538 7.166471891047208
-14.50485199773357 -10.54096089044086 6.284696653780578
-13.897823963835 -10.91615974934427 6.9776747844142
-13.96607911975838 -11.35338860218257 6.08680550604995
-13.33994473817809 -11.71331717636517 6.77082529003839
-13.38947608559302 -12.13472913165128 5.871139502241986
-12.74501327363964 -12.47830504113635 6.546490659513743
-12.77662413666716 -12.88283977764243 5.638290071815044
-12.11466107443279 -13.20902548701588 6.305286094618387
-12.12547783524734 -13.59019010713754 5.411055360905694
-15.55011879456088 -9.284638981261638 5.743629903003951
8.469534216209983 5.254006592702436 -16.17598234680935
8.201474881397214 6.191902256105429 -15.9811187412098
-11.5335680507268 14.95593178978821 2.072899495502967
-6.715226328627733 9.86893449491212 14.78207926140428
-7.026308703968322 9.01177769498628 15.17955364207679
15.14287114264859 8.50373410988934 7.705839327772481
14.65285178532523 8.534203598256921 8.570956976953612
-12.6451367185578 -12.05442022980733 7.469368801457918
14.52010809074005 -10.96401295741109 -5.47328794263074
-7.413459103927161 7.793446803143388 -15.66214579937799
3.768960951971648 -3.258012615556379 18.33521985522367
4.671031252465998 -3.581587620388525 18.06526216682076
-5.417706507721737 9.435011071408489 -15.57655360721969
17.7988583577413 4.494704703731617 4.89880299535668
18.03435989948839 4.482142215434158 3.958821058894717
18.32002461062125 3.604666094329673 3.518960160988131
18.22262988766144 4.527565893323386 2.904635443377124
18.47556812583016 3.598494097541757 2.589251370138778
18.43800414570789 4.260392839599119 -1.699722322954872
18.53551402041127 2.763728530417904 3.129940032858661
-4.886089073419003 17.21667272047301 -6.380620189506335
-4.005166016914991 17.26933544506237 -6.835839265434914
-3.881444149938979 16.91530993820806 -7.733477937206789
-3.118575951029251 17.26422253161271 -7.295279598248329
-2.982084667988281 16.8982009188637 -8.158307222620587
-2.217284582239145 17.22183612020547 -7.713106360614434
-2.088551665287963 16.82267983798995 -8.581106863913853
-18.44264338364876 2.934010991850942 3.501497468691692
-1.296936357959401 17.14704558019224 -8.080642545875479
13.295889312151 -12.57608061796747 5.105048842999611
13.7599866780331 -11.76527288279618 5.765511305486485
-7.510798995847933 -5.983131733038952 -16.39481726366817
-7.177060480643875 -5.150697778760675 -16.82141834831563
-7.732273535738686 -4.325452891594423 -16.80780780622841
-6.817345107301055 -4.304350185493602 -17.20454518923995
11.01018832192117 8.461405404908163 -12.96843751920876
-7.828462808973441 -6.799936193133678 -15.92093080877592
12.5865806861633 -12.40042348250551 6.986235329934634
-1.174844416201419 16.71226389641379 -8.962141265029482
-0.3821958101924058 17.01607068522665 -8.444362900659922
-0.260372312440369 16.55616378897861 -9.318028055947677
0.5335724308770586 16.8366292254008 -8.788812023668934
0.6549204943600224 16.35384615582278 -9.650015287954087
3.536175631042001 -8.980868377001833 -16.36580169442955
-14.7916930805443 11.41092660546462 3.463606475290958
-15.32914586445348 10.81250577140922 3.017781637155181
-8.016237252262894 13.20917310376146 -11.05701977163365
-18.92555629969875 0.368851826481468 -1.639288588697654
-18.81817988605902 0.9357288015975174 -2.449595351437595
-18.88766760653842 1.359024263766923 -1.552116437453102
-18.75443621560739 1.924327674934654 -2.359679053217734
9.996912302214083 -12.6638415997433 -10.03438390527549
-7.081111154017919 -16.75743205499679 5.481453798638552
-7.98727968382419 -16.37646375159876 5.386538614448165
-6.145712217627418 -17.09701726394457 5.560775306959136
-8.410602727760359 -15.88873775605122 6.148965301188668
-8.884502391688841 -15.94452000604397 5.276163286796453
-14.55358456534184 -10.96317673334956 5.385344205599741
15.21234006288033 7.743721639314365 8.343829155975119
14.70184206918929 7.763029313840109 9.197348294213679
14.11757595450137 8.545467719281669 9.4164234520119
5.124671827316168 5.625758107715225 -17.40943951928919
-7.365105548856169 -3.473417432209923 -17.16655444740814
-6.442976274881119 -3.447211102826401 -17.53866563721053
11.31856764443844 -3.173183505990811 -14.9271877095312
-16.85922386354916 -6.67749804328825 -5.672529471110397
13.18235171183706 -12.21707458247117 -6.161874064906177
-16.21156277827358 1.67627414620798 -9.76602975998175
-0.01793797864215095 18.01811392557518 6.028867952934112
-0.1334929758415651 18.3067023243137 5.083977737398958
-1.043324054888911 18.381470833958 4.693932775066292
-0.2461901860409542 18.54520194539527 4.124909113762959
-1.154928761255605 18.59468295112943 3.728794108475416
-0.362409457657199 18.73042421241518 3.168575106885112
-6.072353924988082 15.53618245957548 -9.096897954383191
4.838166141562628 6.537004437938488 -17.17147988278848
-7.907899256628784 8.661163839020302 14.94822298136662
-7.299213514038608 8.140804748370201 15.53862220807847
-6.4062183155032 8.47990630943328 15.74965256370263
-6.691352498185747 7.584482366493991 16.08419811421648
13.48074255485898 -12.31103985321871 -5.263827305495003
-18.28114483576662 4.87681662824733 1.736779510523387
-9.757775170146886 -14.20576535350311 -7.998878324494979
-10.43528999893438 -14.11226522507527 -7.27658524689096
-9.052920875343435 -14.26110764594492 -8.698587950670065
5.019321428254773 17.88345527690937 3.998554708722216
5.916141951631512 17.55064041976006 4.239609093351665
4.075522541880908 18.17344897176577 3.757109059003545
4.185337875860529 5.916813602233875 -17.56343541740361
14.15145075421865 7.759981305482527 10.02592298441825
14.71128284370847 6.970030232692722 9.79779748962787
-10.25591837598444 -5.568738986703537 14.99350807393363
-9.411497785698581 -5.76968914577435 15.46397091923431
-7.519865394166757 7.232321482147007 15.87907901713724
-6.93422998197068 6.671920737910743 16.38297678153074
-6.03724615380249 7.020314671651737 16.59116755353246
-6.287718959081791 6.096459034665162 16.86113215446261
-7.190849968571163 5.738677646423775 16.62405653262573
-6.526865129570138 5.1555665993836 17.08274464539354
-7.391930134523113 4.788430547873196 16.83538837611191
-6.736316235611317 4.200210041473328 17.26210529400588
-5.84738100278427 4.558856729771155 17.49356912484407
-17.2792141488357 7.784303910180229 -1.354020322088604
-16.87888321126203 8.643130967510041 -1.183042103665742
-16.53310116439622 9.15732617067621 -1.949344323532653
-16.42983905929002 9.488049144295509 -1.018485110966956
-16.70342450388252 9.051501133973016 -0.2567821348577036
-9.690889985568115 -12.65104379508701 10.34590460918744
-9.134905572532553 -12.39454048761525 11.13233426922584
-4.258466206942856 12.97959449850916 -13.20589232950945
-0.7951678230945807 -18.36950727828793 -4.788414193242017
0.1916027059282808 -18.4157161735836 -4.671689867391931
0.7884966306831028 -18.19068920584371 -5.429281654123541
-17.67467313060084 -0.3289046382042982 6.964032701343697
-6.049989040401352 3.598302222113322 17.6479419120009
-0.3510895501193814 -17.2283267319957 -8.003842461180716
1.171314464437196 -18.41264908386242 -4.538984042706073
-11.10993807366338 3.498181172455028 15.01106273666345
4.402112508469707 -5.733696353687424 -17.57117331274397
4.375200400261581 -4.782274551425128 -17.86022036740707
-7.137399630154596 12.40316668175176 12.49875924978764
-12.05250478543135 14.43031865793649 2.739166265045671
-11.27679457066429 14.98720131373543 3.036066697653929
-11.78391886634256 14.43856385670754 3.696908155098576
-10.9965803825823 14.97241653357699 3.987726549611499
8.279809213119 -0.3883314414516697 17.09660662488114
-16.82850524091797 -6.035810505580909 -6.431982812252821
17.89804065432356 6.032643348888763 -2.065757720859181
18.06608370714676 5.776102816799014 -1.119489051367934
-10.75272460191359 15.48767682871097 2.347505076631704
3.438556458416461 -9.97008775799072 -15.80422980028593
-9.070762174516508 9.616581166042815 13.64707442092521
-3.932332686206086 -10.1197543486899 -15.59254089515776
12.842080190893 -13.24659511389972 4.539679973200942
-5.236758010279577 -17.7583219922672 -4.268297735717593
-6.667700501894858 -13.09455528143991 -12.04468314229749
15.99152456728722 10.07182985759628 1.956881532817303
-5.20142021930444 -16.27117286930783 -8.318302781175484
-4.59499926394609 -16.0474126206588 -9.07560080361932
-13.8012092702462 -10.43820183819282 7.84669134502043
14.1392703850666 6.11037137548235 -11.12404578521972
-3.241865826475137 -9.338503228313463 16.22598728638451
-4.43306508773593 -4.774645366985089 17.84798855746564
5.628223721664702 17.5519659334107 -4.609944642973626
15.34602695932479 2.282992072449881 -10.96756143182284
17.46871429754195 2.057452447487207 -7.184073372202034
-7.562093583645812 16.41112403434492 5.87279733700468
-7.430763376764538 16.11394991599279 6.791492747799325
-11.87398218256995 -6.503920082580105 13.33070030746406
2.567957408306209 12.40980556707775 -14.15635265654439
-2.166261990342319 7.019201250827156 -17.52250332542656
6.350818922501816 12.46538664012697 -12.85617497258563
-11.95212481819314 -1.725066357659711 14.66870336437418
0.2795806707582303 10.18008790512614 16.04018843070252
11.90927020502118 -4.98043282432683 13.94146950884886
-7.072576260545548 17.62678901576255 0.5243796645180843
-7.032967797886139 17.64080304277384 -0.5826078955506353
-5.871359797078747 -11.36278206573085 14.05042055811685
14.47577624213793 12.26747884483427 -0.9802372055266431
-0.5561236466564624 13.90419526237307 12.9369270151544
0.9443110047298739 6.681872644777933 17.76121771403398
15.32717680770056 -0.3270544703925972 -11.22366635635978
-3.619918338045354 12.60565297878133 -13.74749810708932
-12.99620344043609 4.237886802381167 -13.19617412680663
-4.588529289921984 -14.26680186250154 11.6792021804424
-15.26150910709294 6.029412838745402 -9.57770956931204
12.54300747514993 0.9463942066004505 14.23998951839664
-16.12264692944531 8.466741656865311 -5.419828567800759
-1.529358521795692 16.69868898998344 8.933915632443414
7.541797211578519 -7.389926645715435 15.79589437133496
-12.37056131861584 13.2895214895751 -5.599806357409784
10.06655266187729 13.16552490685616 -9.29158067460007
1.47830288735955 -1.603387802778276 -18.87442100110957
17.6498602613773 -3.955570111527751 5.816863230869608
17.94501790957395 -3.090454445313598 5.424520582181589
-17.57839242483157 5.736880320375983 -4.369018648198582
0.5553291876107534 4.299472644244253 -18.49881467756199
-0.5169306351983781 -16.4493461898693 9.494829784900086
0.3173376284863793 13.50801764492923 -13.35787244039362
-14.01173467804432 9.027353753758653 9.120206988692187
9.938613316437111 -5.37108926771544 -15.27662807770651
2.641419389812856 2.181997258427687 -18.68854706956468
-15.36890869826025 8.812967611027076 6.865001625020057
14.49727392900136 -4.567892607615716 -11.40014937414362
-9.612736751070006 10.05770592098293 12.93977757775043
6.86832692342475 -7.745200593307326 -15.93229277418635
-17.48923559050989 2.124330294567676 -7.114341800843158
-17.820496521828 2.268210666198444 -6.187497401151757
18.38732492864393 1.4622309461961 -4.557209960980075
5.423071974508416 4.730029245866848 -17.58457033005202
13.46853513318517 -10.59262000388398 -8.209443514603995
12.82664299478901 -12.09730664902647 -7.080423809607018
7.938052666029431 1.568579972602227 17.19089516985355
8.787923550885822 1.229656136864936 16.80060550839929
8.594972766703789 2.205487012983864 16.80066278975861
11.88451090895702 3.472824545031159 14.41172752081827
-9.904897404681821 -13.0855124508231 -9.574046756835946
-5.757887415580028 17.11528471034357 -5.90878682923872
-8.710188390216368 15.06429575285031 -7.628866998289848
-9.071773886051735 13.8333083274021 9.345720907419487
-8.180696297041679 14.20858508234599 9.601683084402623
13.96833676765463 10.01904939395724 8.09346756259842
16.27055019521228 3.672188471403838 9.098583855500067
5.681764163152457 -14.7999952842086 -10.47271194971579
6.443958517467133 16.1088506684802 -7.744696815613097
8.22094297506564 -14.26416736505994 9.484177665052357
-14.45780404355643 -1.338439857101148 -12.2548146043523
-14.73184026822751 -0.4215729657786324 -11.99146190195153
-14.08729480552976 -0.5469357889934986 -12.73769941177811
9.686587045483721 14.90435875181132 6.710448688990337
9.531171584788121 15.36383941461771 5.840308781491498
10.3371270539449 14.7840063590948 5.964642507715357
10.17048315252395 15.22121624345396 5.086830891059766
3.623920496117843 -13.90567323959478 -12.42978085049911
-1.227718554018197 -17.52843081178997 7.228196208488762
-6.463141917995107 -3.178045528762077 17.58203125821843
16.25089435348479 9.213762147064985 -3.466268859911004
16.24593824253084 8.824734248077668 -4.381045088866229
12.03980906375179 11.48910472471858 -9.167522584256314
-2.971166442802452 13.12461185904648 13.41330434749548
13.97222522142672 -0.5842388077972858 12.86217661895493
-13.14086964322183 10.52831482679007 -8.801825488377029
8.455941706547588 9.698715975283406 13.97969807564711
7.718603888213637 10.36443526694923 13.92844699218374
7.634773256623338 9.574516891939783 14.52717672522465
6.886907589375406 10.22656399449359 14.45641354976851
6.793119405092861 9.423067969046752 15.03526916283429
6.035873309293065 10.06164127006648 14.94428346715421
6.120800310555991 10.85122562267768 14.34526772298241
5.933288252782242 9.244784531008097 15.50258202637966
6.681807819182285 8.593410637075481 15.57262784150808
5.813326464103366 8.402895504221004 16.01863235631862
6.55327808583213 7.739867200873223 16.06701596571682
5.676316919239921 7.538282935461763 16.49101927163014
5.261430169121513 10.67196289338206 14.8130537222321
5.338552346620667 11.44678874206891 14.19404404448695
6.407882677241248 6.864778366546934 16.51707775524777
5.521097863011424 6.653580414602877 16.9188458842045
4.471913770797856 11.25235912973595 14.64193980461593
4.542308887267664 12.01162011624191 14.0031572209892
4.933743238096675 8.188927037862204 16.41948999296582
-14.02938118453833 -0.6324770996904309 12.79751680199285
-8.254475074052175 3.543878363429038 -16.74229874888962
10.00033121990383 -4.096446567292913 15.62729986317313
5.222175562562644 -17.05172871831927 -6.554954623078595
-1.224332526183927 11.80799494560411 -14.83483283457943
16.3147033701601 4.51942736643588 8.625846638052243
8.207049154440329 10.34854998491009 -13.65839878559773
-5.291216040541105 -7.878089276861756 16.46021695355551
5.842754155719011 -17.12998812179553 -5.781499011759169
9.392495857512774 -15.43670287034956 -5.872752851869989
17.94390558448785 -3.914576971160214 4.867477736143004
-0.430108597574986 -14.02836232238203 12.80703155092015
0.2135584889800617 -13.50880440600821 13.35913905504385
7.214126009219512 15.60302273482978 -8.093334755185133
6.395816128147663 15.66905090145869 -8.635645887970576
-2.067910542489262 -12.48727519256757 14.17009895001966
-5.542081210542557 -15.7390829560917 -9.086616727749387
-15.29006991555402 -10.43813666491044 -4.273062712168191
-12.30926053899361 10.96872978641638 9.442937670860516
15.60499329345555 -5.681619517941656 9.230567911269157
-13.31154292814787 7.622754059410451 11.21144261109238
15.99435216922927 -4.367166936572936 -9.279469361702482
-17.31568228835169 -0.7635852005822781 7.783577874622648
7.915141908988462 -16.74558465669007 -4.23508241551457
-6.978742652233138 -2.611303088454502 -17.47793601012803
-6.04741007219079 -2.580942420813845 -17.82603622904455
7.579092506409595 -1.029378685558459 17.39246205403375
17.1445544715748 -0.3426231344922423 -8.182106168885559
-17.11347595542895 6.960713709826512 4.435922155853102
-13.4031447885857 -12.52210925890185 4.955046870043971
5.402172131965888 12.18996423924299 13.53592656978414
4.599109717201211 12.73820052680699 13.32615612800629
5.349518946373798 2.545002726227017 18.05285595593907
4.37768200177851 15.7086101611918 9.750664956555848
3.522240678286692 15.49074079058997 10.42260861603153
2.858106967074163 -2.926450801986316 18.55443640395244
-0.835259461481984 -0.3756793855651572 -18.97791365327776
9.356069163357715 15.77694019747568 4.955010374937964
9.976936906050966 15.61620051847447 4.194640787895402
10.77753575911411 15.03933127106934 4.320096975769454
10.56975811909395 15.41329497165134 3.422068295740897
2.176290949382215 -15.43870824246527 -10.85863921067792
-2.507809998029363 -16.21902209769841 9.573620590359463
-5.151031223816134 3.951398529083267 17.85646457156707
-16.32392508173332 -2.573091830150301 9.375962263126473
7.153803328472806 15.14311596834627 -8.972688376776919
6.317092955917756 15.19110643200308 -9.503926659957397
5.561662838623063 15.72178834045407 -9.104574556092214
5.460587736511908 15.19827482946212 -10.00971646851168
1.448338583075771 16.6115314381 -9.108201723160802
1.56784556295166 16.10615627629469 -9.956585272788342
-8.285901280915215 15.87550073628582 6.349198085988167
-18.7981126468628 2.345371729913228 -1.459517853395594
-13.22247450565599 -13.20728643993981 -3.425456588640354
-0.7274908490806835 -16.81388625837397 -8.818389079359498
4.808302720972729 18.12561150534184 3.056539301384137
3.859307239698427 18.39051612096842 2.809744549600897
4.585364975931314 18.31778469731291 2.105514621272283
3.653973091542168 18.55315346043285 1.851749799490831
4.363409219646937 18.45647121038973 1.148621104609841
-6.595135791385825 11.9621225229696 13.20650629949666
-8.763533447021704 8.412824516866301 -14.60906790905379
-7.891036313803075 -2.633337109835619 -17.0820690070086
4.501293598933667 15.15222244267241 10.54269941637214
9.149266226516037 16.15039811778492 4.056546333198002
-15.98764081550149 -8.404377393974888 5.895912293628066
-16.05302900285984 -8.845052099541405 5.006527058724322
-16.46858065675015 -7.952962535592028 5.151333619518764
-3.82291531073185 18.6052085924222 0.4811774718658525
-2.893062558161618 18.54589722282206 -2.946164495591531
13.98906316101807 -11.96573924717386 4.703955372416944
14.39114036910501 -11.23908508249733 5.251480304171587
-14.34990632448183 0.3700487327358533 -12.44762035145662
4.89946287482973 -17.44971607837235 -5.701111498853423
5.515533608040029 -17.50379592455216 -4.918944729330899
6.404686681043552 6.838667394079002 -16.52914446639099
9.15122079565514 -13.16035207689379 -10.20099461627963
3.906983962721747 -4.217004544600107 18.10945468493895
4.802184961175191 -4.535308758832605 17.81488125306254
5.559736442988802 -3.894326058576133 17.74608563131591
-16.84427698888975 -7.300071424761615 -4.896865315172359
-6.255060149639144 -5.123341334068376 -17.19376619880074
-0.120434279986164 -12.83435844751588 14.00945176746335
0.8578906799746667 -12.95278269851493 13.87405650652558
1.191204467357221 -13.6091222749695 13.20503020904826
1.834075836707951 -13.03484858269918 13.70141920573593
2.165315181857824 -13.67291832203562 13.01394308893959
2.805444158834724 -13.08033104753932 13.4920132952217
3.13117853915727 -13.70044002695693 12.78646409386415
3.764547953114807 -13.09224766276954 13.24466797792247
-7.861239349564645 17.29742405877141 0.006067939725687564
-7.867553968232314 17.26723582370341 -0.9716797649255412
-16.3495354274452 -3.398086141172324 -9.063426608291536
-4.928074489219691 -15.49363605412423 -9.831649080955033
-3.976510771112837 -15.77982073423094 -9.807375779624172
15.58686052133209 -7.771062227619116 -7.59344262788694
15.93553413268948 -7.899220631508514 -6.682893484160792
-16.05034709935062 10.00949557252682 -1.787835667485453
-15.9114184043851 10.34483260067333 -0.9006679880185385
4.088374631728271 -13.68715491290645 12.52784830929643
4.713082609455776 -13.07916699605683 12.95076225577874
5.040148446761421 -13.64415940250334 12.22431257100734
5.653168073816989 -13.01512669056136 12.63519560425613
-5.345637534680885 2.985594587750693 17.98639442204592
-18.25697657326904 2.780648988492236 4.466631572662166
-18.49080934131142 2.014234374721151 3.877219336968461
-18.65115079132939 2.164203353677884 2.907025628201839
3.732978179040698 12.54288539018406 13.77464700104918
12.45093174647051 -12.80179176014934 -6.487559354218288
15.68154477634331 7.70211123010894 7.467706209176244
18.21445410853763 -3.044657937472272 4.468077838597215
18.19077179368069 -2.216328549798 5.018337305281653
18.43524483865145 -2.166924570430768 4.055389703226864
-6.926455534454518 -6.784440046176294 -16.33999960186853
0.1076294021515444 17.68909524157673 6.93428622471124
2.561077868135304 16.38050279090918 9.280086662869261
-17.50632818499257 3.041224345286059 -6.728999031131899
-14.92204424321928 11.49647914845211 2.482652370472397
-9.806290536771424 -1.742284162149733 16.18026921304925
6.246020317020381 5.970543925005597 16.92157898775842
7.122590836575064 6.173203192957736 16.49728044597634
6.840939231136238 -8.631804541929098 -15.48203800492149
-7.231235483793267 -7.591817165287393 -15.84530042336771
-9.29385991366885 9.735550491765864 -13.41056391533841
-18.68314204354352 -0.4783018421997112 -3.422196769404826
-18.61768374447582 -1.468073059977805 -3.496657472679897
-17.35746134257684 0.228497538614467 7.724398009929172
-16.97469503949757 -0.2058161130881874 8.533309325440507
-6.63158579764928 -17.17496149120386 4.694972586084041
-5.689517541443211 -17.4899998588888 4.767525047829291
-5.381781425863771 6.436112681069304 17.04737171064228
3.420314509303746 18.66824476775734 0.8933565629394395
4.116682451686982 18.54770020559486 0.1890573334970004
9.068139267284208 5.841473987898447 -15.64116465861299
8.788238115075504 6.771118335266742 -15.42461757459642
13.55244656008654 8.528109671563357 10.22753820162927
-9.655912816999628 -14.71770078933591 -7.152106762771622
-10.31965105801968 -14.60443188147248 -6.419919895150058
-16.30321737058011 2.598592551715178 -9.404914678921095
11.35250570342775 14.81791101673458 3.542615891368484
11.1329070853324 15.16877999293276 2.63941155475202
10.33206455323119 15.74556047705043 2.515107817054993
10.87646270881566 15.48273925137494 1.72839353669124
-7.338252745163277 -9.334461713126858 14.83299939911926
16.65410277173137 8.180248893178057 4.089546296873128
16.9673174463535 7.949410586726731 3.149128450588344
-17.22946616774597 -5.760617318901701 -5.56424151881159
-16.99293244855538 0.7862510734328053 8.462981510576476
-16.5868744588249 0.3515394158162101 9.2602384270768
-16.58208611054173 1.342826416613903 9.177757756523272
-16.15328408209641 0.906952927782179 9.962371693019596
-16.10263273639309 1.874460048141432 9.909168405308446
-15.66208990636601 1.458298399656879 10.65703080329912
12.44829171182474 6.025764415069175 13.02805421662811
14.63489667041261 -11.33148886999828 4.291521808805258
15.01707065267236 -10.58935800659728 4.832503080263964
-17.17539390935526 -5.110840941299458 -6.3154690191006
-10.97877624908096 6.343820234226294 14.14999706390206
5.352703188221375 5.750427231160883 17.29974436914974
-18.63913138085461 2.907747394655707 -2.26446162610759
12.90490190724984 12.11606957964015 6.903938347463558
4.569843020174431 -17.79848082820074 -4.830177530809143
0.7862151376059395 -12.15995482342266 -14.57797532065819
-16.51166869543914 -8.382118800709275 4.254983114285093
-16.90460571027817 -7.478828230843019 4.393339740285997
-16.07378734730456 -9.262395650699572 4.103825912917544
3.784065675561776 13.25213049722768 13.07906281992267
-8.456072229125855 -16.40685943221034 4.506640215004665
-9.334938123524726 -15.9559584678632 4.389341590921072
2.668845124078516 -9.456694490285409 -16.26186320878047
5.683784956405471 -4.842266975449525 17.47132047407436
6.433626727618716 -4.195293571609618 17.37837618932451
-5.768815525576084 10.15464264574322 -14.98679419252582
3.644086675419588 17.54123575343051 6.32658521989554
17.72476850280676 6.711922876639857 -1.335167712292392
17.87713318533396 6.4232034730479 -0.3880286299447165
2.702798644961701 -8.582076859731753 -16.73448045977078
-18.65713700043054 3.325189372511325 -1.36174688694471
-9.951977421115311 -11.93430880287794 10.9329967898633
15.24049452619974 -10.66673061484651 3.866288218326723
15.59467120036446 -9.920702320081928 4.402941701731291
-13.68560991409063 0.2451429415662833 -13.17740438089172
-13.40799849736738 -0.6717401604802071 -13.44523489759074
-12.98368862419275 0.120736681713079 -13.87116622219259
-12.68798036192073 -0.7957685958677552 -14.12026581468439
-9.289499800745361 -15.43819206901712 6.030540530672926
5.924089509041187 -14.16166033624662 -11.19609485533449
-7.588717489228594 3.824945174897421 16.9935623480689
-4.825569919345779 10.18386555989286 -15.29714866279116
4.620507948950634 6.42490666432205 17.27343279861979
-5.866916192046946 -15.16417763719056 -9.829903915259154
9.432924156303315 1.864207691019169 16.38733265501663
-5.049407671456946 8.69050163500367 -16.1238538662266
-5.615026731597382 7.903963697849836 -16.34009891850471
-18.67384841442207 1.241561571482255 3.278095523227614
-18.48802306615067 1.089360085091429 4.243382814511351
-18.64558015149649 0.3150889631102197 3.639101504416488
-1.779906001522148 -18.27323841506592 -4.890878494903017
13.76644681457099 -1.457650956961697 -13.01384631034411
5.184705795928689 -4.218577412605066 -17.78545558661688
4.333852094228684 -3.817986165481234 -18.10084825817684
-11.14400840087788 -4.261916276372597 -14.78672196311115
-10.81443802502412 -3.439384931795159 -15.23871915529166
-6.621012475204411 16.26681236103567 7.249345447283141
-5.504651506560991 -3.407880085073278 -17.86295510594697
-5.099592604045631 -2.542338366178748 -18.12541505468547
-4.437190653159544 3.333904926724755 18.17130752166926
-5.118400583259234 7.350704678110374 16.75616651279456
3.311269477459094 18.16775640468169 4.468570427753746
8.418437557238297 -1.366220174528758 16.97832004438573
-4.234531496118088 4.294946799608444 18.01727434982653
13.81598539935376 -9.590372181780127 8.839870409671258
13.26700167042289 -9.550167380436783 9.684057500998094
13.35752867823118 -8.76434234575779 10.28410087740238
12.69603259420648 -9.479060983407694 10.48609361200274
12.59762589650767 -10.24792716421517 9.863052803700288
12.00028364210983 -10.16694482784564 10.65956966187914
12.76825049093001 -8.679655048888932 11.07408540842821
-7.5954763310856 12.10246130617239 -12.5235446115115
3.142235213626509 17.69178682963746 -6.174709437448226
9.698449245537425 -13.36606086693957 -9.396195992687748
6.951561586419359 5.270641753798772 16.87886628341287
-2.836108188632764 16.51144685158113 -8.962623121038945
10.81538190107158 -12.13325526849798 -9.839290163596123
-1.554793340762797 17.51150705047525 -7.206229144890919
5.452115058047738 12.89945134520192 12.8405060798466
-10.50858477076539 -12.15608597257051 10.13899501642605
-8.066028862243089 5.429378055123269 16.32363416424196
-18.75109788232105 2.999844599989391 -0.6302861124358933
-4.305362238248022 -15.20438811830368 -10.54942832315826
-3.34740186016959 -15.46958894603632 -10.51126627134924
-15.71290309744135 10.07316356824836 3.554722489552721
18.38644797304852 -1.33558957518455 4.599427292722252
0.2579435332708426 -16.88424579387928 -8.709518305022025
2.720042858704623 18.73664645555657 1.593564070343334
-1.072230558384389 -14.51004995254511 12.21919686412788
18.69069835845317 2.683299885037076 2.111325792073816
18.72089144251656 1.855394420089822 2.661904420412194
18.55056166474513 1.902992461931142 3.640780357604902
18.60567229163019 -1.283783913151917 3.630545061116455
4.445089229263835 5.513456746185597 17.63073953218705
7.818481424626482 5.465453948795438 16.43168163476785
-6.319520245314179 -7.5664631829853 -16.24229967614168
-4.629787456235437 2.363629054476433 18.27507389322735
17.5202691745419 7.326400942862009 -0.6033384423585807
3.892863280353132 6.818069295802825 -17.30200989937611
4.544832259626756 7.43995987050846 -16.88169117289733
-4.977673018399068 17.51201331203787 -5.43618994157768
-5.864228209230333 17.38261347256057 -4.945257968359494
-15.80799187153556 2.443674884502458 -10.25357723179173
-9.378928674060081 -11.66583072137198 11.70231133183471
3.234401167269473 6.174523902658274 -17.6752341898111
-6.210251801922674 2.658878213641029 17.75846669061665
6.231992791502277 14.6674880848378 -10.34538830241789
5.367469940540441 14.65417745434504 -10.837220564977
-1.266546915299767 18.75633927021174 2.756010902020787
-0.4850836988835645 18.86439769249706 2.21341218583186
-2.05108535926877 18.59226089441535 3.334798896933256
2.912779681726925 13.0391276540158 13.50914003732285
2.857135172501827 12.31234089696986 14.18601565778272
2.959275134716966 13.7303447799221 12.79532425933441
11.88419449652758 -10.92228981103967 10.02344783257551
11.26615500816532 -10.82725329380805 10.80945592727563
11.37287780645675 -10.05551875809405 11.42559376597218
10.63312370766256 -10.69865924051659 11.55315414390605
18.18854790623257 -3.864008498624484 3.90463357887018
17.8932232689112 -4.728593736899343 4.298018417858505
0.5233364833236407 -12.26061601273118 14.50528917028483
-5.6362801429237 -1.707050825297502 -18.06428309206693
-4.678646065845413 -1.665399619237857 -18.33948513723304
2.477583763557179 18.82710448853175 0.6338101233535302
18.18493244836501 5.502650324343686 -0.1705029512988813
17.97125407845028 6.141573392832379 0.5613404566191594
-8.796087620429773 -15.36553558517286 6.894139449888479
-1.391353526750684 -18.51843223766409 -4.016441562209218
4.110510485372026 -17.70503091697479 -5.534942075452411
9.613380859860271 0.8862553447639866 16.3645183218801
-13.98309993851014 -4.099900377624326 12.19277380267483
11.66282961736198 14.88470680891798 1.850380644336435
11.39837031804137 15.17229936971386 0.9372758017647647
10.59734575713839 15.74907744058521 0.8141392228057968
11.10013862293101 15.42032648712968 0.02129746562485021
10.28423604299698 15.97573162016154 -0.1024119743601306
10.7723655898805 15.62545231152764 -0.8951981111096401
9.942024445775607 16.15918843411746 -1.01822348739587
11.57327013924836 15.04875901071378 -0.770889435290805
11.22716210134358 15.23497539613235 -1.687114646192205
12.01544281868583 14.63539397562716 -1.560249034310643
11.656407749845 14.79900568679653 -2.473376043289263
12.42544407352541 14.18136496924106 -2.344616639213088
10.85544619282626 15.37587024407505 -2.596517319800004
11.54831989172227 14.4211090196099 4.434853134318838
-6.210031521627541 12.71358779702088 12.68070162995069
-11.48389664233813 14.40646651005388 4.644764859795486
-6.170080859303876 -17.54278515509318 3.89625348147349
-5.223116375907957 -17.83321064537328 3.96177402200925
5.995021898144853 -13.50309492823747 11.94680458531784
6.504062086029285 -12.92233858860296 12.31707521218325
-3.261750458915822 17.59809596789283 -6.377146873688631
-11.08479652522333 -13.9793052065475 -6.535006651610288
-10.95448050133988 -14.45187192329204 -5.669458074501269
16.11717608442513 -7.053759670332024 -7.175033768340888
16.4513765905303 -7.165749446695051 -6.245337712545354
16.25539974949426 -7.992981695267542 -5.733604677971806
16.74654005137766 -7.249927715334733 -5.290741387558564
16.92517610407644 -6.406706616892325 -5.787272602104383
17.18161706120005 -6.501365155456418 -4.850184148843888
17.34089773611433 -5.642325196126437 -5.334550785847087
17.59003035098507 -5.708175042034648 -4.359767188843558
17.72131583797183 -4.848333834461453 -4.842377928297732
17.93206045421659 -4.927470989421899 -3.89374338069768
-14.32597781299202 12.13102701512585 2.933350176836609
3.591812424431057 7.710578714180147 -16.98958090713643
-6.615943909450261 -8.333247521700558 -15.74122841232791
-7.538696618592335 -8.322776112068452 -15.32642982175586
-17.69243056313652 0.6632469504447973 6.894780942953764
14.75247013663803 -7.458346131541439 -9.366840334377649
18.04689959957643 -4.047169296894557 -4.350843082102847
18.22310509070666 -4.145089266587456 -3.425883218249325
18.31434834504582 -3.252292751280044 -3.873917468956805
-15.51724652924364 10.84275613577975 -1.627789768577884
-15.37500231349137 11.14155698308648 -0.6892110364553056
-4.913833614642273 13.3641543262672 -12.57988944114078
-4.617489390092356 14.05215011308056 -11.92542950722675
9.227611598338209 2.837247967359964 16.36463284531388
-0.09464207788653925 -14.64592671757415 12.10321748381566
-17.55276333802076 -4.828193168611715 -5.4395817785934
2.359594046806141 16.34139461793773 -9.401656124062011
2.476806571685992 15.8137577489882 -10.2367228673423
1.682683259911039 15.55661950211444 -10.77776260237939
2.58839322249412 15.24272257828492 -11.04353335337879
-11.16452507175256 -5.333383251032505 14.41902919824405
-9.892746660224253 9.232976082095945 13.33738040936323
-10.43919103834386 9.633345783332899 12.61831761700835
3.547922381042888 -5.333949254540515 -17.88746019221515
-9.700682952810949 -14.86153530634433 6.784653166325
-3.669755293460423 -14.87322594012965 -11.23921911077339
-2.705227160621222 -15.12089129446579 -11.18214614778335
-17.6666467928418 -6.774029803810699 -1.732660184241889
-15.44577534524024 10.8710777257577 2.060993222915483
-0.1180405183159872 -16.4489136899874 -9.508906606723031
5.177599811355368 -17.82842091416233 -4.042260246559107
4.225014207614049 -18.09877921942458 -3.947587327974456
-9.026873721481177 -6.660051507191167 15.3349034799047
-8.54829496439296 -5.975959888449432 15.88126432666421
4.032165772627696 -5.164724200032533 17.83444036463292
3.130707551212002 -4.840061474076578 18.10448770763602
11.26624286024686 14.92133349126835 -3.380174352942499
14.31673634111282 -9.609434281820915 7.980591038414668
-15.6145545597919 2.447404201273041 10.54494658947466
-13.92495058274446 1.161811217675711 -12.87423574285509
-8.641841563099478 16.91429419228564 -0.4745802093414385
-8.626356539865576 16.86522314476723 -1.466363230692136
-7.83600407157688 17.19715042635382 -1.963430009852505
-8.545615082565162 16.79114300535755 -2.455601644051232
-8.648046343643097 16.9097285225361 0.5218962850323787
-7.560098734176226 -12.92473578441603 -11.69598700548793
-8.325698112266284 -12.15353551830943 -11.99893017516965
15.86843229667994 4.476589066601336 9.442086992528212
-8.543744796352428 -12.11179593222129 11.88733881703674
-8.807984827373915 -11.33304686530632 12.44915467128277
-0.4489217399805009 -6.959627934484574 17.67376723522506
-6.739321625601816 13.13375984267867 11.96185171374135
15.76152869424843 9.299091545791882 -5.108924509460403
16.19085862446943 8.419831790128239 -5.287960819483226
15.68453924471439 8.882039177987737 -6.008711069913836
16.09201213529101 7.990915486356069 -6.180001223912626
15.56390349518252 8.441553047213171 -6.892393643991286
15.94966984563751 7.539161571017609 -7.054720024299535
15.39995226977832 7.978841116185315 -7.757548873917592
15.76422210637051 7.065808906899269 -7.90971844455935
16.29219338755696 6.616114697118742 -7.196628442334273
16.08476448442118 6.133380303959799 -8.041268402913868
15.19313517864654 7.495172298028569 -8.601804209945616
14.80788758593489 8.39759393774248 -8.438416990117654
-13.65335243510888 4.937035687116317 12.25608607618462
-12.47789758528347 7.580676848470474 -12.15875858672425
15.55178149750994 0.2664672080256292 10.9119699175151
-16.13510330269618 5.290951755623933 8.524334046186995
0.6344457087002811 -17.27796477776227 -7.878414293569381
-14.20653569404255 -7.074788987470684 -10.44613346442877
5.266580064522891 15.30758237862034 9.946911889914482
11.21469961654967 -7.794725272332464 -13.20881411934555
-11.14065012220022 11.90390756579752 -9.756172380583925
12.77825585250386 -9.41654725549286 -10.44245254492549
2.904613918385613 1.564494319310921 18.71137556434493
9.324172975754479 4.895970125850794 -15.81421116733258
9.910166372543548 5.47607482890561 -15.25782444966298
10.15301104668719 4.52345882982603 -15.40956478622017
1.738307047730223 -17.58678329037997 6.977344918020269
1.168003911113666 -17.91165297512534 6.229643213082643
2.152936708472375 -17.85920652129278 6.116666245523418
1.582924332931401 -18.15941613219609 5.360033236272896
2.567200538524115 -18.08217317611725 5.238749337762533
0.5938939569227913 -18.18729377040055 5.465312001805543
1.007294387000151 -18.41008400856022 4.588481754967897
0.017470264242296 -18.412800106824 4.687055260609746
7.979265517100939 -15.96908178331157 6.505363080221607
7.429174604994717 -16.47909038464008 5.852088924765606
6.512031646965399 -16.77500175385964 6.098586720456396
6.84306077079535 -16.94748600167812 5.191843363404369
7.733719532284632 -16.63008273234185 4.962855076609102
5.925054247115848 -17.21896959422059 5.422252141134842
6.251422375599896 -17.3663997863912 4.508644667866452
4.388117415143041 10.46249971888272 15.24075212000042
1.613768289997406 -0.6507132716429178 18.92015655707707
-10.80670608410457 13.55293034143575 -7.780307370018717
-0.9759782228385308 2.189458125935478 -18.84817602908356
10.79522991555014 12.00998502877225 10.01115730967592
11.50615752342396 11.31448410232873 10.02949592673055
-3.667787271177405 4.960342026147023 -17.97059663775882
-14.58150166588956 10.20015424624621 -6.658578115517263
12.20777279618595 9.564060046971699 -10.97720541734653
7.780202789669401 11.12630672095377 13.29186756264444
7.182399860128815 16.44209375497374 6.250654781850876
-10.28815056713065 1.189612657316789 15.92918013061567
11.51119050729976 10.6277504999812 10.74911216867706
13.23819336632614 1.423046494800865 -13.55452599943626
12.75180250809488 0.722865101465261 -14.0665915857264
12.52014187261415 1.682424663662213 -14.19209268362897
12.02036364487514 0.9802570696516443 -14.68161959466196
12.23125243520932 0.02008756113379683 -14.53946561452909
-3.580926868140377 -0.6884415683145615 18.64679626563359
0.5210567645708675 18.6537068379612 3.573194796186546
-18.64547040381576 1.520431827804183 -3.321854975376048
-16.14401232263751 9.645022724115407 -2.710055862491707
7.412684109566851 7.919182564471137 15.59931606841631
7.555332385558642 -15.34152349118791 -8.279771102697122
-9.914014166955502 -4.746717747507201 15.49777383119607
15.06292239794366 2.780752954177542 11.24169835217794
-8.521349742693664 -16.63543121831908 -3.413067058126718
11.77181748317243 1.937592340018125 -14.78749637588388
-18.47284007455433 -0.8981676509221892 -4.35286967996705
-18.4034862505601 -1.819738641744466 -4.358927058484396
-4.411625370934686 17.81658046527635 4.909890234094717
-4.736575645734121 -17.75574698892657 4.826831260512788
-4.259886170981098 -18.07568587466145 4.015339334458343
0.4297015084792681 -18.61041300348796 3.803667237445594
-0.5602672508712362 -18.58773666705578 3.896427364110787
1.417952869792275 -18.58234677290492 3.699432128118871
-0.9722883992229054 -18.36475793938053 4.773920935321041
10.51403984891626 -11.45565725614643 10.91892315592983
9.85825611961471 -11.31429632312596 11.65338942078988
-7.494477172739836 -1.767626503247325 -17.36975268828832
-2.373762450907129 -18.39868056428144 -4.105338636482473
5.140822977544979 -3.246872578968916 -18.00082658017362
4.282064332897228 -2.843081346697707 -18.29155033082185
-11.61401826650073 -3.396191524424688 -14.64856521420488
-15.15367240471308 2.005870873738859 11.28462204455796
14.14110028051784 6.956881818753152 10.61277900534258
-1.053467729863441 16.22990800545338 -9.822438183906108
-17.47487789578447 -4.171601570593941 -6.182748811300816
-3.776625178500733 -17.96982577411936 4.880826150244433
3.486295769662952 -3.409959386758507 -18.36349418784692
3.50549280666101 -14.29300858091125 12.01754658357708
9.725202926860765 -12.05568092491403 11.00368054189337
14.20502970521876 -12.04841160001125 3.748720980623507
-11.71826592120208 7.908637794851891 -12.69392342933555
-12.08894356206033 8.471338793391784 -11.96218469180674
-11.31466145517452 7.325090203072853 -13.3910974035601
2.925760369643589 3.088900907801571 -18.51752190335428
3.598098308051692 2.364072069351915 -18.50580589481327
-8.897852371264635 -16.24203960036881 -4.245512077386148
-8.360706800609316 -16.26682757875667 -5.146737055382415
-9.396185930460543 -16.16264855385865 -3.38828595084096
5.083747636353592 -2.26768326708374 -18.16626330784781
4.216095784481607 -1.860627870869797 -18.43265038626347
5.011402162161204 -1.282398998036283 -18.28226739709606
16.68609005818753 8.325317577585528 -3.641906890957057
14.18005820186168 12.12561465474615 -3.591019164028614
3.481851779582337 -12.34140234338266 14.02021741570966
-8.39622094942219 -1.786642772925839 -16.95026198530382
-5.658987147780778 12.25562344226352 13.37069775676247
5.384192096755852 14.7309337098813 10.72427468411336
1.831784788496644 -9.04553374261137 -16.60791629916021
5.337364510735568 -17.61110118211339 4.728811186006975
-17.81336542467708 3.181464024149386 -5.793297757750952
-18.51746164313321 2.637418829326697 -3.338807603591908
-3.714133362442565 2.708164934420554 18.43559209935949
10.83777998553835 -13.01036843091858 8.618169079150254
7.654755889069282 -8.061291452991426 -15.40844873401234
-16.51008311153591 -8.787363464487976 3.346550312360298
10.24532136653623 1.518920899563692 15.92878744277997
-9.784073605651701 -8.01676566771846 14.17756579628817
6.575563157608851 -14.40251321806693 -10.50378894321971
-14.45487659855777 12.17629609842414 1.947910635518976
17.71824853520076 5.313373560407396 4.339554153645223
5.621250384816612 -17.73918727162097 3.83702737201075
6.544572154116785 -17.49228626548614 3.491202733420659
12.0793612099033 -12.66362778864552 -7.397402516514054
11.67947889329727 -13.35555812859641 -6.798443928922701
12.03996306774078 -13.45937060314444 -5.906321384300822
-10.68114323955517 14.92017401370435 4.929663933463047
-17.52697173135424 -5.559113242331136 -4.785553456732881
-6.472824471434595 -15.38840262594891 -9.071913138014835
-4.137706875258369 -2.497935146965949 -18.37497487932955
5.4912649192062 18.03689764850755 2.348687464171834
-6.788997278974287 -14.79281338686807 -9.80215221506872
-18.4368239282567 0.1690423404818887 4.588567110284619
4.739546270284683 -17.95068259906178 4.038526387133198
6.549366301678457 -5.137037410726405 17.07971450836448
7.268407310767886 -4.487515773795583 16.97151900522496
12.11079785573144 14.17727438525315 3.651501924257411
-16.75111642426874 -5.378390841348861 -7.174469353080331
0.5736726936515808 -18.61238192368669 -3.774935597779053
1.53313250861425 -18.58154996380887 -3.657253840452515
1.718072738137716 -9.936725553940903 -16.1030963274808
0.4152405796078966 17.26978134355279 -7.910892971524951
-4.452363154976442 6.75737330039196 17.19053135930818
-5.19386459615332 12.70226954181312 -13.14062856350304
10.68492912770859 5.140038652057222 -14.84628883563843
-9.351450528081298 16.42326322170187 -1.956220379083813
-9.304245754166262 16.30248418882956 -2.942791229265373
-8.470683704909362 16.65609089450052 -3.438335888990447
-9.220513935096774 16.14320741807055 -3.92160388487137
2.300336704421095 16.86334461190946 8.446067697235037
1.573434771068599 16.66028030030046 8.997742124367237
1.773451277244365 16.14969775066672 9.850996555138503
-16.1232303783127 2.852338996815035 9.638755335368918
-11.25278952322234 -2.609298165532694 -15.08530049516433
16.57619507023977 7.517455208240575 -5.451387363364967
-1.527660980124774 -18.51413823818957 3.986594690586313
0.8962177092967191 17.87078184907035 6.389988256677825
1.413818523216996 9.249075151759213 -16.53649678802977
-2.316371363887609 -13.39314999413135 -13.27621771963916
7.309716603713762 -14.584138877283 9.740171270645813
1.791341222947188 14.96446514590418 -11.56961017147894
2.676139899040297 14.63066425071475 -11.82294120866809
16.59053480500377 5.674943733736512 -7.317729736939123
16.35439360439275 5.191819927559177 -8.159584283062285
15.83268211125429 5.634788480754739 -8.864273006915008
16.08654291218713 4.678101972990896 -8.963174608622806
-1.376701609612546 18.86648461207773 1.777765749564444
12.33904016682262 14.43376818815878 -0.6437574481384331
-3.712072300815323 -1.618137109848041 -18.56346281078108
-4.250806466294279 -0.7836209260492789 -18.50179944303711
15.8041959732505 -9.973287474782525 3.429420735990096
16.14408701537452 -9.202947222061869 3.959067676607662
-4.641367443168001 7.93390998848585 -16.62861330815365
-10.3113028423855 5.984428384300845 14.79404105056448
-10.08041860484687 15.53932246895289 4.232566355883023
11.4705263592772 11.96969065528146 9.281892622627916
11.02892409476073 14.24846825860499 -6.028597315755325
-8.616390269260586 14.49496054417471 8.755223443785425
7.599005890632383 -8.919543458759474 -14.95649872000247
15.92004354626966 -9.126578333662037 4.925218919439878
16.43064019907866 -8.423417046070245 4.481083341826359
16.64192361319912 -8.471226306030482 3.504954111605843
16.90123713056738 -7.685006287093416 4.035946211691289
-18.22508289492249 -1.36500266920459 -5.194528004185546
-15.87762772776032 3.362535794676418 -9.878982273907392
-16.35078674122709 3.513365901355161 -9.017096704932644
-18.55486841572754 -0.6259234482983574 4.040430411714452
11.24878213071642 1.233908163399495 -15.26244971228312
-5.218228490058929 7.127249206602915 -16.82178379876865
18.61371129095065 3.48122666870744 1.5526792515572
18.78440233416741 2.624032910952875 1.122800173834249
10.72209211468479 -9.912673001607464 12.15630102652188
-5.692928645962308 -17.86254124036715 3.085479519971642
-8.894308620892524 -16.39610662926193 3.613718522268962
-9.758099605520057 -15.92453911949625 3.491209807557092
-10.18821026886816 -15.4610141158892 4.261151725250356
-10.59053702111826 -15.40850216033903 3.379139946665584
-14.95844751534198 11.62477437135712 -1.452401027883869
18.49192738742602 -3.288461864702354 -2.869606255666732
18.54863305419759 -2.411863230714671 -3.336334452217776
9.049805969284167 -11.89693938505122 11.72876145152274
9.176074417534997 -11.14099360684622 12.35629069486759
-10.21962369073624 6.912853530711895 14.44893586679195
-16.04985892238155 -9.6552635496649 3.190284369482069
-10.7759504901951 -11.40530412586927 10.71437953543243
-11.3198072087255 -11.61223150219362 9.900406269277449
-11.0318080972057 -12.35607546300863 9.307341685941415
-18.47258159045855 3.883291096824383 -2.16420415884832
-18.44496479155658 4.366992268487376 -1.308683447289559
12.64554596413392 12.75942965736703 6.187658853530875
12.16233304724961 12.79700475472058 7.022415834699547
2.083962658283716 13.49898604284504 13.20736444011272
2.106177324482186 14.21825194564624 12.42599407242591
12.17966046071511 10.59217363717009 10.02305984725882
9.769731271390603 16.28110535149447 0.6913460915855981
-5.552946120288373 13.7232090612779 -11.90958951625262
-4.06408005006092 8.700607287511065 -16.3945931994425
3.71029063082797 6.178292309191898 17.5801720007789
-11.1532608762978 14.33411463980345 5.580137033999892
-11.93631326114373 13.80399820976806 5.289050874832332
7.788006003916689 -13.92640044220151 10.3151506632917
-5.716471134353449 -8.300991633519562 -16.10638058877108
-6.059303253375052 -8.96573996216609 -15.61730933978246
-4.620865250519705 -14.58758461752696 -11.26276961333358
-7.723016925573821 14.84652181672218 8.996432599252486
-7.277048211553054 14.53952855994923 9.83090426060355
-6.804152141847671 15.15968141429764 9.213445232245558
-6.344700888801165 14.83374725552776 10.0351737897641
-1.694879511525401 -13.95163086716177 -12.7859055051987
13.09878853747947 12.7013464201462 5.300711081150885
-8.408187974449111 16.45443992562243 -4.421965820809991
-9.106755716074723 15.93768873802698 -4.904801526821269
2.237077084427089 16.82418622556542 -8.540623160275015
-5.806892861123219 13.43010435696199 12.12073810708518
-5.058626019093877 17.75548323130672 -4.489222429523027
-5.934096921728704 17.6051714406736 -3.98050653410096
1.242477693886101 -16.91000362105777 -8.573682214545196
1.618081408546899 -17.28073537146962 -7.730329719782555
5.79113622821293 -5.777167980712791 17.14896706244742
-15.08352544837324 2.990261357699285 11.15999986832112
3.144060642847055 16.53154468119795 -8.821729599554493
-12.50700073565551 13.89428243500085 3.394679397931316
18.62907010810022 -2.112752749236682 3.081237207369744
-4.186348343337097 7.661767417438675 16.87518318683723
6.806744460970505 -13.74491527909549 -11.21363160682278
6.143672024535798 -13.48624974760721 -11.89017921648369
5.048656149464896 18.31158977381912 0.4435662744543108
4.79828729994494 18.37688139702446 -0.5164001422185707
3.86008584382436 18.58777633319994 -0.7709139155826004
17.80362187151306 -3.975699104393794 -5.312707867698372
8.966861965886928 -16.55387373347523 -2.562157469963391
0.06948766338875118 -11.63277960334206 -15.02243689168657
16.36084136155205 8.254596542958964 5.018416668143192
-9.811548026759612 -7.567923047950704 -14.40347409685893
-10.04503898682249 -8.33099184503938 -13.80911896650556
-10.84543930412101 -8.282171599204119 -13.22051738404984
-10.24525231201773 -9.074347980119628 -13.17918866238716
-9.427500892111071 -9.1127002194324 -13.75066986150136
3.56938313054279 -6.277781944668056 -17.5740990643218
2.709489917673197 -5.86670295531306 -17.86730144202387
-1.708793899982567 -16.69296695999213 -8.912063592681193
-16.07487268671314 0.7497836882255876 -10.1013015263794
-15.54061526215523 -6.938863334808484 8.446386972813784
5.26989041491172 -1.971435862382989 18.14777384847331
17.47865866315666 0.2736981078733686 7.444567192430001
17.66113398988862 -0.5847286348268195 6.9815785188462
-9.985302459588585 -3.471990739601344 -15.78730550457096
-16.39108080964554 -8.206816976223443 -4.998062125508293
-16.77659296635674 -7.912857058908626 -4.114926683000481
-12.59522371231831 -12.0796828722954 -7.512762563892715
-5.23995383219695 14.36828441553081 -11.27365454459463
-8.133970043654475 -14.47005509762004 9.244243441232605
6.237297286810263 -12.41363291905003 12.9613980845828
12.45521175062479 -10.99278187590231 9.220978628970562
-15.45397820546723 -7.415981985639011 -8.196204537078216
1.86395682787373 -8.164156258288054 -17.0549763275731
-7.957122685874723 -11.77740481788097 12.60860556594946
-3.277412741679937 -0.734715820498327 -18.70076892493417
-9.563046116638244 -9.875268263869604 -13.11591497714361
-10.39685980122141 -9.803265579408663 -12.52203219343121
18.11312423035822 -4.672133295668081 3.329549681731682
-5.390697776934925 -7.51928771896958 -16.5952008025544
10.41216090854171 0.5393193179731125 15.88382950953254
16.57389465729542 4.240415349199128 -8.265887342273107
16.29574658550854 3.708551014844525 -9.038544827082653
10.46825264428457 6.042073044179129 -14.65977625696358
16.69080303110611 -7.58832486332981 4.983414486613519
-16.36801302142391 -7.521598577627327 6.042657078432631
-11.70451358144259 -13.80724991946038 -5.776176199129253
-11.55866022893062 -14.26043928603805 -4.902779322115165
8.377706639497459 3.174142612031175 16.75526335636083
7.705121118953564 -1.996094875261897 17.25244080677308
8.535039273047078 -2.340154157048377 16.81299447239525
9.222426325616249 -1.700751644792162 16.52435464734757
0.8885576120740016 15.25738012720346 -11.28817155362383
-10.3626528730644 14.80379617905918 5.870523326011307
-8.137511685736026 -6.853265321149511 15.74209827190896
-7.653790033411344 -6.171811097072712 16.25817474092659
-8.055736913772998 -5.271659787849722 16.3803145835861
-7.142810391410383 -5.461289278120147 16.73781882842116
-12.23751958947692 -0.05220628638185777 -14.53411121468495
-14.55193267768005 1.282605052885712 -12.14891680861218
-14.09644117509554 2.06741887074303 -12.57044650797921
-18.8085960195851 1.389195208758767 2.303660661644671
-18.76021215489234 2.309400416644092 1.92901778608543
-18.89189635787972 1.531856135525047 1.322750461419383
-16.13562242221278 -0.08519702432315081 10.03167137195147
15.72982968284547 6.931507513517857 8.094854028252708
16.17749553869317 6.879862795488662 7.208059795174668
17.44893554447981 5.336482426898585 5.296848466021256
3.26801345113865 -5.73672129131879 17.8160073223185
2.371303931641446 -5.388589135494671 18.06488374699961
-18.08604209251524 1.489705157296331 -5.628131126057013
-0.6111228976922524 18.94950904782323 1.242028844424175
-17.42109293906738 3.156318098103895 6.895156044061554
-8.212739440052809 -10.98877548498016 13.14525481801323
4.239915645072141 8.324172079783299 -16.54482621573369
4.176349868349154 -0.8689350961815177 -18.51494136031124
4.922450713890451 -0.3060678878627299 -18.34872751493516
-6.633706483025547 -17.54716554970932 3.015115166649379
14.67591312259504 6.161962547774809 10.37534537149792
6.027218805879993 3.121165505345361 17.74629424286346
3.528724885040876 5.258758425793466 17.9135021842419
-9.708562623020322 -10.58708427575032 -12.43613518473698
-10.54415458209055 -10.49350749745592 -11.81977599406246
4.569555210034088 18.38628761842177 -1.436521073677905
5.466290295995898 18.15578325718545 -1.219510031941391
8.989964194558622 3.797065215737681 16.30223418823288
9.79792576936407 3.457490933363704 15.90743244724739
18.52143922652615 -0.4686501257591861 4.21149095187492
18.28697078293504 -0.5012336381732503 5.131809079071822
18.72526909749637 -0.397657837395965 3.194708980596693
-0.7345710646550186 -15.10741513619361 11.49897444356148
-1.71207449669698 -14.95139207874614 11.59847730632633
14.79080857959826 -10.45969013950108 5.729473252167812
3.645462030156301 18.56031772328847 -1.795887690606655
-15.07870715878475 11.311654612501 -2.383077914609274
0.9890818090873492 -8.610488624262398 -16.90802184841208
-9.404166027155725 16.50942062039841 0.02630803021699788
5.496127464491874 -14.09811331979342 11.49068247391431
-1.982663746536729 -18.61469860742706 -3.249929264279791
-2.96321760102751 -18.47260375866547 -3.313948072058283
4.046261702937329 0.1165291100131486 -18.56378698428374
4.829142093590593 0.6963574111679595 -18.36285579630312
16.51461450192788 -8.082471926326805 -4.789692621959408
15.99802454138788 -8.818727804295975 -5.224294276444258
16.24144161330511 -8.887161632407091 -4.270120893027776
-1.130791278968181 -18.71192831238771 3.095973177447282
-2.069697689464162 -18.61496227115229 3.19367047733534
-11.2990717823984 8.792281613047596 -12.49106724395772
-11.66080321370896 9.333879770876953 -11.74326857539964
10.98754366900542 2.188699682237611 -15.34547092215393
11.48300723431111 2.88541556224599 -14.85984259303938
17.35260038807084 7.581878431740889 -1.54996103764777
-15.17368776028422 1.016326124813609 11.38974455207062
-14.63933272813172 1.560949135148051 12.0105526547504
1.771689686511272 18.87020378443444 1.332863379580128
1.525061314519727 18.93504944775243 0.3716051642880904
-10.07256190986248 15.92451742450657 -2.439926508846956
0.8019493140508935 16.39376319242299 9.570862327316719
0.941187417060164 15.86823986600929 10.40735940576481
-10.78769853138162 14.22424333035388 6.503573023723965
-10.00368383944159 14.67754760698985 6.745065298797464
6.130921215066943 14.10328477069728 -11.15836743127149
6.985136064491806 14.09730805034998 -10.65240723470867
5.258513888681985 14.07025507679449 -11.63511726440596
-17.4749782860514 3.950210790304774 -6.326212817649409
4.824858608318755 -18.1044862939915 -3.15409502716806
5.76141322388241 -17.80847564806432 -3.265625936321063
3.866067484265771 -18.35001993000241 -3.054552467321061
-3.809888836541755 0.1009792150066452 -18.61382685670335
-2.831635331598185 0.1503188753246702 -18.78720962741849
17.79310995097733 -5.530272431959435 3.717704278279944
0.2893787682608068 -15.16962116041393 11.43673265307893
-10.81643273631692 -14.85516868175648 -4.829984088720484
-11.39291265575328 -14.65772205145605 -4.043850328663985
-14.766068784451 11.94491077436976 -0.5313372236223614
5.236490539086658 18.13939202232466 -2.1311086069181
6.087063498158959 17.89287663553619 -1.947465962440401
14.0912021683583 6.135240131134151 11.17125104828351
14.61152083465775 5.327310259192253 10.91435862983562
13.5317952697322 6.925763621575132 11.3984347625505
11.3187936355114 -13.19906535082852 -7.659607333360142
10.90638925321443 -13.86284779384135 -7.062019859937866
-9.883398827764564 -11.23556089613226 -11.7081424214367
-4.239537332230274 7.146822431169126 -17.08652253520194
18.67753989846859 3.439742386340595 0.5636272320653298
18.82677748675928 2.556406524791057 0.1312826875852521
4.999441106957146 -18.0603424430856 3.135222393475158
4.115103682167318 -18.24999439112002 3.317171447046542
8.848571257146183 -13.84488095174144 -9.540548104763865
9.370781010591365 -14.03311445694257 -8.732706447023732
4.628325524038391 14.61926280335766 11.21854526798808
-5.16911920857508 10.88930065291363 -14.68684233925029
-4.218140916422266 10.90450362229327 -14.97661804148711
17.03427497284254 -5.568151395143376 -6.311035270884897
-3.880419205238542 1.713551236175632 18.52042356299166
-4.805220630657713 1.383544099133728 18.33018440759541
17.0801506195076 -7.745021883741402 3.046816508308447
-17.82822878369592 -3.882782616247675 -5.298892109786816
-17.72613591335998 -3.220668106951738 -6.034186152742827
-17.34106046640486 -3.56691297196659 -6.896720506944363
-9.945932226025079 15.58144014628433 -4.392852731776333
-9.799651060890753 15.37163369331735 -5.355344683888561
17.11531905834233 8.209765859457031 -0.8158419356944882
17.25923813578589 7.943635182314753 0.1317537951076814
16.83071730018442 8.815923671616298 -0.08028061726382307
16.95126081035357 8.538300923265419 0.8672798182455275
14.5804987187927 7.903027410315299 -9.270987804063255
14.17509943647018 8.794271673434723 -9.095457201262972
14.38261459728763 9.277049695834299 -8.250863366152023
13.73024435223944 9.661335881498484 -8.896009162128086
-10.65463062406181 8.828303976259441 13.02074864082576
-11.22823997802755 9.189064717804358 12.26734350247954
-10.95099935823516 10.0299180518466 11.85227222642033
-11.72558794435324 9.569762837170616 11.48608839420741
-17.74462534240194 -6.277390960073556 -2.592804310427952
-18.68103916055279 -2.126049392182235 -2.738373580046124
3.576487606315337 5.255941928503261 -17.90485439332234
2.571813984780592 5.515641807026202 -17.99898520151266
-15.36067532050051 3.203636794361911 -10.7138398806393
-18.96911537985629 0.7909626171103211 -0.7396214193988039
2.09293935533161 -18.35581828241079 -4.436613577720937
4.257261307439808 4.586812082701326 17.93981273810184
8.361307296402716 -11.70919432646725 12.40900110887858
-7.522981223596504 -10.3207745339429 -14.06720891040331
-4.772294519217182 0.05231871328575758 -18.3908256414466
1.889370147439868 14.33146931994379 -12.33042041365471
2.737223383064819 13.98194586527687 -12.57031415564743
10.44734672835624 15.47918958910031 -3.499662269733022
-9.538072176634962 6.544617982468565 15.07292787141407
12.16528271497104 9.89249853475156 10.73053443239269
0.9098394100894512 -18.77042114275476 2.800621783010536
1.889300151375529 -18.69662027572852 2.804805733598993
-18.75219511252309 -0.4593051934784443 3.023940674204604
-18.64744901511897 -1.3863328666947 3.369083912766325
16.76394213918072 7.547773103883653 4.795973845476166
15.42148225722125 -10.71584077924605 2.889401561579446
-18.5149444479776 4.107526333408948 1.15111229194001
-18.30675863893575 5.028948182028971 0.7564841823983702
-18.04727858423269 5.788065453506496 1.339415547550807
-18.0672723183605 5.86978621652518 0.3453704482079565
-17.77421529946635 6.649159668954466 0.9305622950483661
-12.98899521459053 13.78894107596377 1.466665373881606
-9.396978348823152 16.48031825297461 1.046856338004816
7.034060273296098 -13.04916774211174 -11.88449482771009
6.356149183804408 -12.77069497213763 -12.55024770599534
7.239460219334669 -12.32866229234456 -12.51376449410777
6.542998803333908 -12.03694119757158 -13.16439186843718
5.664537503189878 -12.48595806173014 -13.15347353955113
7.421823410672245 -11.56431269694133 -13.12185997136682
6.714221548656933 -11.24021375449522 -13.76868997939918
7.616479985892306 -10.59137370198084 -13.81347297856302
-5.864883891947347 15.43222998799297 9.404754889504932
-5.402612837887776 15.08380025791325 10.21228399053152
-11.02402177446087 -14.90290804244227 4.168246129335713
-11.39916147097014 -14.84999406028411 3.246042847572484
-17.06208819854632 2.971644926536252 7.813736157282119
-6.166521275705263 14.01650321039701 -11.24773991116458
-8.44458539317767 -12.79826287661665 -11.22022481407331
-11.45607847474562 -13.89481362313643 6.057426876056566
-11.41991516395588 -13.49824004191598 6.955792795854884
3.353520655743964 15.48071171018348 -10.49292448070064
3.876834931866529 3.283528103031642 -18.30815649123802
4.543042687316619 2.558370636361056 -18.27061856720304
11.78495260070747 13.50471787805457 6.303767701401415
18.1027157639592 -4.98021422442867 -2.913614292953237
17.41093840607872 -6.551875125316485 -3.864214818302929
-12.52447551725108 0.9135955453172234 -14.25843105665398
3.281659074399108 8.583692448854533 -16.62982073453865
-10.58436422815807 15.01368988388474 -4.853900488908365
-10.4529855055337 14.76657999278955 -5.803723747530525
-14.94001594813923 -11.44793750915962 -2.59627622870171
8.469365516705647 -10.9362243622208 13.02569938404866
8.25912020285465 -12.44833173454892 11.73993060036644
-18.48564059972039 0.09333639676991573 -4.390031883142437
-9.083725077389111 -10.56621197067993 12.91669862267725
-3.980954322127813 -14.23603741433801 -11.93680197635448
-7.253317593674095 -7.082426705760994 16.0694933287525
0.9563810307902496 -18.75792506212596 -2.868027665070749
1.904608075975666 -18.69399918029484 -2.811914423318056
-5.111492899580852 -10.94672103665641 -14.66430833292721
0.5988419471142938 16.89192077184902 8.677810839143261
13.41173454287297 -7.952766736543748 10.85720395800094
12.79985122580511 -7.859379645084739 11.63589103557107
13.42536192824541 -7.121648904573277 11.40358601386463
12.79013599288677 -7.02112556452906 12.17030061627809
13.40302691224517 -6.270562958950889 11.91800779356453
12.15243442168122 -7.745518576043199 12.38245854484913
16.77541593957043 6.149250117579519 -6.463137244856755
15.91842692753234 10.36876794497384 0.3038674975975364
-3.646017720535172 -10.70652226592045 15.26685742878649
-8.388513443511718 16.18023915744056 5.369609205151749
-4.849440178206311 8.244554060800196 16.4167675958619
8.641704571648809 -13.63796865082888 10.01632433457267
2.225291025894704 18.86639052392128 -0.3277017683291387
17.26210295543108 1.32655796919826 -7.826879679058201
15.55999785036858 1.322366849417025 -10.82302235108512
15.88014366792111 2.041567069548872 -10.23000689084416
16.08739969546659 1.047820403713104 -10.05473239026599
-6.174087464078942 -12.55712261315839 12.85298858880725
7.979265544363022 6.360034731785808 16.02751632608806
8.64626605858429 5.681996690501649 15.93602826469951
6.795684238978142 -9.494442836359653 -14.98913709828564
-6.134569548204777 7.115707523065315 -16.51465297559807
6.81334286211756 -4.012111943190274 -17.27661184371929
6.622752344695999 3.416493855940201 -17.47760627526397
-0.4544871400038498 -12.12482881300523 14.62128474843744
0.1883616099018138 -11.53446907059997 15.09703756249178
-0.7883661403346132 -11.38283573823736 15.19241683818214
1.166572489506909 -11.65383592705195 14.96085615237573
1.493891166013348 -14.20680245937593 12.5273721531843
5.184885731745707 8.042879535621964 -16.41429403672949
4.873312402078291 8.915973552326433 -16.05478875120957
5.811556555333271 8.6230995119417 -15.90182270091431
3.885533913764521 7.075762598795788 17.19988982088165
18.36452316790924 -3.860808321326682 2.972952727727016
-16.61956008724779 8.395754999699795 -3.781735116500925
-4.183163649938399 17.86062437607555 -4.94967057232803
-4.590898245578869 18.3283375735935 1.998923482062614
6.341081574187576 -15.01752956090612 -9.760352983207609
-12.21044693045423 -5.00397546485829 -13.6698652263165
15.74430427219833 -6.917238740342959 -8.078904083694509
16.71458162025581 8.643529510091659 -2.629098489593212
8.759780058566534 14.92151123390043 -7.849506724764507
1.879779157284156 15.62646783170629 10.64330462894343
1.139982372550909 15.30193668559752 11.20496201958035
2.224004685804203 -4.492213375397089 18.32686067354211
1.451899143679824 -5.059006392065914 18.2564630528922
1.309677658521512 -4.140449393020194 18.49706526059224
0.5419548097541168 -4.732691869560283 18.39314852470839
0.4153406474572927 -3.777520967413778 18.61606369475886
-14.08007473474553 -5.637855890037971 11.44404108814473
13.85560790438807 -6.155648851493681 -11.45120591103676
-7.016299958590027 10.77348555282427 -13.98940827677055
-6.669083516096133 16.95119571417526 -5.401878276586869
7.909310443772913 7.106619575558033 -15.74607146282272
8.485237103180003 7.682353767292244 -15.16516376096836
10.44043570149307 14.3476425271626 6.792823880813042
-0.06375485983909777 -18.76346166849075 -2.988049787557943
0.1497291818055193 5.936766347789969 -18.04805769338807
-3.015398938286637 -14.12592972900424 12.34364121862808
-3.136633418007618 -17.80972346011898 -5.828831879126859
-4.815468991436303 -15.23694181652948 10.27846595909189
15.9591122516189 -1.542541650126252 -10.19447406185593
2.684560612182463 -4.918557336712538 -18.15491470773106
7.67503739891146 -6.259063281197042 -16.21474414745053
-14.14867065872618 -9.083461700762715 8.84905882688537
8.361077631663504 8.895581896538298 14.55888057370059
12.86711552119606 11.68360422428328 -7.676635362872537
13.29358582418894 -3.100111988985941 -13.21627336243726
4.145200936030878 -6.091352536696045 17.51321596605305
-4.303599794000417 14.69861405916352 -11.24409949941924
-5.063221816815882 15.00227278643019 -10.50217101723523
-4.002699782192767 15.30886202023749 -10.51746823617567
-4.60666646555465 15.60886718123627 -9.805197060419507
12.16830274294401 14.55389470258008 1.056672769722486
12.41983184024113 14.24346216548816 1.967628674430254
13.16300874838527 11.40880660154723 7.587775208743682
-10.14298993946152 -14.94573173593755 5.894476903455604
-13.03562769801422 -6.895624906733923 11.98009881697122
-3.867975309541489 10.18461793253576 -15.5663844412583
-3.256173293296693 10.89061602344301 -15.2247107727519
-2.898355622524401 10.1570464132946 -15.79347785776016
-6.176287437112964 -14.54775921737997 -10.54590798591078
14.9453304566762 6.990047186708037 -9.422119605924227
-9.672187208670179 3.906573262287859 -15.8804118317761
15.1350034696619 9.320797908544693 -6.712257170385461
-15.89306695896875 -6.527401528337523 -8.111932687442176
3.59252567138497 11.02800602248423 15.04914756617435
3.503256968907346 10.22341051836371 15.62719002197171
2.700587343848714 10.77351023138328 15.415521570564
2.608436528455476 9.955447065621341 15.97138480535206
-6.384701103913532 10.69892005077318 14.3446401683991
-5.789306442312182 10.18804903368823 14.95618894652535
12.43394645596734 -11.95696244478006 -7.964171308068183
10.02470646404836 15.91080375326472 -2.711380503500785
9.605333042978366 15.99083370441846 -3.609821958366161
9.164009894525293 16.40360753445677 -2.818258772461361
8.728681121132864 16.46311697598914 -3.711590672538797
8.288242127735987 16.84513781688038 -2.923418266743366
7.878810639274487 16.85983461896763 -3.830185312947124
9.35170691260427 7.330903492778879 -14.82576918073096
9.022797066695142 8.207491753376473 -14.56798586666993
8.157990572753326 8.572382166240249 -14.8647722421433
-9.309335887640286 8.825547879834216 14.0159184483874
-14.14338424162294 4.439873027188739 -11.88495728626123
-15.32111316920084 9.817349990045983 5.466546481050412
16.25183045164222 -6.19206067446314 -7.650907892194351
-1.597952063726606 -9.033768445657694 16.63843673162449
-10.37297404000788 5.043283474361986 15.09856620221105
6.15063479371777 -8.166203704308558 16.01508066461252
-0.8978424446542422 10.45049313883528 -15.84238214725721
-13.48762110511979 1.932305426186515 -13.24198899956715
-8.631030132975541 -7.44473095639796 15.20135848634977
-16.16005763468536 7.292394101173919 6.831802508621802
-4.973199255213831 16.82951806976767 7.282486574467812
13.67332897100932 -10.33637437333633 8.197526435748363
17.35632342169871 7.654710729361278 1.078629190775929
-11.05044955354431 -9.844391159132881 11.91534839484599
-4.7891327785878 -8.15242084555163 -16.48035926750601
-13.08844755292992 -1.570450512605744 -13.68306346698937
-4.547565251282228 18.204742836235 2.984457832149871
6.245842392074437 12.33448033997153 13.03265312805576
6.278475432186939 13.024018890933 12.32703038756883
11.35278061519496 -5.991087416196074 -14.00789933840012
-7.398766652404321 -15.64510543700083 7.841487606850944
6.750901397497343 15.50093864255658 8.668692607363839
9.70601056388594 -15.21910000121744 5.93062847316184
10.00220492074661 -15.36287312555831 4.99379875960082
10.82410461979431 -14.90289940545257 4.662869126483058
10.28332920313921 -15.45678261866216 4.042401709292101
11.08741414024812 -14.97800502562724 3.705214317001277
10.52867037221324 -15.51323038041326 3.080062232732048
9.725075952465971 -15.96691329810601 3.388300082568483
11.30381967173398 -10.59686695311343 -10.99682097730669
17.55344594015727 -5.551007102810767 4.69711142836962
-8.620869659532117 16.86371325082237 1.515183720674357
8.515709329329253 16.28924514142907 4.810736673400885
8.293782250399678 16.64203163833187 3.905887726460696
8.918387565417133 16.47912732158423 3.146541903745934
8.054110321203483 16.94647813859454 2.991351806795878
-15.59153589392036 -10.11732384995627 3.942558380506116
-15.54591088586516 -10.49663363650724 3.024125829009719
14.01449663014822 -6.365039506089737 11.13912726785547
13.97336135011076 -5.505289296381748 11.63773871258397
13.33770619520534 -5.405754483641307 12.40497528868852
13.89012927329916 -4.63248068816542 12.10803169160092
14.50585559416253 -4.725586189790032 11.32470700036735
14.40774293015463 -3.84386644918824 11.77461822648125
14.99904936432643 -3.933591849990709 10.97977109616524
14.88077238969032 -3.046539086867684 11.41407958086931
13.24580420160409 -4.520553952717175 12.84964057915009
1.180558153040451 -3.181899001200764 18.69443235815004
8.700935344054294 16.76963520252557 -2.01818218028051
-9.007397202263766 -16.53355044755632 -2.551177226058806
1.294020018220023 18.94740451005296 -0.56689904292614
-4.824454588739431 6.326038558177156 -17.25415527001096
-4.24088925494037 -17.62852642533956 5.678900808997839
3.124996625420464 -17.75807218095886 5.990431412424811
-12.42357371724688 9.011698017073716 -11.20018370122572
-11.9824265791845 9.866752830629828 -10.95758375983096
3.402198402901354 9.392396526328055 16.16192852104959
2.505673290281117 9.109663948317428 16.48440548248852
-17.14395427745464 3.805177066970464 -7.252962099828382
7.070710016461976 12.44669185478156 12.4933951244335
-3.345520863900651 -18.22805803169525 -4.188721826805365
5.935012645597117 -2.668404909617439 -17.85091706705658
-9.454909429657944 14.12681735690924 8.487503699056234
1.974089960272529 18.75633362817939 2.302806474104615
-18.81769434868072 2.449427384275 0.9458778403119994
-5.450433470322716 11.00371234287028 14.49865820208719
-4.8473316910976 10.478310082271 15.09000971822943
8.660976784240306 16.76382030611995 2.227512039691529
-2.380830681962566 -15.69150108238949 -10.44549850630382
-1.736571181109206 -15.3199146565063 -11.10335694510018
6.14147925467787 14.86508590399264 10.11491243814204
7.651708202591249 16.75672616111778 4.654405433963505
-15.06623683264685 -10.944558894889 3.771622767311346
-14.99962099874231 -11.30916640234725 2.848530354078938
17.84416327198333 0.2860422211274357 6.519510485499162
15.71795221209513 -9.593030733580031 -4.681852155171369
15.94082943826499 -9.648629731725769 -3.71401415185803
-16.32195052445055 -8.779412155604749 -4.185194533042412
-16.67184784509721 -8.490463933695898 -3.31081736441875
6.648255660197847 -6.064454518194586 16.73389040460695
-18.05077334776004 -5.330561059560729 -2.59898063442012
-9.170531171208514 -14.79328165476285 7.619722824404428
-12.71620524016 9.531239920343051 -10.41410533223984
13.50424441956999 9.298759338482339 9.600440480597765
-11.41591156912954 10.40347118831582 11.0654756011523
-15.35923103620968 -6.74346227922118 -8.922989323374454
-15.77689001120555 -5.845781957583339 -8.827036585327816
-15.21937154836711 -6.063826768186543 -9.622927548214108
11.3179331063732 -15.01354487139136 2.738222159427471
11.86131347205807 -14.45775423620212 3.35895596326498
12.07593837110904 -14.47308553884455 2.387782955476676
12.59124005892131 -13.90819775990682 3.003782423867954
5.00146043148591 -17.43803639615185 5.648033303616767
6.286944973029064 -3.249746843446085 17.63273853828771
-7.975795972784359 -0.9218086483548322 -17.22024818103198
-7.074288425634837 -0.8976786050688915 -17.6110367779109
-7.544939306504634 -0.0507565937705236 -17.43764074149225
8.813695147269266 6.530526185925841 15.51357488092087
-3.510948283687238 7.058800150267919 17.28717971757832
-3.769992401153519 6.148039373205727 17.57807637828317
13.91272933978419 10.13058564621052 -8.050291720347886
-15.80757212352365 10.54099683225548 0.08971812513639832
-14.49933071198213 -11.74183222593506 3.591487836895005
-14.41248737349803 -12.09063360625793 2.663979487155689
-9.869614007557649 -16.03834791791309 -2.522323414194659
2.277266150801801 6.428683914434518 -17.73375544002745
15.37000041088661 -10.37669749300044 -4.133671069171303
15.57961118752965 -10.40465098282943 -3.165273001007598
14.99855579398285 -11.09978565616118 -3.58302699990695
-16.19329281539357 -9.346856822388403 -3.378392418990795
15.48330078918391 5.164950773611026 -9.725774014330767
3.181871023368693 -6.71238507408208 17.4876980591468
-7.542081581709965 -4.557131726402194 16.83299010405014
-8.425638110467748 -4.363528016441616 16.46111313615099
15.96377217904084 -10.00821105240782 2.448201247067652
17.04327136540209 5.212365819003047 -6.584690101603412
17.21256460203144 5.66649546957257 -5.711256334135935
15.3049875918787 6.034046807913111 9.505137239006739
8.443661956297595 -10.96068356716726 -13.02182738743692
-9.545906542927529 -15.16375830768339 -6.319501741423624
-8.881429796578345 -15.28348486217081 -6.966727728011613
5.758387461772249 -0.7494315739055175 -18.09086305724903
2.944688309899685 6.752583938925461 17.51374948163031
-17.74845351962336 4.096071496725159 -5.4050528170856
-7.583302306141889 14.36130561340896 -9.861360312448344
-8.992744625310044 15.6761449910818 -5.864215405537077
17.98461276716362 -5.475832357798621 2.751174949809795
-3.285282417354732 -17.8214750623547 5.709811383932855
1.022065003076346 -11.3983396147456 -15.16684664511406
1.738975597221794 -11.90862840545362 -14.70239889858422
0.2930697777308202 -10.74829757393233 -15.66487182735885
-6.142360123721516 -17.83945799076459 2.241684791905704
-7.051270129621528 -10.1828069433929 14.40798501917241
11.02993652822419 1.170573532316362 15.42628463982128
10.7516438566662 2.131780582911547 15.51958974733976
11.1820731706531 0.1897994729411658 15.35985728339399
10.54628342875697 -0.4392979798240121 15.7981936665319
-12.2927416928631 -13.59657119787328 -5.002174860369045
-12.40630058955752 -13.13802447871402 -5.871628264651633
-15.903097994403 4.272594321412153 -9.478207211548604
-16.35414043886372 4.418085575786437 -8.603639366625622
18.35434707097999 -2.353799145185107 -4.310170899411549
18.54515783592689 -1.548820908470192 -3.83122364709305
18.72359543723844 -1.583487628672168 -2.81416787567235
18.70415186491875 -0.6976159603097466 -3.266195797250635
1.990139330146129 13.65887464598825 -13.05658794830352
-3.749131575350304 18.46016852236865 2.483181539167264
-3.697865734240344 18.31371702412215 3.454498193936391
-1.462460641567141 18.92567523652969 0.8246367159384518
-7.795393873158083 -13.45419994035671 -10.9186234630211
18.25426095445979 5.213035770796673 0.7785981369609032
18.01574265871734 5.844172955609459 1.509522745703169
10.40050319507094 -12.15380187878638 10.25254276657883
-3.909210424161011 8.534051422562406 16.51932323603759
-18.05793481288143 3.345939698790524 -4.86987451848428
-3.930099798328583 -18.27810732014509 -3.386016593053882
-3.548099832280113 -18.49747880475138 -2.500852944086728
3.030460265830734 16.98141840475414 -7.965408937392883
2.179642765688515 17.24767300145221 -7.665959395206737
-4.35304572025828 11.30441124047542 14.63766646236872
-10.10158971789898 16.08478930496607 0.4872762933766385
15.85795286373923 -6.044854408147809 -8.543129763483673
-13.900940594558 -12.49362251705218 3.41661337993871
-6.649762325837847 -4.744325832558822 17.15435902050504
-6.22131352351188 -5.637786294805271 17.04437220129489
10.835515195955 15.01771739844623 -4.249679350096143
11.63302850871286 14.43745619347557 -4.151205412521515
-7.70146835125075 16.92008087643249 -3.92406018935321
-11.7980135495348 -11.81265360184191 9.070175917141004
-12.09651014518091 -11.0411513540678 9.63158445345843
10.48587795519703 1.491317394842248 -15.77410333225169
-8.837039522902979 -0.9528264010009615 -16.79282151159257
-9.258909185566161 -1.804621786645915 -16.49290577492642
-9.652118552005629 -1.008848940716805 -16.3345900246331
-4.477440343877296 -18.28726493796877 -2.555086897848694
-14.25805140618188 12.48367501214634 -1.365953253148957
6.22840534953428 14.27640957900687 10.88076726772215
17.06004667956484 2.271449452461018 -8.049554315363254
-9.352469515631757 16.41271806185283 2.038136350028788
-1.369308085025302 -15.5180831517552 10.87722807812247
-2.336717005006297 -15.33940259454097 10.96551328853803
-8.171769120242947 15.54148223193316 7.258410258448453
-7.368543174865184 -15.00041678372016 -9.038366433976567
-7.048160402329708 -15.57412852205043 -8.292765263872287
3.345884865845927 4.322769053111549 18.19666788667542
-18.80757557490362 -1.23169873277739 2.399587303259354
-18.67714647393267 -2.15693121518947 2.740774949572822
-18.81156966651871 -1.999973489535576 1.767753580923538
-10.07302318256846 -15.89878142553608 2.600567850771695
12.13097225521966 -6.894004841447391 12.89620910923791
18.41418012496991 0.3134679137647783 4.671157050689157
9.248549357229113 -10.37841668545727 12.95194201229758
18.9078498428373 1.737144809424449 0.6895957017028097
18.92435026759891 1.66657432416695 -0.3024846628448661
18.81739186926191 2.482940331224225 -0.8606802833896636
18.88908504360714 1.590262798032978 -1.293650048726235
-18.25141739031362 0.9353375554135828 5.197201833870862
-11.93154853190099 -0.9060116881374978 -14.75863450498892
2.966630269872557 14.43689427798748 11.99062919316948
-12.1863542308286 9.913074572705408 10.68754990990673
-7.924969092395091 -9.792193719116154 14.22349489583642
8.389344502563537 -8.324128805197578 -14.87708904496397
8.445150151509685 -7.468303061605807 -15.29391670889002
9.175080943601918 -7.737273273511452 -14.72930724675666
-16.66788245185796 3.681765096451828 8.344237553281584
2.635809490722158 7.958335677753926 -17.0504369905527
-18.46905057879399 -2.359055148834575 3.785370460431366
-18.49563722206137 -3.076671679365019 3.073352424843473
-18.27313492374051 -3.2521242723348 4.064016212574177
-18.25433076902604 -4.011333967930145 3.41886062493325
-18.02740220645716 -4.131962961582289 4.351971021357529
-17.97268458991221 -4.90875219357771 3.726494402730037
-17.72067324769047 -5.02698853004832 4.65909068030983
-18.19279806937162 -4.739956818828063 2.748619246587904
-17.87798521590584 -5.652376630696752 3.070550935028649
-12.23602194728671 10.3762000105541 -10.17910802803935
11.73068979604363 -11.65011149573022 9.363002672543274
-16.45783167639498 -9.177220156347317 2.432777571703307
-16.90083306004104 -8.287552388509058 2.58424404504325
3.331330357154211 -1.374609895766561 -18.65509811515242
-2.976807598444022 2.075885345762171 18.65018274851739
-2.789802522040911 3.037213002618242 18.54703046486798
-2.238378092799797 2.470182756501813 18.70528964392573
7.652482328233821 17.25825349835001 -2.142941997058864
8.184162162449589 17.10263668487482 -1.23260217584695
9.338007467277791 -2.644534902053675 16.33426005954614
8.688176119803908 -3.368563349969417 16.55803057940503
-3.177787158394698 -2.458468391044205 -18.57034199863261
-3.576493580973125 -3.319279961983205 -18.3627632506449
-3.989177693018029 10.61774788264209 15.24302762689147
4.475010959674206 -18.30871293477891 2.401105491779803
15.42720168289104 -3.14443436656908 10.63550566497631
15.29720261556878 -2.246552045263324 11.04303382436904
15.52009056319093 -4.023957732493897 10.19482972282786
14.71110220016432 -2.157422223406742 11.82915894754446
-6.478504386497957 13.35373121396299 -11.86199155198474
1.248800006594553 13.9211994687264 12.87014778063801
-2.246036804063935 18.81581713340751 1.385764870733377
2.346207152214754 -16.83100750154109 -8.497793742022928
1.708268016227901 -16.45544885152568 -9.343448157910172
17.24444037137511 2.983601372563613 -7.397796910413585
18.82179848677345 -0.816222987563372 -2.464484075393062
18.79070964631558 0.1265906557409 -2.80948496948134
-11.97394934418805 8.704632858282089 11.91024365432271
-6.634218026596924 -0.04491721798801307 -17.80407632030105
7.19125576899197 -14.62895663869364 -9.761120229162277
6.443631982413117 17.84414252732661 -1.032562027035965
2.392163754513169 -18.50219985053215 3.598076328062193
-10.06361696192783 -14.27005360047145 7.48927125181551
2.213338405646176 3.900491688349524 -18.46313347433766
2.596206184794405 4.993781779185901 18.14722725343754
1.215691764455979 13.24300207006438 13.57000330530927
15.18652005948497 -11.11687388992745 -2.60475016043953
14.5696916386374 -11.82265543695623 -2.991471874183135
-4.341513437738478 18.0662995214097 -3.96989706071178
-3.464386732364451 18.15195478476718 -4.416396954575642
-15.61496753239012 -5.16074650007251 -9.515223829442577
13.52095322364109 9.142808244905481 -9.725887173980478
13.08321747097799 9.945454664046077 -9.535059104824699
6.864822494237975 13.53243506482539 -11.43448351867669
7.705344265539626 13.50873757149027 -10.9152040280575
7.823418904987154 14.05260227538762 -10.11526005235952
8.527759087160335 13.43624771309045 -10.3800083017224
8.620325513936276 13.97522737788151 -9.559445997038232
7.783974411258651 17.20565674251937 2.091678374767046
7.178249229493459 17.36363408558895 2.824349365969146
-11.47528727833427 -0.1971384094882814 -15.14195886691032
-11.15636345514127 -1.031245274062683 -15.34509979249115
-10.10148489675746 16.0245452220519 -1.474433215508441
-11.48468583708175 -12.51649701675668 8.511127636985306
-10.70911842668469 -13.05959763959777 8.704119255562551
0.8259154905481274 -10.9316240792981 15.51829431965326
1.862409292402769 -5.458363129792484 -18.10352737924004
1.829310188583071 -6.376662667343922 -17.80426346302617
16.19384346001905 6.123603307240691 7.826935321564184
11.24910055983498 5.644287519839299 -14.23375407220831
11.44692735131617 4.60174450207003 -14.44962981364429
6.887561772966643 -14.22868217806891 10.54068765778935
-11.48442541260673 10.64895959265988 -10.7567482324432
11.50069980374878 -7.599904645767867 13.07575441033093
-4.349334212993871 0.9218321856640771 -18.4725070665883
9.856191866980726 7.94975448900083 -14.16534099292615
9.378722983786997 8.802177004442482 -13.98432104808272
2.624457633655586 -17.25049440835642 -7.518820705164522
1.990874950029669 -17.60575700013997 -6.861030344297196
-11.80869006751081 -14.34454153117469 3.973533333177884
-12.18256457424944 -14.24516633812229 3.108111386914937
-12.67043646223107 -13.63475570919957 3.814901913157843
-12.99723401172858 -13.56994825081397 2.81574368765991
10.71370791974208 0.5429133541352855 -15.68189107538875
18.36577424110419 -1.446304843219925 -4.648283427812081
16.79285853193827 -8.52209465259833 2.524639589815333
15.63817935059069 3.036906372485484 -10.35492859866818
-10.87740145507862 9.593484807901502 -12.27384156756215
7.675663751415773 -13.33714735134016 -11.14471563135831
9.4999869829613 4.387893168803021 15.85864561880168
-16.14427513257864 -4.944451640668371 -8.712908723078353
5.869463070946273 -6.68012390588759 16.79063274152546
5.841642308672688 17.85320776174302 -2.852750909834923
16.62936336419284 6.039243690621612 6.927612124457327
-10.79467997043871 15.51211155485155 -1.961958064192615
4.441542480833781 14.60757014485224 -11.30891660833037
4.344604487097601 13.91421950684441 -12.18683336088755
-6.682811251106242 -10.2954760054618 -14.50321369914434
8.89862741976844 -9.533323319703086 -13.81774860554897
-10.85190294028835 7.240519915786527 13.81343816447084
4.451858766239225 -18.32929561672716 -2.284266998423251
1.04271504872396 -16.04658184032484 10.12027453031397
1.59982205154594 -15.56016197059045 10.78526443126816
2.571281156214447 -15.50536091094557 10.67578082563602
12.77643438540012 -13.91471214743308 2.035561408959131
13.27120795531358 -13.332550843974 2.667981896428411
5.48165784905723 9.46289334381345 -15.53721586351559
6.406284915135606 9.15813136433302 -15.36516005447798
-18.25524358073505 4.84828350957787 -2.059181589560954
-18.23751354048846 4.429797142312723 -2.961418095855108
-17.1397766310427 -7.09433532337153 -4.110774058194571
-17.77178590330587 -5.768817489374106 -3.447371546751288
-18.05323455515991 -4.814717697947796 -3.449523965049125
0.801501689933156 -5.657124174347842 18.12055576181491
-12.49377281509896 -11.25926101751549 8.83938245490884
-12.76869197010583 -10.47548366473127 9.392802955588021
18.91950241271293 0.0820751446399668 -1.745191143107799
12.28704952218827 -11.70475997444042 8.545584121640285
6.962587629849419 17.57606328700001 1.898518587751565
0.9792102896436632 -5.898677822214622 -18.03459861373048
15.08599999732853 -1.38850357711503 11.46667614860306
-17.39527186578016 4.848796879957009 -5.90708773699159
2.767998905292752 -18.60020926482989 2.714847576722183
-0.07554771508816802 -5.382922885423073 18.22137299306321
-5.201828737994386 -18.12489505833729 2.330055129140982
1.797991540620834 -11.05226542658207 15.34974447214789
-4.040764789815093 -18.48978649773898 -1.673324589378863
10.03855640626943 -2.061943051302777 15.99924298619566
-18.47793621800968 1.954846657086777 -3.967927377163395
15.63635342016537 -1.441190619352003 10.69707536284449
4.025703424711911 3.655319055264361 18.20528369843448
3.129065417106029 3.381908576864967 18.43289570287854
-0.647666870531076 -11.07389963348466 -15.42560451108237
-7.677770176923192 -12.53957393956589 12.03374133528343
-9.792633365832373 11.27500559369989 11.74642841992504
6.865988689772945 2.873003018655426 17.4815346284789
11.45228258243796 -9.253395378543729 12.0091589056159
10.71655720774957 -9.010558195845091 12.84387957792814
17.63356792613994 1.140876237140218 6.982527021482817
15.44263164476428 -9.524414175645113 -5.640094192023344
10.74433106691544 12.64874865844177 9.250324713224032
9.539185034734023 3.956218069938584 -15.94842586138826
-17.97299135919923 3.538703643678231 5.04471586160889
-18.02147935842571 2.618512387290678 5.419379541187476
2.096666522088825 -11.76019643198889 14.77503872672379
6.388321338737351 -14.8624718213323 9.964751970477559
11.48373274263724 9.912401828383656 11.43976277238029
12.1229107140134 9.170847481613054 11.39871011514244
12.99261327361568 2.380583341633725 -13.65740909820753
-8.003545527171461 -16.82451451815204 3.725448996159372
-8.430195018297162 -16.79098225261677 2.827494817994629
15.76602837067252 3.649525465480403 9.955566949800472
-16.79536294094263 -2.165233595749493 8.615541025254801
-14.40912557720266 -8.463405745541603 -9.041452498727052
-15.92108345175682 -9.054647286526421 -5.052965885378097
6.438952126582048 -17.16385434484262 -4.994196586099884
-2.606968169792085 -3.279341351111323 -18.53239426692035
1.009936154032246 17.50708072823726 7.313149344828273
1.804743259785071 17.67247040245876 6.739932613942023
1.689479956078222 18.01011611875549 5.81217471063574
-5.177555551382903 9.654454562438916 15.52367307096315
14.13814861815407 -10.34341735228589 7.357069465991153
14.76398548496738 -9.61024688431975 7.118137918170385
-18.22261001019626 5.254512500316419 -1.151773762643244
-6.810665462876729 14.19612841957914 10.63413249153853
16.09370248155034 7.650064235583096 6.593121993926156
6.858932713810838 -1.661241145110599 17.64072900662575
2.729610855463419 -7.689026057093436 -17.15890739152917
-15.34046485965298 -0.2946593345866181 -11.20639610964619
-16.38641768407154 -5.629498663727944 7.797054589922583
3.909628200453542 16.66387985723438 -8.248024941637643
3.956081433038876 16.17648372005947 -9.147174107330414
-16.45630397508122 -1.593919341420468 9.362130132228016
-15.96771844883435 -1.99419570547305 10.10223495208005
12.83860273629618 13.95655657872758 1.176778757602411
13.12477619859226 13.58444163777989 2.050169536067209
-17.78487734577404 6.685638249739101 -0.0194676500582975
-17.41539073085001 7.582560252740487 0.4571057923322591
-17.4317408964368 7.406055283594632 1.511540424809271
-17.10487028192301 8.198250568670545 1.100954246043071
-17.06279466555557 8.092505397433744 2.091027162328154
-16.69414077922396 8.915626901491446 1.67846971877769
-16.64511132487597 8.767032387007122 2.660716465099941
-16.97633021216514 7.957786194721699 3.078611928552478
-16.5382419312884 8.620617950239899 3.6292561191208
3.442001887835589 -18.55966842610376 -2.165948041210491
9.16851726613087 -15.77258936170638 5.306949780019286
-8.572391890024113 16.77057424923026 2.502386188201896
-9.291704876460253 16.29953454261259 2.998231842760603
6.719158567522202 8.306329948547193 -15.7117087208986
11.29360168091141 12.66480568530062 8.547353861078404
-16.83230864235666 -8.6556262051293 1.659373606372057
10.74772865887161 -15.52277993348419 2.128293168689466
-11.180928864765 -9.719628454779317 -11.89603515555116
-11.30101046443805 -10.39638465440147 -11.18938553274429
7.667643488235538 -11.45601423782354 13.07543426124362
-1.597497457601879 -18.79148393108929 2.308275014067558
-2.506187301715916 -18.68316546281838 2.378729387229333
3.291143473889323 8.541314686560153 16.64975429426595
2.360260340859766 8.229617768738319 16.96179714841063
9.211882920148021 -6.854029005015855 -15.13814716086109
9.936351615004826 -7.152482570997424 -14.52965621253886
7.060129018616793 13.12965257884996 11.77993214747792
1.931016286192306 -11.16777567712223 -15.24965450519903
2.67840123112948 -11.63104529110278 -14.78326595449733
-13.83479458171991 12.79388407797379 2.432075056609489
-13.65319746965927 12.74105855917535 3.500803571489596
-7.356894694436974 -11.41308874632414 13.28975190601745
3.790965553347783 2.738816380053251 18.41541378871739
-16.56045069099038 -6.168034132914739 6.979027714981143
-17.01142669590345 -5.720906888204255 6.23559028051079
-16.51973412037902 -9.046569913634881 -2.501590971702079
-16.01669410985903 -9.8917261930608 -2.572792784645097
-16.96845909573397 -8.179606847310833 -2.483027937786591
-10.27780593199318 -15.63608995350119 -3.29839297087307
-10.72705041928286 -15.48833532792421 -2.458019135795805
-1.415173565508611 -15.86930133433999 -10.35193503357708
-0.7698960704651914 -15.47446710702629 -10.99764191971368
-10.0628733550573 -1.843899402912481 -16.01057821666716
-1.914506096184828 -18.26655331985004 4.864945654449451
-1.36653148757954 -18.09360771817301 5.635064456980391
-11.84568673297998 -14.6715782309274 2.329055181372766
12.02091597107969 5.250359696891851 -13.74522834548393
-9.542900688875541 -14.18704144194907 8.286187396304678
-8.614753614250484 -13.41494225860572 -10.33563468607674
5.107388111514219 13.48214069239531 -12.375236120124
0.4126115344290322 18.99544767018611 0.05214912153885257
0.4190592855105654 18.96941745662381 -0.9927691935004155
-1.058048957679033 -14.921362020387 -11.71466977168827
-17.42978400390821 2.219746591064808 7.230169752402883
16.76121273767119 8.602940164926718 2.459912210063549
1.836146953993354 10.48840717495876 15.73600582408428
1.899500959109444 11.2929283950708 15.16118941145931
16.82906206781935 1.540806208741428 -8.683811728992511
9.486768459978041 5.806319950657595 15.40415115536593
0.2607406422488445 -2.812691518197071 18.78884724353631
-0.4623253998952526 -3.485199304236802 18.67189441471751
1.033740874767018 -2.227750887915613 18.8406078931978
-12.01288032963952 -2.547131127737296 -14.49837332957983
-12.37564490538334 -3.344037654482368 -14.0235810455555
-15.26966703161887 2.280903508514997 -11.07405742843768
-14.80949263899838 3.040609465060756 -11.5079807897144
-2.622044029973655 -14.032766773455 -12.53819531618075
-3.246049552295337 -13.47328860269952 -12.99744807769626
14.37776895097403 -11.76457139677206 -3.984296655955682
13.94759000412925 -12.43956624562963 -3.423729647227664
14.10814843420004 -12.4910401242664 -2.435993508313554
13.4645723259823 -13.09966188898025 -2.846778964512328
13.26370528870469 -13.06275764380542 -3.79980062024182
12.77400834867881 -13.68705364732025 -3.238714739408478
12.56560097689857 -13.625258629245 -4.178277082189569
11.96909660172379 -14.30473553044792 -3.621500785937344
11.95124791398107 -14.05504547744107 -4.541296062318151
12.98853493887453 -13.67526690291974 -2.29892045872486
14.32349094233641 7.390744077479514 -10.0605421924471
3.53208859874622 -17.95621563597 5.108685757134944
7.298130203504692 -13.58096372640622 11.1038155511847
-11.13618777344326 14.49483772200845 -5.185074858404032
-11.07189537864194 14.18082594526144 -6.108789424641119
-10.28017155693132 14.52358905286849 -6.662089295668343
18.25671928595454 4.962877811390719 1.74986992175452
-8.180580455628137 -8.958615754670836 14.62262996759332
-8.725887300452516 -9.38050158901865 14.03086172543298
-15.44780958322864 -10.84992021130472 2.1550894386616
-2.357237310886351 -0.7035599272948773 -18.84007525698531
7.622959873287316 4.58365705210665 16.78929929445909
13.49494928929555 -11.06459070480463 7.514065225594773
-7.919423608865211 -15.16631915668212 -8.2622934431673
-7.548360174882106 -15.72650404457411 -7.529895696903647
-4.894816720440716 -13.96138180696412 -11.92143394535511
12.24525129575652 13.79584614202091 4.552850747549281
12.76482635151493 13.56735716089582 3.739789818206233
17.11886481957803 7.715875362083869 -2.899954255811802
17.06905059807533 7.423394433944449 -3.813230488500094
17.69036019583751 6.252667790394627 -2.992541001304639
-17.99169843807712 4.210854307798431 -4.42351594456137
3.296315715388456 1.453636877631475 -18.65532745712262
1.081024565199139 18.8623220848938 2.011017517368617
-13.96144425832425 12.80133782706424 1.484528227781135
-14.53116568042046 12.20064243630872 0.9947603276735805
-2.355701247425256 10.90766463009909 -15.37769566450593
-2.680694416902563 11.58392712950502 -14.81980127064817
11.41738771545743 1.875269696984682 15.07072066354137
-7.149125565445369 15.45691030349041 8.424602514026848
-10.50342393443063 14.01133894401586 7.372955082565914
-3.846259426841705 6.381462099024804 -17.47807855286562
16.3316357523812 -5.34349859874659 -8.107076931714495
-9.432845123760863 7.46381530717351 14.70757947221579
5.49118866374563 13.54009621597406 12.14547823353681
13.52001835621648 6.069560084356339 11.88989251549221
2.135862108695987 -15.03765219298185 11.4152139522457
17.6622828539496 -6.251147720696898 3.157042375563554
17.8219909629669 -6.208212933148301 2.198802013055335
-3.30490305608465 -18.26336040075337 4.065376078799591
-3.831259775287122 -18.32582031671927 3.238172054351954
10.62543428033517 3.038611914518436 -15.45532218969326
-13.64271908526 2.860854846072669 -12.91091497572441
-4.523303481987942 11.56944480313692 -14.37663634363072
-5.373414105634448 11.54207129421748 -14.10343968996817
6.757120411396924 4.392780690853123 17.20595250336206
-9.082058902829425 15.63965432678143 5.823866295196312
2.963397567014172 -17.53646295987592 -6.685113440826159
2.321149807721421 -17.87251337513263 -6.015440900367996
-4.143769296607485 0.7079713053297367 18.52911095134688
-4.963818646792528 0.5523910041862707 18.3318130205457
-5.662724563799185 1.013799144410435 18.10816837256982
-10.52151679002544 9.049303070055904 -12.9772030262106
8.392850379795577 16.99480037059288 1.317885756073438
1.017970529674452 -7.712284934552488 -17.33448577515321
-2.220880877194719 18.86501639445956 0.4229001845386845
-7.645842396410142 -14.42860135515092 -9.713730333059194
11.40409528013013 13.37292255457897 7.218833229196165
-18.49630101492576 4.341458841954248 0.1964278210278706
-9.242650388706885 -15.82014691016787 -5.029549237540325
17.99730874718135 5.565974630842435 2.473217391869997
17.73040891779983 6.450482688055413 2.241399718635988
17.69786576140369 6.139558632806501 3.176691248085988
12.96057621417732 6.839630722566723 12.09309372226241
12.88638641737277 7.797960758441208 11.58157386161146
-0.5875381307621402 -18.84744056681501 2.329974897992789
-16.26335848318383 9.575052100012355 2.195802388536243
-16.29724475482921 9.686227534706948 1.255710773656416
11.9642687596574 12.03434649585628 8.545804670384042
13.94543119088791 -11.05642103301604 6.654359686768614
-14.61707651381288 0.6104861196184714 12.12305163261681
-14.05413785259244 1.141186520424294 12.7349480778655
-15.15604708516091 0.06780199753897617 11.4581691225743
-14.0503777858348 2.127003828881192 12.61200772229564
18.6332409899579 0.1896347895409968 -3.710305763242201
18.70555853950795 1.022478882090682 -3.171216905340875
-4.491714950684562 -7.361901274003008 -16.9300592566485
-5.0753723816879 -6.674583217249652 -17.04964908915163
-4.167279452508271 -6.572562331117142 -17.33306684831863
-4.743222748015646 -5.835019396571001 -17.44862133821315
-3.843733363557685 -5.725647993949895 -17.70431215493138
-4.400806902027956 -4.978243032655279 -17.80028075393426
15.55953751593502 -10.73655382297674 1.904522065121424
15.02277544943795 -11.3906412018091 2.359981103189894
1.602730390124554 5.762149275599364 -18.03410355471768
10.18259932421529 -13.53592115883409 -8.607758673680264
9.828389573132844 -14.18574349304361 -7.947794659419965
-8.987850170350304 14.76999879047376 7.87817777438017
-17.58050355364916 -2.624708232435989 -6.710946393371941
18.69997345134452 1.021764829962429 3.204214342278334
18.84464364893189 0.9721939128312116 2.221315992970136
-18.91442890111582 0.6096479555098128 1.6949066980153
-18.97180534810565 0.7508404474979288 0.7119272827972126
-18.92330957038929 1.671483376769355 0.3383758626095258
-10.75094269190864 -0.2066628097399241 -15.66443493134581
1.31971936704006 -18.85285715455055 -1.956557666508103
9.98415219406048 0.9158376653328313 -16.13932917864293
1.483465064818459 -10.36073311270366 15.85731820859975
10.96719042851699 6.3956705864085 -14.13563340833351
-5.745793775997116 -18.04510620195244 1.536227861995279
12.3281146413587 7.431612109414132 12.40115844769054
-9.251161229809403 -12.69869485066878 -10.68452923575342
-9.013497735878103 -11.38038534978165 -12.25739319169437
4.764460416358321 3.482928702681289 -18.06015295043188
5.420322526456668 2.744453170810552 -18.00244651436061
2.8374653062055 13.1848863190394 -13.38310738917117
-0.05480023453387428 16.59435641137537 9.253341678903917
-0.1966248246638263 17.05058516743995 8.380864163450125
17.30418730704583 6.141907619852385 4.882834466974384
3.992127187598179 -18.51301324796589 -1.526846750227078
17.03357331796366 6.162112214709614 5.734610106614322
0.1436860807813698 15.5342797282361 10.93917307821311
0.2741974227959274 14.94260493491361 11.73215127469927
-0.5826726091294229 18.9873667620354 0.3746946417068567
5.380428430436261 -18.08775821160998 2.209975742692396
-7.131808962489215 -17.48323068886203 2.115170348362418
-8.790285111082165 -9.866008577579834 -13.6525734721703
-8.591069460517586 -9.122109598856298 -14.28217917514746
-18.32976408849834 -0.7655292093827344 4.943046984358767
-18.02379042559532 -2.993691984704897 -5.213519635997577
-18.11429863532653 -3.61578947635267 -4.449522605056035
-15.86756307724306 5.186811063233804 -9.072895512681056
-16.30595243969312 5.316534809546657 -8.176207718334012
-15.82138367512426 6.056352448959 -8.602581799582028
8.536130380333587 -14.46743427135013 -8.878503462527325
0.9159045782382214 10.9038640137636 15.53276756965459
1.085583194570707 11.7426580246017 14.89736525849195
-16.8469831968169 -3.25491861927091 -8.159942521126768
-13.72578237456321 -12.87634660675457 2.608178726400871
17.10704247865931 -6.911334719613142 4.536799535665611
16.88168292451576 -6.77945592039856 5.481583626971855
16.42000086164359 -7.493290273790874 5.935837984340094
17.22093294586334 -7.793508793184915 1.923717537641161
-13.91039497221407 12.93446722150699 0.4477381073380918
8.595677115098502 -10.28270024362265 13.46775447625827
-10.7969518131707 15.35505147300368 -2.940786596384947
18.95831761748923 0.8871997653112015 -0.8916668048263493
10.11797884779664 -2.992378384763005 15.80101818358371
-7.296123064365629 -9.664373310766027 -14.64125939732594
18.44143715276955 4.573107563473321 -0.00910787319552539
18.69419824729861 3.368004425970115 -0.4283667556468331
-16.85535383259099 1.762433245755301 8.590161595244675
16.6071487424721 2.515813116074051 -8.881063844517563
2.22980462222672 -18.77344655021602 1.893588121233982
16.08021182586732 -10.01469935922221 1.460337077400619
1.951159532328684 18.85926467790432 -1.233333810512511
-5.712788456934911 -4.916099283492378 17.44121600924537
-5.323541680840261 -5.820853104321694 17.28518362963683
-5.802978688448285 -6.524200907066004 16.87484046933938
-4.881332544273365 -6.602419150541601 17.13419545682783
2.775897769898841 -11.13360473278746 15.14388448269212
16.4718949493069 9.449478837894929 0.6196986938614945
-5.404542259182325 0.9953352657014763 -18.18791441253129
0.1495802588445197 -8.224474561145218 -17.12704422658035
0.1133821395007672 -9.039461270546592 -16.71153148064923
-3.207982292408781 -6.511302273451038 -17.55880953582398
15.30353571658888 4.53847922027638 10.30553254025275
-14.09640128564323 -12.61381799765418 1.784114995220719
18.72309974135448 2.512556762480327 -2.032878400349101
2.162707165388858 14.98065442805273 11.48488966529673
-8.772195448941014 7.121338487142051 15.27531096760809
-8.706800363122454 6.167950257300068 15.72094199023083
16.74483241221851 -8.129457448712579 -3.810840993309501
1.756207453337937 -4.617004249937592 -18.34663476327194
-12.29766336698357 -10.23495987744342 10.24758859534641
-13.0065144367908 -9.668792409766427 9.916906551056918
-11.75901934799649 -10.01630927447185 11.0634087193583
6.696578666430543 -6.945656705863243 16.36806913134852
7.487609890997664 -6.33404967372178 16.27315313180144
-11.45317084107168 -14.30436793560302 5.020949675919631
10.4497198343771 4.117117751246816 15.32490446317347
14.65721766862968 6.464851006854672 -10.21624547833401
-2.789346621945391 6.434130344981391 17.65846856685006
-3.073227900968534 5.520500297359149 17.91868708180278
-2.558741774161519 7.342308626316877 17.33618598680441
2.842864486483295 -10.80006201730615 -15.37129734062265
3.585728484987795 -11.33333692584955 -14.82221391550946
3.393197350905441 -12.08968288461607 -14.2592348843558
4.308084608139494 -11.76260568734955 -14.28571014871307
4.076623209116285 -12.51304567332467 -13.70419027845809
4.551841459900567 -10.94850500127576 -14.84624456086353
5.236909492864262 -11.39379842626226 -14.27431737020204
15.89873087794336 5.345332267608175 8.925120694959659
17.46007222153026 4.710552793483157 -5.827226647278734
17.27178719578837 4.242516182525288 -6.684790460770777
17.55352606173564 5.231259042776396 -5.050510036356505
17.29723777213597 6.136983258759808 -4.913552883188962
15.74113138721808 -10.40809650006318 -2.210952259934697
-9.230598052726741 15.8879855643193 4.834043265939881
6.757997851640035 17.56447168133542 -2.611283131488186
6.511835074453393 17.51855284220553 -3.419986882719157
-18.06543059420793 -5.500779619442492 2.093236972772613
-17.73546230543425 -6.37546781731933 2.409727561955155
-17.52723474593187 -6.491709450545371 3.413759008878417
-18.35448161803189 -4.576183893621821 1.780883349657093
-9.974122362044648 -10.08304161498853 12.64314655840746
-10.39276253046251 -10.54529769564063 11.90744235743893
-1.693167226161804 0.1411574819733309 -18.92388066199781
-2.35041932130818 1.006165347470763 -18.82719204521933
-1.335071096877989 1.155889772036724 -18.91775631519716
5.176472346665382 1.780458490114493 -18.19434257150249
-18.28096548727688 3.431966201301273 -3.876584688371637
9.632025076060536 -12.70571403698926 10.33387264022521
1.087915234291249 13.99415051730687 -12.80547506896785
1.328332424026299 6.683297063633333 -17.73609521091129
5.512773638526238 -10.6053076696022 -14.76945415523021
4.76016393441078 16.23922300532947 -8.638777430904973
3.315386856017351 -18.31989484890504 -3.793370891438127
-16.23631455579631 6.165817738064371 -7.704854396171783
-8.784133696457721 -15.75020896864472 -5.980795318916984
-7.816440212014998 -16.26116858735972 -5.956312498976231
-15.70575394943611 6.983026593442579 -8.097322549771985
16.68008152031173 5.306064765223962 7.39057218238236
-3.223545360519544 7.131545506806535 -17.31328432138226
4.868255414743286 3.924931621831513 17.94143252309496
-17.99515235640011 5.388427552072286 -2.852952888853234
2.630136768497511 17.79982862522915 6.103153405533106
2.807844930004147 17.43633092096774 7.006452088150918
2.486493977744027 18.10629699102915 5.194165666523483
1.56478375782568 18.29684958820096 4.876140578161712
7.543788381355164 -9.714595731357129 -14.48163963899215
-7.924467029737754 -3.60324923209351 16.88844034438991
-8.767420118617245 -3.412116007975411 16.50726533414252
-9.844275569663388 -9.413243380768558 13.24692747632241
-12.91345400628938 2.661756784943482 -13.68056126207021
-9.157838276129695 -12.04180959780962 -11.49473008462374
-9.949570737976318 -11.90432501936414 -10.9678205657891
-15.41149365849254 5.019387781243843 -9.914212501038302
-17.87237939997651 -4.614218939732079 -4.50411347098551
-3.43920197390277 -4.883779091050104 -18.0366457960599
11.69135435956508 13.99573947039508 5.332120583398662
-3.693484234161059 15.84131846070023 -9.818900327362627
-3.026296362047366 15.56069657446694 -10.47407525495362
-4.245116469172885 16.12360569829244 -9.110890486069335
-2.900915524011132 6.293567892473559 -17.691119023549
-2.64737740468837 7.879120391818833 -17.08539887530783
4.243374435293054 13.35622038035421 -12.8298538788761
3.152359745834698 15.01022796780657 11.21408419744201
3.949613590613976 4.257604949884608 -18.09069795711474
-11.33939081890588 13.51447255037814 7.055299252419327
-7.00271294410073 0.7606920797271849 -17.64605788787865
-18.28047777580382 -4.864637543010934 -1.777479637990633
12.64485152933801 -5.265985125492424 13.16727498228433
9.168181604649359 16.02539010763353 -4.486793728524934
-7.58078932611624 16.71874065850596 -4.900545274422201
17.20183273381349 7.762331145961959 2.200719377460816
6.607047858679792 -10.38656015199604 -14.47295017617634
-17.33455903188285 -7.285576276265395 2.726433841648716
-4.912970606522718 15.66246282110093 9.568175280432254
-4.446470850188629 15.30920877398121 10.33716710192302
-4.922820953071986 14.70245101685509 10.9819746840435
-5.369579199877656 15.98925167135332 8.747082382507109
12.33853093017697 4.284977453961112 -13.79853697694474
-0.5194438057124584 15.17781978153857 11.41770400789246
-6.804874878139348 17.18105073934296 -4.416466164818964
-6.750420849942011 17.42753911371744 -3.422382034273329
-5.949194905823108 17.79212545033034 -3.007881635343374
-6.857979259964008 17.56543287028317 -2.328881394463667
-5.996578026620062 17.92326056796692 -1.948790030613793
16.35686150359478 9.660054468314497 -0.3693635355801907
-4.839164678530135 1.771164988630431 -18.28785005945521
4.428866882815151 9.812719796419305 -15.65553155696938
2.316757424356051 18.37678234216961 4.233970451622744
3.041284945238779 18.4218189225336 3.519541655847645
10.93396368990068 -2.525781570396345 15.33195569673288
4.857724077139405 18.10889016453502 -3.077436238037611
3.892892094809463 17.04589316237634 -7.435248310246376
-4.000946946274023 14.90339601922331 11.08517977424359
-4.434451353921997 14.262911889199 11.7432953480122
-3.988549238294747 13.78781838638227 12.44939914685995
-9.223496571716501 -2.585038953430727 16.40867711306367
-9.990862664777955 -2.762742508439772 15.92325083158605
-10.63757694730786 -2.153641208922352 15.59499234476683
-10.71142897966661 -3.090798833768782 15.38545585228893
-10.02631682653773 -3.712012668384392 15.70649333376614
-10.70714967905056 -4.033171292203359 15.16873346981066
-11.41889627878448 -3.407414682676247 14.79859226259864
-1.924149182535144 10.0994636595199 -15.97806257696428
-2.558346753120145 9.382786410839943 -16.32232155850867
1.224089478283747 14.63495180878398 12.05486584345614
-13.5055074871477 1.699299837465843 13.25570245505632
-13.48473925670258 0.8756581777091946 13.35646023220805
2.355099515347252 8.844562790552247 -16.65014160050267
2.964813007885573 9.433611992180372 -16.22395909170333
12.20339395787084 -14.49068933233581 1.448136244533191
12.96407032600986 -13.85032637164463 1.04944746471469
-10.68600242016429 -14.22624783468943 6.665075004997099
-14.85254554285911 3.978915322642115 -11.16109868035131
-0.09273051336768356 16.07464341052489 10.12902958216429
-16.67603590638275 2.727216981527318 8.687468790430399
1.905431634153477 4.897052499359829 -18.25892130182068
8.295881851848646 -13.60417648363952 -10.34914134129773
-2.130660869832937 5.798988716521071 17.96752665570373
-2.396990341631902 4.887781793413568 18.20340700094623
-6.65057529353516 17.73954756876714 -1.441631131901526
-17.23919922867145 -7.793126888906441 1.75419019709297
-7.06557463073909 13.64578896900886 -11.17452900800442
-7.327341236832833 12.93302871330092 -11.83413869700466
3.119393021136672 -14.95481591883225 11.29702916759648
3.549407936017509 -15.41334620829134 10.52760475925491
4.094044144869873 -14.84222462691582 11.13315636574059
2.097092157412105 18.59117249245051 3.312175997629372
-17.74205488990661 -4.263061608157304 5.295827981401616
16.62258342862348 -6.655015481257276 6.356137907776874
16.06971248336143 -7.304174619678975 7.029464689955788
15.87497153970394 -8.214432050898916 6.44270010901908
-1.958415066932207 1.926720333111635 -18.80032869881766
0.2201428201690693 11.47120203770302 15.14473707097374
3.847850953586894 17.14602831462674 7.225493483008527
7.311641086415168 17.49038175201095 -1.275323799028353
11.08429364517878 3.708109325633245 -14.97959811265313
-11.52310424011372 14.9131444880618 -2.411677870210965
0.3765134182420162 13.6176266867159 13.24456420827529
-17.91144801028104 -6.170407833234371 1.451239934180193
-17.37402326336685 -7.247895309590229 -2.571250517784545
-4.347774917415693 -5.784067913826783 17.56819318073804
12.87523532906858 9.098336615431352 10.60417776413644
-18.91471468145503 -1.56239044665204 0.8902272807323609
-0.1121362557451307 -15.04311469636411 -11.60569367561378
0.2160778764717966 -15.59742813943191 -10.84774381088331
-0.3844625973211859 -14.48925009570322 -12.28469861964165
11.54412537910049 -12.34639493275631 8.677540054417346
12.11607932188253 -12.32845372646992 7.887322142536122
-0.3271034197172901 1.430396480671448 -18.94325656429992
15.62672377590108 -10.767848325805 0.9267936470144986
-10.72522767389905 15.18733958747615 -3.913337143373874
5.160293797566615 10.24113635720564 -15.14894366072817
6.068031203304515 2.046434971860617 -17.88829508985327
5.852018027182895 1.098756653819443 -18.04291048653775
6.637059529824478 0.4481403288913302 -17.79743270933162
9.860621575550486 -8.041208756332773 -14.11053166542159
-8.115225525346037 -11.54394332965502 -12.72322628402425
-7.636841607986733 17.14817196698781 -2.935787534058982
7.46083028164379 3.603053155964955 17.09836306386661
1.596864075303673 8.791158200589219 16.76799220590281
1.489365295962584 7.921374360518832 17.20562754611692
0.739256009596076 9.369891104501699 16.51237842474718
0.2999807985579667 14.28590199653989 12.52289965086977
-18.80642935367626 -2.55465230172611 0.8899250431745219
11.14754501901215 14.52096420949216 -5.086633314457129
11.97859095346511 13.91227260278463 -4.895102633793488
12.36614367015475 13.84795542131754 -4.038888631578461
1.687957942646368 8.258905129014563 -17.02766231911456
-6.67981142534332 12.6304725648698 -12.52402819023992
-6.814957755197065 11.96674367040742 -13.090202317827
-11.72569686799263 14.26430595031704 -4.476338762392516
-16.33754812440836 -9.547602226400192 -1.711085330741587
-1.533135566399892 5.148976128147187 18.22464101613006
-14.71619580448553 -11.89306860142907 -1.728727938613971
16.94302079617259 8.428835771978685 -1.69963932334945
18.80215088009855 1.508419503018841 -2.28118234363714
3.457867554380321 17.88337127607864 5.406309626564995
-7.399188424103339 16.48757168865917 -5.866173409978596
10.22618400369046 -12.84017647491682 9.568439204784557
-3.129929558021473 -18.67074769701902 -1.614534420841689
-5.10264359751545 15.89132060854692 -9.079039466436219
-16.93116947879729 -7.891447707929417 3.472830711862959
18.12729913102007 -2.198805957592079 -5.250359851988861
-17.54143762904644 -7.245719595513944 -0.8930360851941503
-17.13479367699275 -8.163142327785572 -0.8728991827265593
-3.631574370315013 7.917465963362211 -16.88565664437934
12.63372605245273 -4.293902543810887 13.52595161073082
13.2351917070567 -3.546846854767434 13.16243054554454
12.00604058214267 -5.97271832139781 13.46037240915653
-16.68664834412838 5.424320424951444 -7.289205372799717
4.289403439593721 1.531156934624907 -18.44604501170784
11.80787301855973 0.8344118948980939 14.86196122882918
11.84868165688272 -0.1987510652303758 14.85157368792684
17.39711433370372 7.045392903793187 2.950059608079331
17.3765828965111 6.695605707467553 3.771369916993822
11.40728756203177 -14.94703019206098 -2.731314503079602
-7.962540888454604 0.9202133559635984 -17.22646655525139
-15.98486186841756 -4.278828639269333 -9.336799051247638
-6.730256847785329 14.36158868663258 -10.46175956322958
-1.054861700338844 16.31920029035981 9.673208809711415
-8.034455963680173 15.16096136287788 8.160439199026499
-9.116487019397635 15.18884922238952 6.869390345923828
-8.284118520285688 16.22326372384386 -5.401767718855718
-8.15882081304388 15.93960633146499 -6.353156139948328
-1.667687005163416 2.887096691156664 -18.70517288743201
4.21003277178654 -7.025455782850562 17.14405422015735
-8.739997373501637 -10.69052627512113 -13.05086563688897
1.46534441024522 -18.91690189822103 -1.001792559587407
0.2556262531043403 -18.89863515167315 -1.943256190693269
-0.7342754465555078 -18.85282515263142 -2.243172604347154
-0.5988710444080255 -18.94435097462685 -1.323978709165778
-1.340533111949347 -18.87767363189023 -1.684164250779512
-7.139506308143982 -14.08637537220105 -10.56416009673368
-6.416018481377763 -13.86704080328674 -11.29335584344174
12.29809080531928 -14.45844803363686 -0.8427591605813968
-18.4675788916153 -4.399274877677174 0.7713043709220966
-5.870245425840616 -17.98807796210197 -1.723156948666793
-18.88664607791707 1.914872797852099 -0.7923774956079632
-12.32762080508811 -14.432215530706 -0.86076719338467
8.351653011388359 12.88593098035795 -11.18940010665536
9.17541738989868 12.77810801402354 -10.65512418055709
1.732327592585591 9.658865585729993 16.26976818239176
-7.333996756552068 -2.869339371293179 17.29102030382333
8.290333472732733 -6.632739435249055 15.75681244716009
-10.68209152067241 -14.88045389347391 5.046287018013905
-3.021644021561783 -12.82937693101542 -13.68490975377219
18.11281643503369 -3.122684118668329 -4.81401336576769
17.8480813007641 -3.004931119495983 -5.78069051657322
17.47913219762439 -3.830718871893339 -6.387920674404984
17.58503700321858 -2.616443828087715 -6.70229030182184
17.43349595905661 -4.738383234914934 -5.883956404039195
17.08174775028731 -4.758850154247144 -6.824019270560169
17.26406964106936 -3.356722863206967 -7.189180137396114
14.43806381395619 -12.32156121686056 0.8493777035492601
14.10024215871254 -12.61934615017914 1.713264079943449
18.81824474088376 -2.476437907711567 0.8607671935256548
18.71422492306625 -2.843381896040998 1.641025570231088
18.49911930814809 -3.950070782038684 1.783122441053022
17.85006576046709 -6.451368145505658 0.8689081643966783
-15.64350546345639 -10.7514834308146 0.8284569100016289
-13.0574836770191 -13.77523889562724 0.8630836534068624
-12.51954596883629 -14.19829506094604 1.633825601620455
18.45961775771915 -4.431762124365969 -0.7758844707396096
18.49689452114595 -4.007214304388521 -1.675448176550123
18.6738056977304 -3.031818168023061 -1.759846402234214
18.81385328557281 -2.47923997022206 -0.9446129995900254
18.82195615563448 -1.907150582758502 -1.759756554202093
-9.91815142056188 -16.18299577450296 0.8607671933952245
-9.492316928647474 -16.36813950417617 1.726246940023421
-8.605103494436708 -16.8377905656152 1.854993994198549
-9.25879806798773 -16.36989591720776 2.702066985848304
6.336782001769922 -17.89145812114896 0.8607671933905438
6.801112845892099 -17.65892458430501 1.70506497919271
7.699909436756244 -17.28456196943219 1.719102146648182
7.197066162575227 -17.39351024572867 2.582254825389315
8.102253679662835 -16.99073883548091 2.582301131717748
8.595494259887378 -16.85775207057597 1.712796997672134
9.066947875876377 -16.47369634325764 2.721724638217583
8.45696169559908 -16.67204625238818 3.394506243535174
6.282306247501008 -17.7626829307489 2.453512444291115
7.573729529014464 -17.0814134798194 3.444406269994652
15.64154595221546 -10.75281878736352 -0.8478964269616787
6.346730000493137 -17.88864471115265 -0.8458183605188141
6.79966811195995 -17.66020796848855 -1.697518211074199
7.692654763330605 -17.28734040548687 -1.723636967875744
7.207589456674854 -17.39392264946375 -2.549923349534513
8.16934173157181 -17.1322727334174 -0.8643417498894234
-1.489582009355036 -18.9219674157993 0.8604037150289165
-10.76436166659792 -15.6334464062255 -0.8508063083642252
13.06597013933666 -13.76865965034751 -0.8393067084534351
-15.06295245683326 -11.54883778480412 -0.8554584171433594
-9.068200980861208 -16.67454661449575 -0.8527755693711266
16.18489418602087 -9.918115913154995 -0.824728391974857
9.050643884876282 -16.68403881073936 -0.8536358889445563
9.451613408826638 -16.39341254175245 -1.709686873670698
8.576081400923181 -16.86740920157271 -1.715031962221042
-3.459888811371282 -18.66248337866756 0.8607459287763425
-3.886696311685445 -18.52680066132858 1.628265652811564
0.5129135584417431 -18.97212020218993 0.8919499510753646
0.8104792558793082 -18.89380645280932 1.83499348760973
2.562403134684331 -18.80300082753553 0.9387491971011774
18.94808272393382 -0.73564962568847 1.19539981394726
18.87599161803687 -1.127053745037576 1.851132164811158
18.91279664077473 -0.01871358118784533 1.818178491397136
18.94042289072894 0.923342188908514 1.186515875381652
14.43354325235481 -12.32606624277168 -0.8607671933846623
14.70246080747037 -11.90187493844292 -1.784101778055803
15.38144697289191 -11.03579724858148 -1.619341875057772
17.87515712740702 -6.385416491337366 -0.839770148711343
4.431901823919391 -18.45582092625335 0.8607671933856574
18.97401467608992 -0.495829517408745 -0.860767193374978
18.91772261457237 -0.6983850846915413 -1.622353029268741
10.75151149747355 -15.6417416024708 0.8607671933969477
-11.55540242871081 -15.05761450394229 0.8607671933867976
-11.23672819483536 -15.23330432301823 1.637796958632626
9.058654380561189 -16.6795770100229 0.8558572195495953
17.13195288713505 -8.170389838421196 0.8607671933853569
-17.13333236243558 -8.172180330468048 0.8151017142838555
-11.5641185955139 -10.8351335955458 10.4819388032732
-7.465430384446277 -16.70356647204443 -5.124277147947764
16.54713912222129 -8.988606596377204 -2.529256476796653
-8.171397634047896 -17.13169140526834 0.8563937767938655
18.45692510517314 -4.43111567568962 0.8409099420789031
-17.7018611349002 4.895128688134409 -4.86639779378065
-11.40140214102766 -4.34825711007943 14.56367705365694
-12.06005496822443 -3.736734289314032 14.19830592058327
-12.05393424916127 -4.829700334142517 13.86999148519135
-12.78933516012346 -3.926194282474782 13.49140113621607
-12.72120139621991 -4.878923295882752 13.24262596729611
-11.79176079634634 -5.673634392512788 13.77549455017298
-11.99523745139109 -2.770828066674692 14.47193111888225
16.66445420263933 9.064989406988738 -1.059213472024559
-8.124113010676925 -16.9815435586761 -2.574095210852961
-4.18539574647775 -10.88192310554633 -15.00220690333069
-5.781480066407901 -17.77218416205805 -3.424026628345795
-3.630928465751468 -9.345445252519911 -16.13936217787893
-4.518646643078484 -9.499389189682189 -15.82224502205501
-5.794113561259777 -12.98581451425566 -12.6014629881047
-6.02857649574983 -10.98287621366257 -14.28400138302492
-3.299262529236529 -8.532134338132751 -16.65285412171835
-4.683001233660945 -17.6978450375827 -5.084857959789979
-4.110925004657247 -17.59033305476744 -5.889013383279047
-9.777585046867282 -15.75800164862399 -4.133305540755599
-6.923220824313767 -16.66724513923404 -5.939019522317412
-17.3161608372519 1.347545815418108 7.702901669745797
16.20293011881461 -8.313862959946599 5.417078386735644
18.34055279725454 2.797562099387755 4.098508190938235
-17.9543502615701 0.06506322858171076 6.21587270310005
18.75933215206408 -1.268514875901811 2.734653034326427
18.74370868744598 -2.158270848502033 2.239475738798763
16.07115740053923 -4.857281747649723 8.895207351773308
16.4847301967176 -4.02454317961714 8.547322536141021
-14.28677943755186 -9.616397175478415 8.025760940010366
-15.54732027753905 3.380668771353283 10.38517745857141
-15.93619223411151 3.857778290550525 9.599756441618775
-15.02132741377769 4.008335086716174 10.92213223508538
-14.49983917361456 3.525030818759817 11.76132737687827
-14.36889909369438 4.495895881145977 11.58972213045349
-14.61983135970883 2.543944477683939 11.86544889619165
-8.260587971657889 -12.85207842215754 11.29543122652754
-18.02425664292088 -3.362279550477578 4.982092802684704
-7.915396762710143 -15.79375848967156 6.993117106041152
-15.87426255806787 -7.949660661887094 6.768359003360359
-15.72648862765772 -7.456999800018833 7.620413993128682
-15.62892706810969 10.4985945574054 -2.55267526703375
-15.69839328656283 10.12451049580546 -3.47199300700966
-15.0204610583769 11.53850215492537 1.49957247726336
-15.09501452044439 11.53241246663257 0.3794724325044183
-13.78908548775245 7.9062319748703 10.40925633131364
-13.14065175157861 8.495894650878117 10.77696829469747
-14.24922129249492 8.157064501927346 9.56148478369893
-13.57760633337101 8.785954168585191 9.972743634703745
-13.34268351346468 9.613017706114437 9.516442993127638
-15.53476279750528 9.963531201549502 4.516546337744749
-15.88964730041661 9.138802226157154 5.000140251987763
-18.80581547473234 0.4662230503453712 2.669071073921438
17.80406120145489 -5.704075579563312 -3.388056451341716
17.93030860041967 -5.802426193835594 -2.415757388233998
18.22782456595871 -5.008990133364126 -1.91217923754362
16.82135117301012 -1.10946468564205 -8.764201779145907
16.69898677773597 -0.1602862375470751 -9.061906472649799
16.44350728158114 -1.819276882462108 -9.343516463598011
-10.12939339122323 10.46220642948517 12.20400041595716
16.45580742467838 7.077874997676589 -6.333252522927266
12.72104677087932 -6.155872617490163 12.69961422131931
12.95162156685592 -0.2382975171925487 -13.89959398983483
12.41379984583689 -0.9407989294398706 -14.35313452740777
11.67913924709646 -0.6808016695710588 -14.97111270192167
11.84154258337817 -1.640837348135062 -14.76771891806607
11.07981616855102 -1.312575419026418 -15.37903831325233
12.55967060839367 -1.899055792308549 -14.12969431043543
13.98660999399357 -8.022100066317359 10.05090301425251
15.64842255143645 10.70284990750864 1.255338802490078
14.55363858234934 -5.597354519685843 10.85639103916698
-8.944215298849656 -5.060735718088888 15.9809250883509
16.27908337353546 9.421714766984147 2.687514719415383
12.09043271532156 -9.380096451109866 11.26211469148482
15.37301437056997 -9.809205316537449 5.333846662612516
15.67266591373523 -8.989405422139001 5.878616615570351
13.80088685875596 -3.751291807650341 12.50853035674745
14.27714130216099 -2.961874160667225 12.18156548619678
14.0101604900469 -2.218424233175717 12.64096503297068
14.48166495460493 -1.270611882532201 12.23384345112097
14.60375930605348 -0.2689750572737721 12.15145532639696
-11.61434953800563 6.682906666650118 13.47017606766414
18.84001601578196 1.806379595020938 1.67056555805844
9.948837225884994 -10.55098746461524 12.27588291628659
-13.63314485609739 9.688757588244307 -9.014728932635943
-14.07559029444091 8.827247304370047 -9.217237269948777
-13.40351453921331 9.1916621239373 -9.841704394893901
-18.57754952665058 3.080484112698805 2.526909419875409
-15.61688037802382 5.975198877607007 9.022751555459045
-15.70417303154238 4.927123538724503 9.492228559696816
-7.738777420182138 13.88097916798023 10.41296026012671
-8.166121192458494 13.18441192341352 10.97659997011059
-7.662192076203828 12.80682829331555 11.75907996625976
12.8653181873785 1.807405872848348 13.86422994429555
12.38732942558298 2.654701997216883 14.16003626436242
12.73516982250255 14.02533320426312 -1.451026568128496
13.16706160412656 13.52348408506414 -2.178041990906737
13.10032341165419 13.75288867727543 -0.4894686307970467
-5.284743839956698 17.69987346040552 4.44814141318282
-5.785008565439472 -16.45162490496952 -7.541731491108558
-6.13468230211975 -15.94155991451559 -8.320597367014484
-6.695361798134769 -16.10425136426496 -7.5382503532748
11.86716716877431 6.889417947168337 13.14177551693834
-15.06158934214525 9.652052399296917 6.402063024510389
13.94385898743372 8.293138377071708 -9.889016755841006
13.34557270313762 8.539668996985643 -10.48664591979676
-5.864963370752052 16.72298508993241 6.851567290893005
16.97921103656522 -7.333052813911739 -4.351175588753335
10.95732208278871 14.62394753730195 5.203580613411397
-14.50857884704847 12.07320094915945 -2.176914945557817
-14.6363726070287 11.71211156817705 -3.098877139028479
-13.9339708396546 12.75208947186884 -2.056373200833775
-15.17714795437428 10.94283496205131 -3.302808345081486
-15.22389156652227 10.55319521595831 -4.226487466519539
-15.733334223935 9.710797653679377 -4.377511065348736
-15.2333263508402 10.1317061529951 -5.127796672856539
-14.70347140729679 10.95891629346209 -4.970923681540174
9.761252668391247 15.96525515395172 3.290679901333863
10.06912511879315 16.03418534676236 1.586700856418717
9.509888887925328 16.27738759112981 2.368262347681894
8.711007846023925 4.305510898071623 -16.32730590799034
8.715196705886216 15.89714374393039 5.685610535599931
8.042404544115698 15.97440532954424 6.413899244314317
-13.2806488743942 -11.24343847115834 7.629512226894246
14.84212426781548 11.16283247648879 4.012794328216917
14.46503039325621 11.29877139537523 4.909242373037274
14.20641110219833 11.9092061876246 4.165176055820444
13.79573005656083 12.03586198362194 5.080930871179813
13.54287540310508 12.57465289551954 4.412327092722551
-15.98140961373241 -8.436606130092009 -5.866704676715481
-12.43299601474138 9.056151517831289 11.15377648079371
16.82712430925016 4.743598673008718 -7.439499923413682
18.32709197728916 4.922912956515294 -0.9394826653841182
11.90336770374232 14.55205968636577 2.747252480925689
10.0534742964919 12.6731209957769 9.965924884132706
9.987833076855686 13.29295947270656 9.194586390145478
10.64918984109581 13.25655275829763 8.476943122067841
14.99027469195075 8.873826135640506 -7.585965619107714
11.48161706739746 7.664896374579071 -13.05457134817578
10.41280635883233 15.78812557746995 -1.818943232621667
16.57635617904928 6.827245591930022 6.293896523836946
17.07207962104118 5.367662583476019 6.382185817005182
17.45411498385678 4.561988939909087 5.961721818606905
-16.70507992830216 9.024895090410853 0.7011228110070056
-16.28922779426212 9.774818341120776 0.3376155575909497
14.84938007460043 -11.37660936769226 3.326961180265898
-12.00036062087463 -12.8584965539608 7.186822061296612
17.2447664718749 1.128768151117203 7.895816094079357
-10.12878939228586 7.726250735596737 14.09654833700109
7.067943819586292 1.900770728377623 17.53371725565673
7.725549673407102 2.551295997879012 17.16993800148754
13.63209328231154 -0.4992829435552151 -13.22560959973609
-11.03904321931628 1.551197737662887 15.38614020411671
-10.36424172207949 2.169490199202441 15.77579810348343
-9.59918767311315 1.805601773667289 16.29709784750899
-9.658596472442735 2.782682457494297 16.12352915844637
-8.741095210365845 2.526471476118936 16.67963418075099
-8.918289992183579 3.539199144839992 16.39933453004975
-9.683398777906177 3.767566194062575 15.90714408941473
-9.04605255714347 4.339899176136542 16.13487552708007
-14.12184203612538 12.07096866164376 3.983126043239964
15.71679260656943 -8.711163372807006 -6.172362825883617
15.85257334061967 9.087123054762126 5.207697482370221
15.46165303565078 9.170797445980307 6.150915347324493
15.59264430340552 8.444433864221898 6.823560679019266
-16.75352764901624 2.74754342801992 -8.530551941392366
14.62883408243599 11.97152892629551 -1.918256644828553
13.8900032276371 12.83891765559088 -1.797221124176889
13.79692914844669 13.04114530549741 -0.7571493866106375
14.73899745219023 11.64698924433812 -2.847735178453596
14.27107671023996 12.54329253484993 -0.04671097970245981
13.6595797612626 13.20502553107305 0.2078015144651184
13.58368169862402 7.728815327175269 10.80504535616985
-17.9899953710324 5.654424739803989 2.321109090957437
7.070958154787149 14.64402293843271 -9.826196769447765
7.901861363010426 14.57772674250607 -9.276339257518902
12.79097943485796 -12.89855623198252 -5.569388855828405
9.45041040813452 16.4815423018614 -0.2202418438353206
-1.660903633544458 -5.743516901204613 18.03478341221917
-1.40409717177842 -6.685121123873192 17.72957040346292
8.319167924786571 16.45190940098345 -4.596316144591759
7.461911329485824 16.82121200053309 -4.729345213030302
-15.04898105356819 9.36225237669003 -6.846634186555279
-13.79624153494971 -1.461661740531075 -12.98180513124412
14.45870458949785 5.116694607037966 -11.2145128245476
-10.48268021043186 15.49109587583332 3.337568601775859
-17.12418802405944 -2.334725852234616 -7.893746874049521
12.12796651588217 11.29079375045224 9.29679539811378
12.80691343828754 10.61830246171634 9.177942090453547
-11.41676266941798 8.355173820261886 12.68261016444937
10.01343608325114 15.54610597933364 -4.364594676023324
-5.28743145813064 12.97137942062236 12.83691491370981
-4.763106229291754 12.47470218335759 13.5164575420121
4.651492751167043 13.4060670369487 12.63491122986932
3.824722016206527 13.92369249413546 12.34918170679746
-16.40921677008437 0.001313041742752254 -9.57797490434713
-16.22112993435372 -0.8973151373923379 -9.852399159444381
-15.66216285312951 -1.070125322163806 -10.70287281793604
-5.780137186840968 7.922266989518229 16.27352757849656
6.189803364898755 11.60770792602625 13.70939280230731
6.963723318894816 10.99824738367971 13.83998237084365
7.136664756048442 -3.549456124598137 17.24730058239053
15.80878383313875 -2.348317729905222 10.27461714890164
-6.272919479421162 15.72786356533802 8.618862388668905
12.9790101967772 5.210448172525536 12.860657998461
10.02208097028994 2.489867697016941 15.94861912130024
7.429182138279938 17.08297624540945 3.738873540926316
-10.04189630844256 13.81119768130735 -8.331334655284119
-9.394114763755056 14.45795435511506 -7.982365794099436
13.59820852416426 7.043042889664408 -11.24652265314458
-11.66597333012976 6.417048853526143 -13.55457672788641
-10.88305747861105 6.72306627652059 -14.04846752349735
-10.50167490974949 7.619633290787965 -13.88005809079536
-10.04939269134639 7.011574174570512 -14.52059000625007
-9.679236339585053 7.949477890319357 -14.28699356595991
-9.196585078312415 7.335001095111314 -14.9204752548998
-9.580783652083332 6.373590521561494 -15.11905845201461
-8.711027921978966 6.66951456402876 -15.51243269196392
-9.081597827641367 5.719731266301771 -15.67830523807562
-8.194795217827936 5.973063159929656 -16.06760242927848
-8.546128305409761 5.081213969888353 -16.19089112988181
-7.656833753639853 5.312887650744913 -16.55735853569897
-7.332483341205291 6.198080582716988 -16.39568495492315
-6.756925118914574 5.606724259601748 -16.84958771051014
-7.065382815242488 4.729630755030574 -16.99149665553759
-9.425982717688337 8.845826511617258 -13.92487713167373
-10.93411264383519 8.203569927660327 -13.19646244771343
-7.83949951099341 6.917330329024611 -15.86482866394372
8.577571580216807 11.22159291164695 12.7083090264414
-10.20702314393299 -12.87588527776464 9.54087296074421
14.74584939119647 10.57708929668357 -5.628952632784597
5.445678146882045 12.48535371271079 -13.24615159920308
-2.098016831444939 -3.875332417926133 18.48188637627514
-1.198875486938209 -4.131485497701305 18.50658059040358
-2.308879535730457 -2.921079858603396 18.63159595282022
13.13767524423468 -10.31390347561633 9.056759038016448
15.07663656657159 3.244283947418908 -11.09818235154011
-11.44341507059874 -1.032633842873806 15.13214852122941
-9.626340962651211 -10.92804416881381 12.20292630131141
3.171105747126996 18.73337859614957 -0.06793168526801691
11.27819709053303 8.453293167238883 12.74143261237937
-10.33957000881761 12.15308927594813 -10.31482976512913
-10.12545166721848 11.61165506587099 -11.11956362300495
-10.67487629791319 10.87514449095589 -11.34805041956913
5.012509963968065 -10.33359506126107 15.1357707755833
5.215710568451583 -11.08793502118912 14.52081472342479
6.075213042842424 -11.15103660925213 14.13315849423603
4.327737479346049 -10.96988505093555 14.89739273427147
5.308653773256768 -11.8009864066622 13.91240148017087
6.798485994724958 -10.52196477579831 14.2852667261199
4.45402586552184 -11.71739389692175 14.27810680215145
3.577298747471297 -11.51841104656929 14.68091075627159
-7.784499294555343 17.07313119410258 2.984922438193133
-3.922912527322542 -9.87991122071344 15.74795579031756
-5.200899893337182 -17.38704268769652 5.625067721877159
-4.694663584096012 -17.23836689426957 6.465202290007141
1.491906694670593 -12.3653496174051 14.34825227174852
-9.283290510431859 10.88883398141104 12.50015247203785
10.66864531922052 -5.691833818691738 -14.65547798036867
-6.876162929797422 14.94316006471606 -9.508961596470721
-6.034444442547593 14.9278214648198 -10.08690371641722
-2.474617125907095 10.89545870978731 15.36766897038998
-6.727221758765439 -6.396579707345638 16.57794485019078
14.05755176736379 9.293193446484123 8.776206120762653
16.65234678455326 7.933779512309264 -4.555709518509781
9.098899407042454 -0.7248723385845992 16.6638707890237
8.952956366031973 0.2532084168439381 16.75650494003946
9.766158646966684 -0.09388369672845254 16.29764802460056
-12.55840579878066 3.581532267805631 -13.80069093950804
-12.46405963914733 2.005481222367095 -14.19948106018355
-11.68541658302607 2.127224318929374 -14.82990074066899
-10.94132892266129 1.549774960023524 -15.45592180943666
-11.69143492027658 1.132535591018237 -14.93411238206055
-15.30873664484771 -6.404988199888467 9.253037798365808
15.18501612624406 -7.634085348023508 -8.493293009475218
15.31495167873334 -6.792025590718874 -8.962178499287026
15.40764719944874 -5.921133146522043 -9.409813496476817
13.53595861144411 11.34519105229676 -7.004603090551057
-12.83580084670436 8.131095078063414 -11.40734454004246
13.99573946542989 3.593497467158308 12.33718171906919
14.1814472095163 4.441064794808185 11.83906662419034
16.10144341757433 0.2370848184520019 10.08401262690164
13.27193118594314 -9.613563831903168 -9.614324367604478
12.56384745501163 -10.22538124711069 -9.929315962262196
13.74136835741757 -9.781913570426994 -8.745796851428665
11.6779393850177 13.58098536483011 -6.338972175370598
-17.29002217717211 -4.795483287909771 6.249677843559194
4.816168757679275 17.90135755100779 -4.164842893619231
3.87107378636117 18.38889687152507 -2.804150421957222
3.098461160197853 18.57221483255973 -2.54408621158833
18.53345010428544 -0.7196901557775 -4.12228981412504
18.41467380626327 0.09889016396763146 -4.678676024730938
7.739232447611072 -10.58056472688998 13.75339707788354
-4.940211790379236 4.902529630874013 17.67935266588119
-5.624855949236442 5.505019950834533 17.29322846929552
-14.378872284593 -4.716253550888857 11.48934220341146
11.61505850629825 -14.40203021706628 4.321104201703394
11.26204262241125 -13.99132706324751 -6.197512644620415
10.52321235589647 -14.47223201248781 -6.388779405287922
10.8896010844741 -14.5457545168329 -5.553162500508693
-9.664804378983394 15.09776656180425 -6.296745283179953
7.25622223902901 12.4102245198225 -12.42310614079334
-18.10272545528985 2.407034372058356 -5.243807454715556
10.76661305962116 9.908950037775716 12.11993202840923
10.80613317243079 10.64068105977517 11.44567134089708
6.304473688787672 16.86753675780238 6.061337742740402
6.115395923607108 17.23368060240669 5.157730662971925
9.487032567283073 -15.8706595179084 4.372456921907159
-13.0880681480689 3.586106310218249 13.29820716049037
-11.4442066833695 -5.069873363436883 -14.29428268459226
-5.565273763029462 -3.482486821944244 17.82975079684292
15.17152243331024 0.6312861682767821 -11.42043715578815
-17.08816051647339 -4.428642356239933 -7.027225415749625
-16.64696547777626 -4.675942390808758 -7.874903373347697
17.40657437472576 0.3834442792428568 -7.606848166084058
-12.75611530083731 13.8697573932575 2.43132726795941
5.578255363239309 -17.02522486192065 6.326514482993833
6.142192547100361 -16.5630350008275 6.995665963702662
3.489259701163472 12.49269281025583 -13.88372043389015
-3.475039909472526 -16.03786100943762 9.576591871304419
-11.18567908925735 -13.46787609040162 -7.382201360416784
-4.456539131533237 9.453274662550728 -15.86741494773139
-17.2107885804142 -6.433895488561077 -4.83670810392335
17.74346460417452 6.676656604231285 1.261634031556225
17.65569654503427 7.012210330912148 0.324477710657944
11.88377356603239 14.82410900377949 0.1473705375354614
12.57195989109841 14.24294090096528 0.2906182861131963
-7.535203085535422 -8.510445057898417 15.2247508805967
-6.929736801196626 -7.983486249885054 15.78742205567576
-10.22511061966465 -14.9976833858486 -5.613965254030525
4.785248304530836 7.315664869355203 16.86957160639436
4.638029990506385 15.18256267768987 -10.43927527873377
-10.6488768716066 -11.15205750098511 -11.10103755817824
-7.104024933597891 -17.20318827054934 3.818788167842366
14.78351366246908 -11.04126080636548 -4.531918313187886
-9.913686216665457 13.42958820593909 9.075515754842762
0.5077115417930879 -7.204472479427766 17.57378175816173
1.137991278519031 -6.550456521127811 17.7987779135206
2.103432620078861 -6.716261381004309 17.64843914556804
2.427875294941265 -7.598641922211061 17.24430521912177
3.416121470386866 -7.629347572967071 17.06233189544804
5.098016550630954 -7.282173134021391 16.79226553195339
-0.3915653286737735 -18.16519898374459 5.556277753527552
0.1799559762892153 -17.91504747107138 6.326032718525624
13.87335822495795 -2.409766326869154 -12.75629091122805
-0.1476555774008342 -10.80193745414913 15.62998224781822
-1.098490812074663 -10.63023549277076 15.70959615343515
-1.756510697039177 -11.20134254516301 15.24613378391741
-2.053148646502835 -10.41634489019725 15.75704095837239
-13.22367088450479 7.217387253072951 -11.57773076114143
-13.54071139178706 7.776238186453604 -10.82493670521306
-2.146008749506167 18.72934988309545 2.367720296748633
-13.06427591205036 4.546827273573412 13.02501656959061
0.4768536304175718 18.89707135623288 -1.916586750606475
0.9093193032599874 -3.428497818575747 -18.66597281452912
1.193005686321778 -2.540283281873331 -18.79158583729001
2.079341553778744 -2.297430686658415 -18.74561684615177
9.085856662867984 -13.93277696009836 9.182860931211458
12.68102921296336 -3.771051960254321 -13.63710618910889
12.01054053353236 -3.480096001158128 -14.30509866848528
-7.656963265962222 16.67728707335834 4.923312849748639
-8.503045966494154 16.40714864646393 4.416297384067852
-13.53824999592779 -3.49467589461891 12.86479799450154
3.669901987176678 11.80015735046672 14.43218992075502
-10.01580866099198 15.77898086684173 -3.421598993196134
-13.92744780237842 -8.555941937673412 9.686178569032576
-5.515222104685481 2.012877435817076 18.07015909073208
-14.84589439768208 5.55574531062807 -10.47535744384439
-6.015129268282248 -8.360329944031626 15.96631150619273
-4.648955637624882 -3.812080099442147 18.02374147603191
-14.32104540507667 -7.783908794907869 -9.763115403306895
-6.604758472762851 -5.950894359730611 -16.79178435532668
-6.007051913166062 -6.742385321555345 -16.7169245822371
-11.90463575263913 -12.79093886513829 -7.461335707852914
1.606930672521278 12.29687100263465 -14.39460792652142
0.9321830683311241 12.87057520949602 -13.94558455224531
-6.513209748705968 7.875275294140201 -16.01743231016965
-11.41657526305768 -7.467762851884006 -13.22476189770389
-11.61584812241895 -8.211710905232534 -12.59523228867897
9.479968384294216 14.30697642978222 -8.151111879396456
10.17802305733844 13.64648981968041 -8.436892926050801
-1.948941569101233 16.38441055965949 -9.420866062775122
-1.989852540463694 15.80188114549343 -10.36055206689823
-0.9523702852233382 15.6949837222201 -10.66585565245798
-1.636448719154406 15.33030209261693 -11.10422772365026
-0.8243048791021212 15.0473735734431 -11.5713901501736
-0.1389935100720969 16.05223355112642 -10.16397947775619
-9.390181419164021 16.48905099848645 -0.9673107486737719
-18.02068856382481 0.5693147461778953 -5.994219249028026
-17.8957224297896 -0.3621684905856629 -6.372750795406355
-18.19333816337602 -0.2929852831176444 -5.469607490206426
-18.28718065562066 0.7439252673478838 -5.101529071297639
0.8572372228924275 18.95211089120544 1.04049849165661
-16.16600238038328 -5.08710631577556 8.589628418589403
-2.020994897900593 18.57976341065651 -3.421691281616318
-1.96381647196669 18.38077339002744 -4.392105924142951
-1.129616470298537 18.32640792923439 -4.885359663456226
-1.962029762043201 18.11870200864323 -5.372436759501621
-1.082499747822478 18.05804984701073 -5.808186465570808
-0.2604648061330009 18.23065316755791 -5.345600356272126
-0.1627568975447038 17.89664748264196 -6.378363353897847
-1.762868149493998 17.83843754951301 -6.299400104742017
-0.2902052983913701 18.48332808000372 -4.391168861673586
-5.556429608993383 -12.14552968446581 13.51340810765595
4.316204230523155 -10.20076958840429 -15.43744411632639
-5.810690517405694 13.04020980007202 -12.53749592546444
-2.647886120292301 12.83876921810467 -13.75335246615207
-2.018826358336022 12.23518001832653 -14.39530166596139
5.723621852202672 18.11551026222224 -0.2616119880827276
5.936829421146402 18.0355463227915 0.6878410155350985
-3.240003766225979 7.948066780836585 16.95082918450314
-2.365882480777119 8.236127430749049 16.95785378612562
0.9934630623693819 14.64594974988766 -12.06271889200246
0.245355065495979 14.27686101366894 -12.53439430081148
5.46318864817311 -13.19498312356971 -12.53179915906663
5.248919826947068 -13.8851152218675 -11.85969712622315
4.322565166034928 -14.24161213005415 -11.81066951203344
-3.01617196760218 -16.02135875478364 -9.758010571441719
-3.637782012107021 -16.31042724864037 -9.04082435396244
-3.28923449451762 -16.79500089486715 -8.252810514090758
-13.19737061402016 13.65930590602753 0.5027634053493801
15.11986628468011 -10.31710191515312 -5.093824850319987
0.5422273104898623 -14.14268312055044 12.67637581075351
12.01051223711834 -6.276687809895777 -13.31731151318224
6.713109678942039 -0.6895119922335565 17.76115794792279
5.843146791436805 -0.3521623622597187 18.07577431935709
0.7765678375794244 18.1827501895161 5.457521226645817
-7.821973151453205 6.317874697913157 16.12145140238353
8.212935630008896 -13.21031176577075 10.91033232254954
-6.958266120470053 11.17664336902432 13.69909396998077
-12.23731663193473 13.8675177368667 4.352014874453101
-12.68286740671062 13.23905548992869 4.987212054684128
-12.36208680371075 13.15816165827527 5.919593873925398
-13.22658676526642 12.45928258098428 5.551907789945781
-12.74402266358971 12.47086612290764 6.56257453248542
-13.44677342483997 11.89534687288984 6.219727263686678
-11.59953386420848 13.71591734303414 6.19067246526062
-5.892194231151075 -4.265569307222292 -17.55240626317865
-8.267653796637289 13.73996941409993 -10.19113051621592
13.632164222681 -13.10283584500543 -1.865419905730879
-2.840834006219946 -0.0415951036154391 18.78637623376205
-3.125093286664822 0.9676227921927485 18.71623621569442
4.292885978388509 9.64576302412425 15.7965308108772
9.1669433830836 9.008496661273464 13.99336045827322
-4.105346084049573 17.58626956885917 -5.905019575039243
5.397742145714355 -18.05851762936919 -2.398816532822207
-6.870768670189424 -15.45321375221395 8.659718390867528
-7.245615280158288 -14.86100321363702 9.362245601147563
-3.667035098620336 14.34426713987847 -11.90776443356558
-3.379046045709178 14.97391428952163 -11.19660389006581
12.27136307538851 -14.27932765901026 -2.552342037936114
11.20057973585164 -14.91492716992899 -3.618281511511185
-12.37965072945628 13.63101479090393 -4.68398159548378
7.319760128337404 6.51521892824726 -16.27799232032656
-17.87611870172236 4.445083818659485 4.656781077850201
9.372492915045475 -15.04148699875023 6.849090846517533
8.845930798939417 -15.61805898864891 6.231030550997002
-12.57850069676808 -9.52819473294703 -10.58276076231743
-12.6336724072047 -10.21354750834001 -9.852602133564325
-12.01661150043442 -10.96792083092889 -9.813549851817303
-3.978635205792787 -13.87778062704351 12.35223327042046
0.7747310545871713 15.82697327899244 -10.48364004623955
-10.27059492008591 11.63768991532542 10.95805883458555
6.550346568267392 17.13698776137985 -4.941316656712534
-10.27679361195185 -8.617215144400358 13.45849606057315
5.885542155646123 15.95284247088275 8.477453074674717
5.138289443622146 15.85343875648908 9.125045818395169
2.940149704587648 7.076194846979966 -17.38628730356735
-12.29598035127238 12.93286152381143 -6.523033037402254
-11.57614558146806 13.26027747725114 -7.152474725782945
-7.870758077562559 0.09433085811588733 17.29283866152954
-7.985631347339667 1.062534179472333 17.20757720022895
-7.148275081970393 0.7574539160828454 17.58773512756807
-7.329999786131969 1.583877565639416 17.45744640525553
-8.788054348202232 1.443309556544505 16.78353235457396
-4.618710319658729 18.40261466337898 1.005628427535133
7.531549214732538 8.761403274422515 15.08355326469861
7.588740867352836 -12.13834117570176 12.49286538590856
-2.048099269716101 -14.33531091503183 12.30057520406089
-3.530707994896685 17.88221711810437 5.362873483100962
-2.632571696581276 17.90466041727755 5.787287931694236
-2.735193288600042 18.16814718796365 4.841192562838803
1.98425923429318 1.930093290152355 18.79727254636776
1.773083020627645 2.847041346339682 18.70161843729559
-12.94658382460814 -4.922994476937285 -13.00577151315676
-16.58903854240187 7.988931079225288 -4.688366501255365
-1.336304421897063 17.10889186773777 8.154759932093327
-0.5962233144009037 17.44919913931625 7.494662577851662
6.021225513946472 -4.601898797981014 -17.42318486280109
2.880358829994038 -15.74756401873783 -10.23316962071034
1.990584741575326 -18.35686764308789 4.479172102159086
17.55539395306265 -2.288478389389504 6.897174045510861
18.10912292457728 -1.395868573430567 5.577743076573051
17.43719080592962 -1.44589524210907 7.406332678623726
3.001429967031716 -3.887596133204775 18.3542369620231
17.30751620277711 -4.809174472093875 6.190454247272041
7.707123648908946 14.44567317418005 9.63964582363913
7.614518304714254 15.0048498126479 8.824601582340813
5.42156747141239 -2.935478667518795 17.97191061477508
-0.6463872691963384 -13.86363255400755 -12.97620421793997
-15.18497553587529 5.721184187106934 9.883550448703467
-5.831334342476966 6.205920584779923 -16.98476050704435
-5.213188642717303 5.401196217201066 -17.45421850438272
-0.8852222120685213 -11.83652401021552 -14.83620844390008
4.416904607473635 -6.667566144538401 -17.23468930374678
13.91129645326011 -5.238964036103816 -11.83338864475952
10.48657297886114 9.296107959024527 -12.83020514150807
9.896862866332313 10.12280058245679 -12.67205641452188
-15.62304086437415 7.964583893407291 7.313412169088563
-0.517868776739569 17.49742376395579 -7.38728458600542
-0.7226910992355413 14.63291851575504 12.09774414039076
-6.684638425858347 10.10173705678442 -14.63798201772111
-4.558410709823899 -3.361681848302346 -18.1361513820148
5.977557088658861 13.55801410435021 -11.89323609443893
-5.3519359898205 17.89565654006959 3.478829998825558
18.46081792220025 2.216181759617693 -3.909826089701139
6.106094718959513 -17.51084559990853 -4.133508637859459
1.187313127993454 5.786732053430404 18.05835041408532
1.917433224600672 6.468049924660337 17.76197567843451
1.768287382003613 -0.6552843318927499 -18.90618317321142
2.68480657966629 -0.505532718152147 -18.80255967416825
1.335982145536086 17.06844233009744 -8.239140011612056
-14.49654479729695 -5.481100692649897 -10.99125671326966
-15.29924871346829 -3.681046305150343 -10.64814006776666
2.71779540544038 -17.51050611092198 6.855345642163584
-9.219529772136827 -8.360992269867488 -14.3559771190922
-8.973874226138179 -7.589067131047384 -14.9290201103056
-9.55879577407906 -6.782695353209844 -14.95407861069996
-15.43174731176925 -2.383738730505204 10.82492330552009
-15.79714483449781 -2.975484788563231 10.12900317656816
5.114056064855166 -0.9977987769190456 18.27158526691915
3.00029991039566 -15.94211386741314 9.891774658073917
15.04563733939094 -3.880745948188756 -10.93474315826127
15.02154250868492 -4.814035443090178 -10.59142688274075
1.58081833181175 4.790950432829466 18.31796406132458
-17.6178360881955 6.966423751295068 -1.44249495211187
-13.74009664717667 9.864023431635772 8.655101724785503
0.9217268107806802 -9.454102849251038 -16.45510130634484
0.1417751474340201 -9.890102300457986 -16.22238503716533
-14.08272302648815 11.03004643166091 -6.404294486875576
2.892292719634615 4.610612552093063 -18.20376045542323
-14.05311799436189 -6.34481519775176 -11.10194553863963
0.4863706806581875 -16.49032806245052 9.425100739713757
1.500126074558146 -12.65484661398093 -14.09271013457121
8.495578242815679 -15.42248851106747 7.139467658459461
12.25357329943538 -9.179349375310951 -11.2511993334641
11.50066716213644 -9.784299155352208 -11.53265558595811
-16.91702429667208 6.763025640028721 5.392195576768404
-16.66394609890835 7.639924292032963 4.994442634036532
-16.68563865833819 6.544692032717419 6.305273091647604
-5.126172571647114 -16.80298538280874 7.23754357436338
-5.646115406922849 -16.97137251117394 6.410452082238662
1.481424467821061 -15.05968483996073 -11.48961592339788
1.179842439661821 -15.66091413859726 -10.69316324391698
-17.53804030244602 -0.5220814586987579 -7.290032462222779
-2.313927080334337 -16.98817628506061 -8.188260375354432
2.352818343686125 1.2380491811976 -18.81306673741817
-0.4108780768303233 -18.5902695112726 -3.902955124547132
-13.5217964356206 13.2688861630999 -1.448337372414958
-17.08258489459813 -2.733759549357483 7.85568915150954
-13.99565318170149 -11.75948108006422 5.180376120045778
2.71284840975406 -1.955760057365257 18.70335414046661
2.547883505208993 -0.9819152521830422 18.80276926629198
-17.27693959138434 7.094292188560016 3.489753100004722
-17.38445874753472 7.248888026872411 2.496841290336548
-17.73720621845787 6.536963784372839 1.913013341745783
14.92066978617782 -8.855640869177483 7.74281847443125
-0.5883573608828921 1.957581071807456 18.8897250367282
-0.7820566361050113 2.946366340096433 18.75386127729089
3.97607588523977 -15.82374113830097 9.736531052836851
3.827503985697946 1.233191959106223 18.56958402419026
4.482876622217502 2.013043989873489 18.35351386205949
4.41128993517143 -7.585458223116337 -16.85233944154971
0.6759847990718671 -0.3205039115845353 18.98526591317811
-0.06960680548797775 -0.9564643256380968 18.97578274766054
-17.11150842901959 1.976397570640927 -8.01811274093574
1.229417382282096 3.595960378050402 -18.61605763473121
9.331596133820344 -10.61295001733062 -12.69986635854532
9.066422458906162 -11.3903117292277 -12.20904511039499
8.149088230417606 -11.85834806219419 -12.40854311547994
-12.77380911013591 -13.25046766367729 4.717510732542251
6.879779263804641 -6.840612105917353 -16.33629894736567
-11.22641092130912 15.32211980478321 0.4475963737358424
-11.03104949429006 15.40511442063368 1.413646611323817
-10.19228367896491 15.96122774820453 1.535109825859713
-15.07243200105603 -10.1360035809276 5.575233177272967
-4.701988627614027 16.43879666969289 -8.285968078521792
0.02639256469281613 -17.59873672298873 -7.161268685607099
1.008391615253058 -17.62426169202311 -7.026275411722349
13.54599860829638 -12.6612486752601 4.147131983341828
15.23837480078276 6.962919462181342 8.961567161721511
12.11403596065298 -13.78242570450179 4.928983104444034
-1.320574013341124 1.294319414279697 18.90980754870622
3.280587183825704 -17.11672114955494 7.566743342924825
-8.621927277529776 -4.332169737337765 -16.36748836528937
-9.491877374725091 -4.323559509311965 -15.88115540735686
14.8563018019344 -10.19924604991077 -6.022099034657271
17.74404770788539 1.998281075720862 6.492737764818723
-1.837075876207772 18.16781342248966 5.249353071632723
18.42389814068393 -3.015093941648007 3.531173434531464
9.686219562529217 -1.551017277315337 -16.27180063766594
-17.17047754870615 8.123896985947487 -0.420711909852324
-6.531845041642348 16.66825579213427 -6.364294870600709
-10.64365967578073 -12.40722397085162 -9.683661603096429
5.482963943595474 7.146933412502849 -16.72897035655459
10.3422713668557 14.86896953661645 -5.740310783702282
-9.161983406811745 -13.65685118352384 -9.515696285842139
-8.267155838750568 -3.488942664642529 -16.74757933017932
-2.160832340781409 -17.97735219399578 -5.757222567181876
7.231263510650079 -0.3760706776589474 -17.56608661270193
6.321745870515117 4.366842980566601 -17.37717501585632
-8.486548002796495 9.16463332948419 14.3174019616807
-6.90108679613488 3.266558437155811 17.39840788718493
-7.814564852907942 2.857662335000838 17.0811692263385
7.516869430330509 -2.439425908889433 -17.27848011841324
7.595484839031468 -3.408722627149496 -17.07891156108029
6.013729828475501 -9.153992073567572 -15.52544629526527
3.322508912898878 -16.52721195795818 -8.764256923460858
7.275175317437983 7.058497458099704 16.07014118589321
-18.12334719776985 -1.627882782450195 5.467566551555631
-18.41347369707386 -1.564778670341247 4.415365683611527
18.52852390983169 3.496712493041926 -2.338119642747095
16.09506108817715 -9.698381325921307 -2.808987046048207
9.735031558228311 7.478368058398175 14.50183339248624
9.058770589835778 8.206436883068985 14.54623900136841
9.818418730180484 14.40745301416891 7.551420481164861
5.424952653169774 -15.39766576711661 -9.720173745105157
-16.59989196875679 8.792480069002533 -2.852346553593529
2.303716124477978 -17.21413094817356 7.704971623371066
18.14381459752401 -1.067742121383415 -5.537320526472907
13.76274528215429 -7.055169707537079 -11.0368212224531
14.38561213646481 -6.387599229285444 -10.64202704118103
2.008937079284966 17.29379787817219 7.608464152534401
-2.21012298110686 -17.41294906689637 7.273552172223431
-11.51515409256799 11.49737714148976 9.808748395731403
17.63651063684684 2.722164223747901 -6.522523629342799
10.56987082018001 -2.855008515824624 -15.52825673471675
-3.740005669435188 18.46694089958758 -2.446313839991082
-4.497536868635104 18.21841886674803 -2.976806361016358
-5.189171640368732 -14.62050182199689 10.9687476112717
-7.061747740490826 17.5739553640184 1.512551391907644
2.917355630867489 -13.52859188373446 -13.01791987094712
18.29151411815581 0.6582392501295148 -5.097767389249515
-12.11307208988135 -14.04191695433149 -4.134979176851492
-11.83276375339556 -14.50320719014091 -3.262312547285037
-15.62494646884815 -5.470970788015595 9.323600510656265
-2.584381612947111 -18.66066492494726 -2.469930411469881
15.44205410494043 -1.302495369656917 -10.99301918637981
10.50514370403833 -12.85461572368706 -9.241255886179173
11.27571895508393 -12.32669236616439 -9.050459510759959
11.56972743523387 -11.5846602596832 -9.640386597129464
-9.638388444519332 0.4399190848741701 -16.36789355388529
-0.08241149252083294 5.040848075862392 -18.31892625188428
-3.034580097173456 -12.2597390566711 14.1947216209467
2.703684871465562 15.85795294802524 10.11016401518917
-4.075769903666583 16.8790696495444 7.712658909753153
-3.942927648620298 16.4762691664511 8.601504281949662
2.904901837839706 -18.54436105606916 -2.944183814686325
-2.688342190958324 5.362589465199947 -18.02818489177544
-1.106964619235799 -1.328953114898777 -18.9211128887854
-17.64422971610649 4.272002125444383 5.606349575745641
12.17020934116967 11.97998461875946 -8.32862372342473
-17.07847909182423 -7.649215456837487 -3.288625063001418
8.44556932075171 -5.660340325520992 -16.05094720717934
-11.02574646247262 -9.013250762410607 -12.57752859822538
-2.787453871264161 -1.596015092238669 -18.72652762102256
11.05477232988744 -11.38794958742897 -10.44541109428113
10.19555789434606 -7.492068706985235 14.17460777985939
5.145630823974255 4.839143443792681 17.63817377603941
9.033891272883173 -14.64968073248281 -8.048332927137597
9.518351559686844 -14.78672353402251 -7.194010753021709
3.486538078890475 14.88646448505397 -11.27994802114236
-3.377176899945623 0.9446392530091191 -18.67357311464916
-6.781683458291858 -12.92807824015364 12.16032740052654
8.025720844191406 15.4883947982829 -7.529769684634117
-9.036848810072494 -14.77913904760936 -7.804640452661457
11.90062255179223 10.93305551342733 -9.992170936292588
11.72190509078892 10.35853273956907 -10.78414301304524
-2.853919402181421 12.41084613125418 14.10056886626159
-3.534074898934178 11.8695159048915 14.40919521667505
2.463214207969201 -14.38861213924467 12.16143151409569
-14.53436983899547 -1.21087844270704 12.17726844494635
6.063322865925022 5.06509581917881 17.27949421036646
18.89559186134849 0.7786307119555318 -1.830394062419406
-2.011526858321576 -14.63334765594931 -11.95068600869313
13.63432031080552 12.51249598385428 -4.306129807191932
13.5784785914458 12.84889782272323 -3.395694904267209
-1.531788869777757 -16.36156577796691 9.536917119891886
-5.249165537703743 -14.89694765844945 -10.5606444698797
-3.604734200483647 11.53874285193242 -14.65821628783127
11.34257053418969 -14.30349122678647 5.268418396651337
-5.203100016205679 -0.8304507903193437 -18.2548103716861
3.923589780126613 9.183497092161799 -16.1638121863483
3.221228015009267 16.0276849884022 -9.681787231078061
-1.096084586349231 -12.67947203818186 14.10778463872099
-10.22256587424757 4.553790547767543 -15.35454781469425
0.02948428045553937 -6.213904002871677 -17.95512538859869
-0.1083492545025743 -18.75201104965978 3.057832898064611
3.565091084214802 -8.095409948008722 -16.81530443777137
4.593292384155454 -16.92240888004821 -7.316675663860267
4.091760366204229 -17.40437265463223 -6.430031850951435
5.164993976560687 9.868659078670539 15.39260878509765
-5.291559866297392 -0.9626071245227366 18.22286425634589
11.93278750333711 -7.186606024066661 -12.92134962978134
1.659597662837627 10.17137185079095 -15.96210920494035
2.703737464770857 10.21361959512215 -15.79150969628083
0.8298735166219707 -16.49970935825685 -9.384609796867462
3.519398574831258 -4.377255372753779 -18.1508531224616
-6.109004088056568 9.347950450229513 15.37191892485001
-9.588903144317248 10.45719873212619 -12.63724381207077
2.038518452954893 12.79667869483015 13.89566324067486
-5.877008231864169 14.46998968594866 10.82035917754768
-13.45116733431594 4.810574368119537 -12.5269498120262
5.848336165136578 -1.699880429493641 -17.99742677787522
-13.73710448688093 -6.573723218441675 11.36125536038323
-4.744495667351718 -18.11934821365286 3.190451562847415
-6.566298219642534 -1.741920814276266 -17.7439972826731
7.319175367734609 10.43269322488443 -14.09214618189144
7.930980823427879 9.513006829794723 -14.40840880301146
8.798498518319407 9.573679755947536 -13.8539192921603
8.300039633160177 -16.14878688417063 5.596965629482536
5.25938399193054 18.20484092489799 1.386595443734023
-6.148859182667969 -10.55197463200124 14.55497722833403
9.620450122694862 -8.290766154465146 14.13188366810014
9.846735071539145 -9.021042700271373 13.51527273238693
5.693829019343898 17.82187489710739 3.310753124340587
-7.552861936328592 -16.81452238015157 4.607180666974189
-9.498275921016173 0.8273059543743632 16.43466821648983
3.564199052822325 -18.03263624603743 -4.80837967822398
-13.25217738127945 -11.33347476240444 -7.545339254470082
-13.18836470405926 -11.90485980850253 -6.733598545549416
-3.521948960419941 3.661859758419093 18.30810363281429
4.920513106382352 -5.475386779027322 17.51595530908812
-0.3250579442576549 -15.59927911355123 10.84236267934252
12.02829841367205 14.34251593887132 -3.257648510026276
3.477332111098347 -2.417704207318603 -18.52195636953716
6.814390238378001 -15.20047547190761 9.138360416783401
-14.96408398904046 0.4966704210293625 -11.6974146229762
-15.41085146172768 4.109878564574645 -10.32543245627105
-9.616195160668273 5.607714424852261 15.39747802600296
-8.123343259418291 -7.595280136640463 -15.40529175107106
-8.769701524485571 -2.649819020091448 -16.64544365080718
16.20807012755571 9.58262121330406 -2.543979839261916
-0.6587283263021897 -9.273394884207175 16.57016066046697
11.14421002000357 -13.35430417834883 7.646511815343443
-2.555148471201949 -8.767650886278977 16.66131790184816
-9.090158253402876 3.258885133903354 -16.36302816144113
-12.29517380567031 -7.195896777376438 12.57170516110293
13.17094981267374 -11.36907653030939 -7.63349067465191
16.60128757219359 -6.321537301087784 -6.740579878340315
7.372209243828463 -5.420928959254457 16.65124800379619
8.02933620330913 -4.782331457401421 16.54264386262904
9.642658338557009 6.412041581118254 -15.06336160781741
-4.247743118124262 9.911871676408463 15.64325663897514
-3.250163371909108 10.24727006971096 15.66620228946079
-9.758609194170667 -15.46431133731038 5.159905179185123
9.197689416366195 -5.052747378946808 -15.83894735532041
-11.89272292529069 11.64682208961059 -9.160495436122664
-12.61927667092083 11.32931837218105 -8.567403429541191
11.31958384429718 4.271344422033327 14.65000472424125
11.1439838651325 3.402185676069285 15.00788979967589
5.606991239933639 16.60225385905289 -7.343488001955954
13.81098290243694 10.73322095849646 7.419886732604942
2.297321088308691 17.96301248138401 -5.749130230813572
1.450443512508045 17.88164978036584 -6.256421880705103
10.19043721435934 2.416726962899377 -15.85289942461616
13.24985241072311 10.46876935957162 -8.708976931313416
15.79179038595191 4.16232418896 -9.710531074671218
-15.70811663501356 1.51168510350396 -10.58158210895962
-18.27994448268653 1.857584507907658 4.836632041604958
14.27655424042813 -7.266439830086125 -10.21659685099944
-17.67879076568901 6.065180484483149 -3.416715199374063
-16.61091190162034 4.593207911041396 7.998752832945542
13.67696085689825 2.120718590767017 -13.01703861781351
-17.92060704144753 -2.215629984020895 -5.911245811157644
-17.72955904992606 -1.568256556249153 -6.648556780908649
11.13988856752589 -11.55164909393473 10.17164125958554
-16.38281838584736 -6.29180197618632 -7.281242313561581
17.88939388622511 -2.268286464274023 5.985354032927622
16.80717194201767 3.279183573205341 -8.23200621991227
9.054386822654504 10.25935264309607 -13.1819483616929
-4.588364494879298 4.734207653898244 -17.81948902611695
9.949801648816882 -15.99843262034165 2.460000171054688
-7.860563251199353 17.26789340108902 1.015580062092755
-7.83631556007936 17.19215126491092 2.005515726011664
14.44645149595314 2.757200421152764 12.02904339557674
15.29064660982247 10.14944884354614 -4.917805854826357
-9.485100245255348 -7.316685152301888 14.74784701980401
8.590491410781418 4.729248733653594 16.27383371355768
13.40672175262264 3.07850686705407 -13.10658640978863
-13.2697639706651 1.013910695268332 -13.56043322555953
7.056050389633707 -8.220227973890987 15.60897193783787
11.50731497794638 -15.0125204445825 1.790511630602649
15.52811490969599 6.582579850162039 -8.749130806401158
-0.5885798360855419 11.25806515782752 -15.2941015649388
-4.339561789344976 -1.306381934406018 18.45160073592301
-1.999987613216243 -4.123933838169911 -18.43890504464348
-11.10988947487149 4.455985581584493 14.75515328123875
9.478249812133946 -5.060937674664441 15.67002521861228
9.147485316625277 -4.234815026712963 16.10558456162492
16.15441503721923 2.815646569685571 9.597239665647775
-14.86018346948756 -11.69159373330491 1.865900112148065
-16.83151177226981 -7.05244877307982 5.288022103114538
-17.26791985909592 -6.54784992681641 4.465938319740999
-17.6506906155209 -5.774774242495632 4.013116400426412
15.07693044157643 -4.809373970673048 10.51456563392318
12.2601996065812 2.63550616710967 -14.27380863154306
12.69718273845692 3.328358555433306 -13.73694215728906
-15.66960751264766 0.4733297588303056 10.73495968036124
-12.80128195620035 7.308529321956355 11.98801816097905
-15.98338009308768 -10.01912119170746 2.269090422562938
-18.47227835419002 -3.757570377971311 2.378149965816977
-18.67049136811731 -3.051532997454436 1.760936807072795
-18.40801626667193 3.560427045146234 -3.077059697525018
15.11283169071944 -6.475928788292479 9.521799442172206
17.47625076549931 7.082800234055801 -2.326929312601466
16.32783258140367 -9.24570271725378 2.986446794740999
16.46247384940701 -9.272626829150246 2.001336164894214
6.707339790033767 -15.74082420796777 -8.260632312050065
-14.4517329853022 -9.123441898617447 -8.301218081949187
-18.60682422405952 3.810166528613234 -0.5183852999334371
-16.54947888173605 -0.629962289983332 9.312244426354551
-16.91560851752793 -1.180170607265244 8.571428458517504
-17.22605683316642 -1.73290020523418 7.826878232042452
6.765696057172573 -16.76459160682275 -5.845838273370878
-15.4749039568593 -9.312656972478274 -5.899302301029529
8.894078371024808 -15.37541720844459 -6.744769499125576
-15.40207333300081 -9.890224861481681 -5.095055371062714
-18.69718130639708 0.5128807715396337 -3.339515610069915
9.896590676858361 -15.41692014833207 -5.037466239556621
8.931689251781631 3.359854765903094 -16.42973837471695
8.456953075106076 -16.67007931718204 -3.404173944485454
-1.567093415720205 -2.262897872584204 18.79956146947743
-15.12789155541457 -10.96740380802336 -3.444263462537557
-18.97102764890406 -0.2552225233843772 -1.017335445207352
-0.239351478293772 -17.5950089171974 7.166475568477336
-13.43333322182946 -12.73468129788938 -4.286426342826752
-3.344898392855957 -11.50110784893386 14.74910753193771
8.170690851101243 -17.13203749434024 0.8562139383651122
8.602743387937004 11.94224067485998 12.01564371413476
7.835468003424044 11.85167109611379 12.6152024714968
-15.28049225274222 -11.1552838229851 -1.751056636014981
-9.005476045584821 -8.529949622217719 14.392406353172
-8.696479579010489 -6.800845937262348 -15.46349693534667
-3.962775302955305 -12.91580796662025 -13.35957770543951
4.719847083261379 15.72467358491502 -9.563351094595708
2.925287799936814 18.59852675267681 2.556852345659771
16.90198791925061 6.617970241493746 -5.614737238750325
-11.38751281741021 -2.442044634459392 15.01202750585763
-12.17119069132515 -7.386550703739842 -12.58177196806874
-8.180817581825853 -17.12691635565671 -0.8619511814641243
-14.13835091988708 -2.255141608197872 -12.49085143587509
-15.62087889837415 8.908526143563664 -6.134028398350631
16.37024874233598 -0.6313697127638872 9.623737756186605
-13.38896212276098 -4.037396437280217 -12.86215857791797
12.34111905686634 13.3159960566973 -5.601877314103958
-15.59258587298797 -9.71353581067563 4.849586358465845
11.48328821296044 0.2842049322310801 -15.1345075696099
17.62622341548434 -4.771134538409519 5.249049754367678
-4.434707124915633 -15.80828428539306 9.561983092874481
9.794711775989356 -2.519034160715322 -16.08471597891753
5.205737625154139 -16.78950351584619 7.21199469421899
-12.96144406696081 -13.65726884934532 -2.545579555965257
8.245189695102093 8.074731868770936 15.09355995579695
4.548591558710767 -13.5743746961994 -12.4918640097948
-5.800891179744062 16.29334107310781 7.866174304968423
16.52777364108757 9.231167293806514 1.618100387098347
-15.64327046483071 8.99551967249004 5.947160245528938
12.90575536114869 13.58832343991667 -3.130326604428527
15.54024430102 -4.125843784795156 -10.12315267730774
-16.38004894857603 -9.507167038002944 1.519135067649854
15.74975412388768 6.138784208219218 8.675285210412479
-13.82149258523122 -11.14863690695363 -6.758271808185118
-14.97614739931906 -8.28442042657268 -8.251265798024834
18.58621833606109 -2.977734804540622 2.585649511843033
7.34472797197856 -16.78011932246648 -5.048026004432116
18.62582882801828 3.46393873869139 -1.442091843107134
-18.23526994788395 -2.492357501288635 4.718377264862458
15.73068185550293 0.3578324783798661 -10.64977015143366
-9.647427127880032 -2.661256470743598 -16.1506923631518
-15.56055475464169 10.84961321529198 1.074722664858009
-2.673128142569481 -16.52628001935224 -8.985346663059905
-4.705818149438676 5.839591267007084 17.45721768721202
-13.24630062948346 -13.49331921858686 1.861680987350068
-15.20367669566546 4.833057824974612 10.31938791761074
-11.81920291867571 -13.31562989272027 -6.633282967525343
16.98902952239465 0.5788331755713864 -8.487510120292111
-7.252419963659696 13.52029498254015 11.20732029772549
-15.87335393355376 -6.018548176720848 8.533095144472696
12.65223156374418 11.38540938941013 8.443547210321455
-12.96290002665079 13.29601680619694 4.022332655112644
-11.08221784435928 2.529308795696957 15.22455400549306
0.4041930001216639 -17.91969870365154 -6.302461930785625
-1.593943485880413 -11.25804339658067 -15.22221413081966
-1.942459452188828 18.40543643917679 4.297296913179906
-11.21642746071642 5.807138447426005 -14.1939740055741
-11.90959210477505 -14.70813179548152 -1.682995836187785
-6.19807543621841 -7.350092381973953 16.38780042786079
0.5779832763431609 18.36101944807137 -4.851690443527136
-4.812337132208771 -10.23161518205317 -15.2694290034809
-5.489580145236753 8.803290726505264 15.91749296257576
5.063753466081564 9.039730035264364 15.92613203901959
18.33355049015311 1.93787575131123 4.596255432141109
-18.66318107267293 3.207616657165969 1.548182040101954
14.01884298139473 -7.204699431816758 10.60963465724334
-8.302305720032534 -15.24021381735594 7.733537517358276
-7.37277015362541 -13.26422359240123 11.43252521329373
17.38071338609526 1.983907175930394 7.414507030659618
12.61286048723085 13.91816375449125 2.863645933563872
15.13340889237298 -9.418737560544756 -6.577789755064368
11.11002407672624 14.16700904595473 6.071508849240053
2.914267311599998 18.74820766196026 -1.005860577095242
-1.426275407544021 -11.95549405439831 14.69802368949927
6.113541591012011 7.739410347183931 -16.239647061832
2.08986616301326 -3.543601837922625 18.54926805658281
0.8768905810997036 -14.68016394338252 12.03012258890949
-3.384544632807504 17.89797184807905 -5.404392783088935
-3.811186645712917 18.55380934652776 1.493658288980042
6.075808424362236 -15.58941197625112 -9.003043164684199
14.4574985832251 -5.483518987019301 -11.04136559647596
5.986822762593556 -3.640707427293928 -17.66078148435506
-2.678448038275933 -14.75486231862972 11.66704564422958
-3.315874496878345 -15.13278130015954 11.00017756413475
-17.14940433301208 2.895253126926902 -7.649538571305241
2.946721483189097 -18.25417198800574 4.370587778871214
-6.06000625150285 10.83583196435439 -14.38266560384486
-11.92798340684314 -4.213471685423731 -14.17638417235535
-12.66674579213106 -4.14303840986961 -13.54211149606571
0.6502245886824753 18.44257529189414 4.522015544764114
-2.754782890743154 -18.12845999881484 -4.976957835489373
15.20279324915125 6.097277024283433 -9.627995134642864
2.50242999565787 -3.928187317021762 -18.4202928456423
7.669986269827521 -7.165017682412163 -15.83773444124438
8.449735513017567 -6.563750640447028 -15.70092823020604
2.469875752435646 -12.42939956599068 14.15661471526584
-6.140440033307684 -0.8717876753894824 -17.95925896150482
2.445809615570066 -12.38624033024955 -14.19855858197178
15.23671237656006 9.74405422961218 -5.82202740669935
5.007284190764288 -6.397778742045146 17.17543397416081
5.879714346933445 -15.45465856336297 9.358551591370139
-5.559630638012245 -14.26231178443447 -11.25508639382467
-3.469400380860673 9.433431268232965 -16.1236979475804
-16.28900976566437 -5.621236883990268 -8.004364856011877
1.953506096315578 7.359398038750097 -17.40755796885075
-6.032499240759799 11.49337207937625 13.87484598672168
12.1395849408014 -8.573870284534863 11.83719670399364
2.787077056291974 11.55900980786422 14.81963203807671
10.31352954455018 7.030632423519743 -14.32484959987516
-10.09640078850339 16.0868288750519 -0.5259542401239566
14.55022523310419 9.733481655520736 -7.385816172067875
9.566354794123795 16.30282652307637 -1.924240970206726
15.619538993466 2.798567185733223 10.44978580347619
12.99755988215767 -11.03338294267534 8.386173021706995
-18.88656684414129 -0.3035115340236169 2.050725137725106
1.815286805312589 -3.181719099195366 -18.64353500246864
17.80253204081978 -1.435621613972455 6.481422954651269
7.016525843466678 7.427109043793892 -16.01893930132577
6.610060643158101 17.81311536304765 -0.004399605464912
-16.18081018793827 9.274626742767152 -3.628040854822565
13.1120401296417 -1.194498485934159 -13.69845162804054
3.118305044784828 0.4350734071662017 -18.73731263490168
14.64321229856692 3.606458002109924 11.55723990657439
15.20848044231373 3.645039482553623 10.78961583219653
10.69504939901798 7.817479968760158 -13.6199458622492
-13.04762969250183 10.43581500622871 9.047271664049674
10.38657926121128 -8.257791720459611 13.59881785862596
-4.158671179370579 -17.05246819795459 7.27452970161095
10.91818421909883 -0.3704569476285248 -15.54528915806249
6.001152162089374 -1.321955535859225 17.97883773464406
-0.4558946433859754 13.22127166642437 13.63782004562078
6.936504986716042 -15.20881692808372 -9.031986836643293
3.573264698566385 -7.192994069212234 -17.21896093596407
6.894611097660011 14.95506133362553 9.476839046830007
-0.02475001089251036 15.48794388091272 -11.00558866116024
17.39713238647352 -7.192069205478083 -2.571755289899864
2.305630498768187 17.63712036723417 -6.679524919845987
-1.37334808550837 -10.49940384136747 -15.77581801403365
-12.51621570603154 -12.62115198552759 -6.711994260896128
-10.62180038152512 10.84039166705046 11.43080334709577
-17.73105317448799 3.355189507441738 5.945793192891268
14.57468724660213 -6.451531838593425 10.34196444585595
15.09467420326697 -5.653265507877016 10.05939360969013
11.31544634982626 -6.887236591563027 -13.62081664350706
6.767325158817569 -3.05014478404499 -17.48999505406442
-13.4641865788969 -2.35853423914913 -13.19670398286685
-13.09078677796528 -3.246997722295411 -13.3823879530246
-7.781599523150011 -15.0724467499665 8.559676269038198
7.016354198781671 11.74542221481307 13.18392319277591
-15.09137461397292 -10.55288440873086 4.678358998270538
-4.496882531705384 18.03140740594033 3.955552358020714
-13.80960627889547 3.880142004880949 12.45950530494085
-9.140600848965153 -3.495287268213882 -16.28595662012396
17.2622644834492 -5.567044043766374 5.658820152488842
-8.795568606974616 8.205815157542398 14.70722851118626
-12.68013425219237 -6.310726718683253 12.66447486587878
-13.40289575324687 -5.973443665449643 12.06981177165976
-18.03767259928219 1.757276862769147 5.705641526478934
-15.91883978069354 8.156637071093472 6.407793046523304
-18.53273819565585 0.9558761967294502 -4.077243636061603
-12.34223901103781 -8.130655190043525 -11.93991550954339
-13.74548126089401 -11.69976623460855 -5.93103827014507
12.05677779402715 -10.02402739333231 -10.73093584190946
17.44466113248219 6.450329464241873 -3.882917430952942
6.01467769481352 15.42839578746323 9.316021449787435
-5.678595649209726 -5.912999619004873 -17.14030300077641
-8.603707165464279 -16.85257741450737 -1.722456820641568
-0.8059758297144967 -17.86977217083524 6.404814245890224
8.11938605665858 7.233991429455139 15.58027400469927
9.413408253016385 13.83589417140144 -8.997542861238434
-13.71606909919727 -5.076167231561655 12.12856028979802
7.970216480639785 15.05730192911852 -8.411498550621152
-3.726387443593066 -17.93366932317786 -5.049509008521631
-8.289200167068934 7.625494471497788 -15.30166640125908
15.10645399993907 4.75753625626766 -10.49575610987715
-5.749927801214248 -10.28862852313979 -14.90243112360054
-13.74888837878108 -9.849075406167321 8.658162737639472
1.251142425534267 17.54205255524127 -7.191038504985309
9.980890380845418 -9.769024773156055 12.8820798859117
-3.638766247549807 -14.5257633146548 11.69451069187254
11.40251183105673 9.19388223359929 12.1018698314483
-15.63080957658541 -0.4862625162737489 10.79079889284353
-16.05397794819508 -1.040875836427477 10.10872739428696
4.100548741392315 -10.21345508014811 15.48776405247906
1.971279343003625 -15.96732958435152 -10.10734602635826
1.956120964121741 -2.579523784476107 18.72216995487023
-16.09255061702126 -6.519264213704386 7.715504439148622
13.03773014300493 -10.40423956394595 -9.097768507397976
12.75654456684796 -11.1871090980633 -8.550974256893255
7.8608821570006 16.3878904407206 5.535664243493108
-1.787956561689239 3.270855203545945 18.63074656504534
15.85036880363668 -0.6016423914992808 -10.45962882809195
-10.38997564217753 3.148858229631006 15.59272580418968
-8.660323066401414 -14.65942634620951 8.432082992097151
10.63514984977762 13.79446730017273 7.589878759060672
-17.26878276153152 -7.727804280417682 -1.752193750299929
9.471916303461693 -16.3812835866994 1.713578008831028
13.78472447056994 12.93753899297643 1.89775026694366
18.50527180419713 1.108282105057317 4.162526423747535
-7.547921843557987 -17.18045863389186 2.976695646630821
16.86292423075675 -8.605890714897031 1.606372120962606
8.560937342001095 -12.91104090865253 -11.00069881786753
16.02856668623158 -4.048286234998539 9.364637128290054
9.89378276884775 -1.062630524630619 16.18591606585721
0.5972668218746566 18.08376528191233 -5.798336448688523
-3.619309871474027 18.12282955882445 4.411762101026018
9.07926008318055 16.65228338440372 -1.126274579077513
-9.470892437816113 -16.38364491701778 -1.696577632881847
11.48927332502958 -8.44131272946586 12.55949194299361
4.505507402713384 -15.28567950882344 10.34641991210632
5.448384224797367 -15.10573384997045 10.15538843141099
-14.91526543826817 -7.613990068052031 -8.975634359175293
7.024151571822599 -17.14767935554725 -4.197426284689304
8.931271973843705 7.385191339116385 15.05627210878823
-18.69809074678185 3.326283574687157 0.5632406287525049
-5.09945360231819 11.77671942932314 14.01086908228061
-2.390785166097377 -11.74725076161316 14.74063247738535
1.974066203921014 12.05434077945823 14.55321033295496
-10.40167312884316 6.107273604223739 -14.68013641775355
3.148094546745115 -12.82650784083953 -13.65907014893897
-4.218218639084687 -13.58119556320611 -12.59991105471897
1.268557613553573 -10.639570451493 -15.69045258075153
6.912097500152143 9.740956802795715 -14.77621970310601
4.642447903922739 -17.22529666528396 6.537341374926101
3.684121628427033 -17.38844268196348 6.71336792698172
12.36193319375748 -13.87226730397389 3.967720700877757
4.176014603119002 8.805460963052759 16.31026545653659
-4.015840439134184 5.225577720602548 17.82039177609058
1.377481892975152 -17.92047257593884 -6.161104307634277
14.66700176243669 10.16745101572693 -6.519355730704715
-13.13547215781626 8.672256830188651 -10.64196094065751
-16.7756187576813 3.651106025899188 -8.139289900511841
16.98831028881373 7.073850148439624 -4.728420202182377
1.873461735277359 12.98571513080932 -13.74268327758162
2.36945489234779 -18.7560206302231 -1.89667436102636
-5.330506335982834 -5.062798373088655 -17.52009631353371
-7.029540536244189 -0.2718819213559718 17.64969235058049
11.82348043135625 -10.81672038835715 -10.20802970849098
18.4836453312346 4.280597998698634 1.015547164176345
-5.72655581850083 0.003057365664764506 -18.11647176218674
-4.559519223836266 9.101366813966958 16.04293946149172
9.235041624542829 16.53956469849801 1.468606746940716
8.60679352458563 16.935272105519 -0.3459247565307746
5.960468927241872 -14.48645501841772 10.75246163288874
0.1150014932514612 14.91286507846522 -11.77256258458806
-10.40466946557868 4.109068831153785 15.35768233337619
-14.66494510148801 10.58869097638755 -5.815411299032218
-2.276234496248615 10.09252315190803 15.93611411060702
-1.783339535852539 -17.77615897588373 6.467447113349563
-11.77401011805978 -8.925502450414076 -11.94604921082608
-14.54726397570018 -11.36613877538174 4.493105847858396
6.988380541398281 16.83473433068993 5.362299639491984
8.085175835200259 -17.00190834432074 -2.562234252602723
-8.400406466251374 -8.345517628256387 -14.85885280626415
-10.44326695286168 -2.653059487175969 -15.64926358359308
13.08155901161865 -13.30118233537373 3.598800120412455
17.97474536639321 1.152241908866019 6.048211933851085
8.696773097148142 14.47431913283859 -8.709777456253569
-17.74206546831471 2.449074189075979 6.342014548582846
-16.75574822582503 4.564865224376483 -7.707587617149724
-7.07513788083886 -12.19013119995596 12.7413941660628
-15.8338161926907 -9.605264679245655 -4.246075272262791
16.47413373381687 7.567601655447576 5.686327716970266
16.00157714325751 8.346227484980675 5.940540017315944
18.01340469471165 -0.5827247596691106 6.014788704435845
18.15631357315286 0.2969981650069514 5.591070516755063
-15.54955636322257 0.6226244456133015 -10.90062547318681
-15.8936626417436 -0.1671174243525752 -10.40978191879742
-6.320412148168259 13.82378969873504 11.3997907280105
2.726368594237637 -6.788305440194749 -17.53527369444164
4.42125341171716 -12.4538897154122 13.65112263609589
13.86412354486081 12.51275740109672 3.495279753343851
6.680717227238523 -2.077018377950178 -17.66505057981255
-13.65286570028242 2.945427834233158 12.88113787843979
-2.055546454511255 -16.21597931724782 -9.6859043747054
-3.722632635748437 -17.46249217574689 6.496412338455685
6.139352656127167 -2.296134921367613 17.83356704045998
-9.930229101259469 5.464536855746251 -15.24891428753832
-16.18278810544754 8.320220446301024 5.467293741801329
-3.875467384088025 -15.48811814964755 10.30043439556935
14.14350545050365 -11.69265272299902 -4.92373088936805
5.82172196876572 4.041224445281773 17.6288416607912
6.97133529817177 14.38133541898806 10.2750997915847
15.31675697776298 -8.930657612774283 6.829371148762214
13.22444861677041 -2.146000535594164 -13.47251425991558
-11.2606693619031 -13.15278341628218 7.823146037641729
12.74213099857866 4.966014067962932 -13.19002660694265
-4.252867156794562 -14.89315130789735 11.00487006132891
18.26839209191945 -4.655747310574866 2.364290032117394
-4.298572478880185 -18.01482720785478 -4.241258694650554
16.24166005465615 0.09568677286755789 -9.85897168626043
6.996831757518567 -2.614583571251196 17.47021173615028
-3.794478319091922 12.64601372013997 13.66309888992878
6.907346268433678 -11.23143124261191 13.68004092722081
-10.15537768694405 8.485807058976361 -13.633025438007
1.79482776710242 -1.61401272747285 18.84604882202086
3.103783738366574 -18.66132447908311 1.766775365411413
14.16289014209196 12.383103034689 -2.659191992938934
12.83009070319751 9.889940138183398 9.92863820525624
15.4945374164597 -5.019874071878456 -9.783668767513172
0.3069623403520657 -5.300990219160599 -18.2429514283728
0.7748845812272547 -6.858889217897608 -17.70184150257775
7.599156384260087 8.001820696869638 -15.4668577216805
-0.7929913402360322 -8.830317289177339 -16.80466189206931
-2.293989530304148 -9.598798579312469 16.235783869855
-3.311837664840431 4.599135883943528 18.13504012685848
13.38838338509943 13.16092920288962 2.922521659478494
6.787726819160399 17.17650022481523 4.460336832053507
-2.702672024992978 -10.97255720548108 15.27411379746025
1.740290856982015 -18.16549856809215 -5.290184260094062
-16.17681339965882 8.882447601979683 -4.518056311148013
8.632566868430303 -16.26724926118988 4.674974945002035
9.203543782120688 -5.972544455813923 -15.51204353313625
4.047514337547958 7.948639854368706 16.77607678072812
3.8426550726201 -13.2258618195165 -13.08856680939218
1.176077014529619 12.50506554194875 14.25623297535016
-10.32447851619199 -15.8612167519017 -1.681352585831709
-3.031508937512265 -14.52078591679448 -11.87251994819998
-11.07625806771241 11.19313220088277 10.63157085058445
-14.80745638280346 -6.931146383154191 -9.679795725461444
-17.44251553376591 -6.718507459027109 -3.408857488562994
-12.75066824537626 -2.46433198614362 -13.86894109722955
14.95417036636108 -5.711545771060187 -10.23479523776283
7.840853379322443 12.55279803159369 11.91420496138896
0.8559498833520107 -1.27446998676409 18.93787411643734
-13.72385700826028 3.783439419948862 -12.58337534099664
12.39755608778279 13.33966185639629 5.417935456175702
-11.33637770958087 -11.06019323343733 -10.49564986386003
-2.830068185671653 18.38131939607979 3.888162975461567
14.06552685781305 10.55142554945151 -7.199192530174588
-8.561763493357068 16.60279830900301 3.47034496763434
-18.81699195712682 2.629382296735602 0.08463109970847804
-12.94642761238827 10.04449680118665 -9.617593050661984
14.86374741117814 -6.609756014511161 -9.817338657972879
-18.28237965881356 5.169569161517669 -0.1736337964960355
14.73296885657044 4.46630735645994 11.13515726287498
-3.016278434519063 8.818013698433726 16.55731556804093
-6.764778665453398 -10.99521592889728 13.94069568867888
4.779915598301147 -12.87781645215941 -13.12685226158998
-16.22643889998867 4.33443542477584 8.883431216223979
-16.83214729623164 7.813578677392558 4.077598024592229
2.811029069768161 5.898624597513546 17.84108582532258
-11.90367753756241 -9.625384579617171 -11.2540851594521
8.961810731549306 -12.5850449176937 11.05905026806189
16.36082593312342 -0.8913473326855976 -9.619193038844291
9.602238626595783 6.637390763373697 14.99139944141952
8.402196389912495 -10.259028246594 -13.60718322287636
-15.6913023323468 -10.15030564841958 -3.428458306374675
7.564434735776686 -17.09592682444623 -3.392434692275594
-6.467077977048457 -11.79958648677579 13.41441989725508
1.8243150714735 -7.275443689576823 -17.45679792057499
-13.09841417144233 -12.42509664049599 -5.920179023280816
-4.969432137545162 -4.212694095789302 -17.84819186039962
-17.1124916345377 4.673765711288778 -6.805772853530932
-13.97216279500903 -12.13797147066463 4.295150219386614
4.445594579310938 -14.23071826544222 11.77808755639091
17.9095307661587 5.320585666886658 3.45544149094368
12.81273865665221 -11.74313091782483 7.676757412029935
-3.641123891912609 9.375888686269569 16.11939602300364
4.074592546322828 -17.61653823313889 5.835689870255819
-16.45879341332181 7.416088018999349 5.92534875530959
7.916391922427359 -12.62998740830928 -11.78194198748558
-1.090961009485836 -16.36226035900093 -9.59615756540337
3.566045761664874 -17.15263180055375 -7.353267296946598
-2.753497709412402 -17.6407463592108 6.497870286043848
-16.24141478504079 -7.049224793961653 6.893828804405787
-15.15355863561478 1.394515072671686 -11.37651037836631
-9.91407589792713 -13.53179336243374 8.921976658035733
-2.607282812989341 2.678293281263441 -18.62870960191901
-15.70121889036097 9.318601433893491 -5.256937575548149
-5.385970311094852 14.07796771149787 11.56728788100427
-9.67748761678847 4.696160275689022 15.66181062623176
2.795578756531502 2.543056581965319 18.62035452500711
0.3476048553679248 17.62970944509698 -7.076193591612867
-8.408486056346852 -0.0845632994559662 -17.03790513204618
-11.10375735101416 -15.07839560399827 -3.216917577297353
5.667412411548666 3.705553106998791 -17.75244526054469
-2.326371004200032 -17.97511595892584 5.699403847244612
17.82637914046268 4.156691861888376 -5.093340701915392
-7.235385403327918 -16.22085947062996 -6.747808244117747
7.289559071815861 8.896149938707897 -15.12351959057595
-9.863721744085181 15.35463477390699 5.2860367304047
-9.248649747569345 16.13518848262141 3.88820916066343
-1.170912451684283 9.63914909560344 -16.33143498726361
-1.671603330549037 -3.196611995332693 -18.65442076443524
-2.998218087802232 -10.16964368690815 15.7667065546139
18.13577078752407 -5.36589775389348 1.8168542146109
15.5897939644173 -4.861202763338836 9.712210450804941
11.28574963229928 -0.7619102350524695 15.26601939048876
10.69951357377077 -1.415983346274084 15.63698821537477
-5.77814566784196 -13.61443212108866 -11.9272910026321
-2.165490426432218 18.86843066661013 -0.5412720132768239
-12.63712049666577 10.18086025920343 9.881966906204559
0.916678215703819 5.202193391820191 -18.25094202946677
15.11998412649273 5.434701630027153 10.14150374486881
2.210893283103878 7.398615653246659 17.36008171945799
-9.399477223636993 4.825958908665156 -15.79113512494288
16.38917192040271 1.765403369813284 -9.448724501504707
-9.015733876347621 -14.03113362957837 9.101858696980122
-11.86175313404271 10.71337479784301 10.27241028327676
-1.028113284142716 -18.70927359340213 -3.147390138224858
2.382866233884604 -1.386705328088032 -18.79890945891449
9.767869280789364 12.05070587311099 -10.97129061109857
-10.92684218704825 11.41069746116052 -10.55462473369885
9.941736711799694 -6.277257824280892 -14.92507639379975
3.124249433625669 7.668628118208518 17.10062011335003
-0.3830613850549522 18.93721231732282 -1.495076460893132
-2.622045168309715 3.966454925275076 18.39543732725876
11.97253131600931 -2.541031162129077 -14.53277862352087
12.64249604734323 -2.828664987418023 -13.89841530829562
-14.65462587805174 -6.22862106184421 -10.36562685235615
-15.06791221495521 -5.357678553539334 -10.25930319268069
13.76279112866106 -12.69807945730011 3.216264672712972
14.35679596108741 -12.15676845442868 2.663717416902905
-4.857318757281758 -18.05003404186798 -3.406277378248269
14.52560035073727 11.79617391432395 3.29502889724571
-6.346213296871353 0.4221656670315223 17.90383626322004
-16.17527721009741 -9.934430894267505 -0.8170006019133975
11.88643328879222 3.578003794350835 -14.38438710959571
7.820472121328364 13.23379868641235 11.16721935519477
6.559499814343396 17.47693221213883 3.539746126197918
7.027859024226872 13.76846705162961 11.04710426237494
16.67992636009946 -5.509985456619284 -7.240173816249378
-9.262335763418468 -4.11404238724734 16.07121001796789
-2.940542755069338 -4.129924559407173 -18.31111496985409
-11.47633308046084 15.07364548398638 -1.441870607723647
-15.53569267164581 -1.43098439498082 10.8441014783841
-2.926017283424428 -15.69879804096794 10.29495813133802
13.45773087136784 -13.29091134556735 1.800320915309882
-4.809214933337396 16.46214897072694 8.177353055271526
-13.42490674819611 12.65047890621046 4.553818424768679
12.30616675282556 -11.01345241448101 -9.394792481242638
6.596549384097345 -1.110176335610916 -17.78350484935448
6.677794886594548 -17.46748093232787 -3.360679296114697
18.26181200404257 1.161905376123983 5.1143130746896
-7.059723408105225 -3.843467458964369 17.21592470048975
13.39566471012137 10.92969791116702 -7.880220209146469
-6.386072722187144 -17.87538807772225 0.829804951637703
-17.99928775953639 6.061616481331106 -0.5314562848048822
9.26315735252259 1.364118341427129 -16.53278854316442
14.06702329546358 5.298648564356169 11.62080801822022
-11.15074741809915 -15.2928673478683 -1.670042004938407
-17.11679297068145 5.774445087616437 -5.888224038615766
-14.45177110288404 -12.3023982833895 0.8929213104752545
-3.981893851482516 -4.153628602745144 -18.10778536392518
-10.2951135207318 13.68574477750487 8.228671064044519
-12.4365693368639 10.87360854767847 -9.385967200093473
-8.923753264697854 5.266841951297908 15.92567121131297
6.270669271514632 13.66623402039783 11.61519498704189
-6.419556523522325 1.605388549359675 17.81044698054731
-15.16124843420704 9.760518686391437 -5.989058430910329
-14.06993977639185 12.7575476717429 -0.5308220906422286
-4.888631993813243 13.6341363340123 12.29681274374101
-4.441652532528426 -18.45549722399241 -0.8162995746001813
9.300508651252825 13.33055910296241 -9.838533062931564
8.953307821887176 16.74743978309107 0.6012817627971336
-14.12313619827978 11.43405297320947 -5.549725806801545
-13.34645228823487 -12.88785583441176 4.095776276762311
10.66414043742885 -6.594897448268222 -14.27527360079729
-12.94280553063191 -12.94540583765508 -5.089229086477611
0.1249087656339593 -1.893842788549367 18.90496647160548
-2.458533737198558 -6.071826048680339 -17.83503687401917
7.436699015957485 -14.01908697423862 -10.44800019883183
-8.833512875164915 15.40026712477855 -6.767630513685035
-15.49077202290253 -10.68809085684232 -2.607814404888486
-15.83029670822445 -10.36317450300528 -1.733874375449274
15.12326805908994 -9.671153058923112 6.225396511371152
-17.13506812080038 -6.169649176627244 5.415244180355442
-16.38066322289312 8.486706016767419 4.544193367707886
-10.41662513752797 -15.79734183742268 1.714033726574644
12.02310918535868 -11.77697990951936 -8.817459369212933
-2.913659651829205 18.54662184496979 2.921199338113
-6.445739510621235 4.128417992129883 -17.38989956967764
-0.4588646819819899 -15.9910267844082 -10.25068317645069
-8.002556276566859 15.63407578183715 -7.248087160634418
-12.36067944987998 -1.674941638407258 -14.33206803100112
10.4665347311928 -8.396726002623726 -13.45164090948006
-8.201500574622623 -14.59509269321986 -8.984356270806773
7.365438291587267 -12.87799425091017 11.87044998499824
-7.632254454816717 -10.61567994641666 13.78608106795319
-1.360677598780157 -9.848970898923929 16.19093353405935
12.41747517387679 10.13988571662644 -10.19750106447205
-16.65265112473713 -9.110862396253447 0.8254676942957936
-16.71109671984704 -6.610726830498583 6.167457919795138
-17.41952927456517 -5.215508775908106 5.509851909170743
-0.07750465867874204 -18.92956276658865 1.63268076906171
7.833631215854958 -2.955848617672713 17.05570816247115
-14.70894579151669 2.172993111765166 -11.82899043191957
17.47336122884007 -7.007132066000516 2.565491683107907
4.434247966120732 -17.79961174320098 4.950885452750432
7.742011139786901 17.34474190931849 -0.4703101216711998
18.67793593528459 -2.429893676788772 -2.496062081941593
-17.72786387187282 1.576926740748218 6.651025830250507
-8.117704057690885 7.760531825394673 15.3256982424549
12.41991429388809 5.87281185367817 -13.12462608472224
-18.2597213775129 -4.505492331979302 -2.698724525044045
4.990769052403635 -12.14994891481983 -13.72847280773935
-12.76565082829469 -13.42076488384048 -4.233347240982414
12.7227952584544 11.24246354543667 -8.528627922531141
13.04415508365971 13.1915368548924 -4.102849443917007
-3.061819235170277 8.64695520692325 -16.63897318408213
-8.850078741433924 4.17707815486176 -16.28582587278263
9.618475785953544 9.508540898237987 -13.34438359541425
13.25433294953304 -11.79718197889644 6.793316967411726
-4.517892840247021 -0.2237449079739282 18.45368750413316
13.72267975426055 -12.40238754832915 -4.343828203676748
-10.3871089867616 -13.68644156616552 8.111059373045737
-13.25512903623477 -8.874520675952814 10.32203647565982
1.405618697472831 18.53438902123389 3.937087716431945
-11.98624813702269 -10.28828360647094 -10.55845992702256
2.629620930364451 -18.09619287939541 -5.15876894562142
-0.7278789899307112 -6.055624736369597 17.99443250642504
-5.388195187462036 -18.03848707971694 -2.56521665687243
15.32745027986617 3.90521302255505 -10.52704038021594
-8.028144354326006 1.984748876689495 17.10583731135612
12.41705293681503 12.15262030899122 7.68964342410149
12.07662907332185 8.356098116149692 12.05531644125019
-12.23479310386845 -11.97958200322895 8.234042308213265
13.66464509822482 -1.487939261860057 13.11729816282972
11.22270433262873 -2.244183904540716 -15.16623045008208
10.60139973513746 -7.467371521755367 -13.88699701922285
-12.88808889224777 9.364872635705195 10.35356582161622
10.24818782093827 5.843171256523292 14.89402551541096
-1.420353364776629 -3.238681206232317 18.66798168960869
-17.93297039437488 5.032996815907754 -3.752001583893114
16.54676828170571 0.8008957386316177 -9.303925270947715
-11.47383874394083 7.538983523313592 13.13448712029702
4.521255800592653 5.011207696591984 -17.76080075354781
6.336361073321378 17.72441109558673 2.587620463503006
-2.837749423873896 -18.13829842318106 4.893803073166196
10.44548935095985 -1.892079766876196 -15.75791186594093
6.299793601238517 -17.75138537984124 -2.490164186987038
-18.0093769417018 5.729586202056924 -1.95810728125363
17.16987424645395 -7.387897846120909 -3.407988230061747
-1.96009541792277 -15.87159679839752 10.2591637584033
7.130196212401191 -17.07619476140223 4.30858148853177
15.91703691408611 -5.226410030517902 -8.962844083689179
-11.11225875358255 13.21773753057799 7.925220499530472
11.31515502564302 -5.833401381773068 14.10456291647471
0.4750949248892184 -16.07491741748001 -10.11787106231061
-16.81335521487432 -8.682858981228632 -1.708521679861175
-16.05197700704083 9.312485264987492 4.075739485642255
0.4239924081585119 6.829028134403677 -17.72525331772009
14.69431304091449 -11.92814229780254 1.67229948842433
2.212043279589311 -9.873517864986987 16.08168242128312
5.748019337909773 0.146118305989453 -18.10908399482619
8.950128969381394 12.18031977210552 -11.512384708682
16.16721526907548 2.965669985322158 -9.530265053057644
9.960611222043623 12.65317468542028 -10.08381844657757
-4.645372925043825 12.23462028709204 -13.77441747653764
3.528979926206816 14.29357103852288 -12.0100011510045
-18.50614404265719 -2.31474264395884 -3.62830527445833
-11.70771194817348 11.16218491859245 -9.966699994569069
-0.6330525982685865 -2.540084308110567 18.81879953970273
8.143874060804473 -5.702253835958524 16.19140563607905
13.49059715568628 9.988905406119427 8.900873955437604
2.290063824172521 18.6418133910762 -2.870261516570997
5.691588545907873 16.13202060167686 -8.268236276931358
-0.5068596647746197 13.94301815802844 -12.89710579646122
7.915060762872123 -3.880572119962893 16.83130931157196
-3.953150405698837 -6.752891603412056 17.31389779519592
-4.260627002430643 5.597426406109306 -17.64981232688748
0.3782616696984703 18.81573928569408 2.612445835232846
9.953724041399685 5.072948211907068 15.3684278358904
-14.22911500745032 2.938948657788212 -12.2431559204168
15.83527875092206 -0.5409598780600793 10.48576698629744
-8.456146762569745 -10.21808195123067 13.60457214203428
-2.990772130952754 18.66200454072886 1.945473870945473
-1.750610357233763 14.77244350975117 -11.81991015737245
-15.08183933766415 -0.8601091127285018 11.5238159698551
-15.83817129738297 -3.520000541466801 -9.887463079214394
3.476100129071926 -18.66278207069267 -0.7856801349775641
2.471119744380752 4.066682194861805 18.39444652972536
3.840316164016459 -18.12145087549792 4.226699649526743
11.68588902230402 -12.51842166041882 -8.229770160238463
-11.17055007806689 10.13074740863235 -11.55797421245993
11.67274750877225 2.659052068775801 14.75386077242124
-17.61025119310671 -6.941430033261564 1.641828861062552
1.243158371252653 18.72648691868464 2.961966398917728
4.047516052458513 17.38651044806943 -6.505910254857754
-7.986199908065505 4.450834686892445 -16.65565014096926
-1.664637473747641 7.719487515523547 17.28116010511653
-11.60008602201231 -1.774864802590085 -14.94281965408274
5.25716034418951 -8.091203542215284 16.36748882247744
13.06577346493238 -12.96837897115888 -4.70177738982538
-0.4317310885559034 -10.06501662845516 16.10928454451331
-3.500575936245614 -18.65759654444833 -0.800037061121354
-1.720152341694836 7.935799628443873 -17.17743171078121
6.859300839977621 2.461093758638732 -17.54688033520123
-0.6087346274318147 0.4894687042050987 -18.98393696104602
11.48647193737287 -6.739452931777728 13.55141087165089
7.429256961377575 17.21251062037453 -3.087979783825797
-15.45503287253491 -4.453051795431393 -10.11495371299694
-5.178488262768772 17.94157102955691 -3.504752245698723
-9.995243890913434 15.95379034560903 2.563527485616258
-3.530658399795189 15.45917132681641 10.4665406487575
-2.268122317297606 1.540609308058414 18.80112082067716
5.866316981278361 -11.73437736517476 -13.743751777693
-13.36329800511766 -4.351746068013686 12.78610857868592
15.92135534510651 -3.209570480549599 9.859467597453373
2.677312249841892 -16.24143065652857 -9.489358742613772
-9.503941528566056 14.8149586365246 -7.154865199265647
0.3816052798773727 12.88506518701428 13.95813284564818
-6.963353491715844 7.056770061510296 -16.20844546674297
-4.950965316952362 -18.26266349466573 -1.721355428416323
5.493142753670471 14.15027538885182 11.4278208380886
-14.70612551515752 11.33534461703162 -4.029867832270106
9.07261017490764 -8.603671590668956 -14.30610288562466
17.02892466864128 3.841091141493128 -7.500782857307865
3.782314179278711 14.55841950890921 11.60803690775658
-12.65400548212217 8.168678074493311 11.58226419029174
6.132249748293305 17.90750302155182 1.64828655205007
6.778905233461195 17.72299272171528 0.9705528433731349
-10.8450353065211 -1.841822303728974 -15.49170422522317
-3.640187635693508 18.33392361564793 -3.408266250240901
-11.17635872616209 0.5871011964748708 -15.35396749407912
0.1347923988224707 -16.06102632628596 10.15013617423771
11.01422894279562 -12.21104421231967 9.5172033728642
18.5061441597286 0.8662495537328033 -4.215713468678929
-6.12010945485249 5.026589617633796 -17.27071675051505
8.009705032784051 -14.25029898157025 -9.683677205672007
-2.97831734207948 1.798676899211271 -18.67871481719533
-7.801074341083917 -7.693542613628556 15.52264929633996
-7.800554351070551 -17.24634050736185 1.647753294678572
-13.22834535194083 -10.66894721062295 8.496142928807524
-2.278050863646718 -2.442682265890902 -18.70411151620254
3.055763155393652 17.02789281273962 7.855773538995943
12.58037884266163 10.74040156217086 -9.347611591119378
17.29358052691836 -6.99242978266113 3.610816845748853
-4.42010594798199 13.16420506897894 12.96789760564462
5.344353915306394 -12.47597964574633 13.29615783250457
5.879382844957123 -17.99167599590347 -1.653013073407124
-6.063792720303868 12.33311637725099 -13.11962873980713
10.32003870700129 -0.9694428840780513 -15.92347266083958
-0.9283957295136471 -15.9984409792995 10.20725073667202
-3.103763974495486 13.79073964261511 12.69575319940601
18.61282248909547 0.2844670599203507 3.805511461189192
2.699345316604767 -2.876091823853375 -18.58606011726228
-12.00760095143827 13.13354290545483 6.657895323718734
5.931358474289541 -9.935726621050419 -15.06984814658806
-0.294329136321195 -4.403414284120825 18.48034937445483
12.8923960007649 9.381136484099876 -10.33346038973158
14.77418996655345 5.647765701766785 -10.52739537635678
12.65300628805412 8.54693342274788 11.30713761044669
-8.096741692752142 -15.78737232357027 -6.797179494306212
5.665558413558706 17.74604683811919 -3.738886128492573
16.7414096882034 4.471023398752004 7.793276038967265
16.39407052211087 -4.546219488457074 -8.459689124242599
-12.52189285689196 -13.89207380731177 -3.348504832417056
-10.66800887834613 -11.78187757390288 -10.41061705208162
-10.99035164709513 -10.64832194281064 11.26167884799823
5.003508581948782 -14.72824831998568 10.91071048535355
-6.215100129316367 0.6744884142189244 -17.94206219367373
-12.60214131945502 -2.27450497943703 14.03611987919028
-18.31167546070211 1.638103397102872 -4.795743850782705
-2.424245078285186 -18.39770917184866 4.080114340124039
-2.784882687853087 18.38787309987283 -3.889800930365095
16.44122486363212 -8.902693769706955 -3.380557443130654
-8.276054855727466 4.385239101781301 16.53107963943064
12.37097082778907 -13.50241205234742 -5.063985539732015
7.527420629780547 12.97532360808496 -11.66099978251553
-6.126632541112689 -4.075951754811096 17.51716275538455
12.6884046042932 8.725381867164371 -11.12978435864371
-6.335264919439752 11.57512376224701 -13.67043994497546
-2.844193034153554 16.07981634832599 -9.713396532036588
6.407038952928403 -13.88653595214606 11.27448318573463
-10.61244815453077 -15.23407255853441 -4.037199208449483
-1.742410902466795 4.281990689295903 18.42901408062157
0.7108456944942435 7.570937823427104 17.41193840077606
-6.391178637272307 -9.628124867958638 -15.08151342384014
18.9793955703353 0.8463031900100378 0.2575163981489318
-7.372871782063821 3.820667096117746 -17.08927337910803
-1.481680291075328 -18.92635759956491 -0.7730533800654824
-3.054149312090002 12.1583466159667 -14.27749206077423
17.98079875077942 -5.937901136273076 -1.55955326289804
-14.59445270925155 -0.290003609170921 12.16214816650776
18.36640871485961 -4.192530818332673 -2.469355433318496
-11.76532459474887 13.56493759649092 -6.210443235672043
17.65110156659023 -6.831756461642547 1.663044537804399
-18.91030619710765 -1.035960082576053 1.525485574805953
-16.18524652078597 9.441962689143864 3.14438159869328
-10.95923447134545 -15.31180330717295 2.538475779778309
17.61827230192096 -6.472329640798404 -2.950496588069072
-3.02144398840619 18.73504843045555 0.9321140130956308
14.98944505506501 0.2397457314388906 11.67300556521087
3.273957170936339 -18.38193513631672 3.519327362880508
-13.1768972723351 13.35772036546812 2.990097809819263
3.168695210007257 18.42261155704272 -3.400993102667651
5.987412016039142 -11.08367910541035 -14.22332432444962
2.553233852179585 -10.18999983337482 -15.83176870384056
-1.661226681158506 -18.77290011402652 -2.412166499765384
10.93438153429007 -13.03649129459377 -8.4551283366107
3.101400119953575 17.35629955988634 -7.080973300573961
0.5069912409622637 -10.23695288121495 15.99836727886231
11.25286185188817 -14.61900559405596 -4.545082571668024
9.409599438747607 -13.30747702675897 9.765781770273337
0.2073835446058117 -6.340720936148092 17.90955750640758
16.26724024628736 -2.379374457680302 9.524467017093786
-14.12229845593645 12.14677700707682 -3.743860929816296
-10.77916861102074 15.61238027643216 -1.031070394908783
-12.22902732346968 -14.33295151052445 -2.453037243660786
9.729330389450993 3.107235938324248 -16.02139865918365
-9.969230527462113 -12.49017645060328 -10.27666944701019
-5.366138068125737 18.1741350852942 -1.380353626897858
-16.4966346105799 -4.093000697307946 -8.491666021273689
18.83663390962744 0.2218842013047174 2.476285596591222
-10.88228646910424 -14.47563262680508 5.747338623930828
-10.65104407266091 -1.279888993146869 15.68174557654397
10.20982154270711 8.623619432472708 -13.50528533389624
-12.91315879605654 0.6192005019006632 13.92361018724215
13.72521214960756 -2.992407537887067 12.79312505119299
16.75714233623499 -4.722496075351544 -7.608956008642075
-15.35599571982037 6.733468087361109 -8.936095510308075
15.35271936419695 -0.6116261137503016 11.17675809978864
-10.15077451069697 14.20270805593476 -7.499657372898475
-10.77565697458345 8.045232033344579 13.42234920927619
-10.39494361540644 10.32978059833858 -12.09300541729427
-3.716568392240015 16.56696464101283 -8.527766528771341
-7.384114062894843 11.38650590402534 -13.2974562531243
11.67092329251789 6.159747952475012 -13.66920095185316
-1.488755473744144 11.0227314758202 -15.40399292233541
-18.28385282985994 -2.710613161987465 -4.399238795755804
-18.36886896805138 -3.226761668045121 -3.62941620266866
-12.18355946916696 -13.84106515014506 4.581025449690485
15.92303792962582 10.34346687769831 -0.6852415936408069
0.2185127435244325 18.92726024102265 1.646533312605751
0.2958141043968175 17.34310950250725 7.754292153361425
2.594927242321542 18.72675874080177 -1.890729930704509
12.6185646761652 -14.11024115867929 -1.634906712124218
-7.341594711636054 15.76764617130219 7.647373490728498
-14.14145631376182 5.30491400596065 11.52723300342838
0.9042608487428434 8.581860863971858 -16.92731450729439
-0.6408647671980594 -7.929015485474372 -17.25456478098685
-3.962321546498682 1.723938070590167 -18.50210921735471
8.10871398883488 -16.68688533382723 4.098367394826279
10.17147190367463 -14.99116018503545 -5.72767628444253
14.51409156049219 -10.37572011391486 6.533420106755095
7.585592345133296 17.38163262427976 1.156562185111042
8.304688556944654 -9.109846686938774 -14.45831391665789
6.034758263985771 9.94324723663884 -15.02376540972101
-12.11660189979976 7.871903523813192 12.33779126560124
4.675477956032912 14.02921865722505 11.9298336011203
9.262116165908594 -9.675461450843454 13.47585432699749
-2.963239690903902 -18.70329485050706 1.551119682438382
13.35945482376003 10.70853886187412 8.23724239388684
-17.5236391944451 7.318227213006534 -0.6046650657330987
11.70721782228119 12.78324780395572 7.780078819929976
11.62926585424939 -14.04358482473211 -5.342087696934883
4.976266617080198 -18.26749435433885 -1.592300401912668
-12.71214545584686 12.04798987741441 7.365276493324054
10.51327261585792 3.086414911551364 15.5224077352196
13.37353595194572 13.42513236224562 -1.383602977085837
-4.314572887928432 -18.34729881942861 2.400226411267589
0.7399305518589159 -15.61397277968147 10.80075723335136
8.768426881214481 16.02222081437876 -5.234799920157714
11.85907047656949 -12.92316588193272 7.304398060059982
-2.484829526240505 15.20254601262666 -11.12241956408284
-14.06762042620166 0.2627056307061774 12.76843926624977
-5.389279813562269 15.40517205583022 -9.728120939903965
13.47488707087411 13.34614245946928 1.143634504000646
10.31950637402318 -15.87455061613366 1.583171163300233
-2.940972023509487 -18.48429975882884 3.268232853193721
1.10016433352306 -5.082340427943006 -18.27455756547172
1.268194753065301 17.13016028322333 8.120916865685521
16.533339646296 9.176675495395328 -1.853997570771802
10.12783669181963 -0.02073852677827059 -16.07564909598797
7.762513960286979 -14.8279609947498 -8.993050080730583
8.209347311693227 3.982869996547358 16.66563420055169
-9.259225922618073 -0.2057910093063675 -16.58988804586716
-14.06787378847494 12.45043227766012 -2.842826616404673
1.251678683871828 13.41722796099599 -13.39445013111805
9.457187914787573 -3.469229635777999 16.10981199389476
5.948654692526211 -7.478097970453524 16.42228845482215
-18.00564410605607 -1.146389222022958 -5.956724945612129
-10.42068202488949 -1.038744811869665 -15.85340327349175
17.37586345581765 7.006920266126833 -3.159499572546512
7.14570723948187 16.72458186622138 -5.49792956008671
6.630619095537631 13.01442652662863 -12.15152634827727
-0.9922636114270802 -5.062684494988072 18.28618709927373
-0.5239010002135651 -10.28281573417657 -15.96838214469287
3.617443801077697 -18.47783140754529 2.546339887049147
16.13098899510629 -1.558870323509673 9.917717345954191
2.438887807706696 -18.4784853642823 -3.6874659189509
6.039670794824618 -17.93870188564788 1.650863818731254
-2.996164971370241 18.76223537034631 -0.03897912338178788
10.63438136281279 -3.488796865716653 15.3537692264807
-2.682054271521665 18.16238538669995 -4.89227369937542
16.11492059295308 10.0000854883016 1.143514105499516
4.773934252834283 16.64445499691867 -7.821231974897864
-17.99864852108439 0.8821015595858573 6.022503487175642
-12.40950008491809 -5.707100452985557 13.20732039673264
17.44456738983212 -6.285067735329416 4.145478518087764
3.281574603561489 -17.79913422162622 -5.781184055346666
12.9081091273853 13.18340323201818 4.53636395999316
-11.76725116562993 -9.376112680705011 11.60259932100147
3.58440517433706 -10.8171053120853 15.2033638453285
-9.465636852723156 -8.982077255286642 13.81028628061097
10.56940223054322 -13.7086904809378 -7.833233163058114
-1.913613473004113 -1.529325979772328 -18.8414236596795
4.727069798436234 -18.33237451193937 1.605881650280591
8.709173339516569 -4.975093809898777 16.13687520324058
-11.49369671908979 -14.93495477370552 -2.417035712800946
16.96414561045065 8.391960369378257 1.671156744956209
-15.86086614973804 -10.35237577981009 1.503742229803837
3.240314320889009 3.861747984244042 -18.31904106682521
8.100389458541523 17.18158286332077 0.4205959234125132
10.90098788866764 -7.475644272589396 13.64856057468416
1.186225193757454 -9.648940635821237 16.32454637642629
-15.81682678169605 10.1980896250999 2.612844916226833
-13.1666866311811 3.439609416952095 -13.25924018241963
-18.53993652298036 -3.842696678119738 1.582540983300759
1.124190568770891 18.91574206229037 -1.389567485941389
4.600483099591442 3.013546053654951 18.18664607432811
18.66461815929314 1.91989662073576 -2.990990794615106
14.13882872579787 -12.59064252048594 -1.602885892346835
12.15666277463319 1.77207334240967 14.49397482587053
3.969832731892787 -18.50502378938551 1.674670903511762
-18.18889431975418 -4.036594651832889 -3.724248520387492
1.103259459304636 10.15349660762312 16.02152693111492
0.3597834119437998 12.16022359264446 14.59450300878325
-6.141513702538259 17.95684122602609 -0.9130512717393143
-2.576189655174936 17.87982423721071 -5.888559425447121
-4.830933684650334 -18.30875620440692 1.56573496547209
-16.34228432599433 3.429392777903054 9.064712250437202
2.024703178755871 5.587492082175994 18.0466204390062
4.39913433618663 10.55011948422401 -15.17704173944253
7.026784970661248 17.18152743684889 -4.052086859002146
0.6706418433422173 -15.18814221007708 -11.39607720772518
3.67758764618818 13.04628242185519 -13.31427294574497
-2.208487700867853 -18.79947875073884 -1.643831127468448
-18.20577283517042 -0.0250223855467541 5.435918446260249
16.16729623895589 -9.958449161425271 0.6691955029369092
-2.415879799067095 17.57414226545782 -6.80536908844103
-10.87972857886883 13.92310146945388 -6.984178657611509
-6.586334432442793 6.422263528299823 -16.62452194552037
-1.97930778175399 -18.8360023280365 1.512401072233091
-4.575994185421554 -7.385533272939758 16.89716471746926
-10.08923608071068 9.741586438214314 -12.81829976925507
2.219982802002366 9.592594942986279 -16.2497322629823
-1.322905769513642 5.923607564171461 18.0044659390574
-9.659143604668863 15.15375291185796 6.169661053148785
-11.83287702239296 13.89079718237522 -5.294220906898528
0.01293251940300138 10.84836018814095 15.59849075963121
-16.20169756938951 6.824043264597325 -7.206762754034718
-10.14662064280445 -11.25520109260366 11.46152423964928
8.675019568124529 8.937421352633173 -14.34804986951722
-16.94633280636676 -3.90664801332355 -7.652444427491969
14.30256419924919 0.263266996762816 12.50469303160901
17.85633903436882 4.83000011795297 -4.338462302504258
-9.720322032847886 14.49155417101886 7.517326471968468
-12.93543711141359 1.62053624477893 13.82202333292857
18.51301945469514 4.192885239362669 -0.82935157780882
-4.597885377956495 16.10727325667059 8.967452162466122
10.40998560203876 15.10154899914549 -4.957359941718331
-13.36788360527956 13.34894223461602 2.026185858351212
18.44057811239667 4.115895053452104 2.001121383016341
1.742246345391476 -5.9215178869446 17.96942413063271
-14.37429480851888 3.641123640588156 -11.87947252161211
-4.310187939782124 12.02760060383261 14.06268479481931
4.501154265335194 -18.44261508386479 -0.7807426900445508
-6.975792470143809 -8.999855935813898 -15.20989521818215
-8.427920890441275 -14.06624750525893 -9.597438751315924
-10.73320068834548 15.67770299127411 -0.08962087421430462
-13.2910952367726 11.67691948210407 6.927939002004786
0.2173121337153709 -14.13818939333317 -12.69111406121548
6.920706383591277 -11.83909075075576 13.15065600445425
-11.90562887399926 -14.73358731507676 1.47560358619929
-18.19474957632991 -2.153950980543176 -5.03106181914512
-5.382862781513219 -9.59784897356546 -15.48890194158476
-5.586315395827385 1.931207593905118 -18.05722895484202
-13.03472516707701 -5.555938026847333 12.65809987559749
3.562900500047437 13.64640379937495 -12.73111948617114
16.88561869446931 6.861812481075351 5.365762832957409
13.76054005922339 7.693667442908747 -10.60448106021385
13.58454833874562 13.02354246253756 -2.616751451468948
11.90030637681903 -0.9750225339292674 14.77944651183428
6.395350594653742 -0.328940707232755 -17.88830033241245
-17.49756624601742 -6.175523867222869 -4.086328478180948
-5.267562339206611 18.08354055895324 -2.497668483859577
-16.46925610979751 2.105949138899998 9.237347098288769
-10.04027044794609 -15.37468818972465 -4.87974716566766
-17.87523938410606 -6.402475585235404 0.6957897249658864
-13.45943520098063 -0.03317039272097071 13.41053704352105
-7.538914843445769 13.89443471772164 -10.54084659115409
-15.03977008454812 4.765571771145386 -10.58747569055032
-17.03415793178354 8.409585919284115 0.3410692323181576
9.389951279436998 0.368877838736071 -16.51341103799845
-5.656195772825006 0.007665750576721728 18.13856087499074
17.04390376910504 7.454593378769828 3.864502796827544
-7.9348926975323 -9.01390637771852 -14.72368736738097
3.166276293030274 -16.91772071895323 -8.047696571795882
-7.040463200843492 2.399123795266583 17.48359467994366
-10.78402902193742 -13.78247548893529 7.399195054254849
-10.65514948153645 -4.821098004216704 14.97413782358941
1.256241408328683 -15.13649995039526 11.41526288684079
-5.365902793425603 -18.20905945511114 0.7982737448614353
-1.364733779328889 18.95071138516852 -0.08966441659188276
-0.4791049186698993 18.98432996784954 -0.6047099707430402
17.4171587075561 3.456543692118083 -6.759799424559983
10.18012205127782 -14.35459341172811 -7.163153146838272
-5.268433208751206 -4.344189670741459 17.7305281260754
3.961321161320824 15.65713219116138 -10.00810402650621
-3.428304337986883 -18.53301990837121 2.402894596534969
-2.855970042442126 9.557565519494345 16.17084958984054
-14.47616398910223 12.30502360041708 0.1645307077670349
-3.363259625531296 -14.01025189800529 -12.38552891263471
0.07436602511025205 18.98253076638636 0.8111691546802035
5.767978371015237 13.02607538692716 -12.57186483882128
16.26662801285211 5.389822917013633 8.206498767119252
6.583539911601345 3.617687675157277 17.45191502722172
-3.279129497494017 11.1351963340814 15.04176559916171
9.237311779885403 5.142992838718932 15.78675697355464
12.29020389473535 -14.47461535146947 0.6606047629530367
-13.33933604124326 -13.10891793537281 3.349385696280668
8.328817376398939 -14.97785098788979 -8.203339618421513
3.158101600497624 -18.67975651398634 -1.446751830522213
10.27569978028598 3.770082045412209 -15.53050145347185
-5.098839735025819 -8.885589793198475 -16.00150391005574
3.696303127322826 -10.66489012176802 -15.28389550741428
-1.159249789641995 -14.38740424104175 -12.35551452308114
11.62734698134739 13.94197145585276 -5.605910639631949
-17.21393271655546 -7.111349108771056 3.756226069219293
-8.055349806850991 12.52542711634689 -11.79936502708294
3.859281381883711 0.883181051418986 -18.5829475177072
-10.04316384035697 8.473747159027448 13.72335487993444
-1.016392766371619 17.77932462579961 -6.622881668496197
-3.448116433012677 5.731252605974709 -17.78379140202943
2.315297316960774 -10.53897365357508 15.63871582526278
-9.148356166029668 -9.865679747719446 13.41551126774173
-13.4104525363886 13.23240013756958 -2.462386925021568
-9.9024724180432 9.182866354711896 -13.36472990828449
17.5475362624798 6.074171720451978 4.023482201702636
-4.147668742451844 -8.725988142172387 -16.36013370805859
6.136594204812023 -11.78824882847343 13.57863767553514
12.62395089215115 -3.352036927621119 13.79854022382152
17.52388047137193 7.102105105438309 1.863790840297458
-13.62108810111865 -9.287340440846812 9.445171595973001
-1.03841133298811 -18.90519738269503 1.5859425666974
17.1999694434449 -6.243362929426388 5.116783215656682
-18.28530812604367 2.742598652676384 -4.373289307372557
-15.89798657307946 10.26253381708808 1.713015637788725
3.871247157578353 15.01192056057394 10.98433823805325
9.041199924678473 -16.2774046676451 3.781904441907455
-9.470677315969212 -3.326815639856366 16.13191150717091
-8.372885064864429 -8.181029804287054 14.96547850995541
-17.46031350506178 -5.760276663803419 4.791311413527496
13.78312145528769 -12.84908553007294 2.434453529985428
-5.827277696537666 14.5522108025285 -10.73666593529888
-14.75173188567 4.759167033992161 10.98802691641541
-2.151765269390782 6.108169948598405 -17.86225534764529
-8.054985921168523 -9.739156217678598 -14.1868262122798
8.2876501378478 -9.717197538979352 14.06737101170951
-6.558175040435183 -17.76406005876733 1.558367853723909
-8.327106434794814 -15.28867083133174 -7.610245898444068
3.500791162622792 -0.4377084558186701 -18.66957076484103
-7.110878297250898 -13.46172898481115 -11.36737711968691
15.17475473261181 -11.32315571927881 1.585232904667065
-3.63245480835033 0.1309208271496846 18.64907857783625
-7.954546566675671 -13.87479644560563 -10.25744668577895
2.868342194763078 -11.87651180186029 14.55063849025241
7.360159848167407 0.5400052827842432 -17.50818212448081
15.8944268702126 -10.31022662536633 -1.437505269921133
-2.217244757539971 8.631354309895981 -16.78045137838079
-17.00270162412981 5.398854074955019 -6.539152250724495
16.97351278281086 -6.133728905227445 5.939464077585916
-3.918591533185168 -7.940439154434111 -16.81053438861416
-8.250085536324557 3.416245228246261 16.7709676877577
16.44483140693871 -6.350761179257827 7.087690204953512
13.55174923001468 5.190715298504143 12.26403553063475
-17.21549354539 -2.974355934172986 -7.468600187818686
18.33568482335335 -4.72648627429893 1.569391460889703
3.572946897423298 1.997546783743149 18.55380977899015
-18.16952018346492 4.169002482721146 -3.672595077288792
18.8308309718256 -0.5001271542163216 2.479854378819292
9.722725303427531 -14.98148235940346 -6.482576570236019
-5.158078896645954 -13.40682956794101 -12.43588127283943
-1.547532216810698 -0.6988840542169951 -18.92397170566196
-7.236310356981706 1.524509744992677 -17.50176226712218
-4.343425442569147 2.377584672462532 -18.34343878748241
12.57848698420534 13.45070881389138 -4.67547832762398
-3.656480520364182 13.31591020673658 13.05054349712402
-5.573952035077317 16.07505795157899 -8.45716090446637
-1.368364163337318 2.293345713507732 18.81138338758822
9.842364722257633 1.739209171154012 -16.15868212859676
6.746838237811533 -7.662132477203068 16.02410370955562
-9.303610719191425 -13.15514740152986 -10.06900811548827
0.8472916849150667 -10.13682526090174 -16.04764376569402
11.18160933762036 7.052036754277752 -13.64699198494514
-17.81399255553834 -3.349857957040942 5.695622959683532
6.172436486310554 2.811458130790297 -17.74814725545389
-18.44401600846474 4.523149734032796 -0.599491420301688
0.2528389148715844 -18.84936700814057 2.374328510452693
-8.212559319997411 -10.35225282489989 -13.65227932855448
-14.17016365461315 3.028801041896862 12.28954133603386
14.13756539472653 6.913164850126014 -10.64600377910947
-11.21395589875575 -1.739126267744219 15.23885274309071
2.669337577512096 15.43201606832294 10.75767246965181
14.27362607821408 -11.02549897455132 5.975112630025872
-5.351270478325878 -7.15553715542034 16.76789170662779
6.842104418735707 17.62995711721282 -1.835815668403153
-13.83401340206797 11.74007623459909 5.638322729075147
11.11318398652988 13.24655562985638 7.875652711150745
-7.305411664071636 17.47800464188964 -1.466394952436177
-15.35558841933032 -11.10013465386899 1.411706400816234
18.34630155538555 -0.6505458470083728 -4.897959711941085
1.645552523940218 -14.70318839980231 11.92092310900765
-9.830987925736006 15.90451639013614 3.376097569668834
7.036570637452839 17.63823296976691 -0.6159637719573375
-3.765707737069065 -7.201334839496991 -17.17440600918777
4.936295042225272 13.0046022939126 -12.94269332222878
2.58356137214228 -6.116380161940017 17.80210954777554
-17.79493300058216 -5.318338248711248 -4.006948686605175
13.00675685385236 5.946225530487075 12.50866412073441
-13.49691253748441 13.32517441754944 1.128307891216816
-8.801292260313547 9.278571687761129 -14.05152525470536
6.738509473664088 -13.3525688021414 11.71756785589141
1.347583252345257 4.353926860709663 -18.44525251303406
2.831455372246981 -1.997139705102485 -18.68138895995897
-10.01825514571102 -0.2301908997703543 -16.14253932890044
13.17490810783766 -13.60080390342422 -1.562027378324093
-18.53589787600771 -2.851790749682459 -3.047585839683325
12.37281418180153 0.2106270589574896 14.41766643616941
3.545376024083883 9.782127171975951 -15.89780792559593
-3.233125987597315 15.04426475702048 11.14526779709642
-12.51595463165305 -3.11711958567886 13.9511449403617
11.03840945133271 -8.215490537740616 13.1018789495638
8.514961335736505 -4.125326681679994 16.47656254260371
1.224037133792892 -16.14474317347349 -9.942283488096551
-17.91726176539633 6.179679300509215 -1.335400529101558
4.866039456799587 4.241733799627803 -17.86978887334612
-15.98648315872174 10.2343007735585 0.8315310530859052
17.11541927657153 -4.072718762058849 -7.174634825016367
5.683679638979134 10.60052482333671 -14.70797944080954
-0.4979744004482062 -18.98555170188825 -0.5484961908951949
11.51094409370841 -12.78113458344237 8.07098289128735
0.9361541865041968 6.075990397854555 -17.9779296923831
10.59291338008178 -14.9756989226805 -4.951628812755494
6.305180373954518 17.41562603133386 -4.235642854234174
-12.98622883678815 1.708409638687386 -13.76369126016026
2.404663489857705 3.31812624760193 18.55283352228226
8.938944674411006 -13.07547855414731 10.49414735401847
-12.56109384549729 -14.05205063156572 2.399748831132858
-8.192071282576389 6.819953238457026 15.72826137646646
-3.966609127455868 12.02532641989207 -14.16536397432236
-7.941477739746428 -17.10349765240331 2.324499809280763
5.753631978637212 -17.84394315409736 3.080488884535249
-6.626159643555676 15.93417708512265 7.949591750402428
-2.552508842971419 -6.918382671167577 -17.51058764924355
0.7316094757865118 17.83831917385575 -6.500701241142353
-0.3990855752688758 14.57811863339232 -12.17863653346926
-15.49358523096967 4.181995696200013 10.17151555510008
11.08152971003568 13.87663722062668 6.755637551905426
13.13462679691897 13.72036735512875 0.4828028023691305
-1.00947468771117 4.622590745060385 18.40142971778423
13.34337628469655 12.99709840921654 3.745629755613704
12.44439548026997 6.695931777707259 12.70045348634947
8.889407201752462 -15.04684178250333 -7.454595359490905
-9.500591604835888 8.110291276873449 14.31649169882036
-0.3168149894985895 11.89179910704627 14.81501745729928
17.16225318233192 7.861946948611729 -2.155656717279588
2.878341697619403 -18.24455687932554 -4.455479025739022
18.81427457200498 0.8386568886629086 -2.513906711138058
-12.76134542558302 -11.49007791482117 8.131800073802239
8.180732998486649 -9.803506381009628 -14.0700700156387
-11.93102158447265 -12.52359055433696 7.861959270955928
-5.027915756064179 -5.176837339928621 17.57613206327952
-5.52833771155733 12.09399804854549 -13.57102403463906
10.76554192152104 4.403639670580926 -15.02368346270844
-9.563705825986274 -15.43344330496969 -5.598603274592901
-10.68813458868756 15.68845579001242 0.7975800517356347
1.434383787978335 7.230244995213614 17.51188454901338
-11.30161070125204 -6.169758045586918 13.97167424528144
17.98475403631438 -5.953482800108741 1.450746291424902
-17.77964248515368 6.655689891067194 -0.7655750610254137
-3.514195951201149 16.24718431675128 -9.202142608874984
18.84055502803064 -1.975618729982527 1.459594762080051
4.454822038364622 18.33463670001125 -2.235096795465811
-18.65324487777348 -2.730711179162771 2.366362606578498
-0.7791178284814421 16.77571883923103 8.886407195059849
15.55480527836929 5.177188142267287 9.604413344477727
-1.827976311927289 9.367018822506708 -16.42916495083782
0.3003411481484285 -7.533202845092998 -17.44020212295177
-18.96782227126799 -0.01335004810257858 1.10523303506802
3.949669824465891 15.1481672784876 -10.76722510123482
17.16962204653025 6.804333526822815 4.461515889813413
-3.107215098495485 -5.587973031593385 -17.8918912284271
-17.42795656756469 -2.103818077409746 -7.269131954796445
1.49956113853878 -18.82371403208881 2.102167079450911
1.531475992991148 -3.899319027355038 -18.53240115057406
-11.14202110392567 14.747671794446 -4.400175265029451
-0.4216662753357207 -9.483303792405165 -16.45871036057195
-1.633541304876769 8.507185833361067 16.9103321079724
12.1428654127841 -4.034152666383131 14.04551287177957
10.76643698051679 -15.31472205997132 -3.247017550058569
-1.939734683024771 11.52776690340429 -14.97825155284313
-9.057502761542089 -7.893336031747067 14.71926934377454
11.72595455080077 7.790997455259527 12.75940235766136
6.894284507747996 -12.38666626722394 12.65066559160595
1.985172433974984 -10.55033916520212 -15.67639735100473
18.73363482251129 0.268932707594132 3.158892453943044
-16.25504870148938 9.828824416050329 -0.4093926118792816
-1.235331130465559 15.11634502276666 11.44421557603579
-13.57964793745293 2.330736400727882 13.08284486360488
-11.8223889008693 0.4443582025300483 -14.8672010299332
5.294501462742462 3.270978928613066 17.95185091040997
-17.41813878639495 5.491142082624139 -5.239828226795038
-8.990574150371087 -1.844730207144607 16.63630208037614
11.06147974519461 2.710707923654212 15.2084097919305
0.8486876842740858 -18.9259038470396 -1.445646148673069
18.52271347252653 -3.623466773374372 -2.186223720696521
-17.08674942748628 2.253520819913203 7.997789564405597
-13.29287964786068 -9.938186046014506 9.248340866463238
4.966052377526479 -10.29481968403147 -15.17745075620217
8.973694334227705 -10.26328849270853 -13.23396083231646
11.02532566805525 -15.40471996230706 1.461778641320367
13.15435197236399 8.348043460896905 10.87534802027687
-12.1458688530712 1.470295853903434 -14.53671558179457
17.60873954184517 5.6276369906218 -4.388848784048451
-8.524879311056784 -14.77727830518736 -8.364118520379474
18.56739722667018 1.41821736602973 -3.773648066491119
14.89602269415456 -0.7677465660592104 11.7694126066485
3 1 0 0
$EndNodes
$Elements
4 11074 1 11074
0 1 15 1
1 1 
0 2 15 1
2 2 
1 1 1 60
3 1 3 
4 3 4 
5 4 5 
6 5 6 
7 6 7 
8 7 8 
9 8 9 
10 9 10 
11 10 11 
12 11 12 
13 12 13 
14 13 14 
15 14 15 
16 15 16 
17 16 17 
18 17 18 
19 18 19 
20 19 20 
21 20 21 
22 21 22 
23 22 23 
24 23 24 
25 24 25 
26 25 26 
27 26 27 
28 27 28 
29 28 29 
30 29 30 
31 30 31 
32 31 32 
33 32 33 
34 33 34 
35 34 35 
36 35 36 
37 36 37 
38 37 38 
39 38 39 
40 39 40 
41 40 41 
42 41 42 
43 42 43 
44 43 44 
45 44 45 
46 45 46 
47 46 47 
48 47 48 
49 48 49 
50 49 50 
51 50 51 
52 51 52 
53 52 53 
54 53 54 
55 54 55 
56 55 56 
57 56 57 
58 57 58 
59 58 59 
60 59 60 
61 60 61 
62 61 2 
2 1 2 11012
63 1 3163 2446 
64 2500 3939 2091 
65 3203 3542 108 
66 1029 3375 1010 
67 2809 3230 2237 
68 3709 4818 3023 
69 4316 4935 2903 
70 2863 3532 2864 
71 4249 5180 3118 
72 120 121 116 
73 3369 4229 3107 
74 4050 5007 3772 
75 672 3407 670 
76 504 5406 3165 
77 3552 3555 1990 
78 2411 3211 3210 
79 4200 5406 504 
80 3216 5115 1017 
81 3077 3131 1434 
82 106 4831 4350 
83 547 3730 3729 
84 3164 3463 2446 
85 3330 3557 463 
86 1706 4394 3277 
87 4083 4960 2861 
88 4804 4837 4021 
89 4103 4324 3938 
90 4350 4831 3228 
91 3309 4089 2443 
92 3353 3413 2182 
93 3002 4622 4206 
94 2609 4768 4267 
95 3287 3288 1832 
96 3441 4000 3068 
97 1587 3239 3238 
98 1994 3357 2584 
99 3183 4059 3408 
100 90 4432 3228 
101 2253 4233 3059 
102 4585 4694 459 
103 3483 4423 2541 
104 3207 3536 2933 
105 3192 3194 1583 
106 3582 4539 3583 
107 3068 3999 3441 
108 3550 3552 1990 
109 1017 5115 4944 
110 2849 4988 4166 
111 2384 3359 2385 
112 3413 5119 2182 
113 2721 5030 4479 
114 3335 4777 2944 
115 547 5164 3730 
116 3268 4977 1695 
117 4058 5313 3949 
118 3949 4761 4058 
119 2016 3296 3173 
120 3887 3888 2722 
121 2253 5307 4233 
122 2840 5298 2770 
123 2770 5298 4228 
124 3199 4432 2899 
125 1638 4906 3628 
126 2303 3452 2348 
127 3628 4906 3627 
128 2113 4229 3369 
129 3270 4977 3268 
130 3204 3969 1139 
131 120 2442 121 
132 3176 3867 1567 
133 2792 3447 3158 
134 1111 3236 3235 
135 2174 5151 2175 
136 4524 4565 4313 
137 4512 5375 4496 
138 4035 5466 3178 
139 2091 3939 2208 
140 3178 4036 4035 
141 3345 3346 2087 
142 728 3324 3182 
143 2967 3496 3495 
144 1388 4170 3229 
145 4126 4127 2729 
146 1596 3962 3274 
147 4051 5007 4050 
148 3182 3359 728 
149 691 3245 3243 
150 2501 5316 3266 
151 3799 3800 2129 
152 3277 4394 2988 
153 1107 3375 1029 
154 3392 5005 2138 
155 3158 3446 2792 
156 2480 3240 2896 
157 3173 3402 2016 
158 306 3819 308 
159 3262 3265 93 
160 3231 4542 3104 
161 1238 3690 3283 
162 4945 5176 4310 
163 3118 4751 4249 
164 3172 3296 2484 
165 519 4492 3275 
166 3328 3403 2012 
167 100 4366 3215 
168 3117 3447 1710 
169 2405 4828 4723 
170 4723 4828 3829 
171 2903 4901 4316 
172 3473 3475 1237 
173 3230 3350 2237 
174 3023 4818 4439 
175 3288 3379 1832 
176 3309 5192 4089 
177 3319 3320 1284 
178 2523 4935 4785 
179 4127 4128 2729 
180 4745 4891 3083 
181 3231 4881 4542 
182 1553 4778 3459 
183 3530 3631 3161 
184 2499 4866 3977 
185 1255 3255 3254 
186 1567 4621 3176 
187 2910 3690 3181 
188 2583 4903 4438 
189 3266 5316 3294 
190 694 4960 4083 
191 1583 3298 3192 
192 1136 3379 1135 
193 3495 3496 3494 
194 542 3478 517 
195 463 5112 3330 
196 76 3604 3488 
197 2884 4738 4689 
198 2138 5005 3424 
199 670 3407 1571 
200 2954 4514 4273 
201 3583 4539 2034 
202 3428 3473 1237 
203 4496 5375 3169 
204 3214 5475 112 
205 3092 4912 3549 
206 2864 3532 3063 
207 2129 4658 3799 
208 4432 5429 2899 
209 3228 4432 3199 
210 3277 5176 4945 
211 4438 4903 3139 
212 3241 4308 880 
213 1980 3593 2401 
214 4267 4768 4610 
215 2850 4988 2849 
216 3181 3689 2910 
217 3208 3335 2944 
218 1292 5218 3189 
219 2809 3308 3230 
220 3122 4837 4804 
221 133 5045 3233 
222 3621 4415 1554 
223 1886 3976 3232 
224 2786 4839 4107 
225 3043 5285 3184 
226 3549 4912 1593 
227 2712 3593 1980 
228 3848 5135 5082 
229 2769 4565 4524 
230 1190 4324 4103 
231 3459 5343 1553 
232 3798 3841 784 
233 3130 3280 2122 
234 1720 3764 3763 
235 1434 5243 3077 
236 3396 3913 2427 
237 2484 3296 2016 
238 3283 3690 2910 
239 1019 3382 3206 
240 108 5066 3203 
241 6 117 66 
242 3408 4059 1577 
243 3488 3604 3489 
244 3348 5108 2617 
245 3888 3889 2722 
246 116 117 5 
247 2859 3357 1994 
248 3165 5003 504 
249 4835 5046 1886 
250 3811 4446 3219 
251 3235 3237 1111 
252 5072 5235 3629 
253 130 5070 3603 
254 2477 3317 3291 
255 3708 5046 4835 
256 996 3293 3292 
257 4181 5014 3288 
258 2852 3492 2754 
259 824 5235 5072 
260 3931 5144 3303 
261 2694 3387 1794 
262 3237 5038 2624 
263 4181 5151 2174 
264 3211 5239 3210 
265 3346 5281 2087 
266 4898 5180 4277 
267 2912 4938 4220 
268 3529 3530 3161 
269 3276 5027 3317 
270 3388 3409 2798 
271 3317 5076 3276 
272 1560 3386 712 
273 69 3530 3529 
274 2639 5330 3503 
275 1328 3400 3399 
276 1139 4839 3204 
277 3482 4423 3483 
278 4718 4770 3910 
279 3187 3452 2303 
280 3166 4622 3453 
281 2012 5390 3328 
282 3655 4414 2621 
283 4562 5030 2721 
284 2 3536 3207 
285 4206 4622 2505 
286 271 3394 274 
287 3172 3297 3296 
288 2673 5237 4833 
289 3222 3330 2515 
290 3206 3396 1019 
291 3229 5201 1388 
292 3140 4891 1448 
293 1934 5180 4249 
294 1587 3469 3239 
295 5 117 6 
296 1448 5385 3140 
297 116 121 117 
298 3766 4561 3776 
299 3189 4168 1292 
300 105 3356 47 
301 3474 3475 3473 
302 3324 4059 3183 
303 2906 4337 2352 
304 3389 3391 1157 
305 1887 4719 4602 
306 3002 5303 4622 
307 1887 4602 4369 
308 2500 3940 3939 
309 2863 3533 3532 
310 3233 4921 133 
311 2799 5069 4857 
312 1237 4178 3428 
313 1133 5026 3983 
314 3271 3399 2368 
315 1372 5388 3982 
316 69 3529 3527 
317 4902 5279 4162 
318 3580 5438 3638 
319 2309 4328 3213 
320 4892 5275 4251 
321 3480 4931 4801 
322 2694 4686 3387 
323 2892 4512 4496 
324 3983 5137 1133 
325 3977 4866 3073 
326 2694 4943 4686 
327 4903 5134 3139 
328 112 3526 3214 
329 112 5475 3525 
330 4959 5247 36 
331 3177 3359 2384 
332 2385 3359 3182 
333 520 3402 241 
334 2174 5014 4181 
335 2992 4694 4585 
336 3982 4818 1372 
337 3101 4925 4833 
338 3841 5339 784 
339 1832 3422 3287 
340 2887 4806 3381 
341 4967 5080 1878 
342 2476 3317 2477 
343 708 3407 672 
344 601 3282 613 
345 1720 4561 3764 
346 3320 4983 1284 
347 4686 4943 3737 
348 47 3356 46 
349 3310 4925 3101 
350 502 5257 3223 
351 3446 5117 2792 
352 4277 5180 1934 
353 4857 5069 3540 
354 2913 4938 2912 
355 2852 3537 3492 
356 3503 4331 2639 
357 4783 4793 3016 
358 3280 3281 2122 
359 1596 4946 3962 
360 3369 3371 2113 
361 3139 5134 3007 
362 3243 3363 691 
363 3232 4835 1886 
364 4022 5279 4902 
365 298 3442 300 
366 2013 3403 2172 
367 2786 4107 3660 
368 3097 5108 3348 
369 2624 5182 3237 
370 4558 5258 4986 
371 4000 5082 3068 
372 3492 3537 70 
373 3046 4880 3570 
374 3265 3461 93 
375 115 5171 3185 
376 2480 3470 3240 
377 3272 5327 2136 
378 3185 5187 115 
379 5065 5221 4018 
380 3475 3478 542 
381 4162 5354 3705 
382 4 116 5 
383 5057 5256 4563 
384 306 3820 3819 
385 3258 4171 127 
386 3474 3478 3475 
387 1328 3399 3398 
388 3284 3306 1568 
389 1568 3305 3284 
390 3223 5040 502 
391 2229 5232 5038 
392 459 4694 4659 
393 3487 5429 4432 
394 4965 5269 109 
395 3453 4622 68 
396 3068 5082 3069 
397 3227 4782 2405 
398 1907 3325 2260 
399 5082 5135 3069 
400 404 3818 3295 
401 3186 5011 89 
402 5065 5229 3075 
403 2771 4133 2469 
404 3413 4492 519 
405 1455 4891 4745 
406 996 3341 3293 
407 2066 3394 3270 
408 3270 3377 2066 
409 4953 5169 4402 
410 3301 4459 2490 
411 3215 5219 100 
412 2504 3454 2564 
413 1372 4818 3709 
414 4689 4738 3125 
415 3208 5159 1661 
416 2503 4446 3811 
417 89 5340 3186 
418 1710 3447 2792 
419 3075 5229 3074 
420 4964 5203 3643 
421 3166 3454 2504 
422 771 5195 4932 
423 2405 4723 3227 
424 3291 5451 2477 
425 1107 3376 3375 
426 3210 4626 2411 
427 3180 5247 4959 
428 5107 5375 403 
429 3375 5355 1010 
430 5097 5238 3352 
431 3177 3445 3359 
432 4631 5053 2364 
433 3225 4691 3224 
434 3169 5375 5107 
435 4523 5070 130 
436 3706 5046 3708 
437 4833 5237 3101 
438 3352 5238 3351 
439 4583 4928 3430 
440 3645 5139 3716 
441 3135 4904 3171 
442 2348 3452 3173 
443 1661 5173 3208 
444 3384 5269 4965 
445 3254 4766 1255 
446 1832 3379 1136 
447 3323 4806 2887 
448 517 3478 1124 
449 3100 5117 3446 
450 3391 5252 1157 
451 846 4777 3335 
452 3716 5262 3645 
453 3428 4178 2901 
454 4169 4426 4168 
455 3706 5354 5046 
456 3203 4588 3542 
457 3075 5221 5065 
458 2309 4935 4316 
459 308 3819 404 
460 4316 4562 2721 
461 3371 4743 2113 
462 1867 3333 3289 
463 3213 4935 2309 
464 4785 4935 3213 
465 1135 3379 1195 
466 3329 5208 5091 
467 3638 4727 3580 
468 4141 5370 4984 
469 3135 5031 4904 
470 3494 3496 2799 
471 3044 5285 3043 
472 4021 4837 4022 
473 3121 5275 4892 
474 4899 5084 2940 
475 2800 3610 3434 
476 923 3911 3553 
477 2247 5256 5057 
478 4168 4426 1304 
479 3246 5077 1548 
480 5130 5339 3205 
481 712 3386 714 
482 5034 5296 1664 
483 2515 5175 3222 
484 3365 5208 3329 
485 2208 5161 4323 
486 2807 5218 5177 
487 3808 3809 3444 
488 3266 3787 2501 
489 5097 5270 756 
490 3552 5178 3555 
491 4324 5161 3938 
492 5042 5327 3851 
493 3314 3739 533 
494 1586 5466 4035 
495 5177 5218 3573 
496 1111 4895 3236 
497 811 5339 5130 
498 3241 4309 4308 
499 4943 5132 3737 
500 1548 5306 3246 
501 4490 4888 2241 
502 2495 3396 2427 
503 2906 5299 4337 
504 3238 5372 1587 
505 2778 3403 3326 
506 2560 3325 1907 
507 774 3889 772 
508 2368 3436 3271 
509 4273 4566 2954 
510 596 5266 5091 
511 3772 5222 4050 
512 4417 5262 4235 
513 3357 5094 2584 
514 4051 4330 305 
515 3743 5129 4997 
516 3368 3414 1877 
517 3705 4902 4162 
518 4691 5120 3224 
519 2778 3326 3325 
520 2460 4169 2211 
521 3300 4812 284 
522 2364 5053 1955 
523 2940 5084 2930 
524 153 5205 4883 
525 4316 4901 4562 
526 2559 5106 5051 
527 2421 3990 2831 
528 4986 5258 3554 
529 2803 3631 3530 
530 1017 5199 3216 
531 3776 4561 1427 
532 691 4969 3245 
533 2199 4769 3259 
534 4953 5101 2946 
535 1342 3422 1261 
536 3503 5330 3504 
537 3337 5080 4967 
538 3273 3424 2763 
539 4055 5096 4890 
540 3131 4744 1434 
541 4984 5370 2833 
542 5038 5232 3267 
543 93 3384 3262 
544 3487 5254 3038 
545 3226 5435 426 
546 3372 4395 2674 
547 1822 3427 2140 
548 426 5396 3226 
549 2799 4857 3494 
550 3206 3913 3396 
551 3259 4770 2199 
552 3289 3422 1867 
553 3933 5144 3931 
554 3038 5429 3487 
555 4899 5166 3727 
556 3371 5039 4743 
557 3500 3506 2147 
558 3279 3435 991 
559 4267 5233 2609 
560 1572 3434 3313 
561 3570 4880 1974 
562 3554 5178 3552 
563 3373 3835 1090 
564 3352 5270 5097 
565 947 4956 3934 
566 3737 5132 4438 
567 65 116 4 
568 599 3282 601 
569 3404 3699 2315 
570 2147 3505 3500 
571 2945 5327 5042 
572 2541 4676 3483 
573 2946 5101 2937 
574 4589 4749 1324 
575 880 4951 3241 
576 2201 4154 3410 
577 4944 5075 562 
578 931 5144 4956 
579 1715 3334 1505 
580 3283 5296 5034 
581 3799 4658 3797 
582 4235 4887 4417 
583 3983 5251 5137 
584 4914 5103 3738 
585 3047 4415 3621 
586 3546 5045 133 
587 3005 4770 4718 
588 74 5217 5060 
589 1151 3475 542 
590 269 3394 271 
591 3177 5466 3445 
592 3099 5203 4964 
593 2611 3358 380 
594 3275 4930 519 
595 274 3394 2066 
596 4352 4353 3264 
597 5060 5217 3457 
598 3184 5294 3043 
599 2223 4879 3490 
600 3383 3408 1577 
601 3638 5438 4433 
602 3115 4937 3114 
603 4743 5039 2364 
604 3434 3610 3313 
605 2884 4689 2936 
606 4414 4817 2621 
607 5091 5266 3329 
608 3984 5251 3983 
609 1018 3382 1019 
610 4578 5370 4117 
611 82 3456 3454 
612 3292 3468 996 
613 241 3402 1245 
614 3194 5100 1583 
615 3315 3325 2560 
616 1492 3809 3808 
617 117 119 66 
618 3303 5052 3931 
619 2834 4979 3260 
620 4932 5195 3168 
621 3295 3817 404 
622 4415 5175 1554 
623 4129 4845 2898 
624 1571 5206 3196 
625 3242 5030 1558 
626 2733 4793 4783 
627 2197 3431 2410 
628 3360 5267 2177 
629 3260 5387 2834 
630 2817 4169 2460 
631 5122 5330 4699 
632 4914 5128 855 
633 3334 4395 3372 
634 3490 5497 2223 
635 3738 5103 2437 
636 3228 4831 90 
637 3120 3990 2421 
638 2172 3403 2778 
639 3196 5230 1571 
640 3556 4397 1570 
641 2477 5451 4734 
642 4845 5301 2898 
643 3627 4906 809 
644 2946 5169 4953 
645 2469 4133 2789 
646 3646 3720 3717 
647 3117 5228 3447 
648 2735 3808 3444 
649 2489 3436 2120 
650 4801 5334 3480 
651 2177 5211 3360 
652 4150 5133 2994 
653 2136 4362 3272 
654 2220 4304 3470 
655 3426 4135 3304 
656 3318 3366 2829 
657 3221 5183 924 
658 2016 3402 520 
659 1226 3449 3423 
660 3 65 4 
661 4170 4425 3229 
662 127 5349 3258 
663 1862 4414 3655 
664 3325 3326 2260 
665 1289 5089 4314 
666 2486 4673 3695 
667 4658 5018 3797 
668 2933 4232 3207 
669 3977 4731 2499 
670 5157 5317 637 
671 295 5059 4860 
672 1030 3382 1018 
673 3121 4892 3120 
674 4479 5030 3242 
675 2012 3403 2013 
676 4990 5207 4703 
677 924 5315 3221 
678 926 4724 3960 
679 3338 3339 814 
680 1558 5382 3242 
681 300 3442 425 
682 3253 4420 2728 
683 109 3543 3366 
684 3089 5447 4364 
685 3810 5298 4303 
686 2729 4128 2475 
687 2490 4714 3301 
688 4 3409 3388 
689 3171 5484 3651 
690 3240 5111 2896 
691 2899 5301 3199 
692 809 5098 3627 
693 2728 5467 3253 
694 1278 3837 3336 
695 3651 5443 3171 
696 2903 4935 2523 
697 2560 3423 3315 
698 3764 4561 3766 
699 2492 5070 4921 
700 3313 3432 1572 
701 3115 5454 4937 
702 3286 4920 990 
703 466 4356 3323 
704 2830 4789 4069 
705 3273 5083 3424 
706 1107 4671 3376 
707 3910 4770 3259 
708 2913 5259 4938 
709 1321 2442 120 
710 3336 3836 1278 
711 3645 5262 4417 
712 4364 5163 3089 
713 1877 5310 3368 
714 2401 4839 2786 
715 4805 4853 86 
716 3083 4891 3140 
717 3603 5062 130 
718 3763 3774 1720 
719 3573 5218 1292 
720 4314 5371 1289 
721 4314 5089 3112 
722 1966 3476 1968 
723 286 4756 288 
724 1823 3427 1822 
725 4323 5255 2208 
726 2952 3699 3404 
727 2798 5067 3388 
728 8 118 77 
729 4997 5129 2417 
730 5051 5106 3415 
731 3323 4674 466 
732 1324 4128 4127 
733 2443 4915 3309 
734 1686 4435 3863 
735 3032 4763 3031 
736 3454 3455 2564 
737 3326 3403 3328 
738 3582 5381 4539 
739 3274 5158 1596 
740 2954 5413 4514 
741 1237 3475 1151 
742 652 3445 650 
743 991 5231 3279 
744 2948 4760 3025 
745 1133 4925 3310 
746 3820 5003 3821 
747 3476 3477 3474 
748 5210 5283 103 
749 2712 4429 3593 
750 2475 4128 2472 
751 3433 5322 3432 
752 298 5365 3442 
753 2861 5212 4083 
754 1255 5286 3255 
755 3423 3449 3448 
756 4812 4832 2839 
757 3660 5317 5157 
758 3863 4435 2521 
759 772 3889 3888 
760 5305 5320 3562 
761 2255 3448 2256 
762 3287 3422 3289 
763 285 5476 3234 
764 3525 5475 2457 
765 2905 4749 4589 
766 4051 4949 4330 
767 2829 3427 3318 
768 2136 5327 2945 
769 1593 4912 4320 
770 3164 4719 3463 
771 2623 3873 2430 
772 1436 4425 4170 
773 81 4992 4841 
774 1393 5274 5153 
775 1026 3889 774 
776 5322 5480 3432 
777 1505 3334 1867 
778 3176 4621 2756 
779 3234 5150 285 
780 3113 4952 4713 
781 1867 3422 1342 
782 3433 5098 809 
783 3490 3492 3491 
784 2308 4328 2309 
785 4107 4839 1139 
786 2722 5398 3887 
787 276 3450 278 
788 3809 5146 2578 
789 3124 5193 5125 
790 3277 4945 1706 
791 1375 3676 1377 
792 5089 5304 3112 
793 3183 3350 2551 
794 3504 5330 5122 
795 3307 5259 2913 
796 3837 3838 2360 
797 100 4588 4366 
798 2729 5501 4126 
799 2833 5370 4578 
800 3130 5456 3280 
801 2551 3350 3230 
802 3792 5104 4963 
803 3283 5034 1238 
804 3176 5216 3867 
805 3406 4783 3016 
806 1436 5239 4425 
807 2401 5292 4839 
808 3872 3873 2623 
809 1373 4578 4117 
810 4892 5345 3120 
811 1261 3422 1832 
812 4634 4844 4088 
813 2087 4811 3345 
814 2940 5166 4899 
815 3798 4681 3841 
816 3504 3506 3501 
817 4956 5144 3933 
818 3205 5339 3841 
819 4680 5017 3741 
820 2457 5379 3525 
821 4911 4941 4381 
822 2241 4888 3431 
823 3310 5026 1133 
824 3934 5437 947 
825 4154 5241 3410 
826 2943 4974 4841 
827 59 3491 60 
828 118 143 77 
829 4565 5436 4313 
830 4225 5015 4869 
831 4551 4620 3090 
832 4680 5368 5017 
833 3030 4928 4583 
834 4446 5386 3219 
835 5004 5022 1595 
836 3838 5075 4944 
837 2578 5335 3809 
838 2625 5320 5305 
839 2687 5045 4171 
840 3501 3506 3500 
841 3441 3999 128 
842 1324 4749 4128 
843 5036 5088 4411 
844 4790 4936 427 
845 990 4320 3286 
846 3170 5283 5210 
847 3574 3575 3528 
848 2237 3350 2847 
849 3373 4872 3835 
850 3362 5008 4850 
851 3960 5479 926 
852 3470 4304 2584 
853 2410 3431 3284 
854 4069 5342 2830 
855 3526 4684 3214 
856 3260 4979 3261 
857 3339 3340 814 
858 4763 5054 3031 
859 2507 5114 3178 
860 4072 4980 4958 
861 3426 5369 4135 
862 4067 4729 2733 
863 809 5322 3433 
864 4348 5159 2837 
865 3705 5354 3706 
866 3282 5231 613 
867 3690 3691 2334 
868 1715 4395 3334 
869 4229 5393 3107 
870 2120 3436 3093 
871 102 4684 3526 
872 5209 5220 1957 
873 2241 3431 2197 
874 3425 4974 2943 
875 2507 5151 5114 
876 4890 5096 2893 
877 3400 5348 4158 
878 3181 3690 2334 
879 3350 3408 2847 
880 4303 5298 2840 
881 2865 5002 2866 
882 3367 3368 1464 
883 2140 3427 2829 
884 1560 5453 3386 
885 2894 4751 3118 
886 2945 4547 2083 
887 3271 3436 2489 
888 4921 5070 4523 
889 3204 5401 3969 
890 3183 3408 3350 
891 35 3526 34 
892 1711 3463 1887 
893 4323 5161 4324 
894 4673 5452 3695 
895 4790 4934 3466 
896 143 3312 2691 
897 2420 3476 1966 
898 3738 5128 4914 
899 4963 5104 2904 
900 4666 4748 4546 
901 1867 3334 3333 
902 1890 5196 5068 
903 3264 5309 4352 
904 1784 2442 1321 
905 4801 4931 3154 
906 5002 5044 2866 
907 3086 4608 2502 
908 5153 5274 3167 
909 4360 5465 4361 
910 5071 5172 1727 
911 3366 3543 3008 
912 3674 3676 1375 
913 284 4812 4345 
914 4303 4635 3810 
915 3112 5304 3381 
916 3665 4844 4634 
917 737 3468 735 
918 2175 5151 2507 
919 4480 5476 4503 
920 1492 5146 3809 
921 3675 3677 3676 
922 4433 5438 3581 
923 4034 4698 1585 
924 4850 5008 2856 
925 118 3312 143 
926 51 3395 50 
927 4233 4705 3059 
928 4791 4940 2042 
929 3417 4853 4805 
930 3172 5090 3297 
931 533 5142 3314 
932 2600 4576 4297 
933 2220 3470 2480 
934 2741 5167 4087 
935 4860 5059 3773 
936 4112 4728 3000 
937 3257 4620 4551 
938 4876 5016 2423 
939 3399 4933 2368 
940 4979 5214 3261 
941 5304 5455 3381 
942 728 3445 652 
943 3466 4934 3465 
944 2624 5038 3267 
945 50 3395 92 
946 650 3445 1586 
947 3712 4651 3711 
948 1377 3676 2254 
949 105 4816 3356 
950 3861 3862 2162 
951 990 5416 4084 
952 2211 4169 3189 
953 4760 5359 3025 
954 3361 4781 3155 
955 5004 5141 4282 
956 3450 4756 286 
957 3315 3448 2255 
958 5125 5193 88 
959 96 4870 12 
960 502 5040 3311 
961 526 3746 1186 
962 4221 5121 5009 
963 2733 4783 4067 
964 2430 3873 1903 
965 4320 4912 3286 
966 4883 5205 2929 
967 1777 3342 3341 
968 1804 3439 3316 
969 3939 3940 3937 
970 3400 4933 3399 
971 2256 3448 2736 
972 2929 5205 3299 
973 3840 5392 1246 
974 3553 5412 923 
975 404 3819 3818 
976 3593 5292 2401 
977 2066 3450 276 
978 278 3450 286 
979 1968 3476 2274 
980 5020 5454 5051 
981 11 3430 73 
982 790 3469 788 
983 4185 4918 4907 
984 60 3491 70 
985 2274 3472 1976 
986 3637 4049 860 
987 2230 3544 2780 
988 3361 4089 2860 
989 2369 3656 3233 
990 1158 3674 1375 
991 4851 4862 1616 
992 3349 4888 4490 
993 7 118 8 
994 4297 4576 1608 
995 122 129 63 
996 3692 3693 1524 
997 2837 5414 4348 
998 504 5003 3820 
999 177 3545 156 
1000 1186 3746 2985 
1001 3999 5116 128 
1002 1570 5041 3556 
1003 4166 5278 2849 
1004 5063 5145 3141 
1005 3284 3431 3306 
1006 3061 4893 4668 
1007 4920 5416 990 
1008 84 3491 59 
1009 2907 4491 3862 
1010 4684 5204 5168 
1011 1431 3691 1174 
1012 3396 5477 1019 
1013 2905 4589 3362 
1014 4158 5264 3400 
1015 4417 4887 3412 
1016 284 5473 3300 
1017 5029 5050 2071 
1018 530 3745 528 
1019 1815 3861 2162 
1020 3902 4794 3044 
1021 4678 4732 4579 
1022 5168 5204 2841 
1023 3328 5390 3365 
1024 2115 4801 3694 
1025 1583 3916 3298 
1026 3678 4374 2971 
1027 2334 3691 1431 
1028 3563 4778 1553 
1029 340 5216 3307 
1030 721 5207 4990 
1031 3581 5336 4433 
1032 2274 3474 3473 
1033 3950 5220 5209 
1034 3937 3940 2337 
1035 453 3719 455 
1036 2476 5076 3317 
1037 1019 5477 3416 
1038 504 3820 303 
1039 3235 3544 3237 
1040 3711 4651 2277 
1041 3675 4659 3677 
1042 303 3820 306 
1043 3098 5061 3956 
1044 3877 4446 2503 
1045 3503 4584 4331 
1046 3421 5201 3229 
1047 2994 5133 2993 
1048 4671 4854 3624 
1049 4012 5214 3730 
1050 3717 3720 3719 
1051 3807 4846 4792 
1052 708 3406 3405 
1053 34 3526 112 
1054 3939 5161 2208 
1055 4755 4786 1349 
1056 4282 5141 2398 
1057 735 3468 1633 
1058 1314 3712 1159 
1059 4659 4803 459 
1060 4087 5374 2741 
1061 4733 4910 899 
1062 2431 3557 3330 
1063 102 3526 35 
1064 1686 3863 1152 
1065 3311 5365 502 
1066 4268 4890 2893 
1067 5020 5051 3415 
1068 9 3429 10 
1069 2298 4501 3784 
1070 1782 5402 3774 
1071 3300 4832 4812 
1072 117 121 119 
1073 3077 4626 2761 
1074 3391 5307 4048 
1075 3318 4965 3366 
1076 1 5470 3163 
1077 2620 4098 893 
1078 3451 3889 1026 
1079 6 66 7 
1080 2722 3889 3451 
1081 3281 3545 2122 
1082 4864 4908 2041 
1083 2188 3680 2308 
1084 4841 4992 2943 
1085 616 4034 1585 
1086 1967 3602 2492 
1087 88 5395 4506 
1088 2761 4626 3210 
1089 2749 4739 4526 
1090 66 118 7 
1091 3234 5476 4480 
1092 1577 4518 3383 
1093 3477 5419 3474 
1094 788 3469 1587 
1095 3326 3327 2260 
1096 2771 5457 4133 
1097 2623 5190 3316 
1098 3126 5172 5071 
1099 129 130 63 
1100 3331 5257 292 
1101 4952 5245 4713 
1102 54 122 63 
1103 3862 4491 2162 
1104 2367 5342 4509 
1105 3516 4390 3419 
1106 3595 4909 3597 
1107 4502 5470 5067 
1108 3359 3445 728 
1109 4916 4999 2155 
1110 2617 4771 3348 
1111 996 3468 737 
1112 462 3621 1554 
1113 2956 4458 3710 
1114 3405 3407 708 
1115 2569 3607 471 
1116 4120 5200 3025 
1117 3772 5007 3773 
1118 1695 5364 3268 
1119 4459 5439 2490 
1120 1251 4184 1255 
1121 4044 4541 4407 
1122 3942 4194 879 
1123 2290 4652 2685 
1124 1482 3908 491 
1125 17 123 80 
1126 133 4921 4523 
1127 3039 4674 3323 
1128 2229 3544 2230 
1129 2308 4996 4328 
1130 3590 3661 3591 
1131 2968 4500 4349 
1132 3377 3450 2066 
1133 2274 3473 3472 
1134 2725 4365 2195 
1135 463 4291 448 
1136 5068 5196 3137 
1137 197 4007 199 
1138 3454 3456 3455 
1139 3557 5152 463 
1140 3338 4983 3320 
1141 3366 4965 109 
1142 3490 4879 3492 
1143 3466 4936 4790 
1144 3897 4868 4692 
1145 2292 3678 2971 
1146 156 3545 158 
1147 3337 4967 978 
1148 3305 5337 4207 
1149 3679 4998 2854 
1150 1976 3472 1978 
1151 3449 4862 4851 
1152 842 3844 1936 
1153 2994 5273 4150 
1154 862 3637 860 
1155 3053 4941 4911 
1156 1963 3656 2369 
1157 2115 3694 1813 
1158 4780 4787 1677 
1159 4282 5022 5004 
1160 350 4056 348 
1161 2575 4672 3893 
1162 288 4756 1327 
1163 3479 3480 105 
1164 3402 3452 1245 
1165 76 5062 3604 
1166 3256 4766 3254 
1167 1579 4196 394 
1168 1525 3778 1349 
1169 3729 5142 547 
1170 2035 3898 3827 
1171 2560 4151 3423 
1172 4866 5485 1956 
1173 1455 4745 3393 
1174 4755 4894 3040 
1175 3456 5060 3457 
1176 226 4374 3678 
1177 1022 3674 1158 
1178 3990 4984 2831 
1179 2466 4826 4722 
1180 916 3683 929 
1181 4610 4768 2924 
1182 123 137 80 
1183 986 4528 2339 
1184 1314 3713 3712 
1185 3595 4998 3679 
1186 2128 3718 444 
1187 2600 4962 4858 
1188 143 1997 77 
1189 3144 3584 2380 
1190 4356 4806 3323 
1191 4193 5088 5036 
1192 2122 3545 177 
1193 1576 3719 453 
1194 3598 4513 4085 
1195 3362 4850 2905 
1196 3694 4801 3154 
1197 2894 5278 4751 
1198 2780 3544 3235 
1199 4722 4826 2980 
1200 810 4978 4926 
1201 2521 4435 3050 
1202 3430 4928 73 
1203 633 4018 2065 
1204 2434 3653 2868 
1205 1975 3823 1183 
1206 3376 3571 3202 
1207 4048 5307 2253 
1208 4245 4689 465 
1209 4869 5015 2869 
1210 2626 4863 4709 
1211 2979 4854 4671 
1212 4235 4685 2128 
1213 5131 5223 3014 
1214 3439 5323 3316 
1215 3717 5139 3646 
1216 1159 3712 1023 
1217 3820 3821 3819 
1218 919 3914 1024 
1219 455 3719 486 
1220 4026 5485 4866 
1221 2575 3893 400 
1222 2865 4981 4187 
1223 2969 4372 4108 
1224 3898 3899 3827 
1225 546 4095 2640 
1226 5284 5285 610 
1227 889 3469 790 
1228 3332 5410 480 
1229 3316 5323 2623 
1230 3661 3662 3591 
1231 3031 5054 3568 
1232 1284 5240 3319 
1233 2893 5233 4268 
1234 3334 3372 3333 
1235 3675 4803 4659 
1236 1117 3757 1616 
1237 4369 4602 3129 
1238 2379 4357 3143 
1239 3414 3415 1877 
1240 2187 3680 2188 
1241 78 3518 127 
1242 4958 4980 3443 
1243 2361 3661 3590 
1244 4668 4893 1498 
1245 1883 5313 4058 
1246 4802 4900 3560 
1247 4403 4534 4476 
1248 1573 4332 4189 
1249 2898 5301 2899 
1250 62 3516 3419 
1251 500 4095 546 
1252 3756 3757 1098 
1253 541 3669 539 
1254 48 3479 105 
1255 2298 3784 1874 
1256 1379 4008 1386 
1257 3423 4151 1226 
1258 3890 4487 3451 
1259 140 141 137 
1260 1278 5075 3837 
1261 998 3671 1000 
1262 4044 4407 1591 
1263 1470 4275 1787 
1264 4652 4653 2685 
1265 2956 3710 2370 
1266 3447 5237 3158 
1267 1814 3623 2359 
1268 4176 4507 2542 
1269 491 3908 489 
1270 3514 4829 4704 
1271 1559 4773 4692 
1272 4504 4652 2290 
1273 3982 5388 3984 
1274 24 4399 67 
1275 840 3621 462 
1276 4725 4737 1575 
1277 3666 3668 2645 
1278 3429 4583 3430 
1279 5009 5121 1327 
1280 955 3942 879 
1281 123 140 137 
1282 2965 4338 4322 
1283 4097 4748 4666 
1284 3394 4977 3270 
1285 1098 3757 1117 
1286 3051 4910 4733 
1287 1777 3343 3342 
1288 2672 4532 4469 
1289 3739 5241 533 
1290 2420 3477 3476 
1291 3837 5075 3838 
1292 1942 3688 1943 
1293 3423 3448 3315 
1294 2064 4712 4683 
1295 2195 4365 2196 
1296 448 4291 447 
1297 2287 4574 3589 
1298 3000 4113 4112 
1299 1310 4060 1831 
1300 130 3534 63 
1301 2908 4487 3890 
1302 2725 4366 4365 
1303 4439 5074 3023 
1304 2965 4356 4338 
1305 124 125 64 
1306 4528 4646 2339 
1307 353 4056 350 
1308 3669 4379 539 
1309 2889 4940 4791 
1310 2386 3985 3310 
1311 211 3965 208 
1312 3773 5007 4860 
1313 600 3634 598 
1314 868 3844 842 
1315 4472 4619 3714 
1316 2315 5155 3404 
1317 2968 4349 1620 
1318 200 4007 197 
1319 3830 4402 949 
1320 3638 4049 3637 
1321 2763 4325 2100 
1322 3895 4868 3897 
1323 640 3655 2621 
1324 394 4196 396 
1325 1885 3778 1525 
1326 861 3596 865 
1327 2542 4698 4034 
1328 365 3898 2035 
1329 4187 5002 2865 
1330 3040 4894 2859 
1331 144 3419 2497 
1332 1659 5145 5063 
1333 16 123 17 
1334 3844 4558 1936 
1335 67 4399 138 
1336 4546 4748 2620 
1337 3173 3452 3402 
1338 985 4176 2542 
1339 2018 3585 2950 
1340 4425 5239 3211 
1341 915 3683 916 
1342 4056 4329 348 
1343 3600 4929 4856 
1344 1581 4261 359 
1345 2973 4772 4345 
1346 1692 4015 1196 
1347 3911 4986 3553 
1348 3307 5397 340 
1349 1818 4362 2136 
1350 2297 5321 5018 
1351 3942 4437 4194 
1352 3057 4317 1908 
1353 4095 4550 2640 
1354 1166 3744 1164 
1355 4094 4550 4095 
1356 1000 3671 2073 
1357 1014 3756 1098 
1358 1343 4013 2142 
1359 1901 3921 2306 
1360 4361 5198 4360 
1361 2611 5245 3358 
1362 4878 5395 88 
1363 3014 5223 3013 
1364 44 124 64 
1365 3760 4444 3759 
1366 1183 3823 1204 
1367 3713 4651 3712 
1368 2387 5237 3447 
1369 4579 4732 2569 
1370 4108 4372 1146 
1371 2810 4787 4780 
1372 4332 4333 4189 
1373 1208 4297 1608 
1374 15 62 16 
1375 121 153 119 
1376 3710 4458 1367 
1377 5248 5277 1973 
1378 21 3514 87 
1379 3595 3597 3594 
1380 26 135 81 
1381 927 4807 4711 
1382 825 3643 3642 
1383 3023 5074 3022 
1384 131 3520 134 
1385 3483 3548 110 
1386 2818 5465 4360 
1387 3355 4341 98 
1388 3208 5173 3335 
1389 3502 4387 3541 
1390 3956 5482 3098 
1391 3326 3328 3327 
1392 82 5421 3456 
1393 2084 4507 4176 
1394 3707 4633 4580 
1395 1608 3833 1206 
1396 5141 5282 2398 
1397 1631 3965 211 
1398 4405 4537 4134 
1399 598 3634 1233 
1400 3839 3840 3145 
1401 147 4385 1712 
1402 1858 4469 4037 
1403 131 132 125 
1404 1811 4357 2379 
1405 3469 4942 3239 
1406 3899 4618 3827 
1407 5082 5424 3848 
1408 865 3596 1597 
1409 1426 4145 3970 
1410 2040 4015 1692 
1411 3676 3677 2254 
1412 4792 4846 3018 
1413 140 3419 144 
1414 3123 3775 2374 
1415 1749 4332 1573 
1416 528 3746 526 
1417 1418 3669 541 
1418 363 3759 328 
1419 2934 4501 2298 
1420 5184 5316 3079 
1421 2306 3921 3148 
1422 2161 3682 1798 
1423 2632 4046 999 
1424 1402 3578 2572 
1425 62 123 16 
1426 1080 4174 941 
1427 1540 3734 1547 
1428 2685 4653 4644 
1429 3456 3457 3455 
1430 1471 4275 1470 
1431 3745 3746 528 
1432 3914 4895 1024 
1433 2631 4454 3587 
1434 2916 3630 1816 
1435 2674 4966 3372 
1436 2530 4164 523 
1437 578 4024 1727 
1438 3419 4390 2497 
1439 1787 4275 3882 
1440 1372 3709 1350 
1441 1801 3667 1800 
1442 3732 4533 4400 
1443 631 3997 931 
1444 4619 4647 2751 
1445 4124 4472 3714 
1446 3934 4956 3933 
1447 3145 5006 3146 
1448 3313 3610 2651 
1449 10 3430 11 
1450 1734 4002 1271 
1451 4653 4822 4644 
1452 1439 3993 1957 
1453 1030 4813 3382 
1454 3759 4444 328 
1455 3161 3631 1896 
1456 1628 3670 1096 
1457 3732 4400 1624 
1458 137 139 80 
1459 387 4322 384 
1460 619 4017 620 
1461 3420 5447 2548 
1462 2002 4336 2619 
1463 4085 4513 966 
1464 143 2441 1997 
1465 1069 4093 4004 
1466 1945 3688 1942 
1467 4407 4541 2641 
1468 3639 4436 2981 
1469 1307 4060 1310 
1470 3481 5463 3482 
1471 3944 5174 5044 
1472 40 3512 41 
1473 781 3798 784 
1474 3437 5203 3099 
1475 3178 5114 4036 
1476 1584 5203 3437 
1477 4476 4534 3056 
1478 4371 4372 2969 
1479 3405 3467 3407 
1480 3541 4387 41 
1481 3968 4104 176 
1482 3784 4501 2622 
1483 593 3655 640 
1484 2892 4496 2607 
1485 2204 3624 3623 
1486 1712 4411 141 
1487 3662 3663 3591 
1488 1526 3585 2018 
1489 4399 4554 138 
1490 1226 4862 3449 
1491 124 131 125 
1492 1704 3723 1705 
1493 2573 3992 1640 
1494 880 4308 847 
1495 3598 4085 1597 
1496 3491 3492 70 
1497 1417 4405 4134 
1498 1339 4159 1607 
1499 484 4403 4033 
1500 1329 3978 1719 
1501 4436 4656 2981 
1502 872 3652 1600 
1503 2644 3755 2682 
1504 843 4814 4077 
1505 2250 3639 2981 
1506 140 144 141 
1507 4012 5425 5214 
1508 1311 4013 1343 
1509 720 4294 2614 
1510 4709 4863 3055 
1511 1858 4037 1298 
1512 814 5411 3338 
1513 937 3684 1080 
1514 4630 4843 3726 
1515 1303 3577 1002 
1516 2599 4257 2977 
1517 1096 3671 998 
1518 3003 3856 2634 
1519 145 3462 136 
1520 4128 4749 2472 
1521 1723 3666 2645 
1522 1069 4004 1071 
1523 3416 4001 952 
1524 2161 4457 3682 
1525 4406 4516 2900 
1526 2657 3625 3433 
1527 25 135 26 
1528 125 3441 128 
1529 3343 3344 3342 
1530 2631 3587 1141 
1531 3688 4499 1943 
1532 3409 4361 2798 
1533 2243 3985 2386 
1534 3845 4613 4140 
1535 135 3462 81 
1536 783 3798 781 
1537 125 128 64 
1538 1319 3791 1191 
1539 3262 3384 3263 
1540 24 67 25 
1541 3301 4714 3087 
1542 2583 4311 1376 
1543 3100 3446 2249 
1544 1207 4458 4145 
1545 4944 5115 3838 
1546 1918 4495 3912 
1547 2649 4529 3619 
1548 1026 3890 3451 
1549 1397 3806 1602 
1550 72 3512 40 
1551 1639 4834 4720 
1552 604 4401 3731 
1553 4521 4552 2681 
1554 3044 5199 3902 
1555 3429 3430 10 
1556 1449 3920 1772 
1557 3299 5399 2929 
1558 1101 3698 2952 
1559 2056 4269 4005 
1560 4335 4486 3779 
1561 1403 3589 3588 
1562 3488 3489 84 
1563 2775 3811 3219 
1564 2041 4252 469 
1565 2168 3954 1981 
1566 3964 4413 3963 
1567 4486 4617 3779 
1568 1798 3682 1799 
1569 243 3559 1550 
1570 1202 4144 4143 
1571 1404 3578 1402 
1572 2339 4646 3046 
1573 891 4346 2615 
1574 941 4174 997 
1575 1143 3974 3973 
1576 2567 3567 175 
1577 67 135 25 
1578 3585 4455 2950 
1579 2479 4260 3321 
1580 1174 3691 1106 
1581 1816 3630 849 
1582 580 4024 578 
1583 3088 4457 2161 
1584 978 5176 3337 
1585 1058 4410 3866 
1586 1401 3589 1403 
1587 3328 3329 3327 
1588 1331 3997 631 
1589 3041 5249 4155 
1590 2043 4550 4094 
1591 603 3634 600 
1592 1452 3986 1740 
1593 131 134 132 
1594 132 3441 125 
1595 4060 4474 1831 
1596 4099 4515 1036 
1597 208 3965 209 
1598 1438 3993 1439 
1599 3094 4966 2674 
1600 1896 3631 1895 
1601 1918 3912 1766 
1602 2645 3668 2678 
1603 1191 3791 1144 
1604 172 3968 176 
1605 2041 4531 4252 
1606 2586 3870 1847 
1607 2287 3589 1401 
1608 1319 3792 3791 
1609 15 3516 62 
1610 859 3596 861 
1611 1619 3812 1315 
1612 1058 3866 1061 
1613 2155 4270 1716 
1614 3965 4413 3964 
1615 134 3520 2275 
1616 1579 4579 4196 
1617 3613 4406 2080 
1618 1554 3618 460 
1619 1121 3987 1464 
1620 3040 4786 4755 
1621 3659 5086 4994 
1622 1221 3641 3640 
1623 2441 3385 1997 
1624 143 2691 2441 
1625 1143 3973 1293 
1626 3288 5014 3379 
1627 2085 4412 4025 
1628 342 4266 412 
1629 4400 4533 1114 
1630 2590 4479 3242 
1631 2845 3628 3627 
1632 703 3783 700 
1633 2586 4490 3870 
1634 3662 3664 3663 
1635 1575 3952 754 
1636 4351 4871 4855 
1637 34 3453 68 
1638 3927 4548 4398 
1639 3854 3855 1260 
1640 144 147 141 
1641 1705 3723 1912 
1642 1640 3992 909 
1643 437 3826 2574 
1644 1196 4015 1137 
1645 1663 3956 618 
1646 136 3462 135 
1647 1707 4394 1706 
1648 2537 4462 4153 
1649 1330 3978 1329 
1650 3541 4584 3502 
1651 897 3652 872 
1652 465 5469 5120 
1653 1260 3855 1341 
1654 23 4399 24 
1655 3344 3345 3342 
1656 4096 4097 1687 
1657 3722 4114 2465 
1658 1282 4114 3722 
1659 539 4379 537 
1660 128 3460 64 
1661 718 4294 720 
1662 3866 4410 3865 
1663 1552 3560 157 
1664 2064 4111 932 
1665 1297 4121 4053 
1666 912 4388 3777 
1667 4342 4479 2590 
1668 2518 3747 1866 
1669 65 120 116 
1670 618 3956 622 
1671 3489 3490 84 
1672 3448 3449 2736 
1673 3765 4665 4606 
1674 2568 4188 921 
1675 1568 5337 3305 
1676 1697 3666 1723 
1677 3245 3960 3959 
1678 3328 3365 3329 
1679 1403 3588 1405 
1680 134 164 132 
1681 4349 4500 885 
1682 1772 3921 1901 
1683 1987 4242 2487 
1684 4222 4455 870 
1685 3670 3671 1096 
1686 3834 4404 436 
1687 1516 3843 1514 
1688 1934 4249 1732 
1689 1944 3874 2192 
1690 2691 2928 2441 
1691 2224 4879 2223 
1692 1423 3713 1314 
1693 4076 4392 4075 
1694 3653 3654 2868 
1695 1820 4277 1934 
1696 3662 3665 3664 
1697 3605 3606 1686 
1698 2278 4076 4075 
1699 1240 3806 1397 
1700 147 1712 141 
1701 144 148 147 
1702 1556 3967 194 
1703 4526 4739 4279 
1704 883 4263 2557 
1705 3344 3346 3345 
1706 3259 4769 3117 
1707 65 1189 120 
1708 3490 3491 84 
1709 113 3547 3495 
1710 1100 3698 1101 
1711 134 178 164 
1712 2691 2929 2928 
1713 3606 4435 1686 
1714 144 2497 148 
1715 148 149 147 
1716 3344 3347 3346 
1717 4155 5249 1502 
1718 65 4383 1189 
1719 1189 1321 120 
1720 178 179 164 
1721 134 2275 178 
1722 3774 5318 1782 
1723 148 150 149 
1724 3347 3550 3346 
1725 1189 1322 1321 
1726 1200 4144 1202 
1727 178 181 179 
1728 179 180 164 
1729 233 3559 243 
1730 150 151 149 
1731 3347 3551 3550 
1732 1189 1465 1322 
1733 1322 1783 1321 
1734 181 182 179 
1735 151 154 149 
1736 150 152 151 
1737 3347 3556 3551 
1738 3551 3552 3550 
1739 1465 1466 1322 
1740 1783 1784 1321 
1741 1322 4377 1783 
1742 181 183 182 
1743 150 1676 152 
1744 152 161 151 
1745 3551 3553 3552 
1746 1465 1467 1466 
1747 1783 2091 1784 
1748 183 184 182 
1749 181 1682 183 
1750 150 4382 1676 
1751 1676 4376 152 
1752 152 166 161 
1753 3553 3554 3552 
1754 1467 1468 1466 
1755 2091 2092 1784 
1756 1465 2446 1467 
1757 1783 2500 2091 
1758 183 185 184 
1759 184 1668 182 
1760 166 168 161 
1761 1467 1711 1468 
1762 1468 2083 1466 
1763 2091 2208 2092 
1764 185 186 184 
1765 1668 4378 182 
1766 166 169 168 
1767 1711 1818 1468 
1768 1468 2136 2083 
1769 185 187 186 
1770 50 92 49 
1771 166 4374 169 
1772 169 170 168 
1773 2136 2945 2083 
1774 1288 1432 1431 
1775 1711 1836 1818 
1776 187 188 186 
1777 1288 1431 1174 
1778 1445 1765 1764 
1779 40 91 39 
1780 1445 3636 1765 
1781 1785 1974 1531 
1782 1808 3212 1806 
1783 1765 1853 1764 
1784 2196 2205 2204 
1785 169 173 170 
1786 170 174 168 
1787 1432 2145 1431 
1788 1807 1808 1806 
1789 2354 2355 1891 
1790 2354 2801 2355 
1791 1291 1531 1292 
1792 1102 1664 1620 
1793 1765 2328 1853 
1794 1806 3570 1785 
1795 1413 1425 1411 
1796 104 4361 3409 
1797 1009 1678 1028 
1798 1409 1557 1407 
1799 872 1600 866 
1800 2510 2511 2509 
1801 1288 1433 1432 
1802 1711 1887 1836 
1803 59 3481 110 
1804 2027 2029 2028 
1805 104 3409 5 
1806 1836 2232 1818 
1807 1809 1810 1808 
1808 2508 2510 2509 
1809 1681 1785 1531 
1810 1765 2329 2328 
1811 1786 1806 1785 
1812 2027 2028 2026 
1813 2510 2512 2511 
1814 760 1659 818 
1815 1119 3617 1872 
1816 980 1593 982 
1817 187 190 188 
1818 188 189 186 
1819 2207 2311 2205 
1820 1102 1620 964 
1821 1344 1566 1320 
1822 1405 1724 1417 
1823 854 1679 857 
1824 808 1584 806 
1825 2206 2207 2205 
1826 1872 2508 1876 
1827 1776 1998 1463 
1828 2650 2651 2512 
1829 2027 2030 2029 
1830 1348 1526 1525 
1831 1526 1837 1525 
1832 2008 2177 1810 
1833 957 1348 958 
1834 1703 2969 969 
1835 376 1583 597 
1836 2329 2675 2330 
1837 2329 2330 2328 
1838 1942 1943 1941 
1839 1462 1463 1351 
1840 1348 1525 1349 
1841 2029 2032 2028 
1842 1119 1872 1871 
1843 796 1661 794 
1844 1724 1725 1417 
1845 1499 2464 2463 
1846 2508 2509 1876 
1847 2289 3696 962 
1848 451 1576 453 
1849 1853 1854 1764 
1850 973 2289 962 
1851 2464 3129 2463 
1852 1281 1473 1471 
1853 55 3484 108 
1854 1526 1909 1837 
1855 837 1812 848 
1856 2030 2031 2029 
1857 1872 1876 1873 
1858 1811 2008 1810 
1859 609 1639 606 
1860 169 226 173 
1861 59 110 58 
1862 2649 2650 2512 
1863 1974 3573 1531 
1864 170 195 174 
1865 2650 2652 2651 
1866 1499 2463 1333 
1867 3481 3482 110 
1868 1462 1776 1463 
1869 1697 1723 1696 
1870 1940 1941 1939 
1871 1630 1697 1696 
1872 1940 1944 1942 
1873 312 1581 359 
1874 788 1587 786 
1875 2652 2657 2651 
1876 1473 1932 1844 
1877 1509 1990 1346 
1878 1799 1801 1800 
1879 1473 1844 1474 
1880 1635 2023 2022 
1881 1938 1939 1801 
1882 1938 1940 1939 
1883 1799 1800 1699 
1884 1944 1946 1945 
1885 516 1680 482 
1886 1932 1994 1844 
1887 2188 2189 2031 
1888 1944 1945 1942 
1889 891 1816 849 
1890 1602 1992 1991 
1891 1630 1696 1628 
1892 1433 1434 1432 
1893 2207 3200 2311 
1894 1978 2223 1977 
1895 2465 2466 2464 
1896 1940 1942 1941 
1897 1946 1948 1947 
1898 2653 2654 2652 
1899 1397 1602 1549 
1900 1946 1947 1945 
1901 2823 3373 2821 
1902 1618 2202 1617 
1903 1875 1922 1921 
1904 1922 2216 1923 
1905 2145 2334 1431 
1906 2511 2513 2509 
1907 1750 2012 2011 
1908 1891 4041 1770 
1909 943 2287 1401 
1910 2188 2190 2189 
1911 1703 2989 2969 
1912 2030 2187 2031 
1913 1348 1349 958 
1914 1223 1618 1617 
1915 2002 2003 1510 
1916 1350 1462 1351 
1917 1635 2022 472 
1918 943 3822 2287 
1919 1836 2233 2232 
1920 1689 1884 1690 
1921 1932 2692 1994 
1922 2188 2308 2190 
1923 2012 2013 2011 
1924 2187 2188 2031 
1925 187 191 190 
1926 1947 1949 1945 
1927 189 4375 186 
1928 1396 2292 1739 
1929 1664 2017 1620 
1930 1970 2144 1776 
1931 1473 1474 1471 
1932 1757 1979 1756 
1933 1799 1937 1801 
1934 1922 1923 1921 
1935 188 2086 189 
1936 954 1703 969 
1937 1329 1538 1239 
1938 2322 2323 2003 
1939 2172 2173 2171 
1940 2321 2322 2003 
1941 2650 2653 2652 
1942 2172 2255 2173 
1943 1966 1967 1965 
1944 2804 2806 2805 
1945 1526 2018 1909 
1946 1689 1690 1657 
1947 2308 2309 2190 
1948 1947 2006 1949 
1949 1922 2953 2216 
1950 1698 1798 1699 
1951 2013 2172 2171 
1952 2144 3592 1776 
1953 2685 2955 2289 
1954 1704 1705 1673 
1955 2655 2656 2654 
1956 1967 2492 1965 
1957 1807 1809 1808 
1958 2138 3424 1108 
1959 1072 2138 1108 
1960 2018 2019 1909 
1961 1101 2346 1691 
1962 45 98 44 
1963 2196 2206 2205 
1964 2439 2440 2438 
1965 1978 2224 2223 
1966 1809 1811 1810 
1967 1664 3253 2017 
1968 2047 2958 2045 
1969 2843 2845 2656 
1970 1798 1799 1699 
1971 2822 2823 2821 
1972 2023 2179 2025 
1973 1756 2084 1522 
1974 1724 1726 1725 
1975 1992 2438 2437 
1976 1937 1938 1801 
1977 1964 1965 1963 
1978 1968 1969 1967 
1979 2439 2695 2440 
1980 405 3611 2077 
1981 1101 1691 1087 
1982 2107 2264 2008 
1983 2074 3701 746 
1984 3482 3483 110 
1985 1853 3601 1855 
1986 549 1672 1622 
1987 107 3486 18 
1988 1853 1855 1854 
1989 1983 2315 1612 
1990 3201 3202 2311 
1991 2412 3211 2411 
1992 1992 2439 2438 
1993 1705 1912 1707 
1994 2485 2486 1415 
1995 1827 4304 2220 
1996 226 227 173 
1997 1992 2437 1991 
1998 2322 2324 2323 
1999 2206 2423 2207 
2000 1751 3198 1162 
2001 1462 1970 1776 
2002 2330 3163 3162 
2003 2843 2937 2845 
2004 405 2077 2076 
2005 3200 3201 2311 
2006 3201 3374 3202 
2007 1396 1739 1483 
2008 1724 2312 1726 
2009 1499 2465 2464 
2010 10 109 9 
2011 1698 1950 1798 
2012 1850 1983 1612 
2013 2524 4427 2522 
2014 1618 2249 2202 
2015 2292 2293 1739 
2016 2925 2926 2232 
2017 43 3538 114 
2018 1623 2245 2184 
2019 1950 2161 1798 
2020 2227 2916 1816 
2021 2255 2256 2173 
2022 2002 2321 2003 
2023 2511 2800 2513 
2024 797 799 798 
2025 2200 2957 2067 
2026 55 108 54 
2027 1723 2643 1696 
2028 2202 2673 1617 
2029 795 797 796 
2030 1286 2337 1605 
2031 1750 2011 2010 
2032 1377 2254 2234 
2033 1485 2286 1370 
2034 1672 1673 1622 
2035 1923 2101 2100 
2036 2953 2954 2216 
2037 2692 2859 1994 
2038 1623 2184 1067 
2039 744 2074 746 
2040 1983 2352 2315 
2041 1329 1719 1538 
2042 1963 2369 1962 
2043 113 3493 22 
2044 1723 2644 2643 
2045 2685 4644 2955 
2046 1723 2645 2644 
2047 3373 3586 2821 
2048 1630 1698 1697 
2049 799 801 800 
2050 1274 1782 1229 
2051 1308 1720 1306 
2052 1129 1492 1127 
2053 1719 1951 1538 
2054 2645 2646 2644 
2055 1703 2990 2989 
2056 2508 4453 2510 
2057 2321 2503 2322 
2058 2324 2723 2323 
2059 2222 2361 1979 
2060 2017 2968 1620 
2061 1912 1913 1707 
2062 2046 2047 2045 
2063 1951 2021 1538 
2064 2467 2993 2466 
2065 2657 3313 2651 
2066 883 2557 881 
2067 1941 2239 1939 
2068 2023 2024 2022 
2069 795 796 794 
2070 2101 2226 2225 
2071 797 798 796 
2072 195 196 174 
2073 2190 2721 2189 
2074 2361 3590 1979 
2075 2333 2982 1768 
2076 2006 2454 1949 
2077 837 848 847 
2078 2645 2678 2646 
2079 1705 1707 1706 
2080 1935 2141 1850 
2081 1433 1435 1434 
2082 2463 4452 1333 
2083 972 2067 915 
2084 549 1622 550 
2085 875 2088 838 
2086 395 1857 393 
2087 2340 2501 2019 
2088 799 800 798 
2089 1994 2584 1844 
2090 38 3497 115 
2091 1961 1963 1962 
2092 1964 1966 1965 
2093 2292 2688 2293 
2094 2843 2946 2937 
2095 1716 1717 1715 
2096 2230 2780 2779 
2097 1248 2521 1563 
2098 801 803 802 
2099 793 794 792 
2100 1623 2519 2245 
2101 1515 1886 1517 
2102 2198 2227 1816 
2103 2332 2333 1768 
2104 1789 1866 1513 
2105 793 795 794 
2106 1912 2388 1913 
2107 2695 2810 2440 
2108 1937 2581 1938 
2109 3374 3375 3202 
2110 2523 2524 2522 
2111 3703 3704 3702 
2112 2514 2726 2187 
2113 2233 2925 2232 
2114 2780 3235 2932 
2115 1515 3976 1886 
2116 2301 2340 2019 
2117 2806 3229 2805 
2118 2465 2467 2466 
2119 2806 3421 3229 
2120 1983 2353 2352 
2121 2804 3207 2806 
2122 956 2072 1641 
2123 191 192 190 
2124 2256 2736 2428 
2125 801 802 800 
2126 2141 3754 1850 
2127 2330 3162 2328 
2128 2074 3702 3701 
2129 2077 2080 2079 
2130 1474 1826 1471 
2131 38 115 37 
2132 2337 3851 1605 
2133 2440 2854 2438 
2134 2369 2370 1962 
2135 1951 2258 2021 
2136 1611 1850 1612 
2137 2723 2724 2323 
2138 2820 2821 2819 
2139 492 1598 494 
2140 2842 2843 2656 
2141 1827 2220 2219 
2142 1701 3868 1039 
2143 2013 2171 2170 
2144 2226 2802 2498 
2145 1611 1935 1850 
2146 1689 2628 1884 
2147 1041 1701 1039 
2148 1305 1610 1153 
2149 3089 3090 2127 
2150 740 741 739 
2151 1954 2094 1788 
2152 2018 2301 2019 
2153 2653 2655 2654 
2154 742 743 741 
2155 2068 2200 2067 
2156 43 114 42 
2157 803 805 804 
2158 1045 1595 1043 
2159 2006 2777 2776 
2160 1101 2952 2346 
2161 1611 1612 1610 
2162 2692 3040 2859 
2163 2200 3007 2957 
2164 1758 1759 1748 
2165 1672 1704 1673 
2166 2006 2776 2454 
2167 903 3789 904 
2168 1265 1674 1105 
2169 1653 1689 1657 
2170 48 105 47 
2171 1171 2043 468 
2172 23 113 22 
2173 2172 2778 2255 
2174 744 745 743 
2175 2245 2888 2184 
2176 2780 2932 2931 
2177 2111 2663 2094 
2178 903 904 900 
2179 803 804 802 
2180 746 747 745 
2181 1748 2129 1746 
2182 1068 3906 1623 
2183 2353 2906 2352 
2184 1961 1964 1963 
2185 828 837 836 
2186 15 106 14 
2187 2202 3158 2673 
2188 3235 3236 2932 
2189 2095 2111 2094 
2190 740 742 741 
2191 1716 1718 1717 
2192 738 740 739 
2193 744 746 745 
2194 2030 2514 2187 
2195 1562 2522 388 
2196 1792 2045 1418 
2197 1671 1741 1390 
2198 2777 3410 2776 
2199 1950 3087 2161 
2200 2653 4354 2655 
2201 107 3487 3486 
2202 2519 3977 2245 
2203 19 107 18 
2204 748 751 747 
2205 2226 2498 2449 
2206 1726 1822 1725 
2207 2921 2922 2702 
2208 2802 3205 2498 
2209 2678 2875 2646 
2210 2215 2412 2411 
2211 2388 2390 1913 
2212 3129 4602 2463 
2213 2279 2280 1374 
2214 3087 3088 2161 
2215 742 744 743 
2216 1718 1791 1790 
2217 2256 2428 2427 
2218 2369 2371 2370 
2219 1068 1623 1067 
2220 3138 3692 2998 
2221 848 878 877 
2222 2723 3292 2724 
2223 2324 2774 2723 
2224 2510 2649 2512 
2225 738 739 737 
2226 226 1177 227 
2227 2303 2348 2304 
2228 1246 4178 1212 
2229 2688 2689 2293 
2230 805 807 806 
2231 2700 3845 2637 
2232 32 94 31 
2233 805 806 804 
2234 2424 3299 3191 
2235 746 748 747 
2236 2272 2273 1791 
2237 826 917 828 
2238 1718 1790 1717 
2239 3095 3096 2144 
2240 2454 2602 2601 
2241 1954 2095 2094 
2242 3198 3735 1162 
2243 388 3860 389 
2244 3095 3204 3096 
2245 2251 3100 2249 
2246 113 3494 3493 
2247 101 3539 20 
2248 2245 3073 2888 
2249 2629 3105 1884 
2250 2272 2350 2273 
2251 53 3542 100 
2252 2628 2629 1884 
2253 826 828 827 
2254 748 752 751 
2255 2657 3432 3313 
2256 2017 3227 2968 
2257 807 812 808 
2258 2330 3164 3163 
2259 2303 2304 2281 
2260 1786 1807 1806 
2261 907 3852 908 
2262 823 3828 826 
2263 2279 2281 2280 
2264 907 908 906 
2265 2533 2534 2532 
2266 2226 2449 2225 
2267 13 96 12 
2268 1469 1735 1323 
2269 1805 2152 1985 
2270 1830 2704 1738 
2271 878 900 899 
2272 891 2198 1816 
2273 2688 2720 2689 
2274 2644 2682 2643 
2275 1758 1760 1759 
2276 757 1570 753 
2277 2268 2518 1866 
2278 766 2020 764 
2279 1926 2533 2532 
2280 1617 3884 1218 
2281 2800 2890 2513 
2282 529 1751 1162 
2283 1698 1699 1697 
2284 1919 2809 2237 
2285 2256 2427 2173 
2286 878 903 900 
2287 1078 3995 2631 
2288 699 2081 702 
2289 2111 2738 2663 
2290 2348 2349 2304 
2291 2590 3071 2433 
2292 1926 2532 1741 
2293 2406 3135 3134 
2294 801 809 803 
2295 36 102 35 
2296 3706 3707 3704 
2297 627 636 626 
2298 2023 2025 2024 
2299 2810 3679 2440 
2300 3137 3138 2998 
2301 2485 3357 2486 
2302 2424 3191 3190 
2303 1078 2631 1141 
2304 1503 1505 1342 
2305 1469 1879 1735 
2306 2744 2745 2141 
2307 36 3535 102 
2308 2350 2360 2273 
2309 1690 1825 1766 
2310 2678 3124 2875 
2311 2501 3787 2019 
2312 3487 4432 3486 
2313 848 877 847 
2314 2590 3242 3071 
2315 822 4334 823 
2316 823 826 825 
2317 2116 2118 367 
2318 821 1241 763 
2319 1825 1919 1917 
2320 2925 3286 2926 
2321 1250 4191 1247 
2322 1970 3022 2144 
2323 637 951 636 
2324 959 2042 634 
2325 812 822 813 
2326 2095 3110 2111 
2327 1433 1437 1435 
2328 1000 2073 1012 
2329 795 1572 797 
2330 21 101 20 
2331 2777 3411 3410 
2332 3706 3708 3707 
2333 1919 2237 2236 
2334 2272 2351 2350 
2335 1804 3316 3047 
2336 1714 1715 1505 
2337 812 813 808 
2338 807 808 806 
2339 2351 2402 2350 
2340 2885 2910 2333 
2341 392 394 393 
2342 933 2044 925 
2343 3022 3095 2144 
2344 1430 1851 1335 
2345 2348 2409 2349 
2346 1851 1852 1335 
2347 3292 3293 2724 
2348 2496 3076 3075 
2349 743 1777 741 
2350 386 388 387 
2351 904 905 900 
2352 3138 3693 3692 
2353 1747 1748 1746 
2354 2268 2764 2518 
2355 2701 2702 2700 
2356 2724 3620 2323 
2357 1956 2297 1761 
2358 1282 3722 1156 
2359 1829 1830 1738 
2360 2554 2658 2556 
2361 2353 3241 2906 
2362 2301 3024 2340 
2363 1341 1342 1261 
2364 2018 2950 2301 
2365 2428 2496 2495 
2366 1705 1706 1673 
2367 195 197 196 
2368 17 90 16 
2369 3938 3939 3937 
2370 374 376 375 
2371 2657 3433 3432 
2372 2074 3703 3702 
2373 904 906 905 
2374 2293 2927 1739 
2375 832 3857 821 
2376 1926 2535 2533 
2377 2371 2686 2370 
2378 3207 4232 2806 
2379 191 1662 192 
2380 2804 5058 3207 
2381 2718 2863 2719 
2382 1421 2598 1399 
2383 627 637 636 
2384 1474 1827 1826 
2385 2910 3689 2333 
2386 817 2525 835 
2387 488 2549 510 
2388 2864 3063 3062 
2389 1972 1973 1781 
2390 1912 2389 2388 
2391 2864 3062 3061 
2392 2252 2478 2251 
2393 392 393 391 
2394 2863 2864 2719 
2395 192 193 190 
2396 2718 2719 2717 
2397 1848 2540 2242 
2398 1360 2174 1774 
2399 822 823 813 
2400 625 627 626 
2401 852 853 851 
2402 1915 2338 2191 
2403 911 912 910 
2404 2292 2971 2688 
2405 3705 3706 3704 
2406 2552 2554 2553 
2407 376 597 554 
2408 2200 3139 3007 
2409 1060 2920 2919 
2410 2226 3632 2802 
2411 394 395 393 
2412 2720 3028 2689 
2413 1814 2359 1730 
2414 1123 4040 1003 
2415 1837 2229 1885 
2416 837 847 836 
2417 1865 1869 1702 
2418 2271 2272 1791 
2419 878 899 877 
2420 1851 2197 1852 
2421 2055 2099 2097 
2422 904 907 906 
2423 2498 3012 2449 
2424 1915 2191 1914 
2425 1882 4197 1469 
2426 1795 1796 1501 
2427 2197 2213 1852 
2428 2535 2882 2533 
2429 2991 3875 2581 
2430 613 614 604 
2431 364 366 365 
2432 911 913 912 
2433 2699 2700 2637 
2434 2658 3052 2556 
2435 969 4108 970 
2436 2127 3813 1635 
2437 374 375 366 
2438 1060 2919 2918 
2439 2778 3315 2255 
2440 394 396 395 
2441 2920 3107 2919 
2442 1655 1848 1817 
2443 2744 3099 2745 
2444 908 909 906 
2445 736 737 735 
2446 739 996 737 
2447 388 389 387 
2448 437 2574 435 
2449 736 738 737 
2450 376 554 375 
2451 389 392 391 
2452 101 3540 3539 
2453 819 923 761 
2454 3142 3144 2380 
2455 2554 2556 2555 
2456 195 198 197 
2457 195 4368 198 
2458 917 3753 828 
2459 2338 2759 2191 
2460 635 1580 1527 
2461 2369 3233 2371 
2462 113 3495 3494 
2463 2081 4344 702 
2464 1634 2127 1635 
2465 373 374 366 
2466 1564 2517 1710 
2467 359 364 363 
2468 2237 2847 2236 
2469 1929 2520 2382 
2470 913 914 912 
2471 2186 2452 2185 
2472 641 2093 639 
2473 1338 1455 1290 
2474 2390 2912 1913 
2475 1689 3748 2628 
2476 1989 2185 1988 
2477 854 856 853 
2478 2658 3054 3052 
2479 409 2630 490 
2480 1822 1824 1725 
2481 1726 1823 1822 
2482 1503 1714 1505 
2483 2371 2687 2686 
2484 615 616 614 
2485 828 836 827 
2486 2250 2252 2251 
2487 961 2568 921 
2488 53 100 52 
2489 1267 1882 1469 
2490 389 391 390 
2491 616 1585 614 
2492 908 910 909 
2493 2409 3881 2349 
2494 1125 2735 1116 
2495 2318 3814 1868 
2496 3703 3705 3704 
2497 2720 3029 3028 
2498 2280 3926 1374 
2499 2197 2410 2213 
2500 2535 2942 2882 
2501 2520 2661 2382 
2502 1989 2186 2185 
2503 2186 2453 2452 
2504 1177 1394 227 
2505 308 310 309 
2506 984 4320 990 
2507 625 626 624 
2508 826 827 825 
2509 850 851 845 
2510 2213 2529 1852 
2511 2886 2887 2169 
2512 1491 1915 1914 
2513 2453 2756 2452 
2514 823 825 813 
2515 3028 3030 2689 
2516 2888 2962 2184 
2517 2753 2755 2754 
2518 2332 2885 2333 
2519 2554 2555 2553 
2520 2540 2733 2242 
2521 2167 2268 1866 
2522 2521 3050 2788 
2523 396 397 395 
2524 1718 2271 1791 
2525 812 824 822 
2526 2410 2662 2213 
2527 913 915 914 
2528 3029 3417 3028 
2529 866 4057 863 
2530 2106 3056 3055 
2531 1649 1658 1651 
2532 2212 2900 2781 
2533 2160 3750 1830 
2534 1747 1758 1748 
2535 1742 1926 1741 
2536 2920 3369 3107 
2537 1848 1899 1817 
2538 601 604 602 
2539 2687 2717 2686 
2540 2496 3075 3074 
2541 2099 3037 3036 
2542 2942 3168 2882 
2543 1944 2192 1946 
2544 2454 2601 1949 
2545 2280 3927 3926 
2546 2351 2403 2402 
2547 2602 3314 2604 
2548 908 911 910 
2549 1197 2278 1374 
2550 1738 4047 1429 
2551 3254 3255 2726 
2552 857 858 856 
2553 2389 2870 2388 
2554 302 303 301 
2555 2390 3042 2913 
2556 3063 3064 3062 
2557 2338 3184 2759 
2558 2664 4073 2050 
2559 1760 1761 1759 
2560 2525 4222 835 
2561 2349 3011 3010 
2562 1879 2415 1735 
2563 2875 2935 2876 
2564 2191 3900 1914 
2565 1592 4327 1123 
2566 623 625 624 
2567 2520 3216 2661 
2568 1898 2354 1891 
2569 3135 3171 3134 
2570 2390 2913 2912 
2571 915 916 914 
2572 3049 3197 3196 
2573 1848 2242 1899 
2574 1714 1716 1715 
2575 2025 2026 2024 
2576 2203 2528 1780 
2577 2927 3871 1739 
2578 1919 2236 1917 
2579 1380 2294 1378 
2580 2052 2664 2050 
2581 364 373 366 
2582 2288 4079 1120 
2583 1437 1895 1435 
2584 2453 3176 2756 
2585 427 429 428 
2586 951 952 636 
2587 762 763 752 
2588 2718 3258 2863 
2589 2467 2994 2993 
2590 1081 4363 1178 
2591 2975 2976 2181 
2592 613 615 614 
2593 2403 2909 2402 
2594 852 854 853 
2595 740 890 742 
2596 4081 4082 1601 
2597 3289 3290 2976 
2598 1066 2585 1025 
2599 1277 2288 1120 
2600 308 404 310 
2601 2203 3291 2528 
2602 1060 2918 1050 
2603 2909 3336 2402 
2604 2975 3287 2976 
2605 877 880 847 
2606 2145 3179 2334 
2607 751 753 747 
2608 916 928 927 
2609 2602 3739 3314 
2610 2864 3061 2719 
2611 1978 2752 2224 
2612 3042 3307 2913 
2613 308 309 307 
2614 3049 3196 3048 
2615 373 380 374 
2616 3289 3333 3290 
2617 910 956 909 
2618 1060 4080 2920 
2619 1987 1989 1988 
2620 429 431 430 
2621 2596 3049 3048 
2622 842 1936 830 
2623 2410 3102 2662 
2624 1882 4198 4197 
2625 615 939 616 
2626 601 613 604 
2627 859 860 858 
2628 396 398 397 
2629 850 852 851 
2630 1285 3938 3937 
2631 191 1667 1662 
2632 399 401 400 
2633 1827 2218 1826 
2634 865 866 863 
2635 300 301 299 
2636 3063 3988 3064 
2637 2455 3104 2227 
2638 2670 3019 2629 
2639 1873 3622 1875 
2640 2151 2199 1542 
2641 302 504 303 
2642 2687 2718 2717 
2643 805 1638 807 
2644 2900 3167 2781 
2645 2278 2279 1374 
2646 854 857 856 
2647 2496 3074 2495 
2648 2403 3260 2909 
2649 1737 1738 1429 
2650 2025 3609 2027 
2651 392 1579 394 
2652 3197 3378 3196 
2653 1795 2730 1796 
2654 1444 1881 1442 
2655 836 1613 827 
2656 2875 2876 2646 
2657 2628 2670 2629 
2658 2198 2455 2227 
2659 359 363 328 
2660 431 433 432 
2661 1285 3937 1286 
2662 399 400 397 
2663 1223 1617 1218 
2664 386 1562 388 
2665 916 929 928 
2666 2662 4050 2213 
2667 351 427 354 
2668 2753 2754 2224 
2669 2756 3274 2452 
2670 3260 3261 2909 
2671 2383 3206 2911 
2672 939 940 616 
2673 1879 2416 2415 
2674 861 865 863 
2675 818 4230 829 
2676 192 201 193 
2677 1449 1772 1454 
2678 538 2531 540 
2679 1929 2382 2381 
2680 2582 2991 2581 
2681 732 734 733 
2682 2507 3178 3177 
2683 1458 2109 1456 
2684 2759 2848 2191 
2685 2349 3010 2304 
2686 3264 4353 2825 
2687 2687 4171 2718 
2688 890 4276 742 
2689 748 762 752 
2690 916 927 914 
2691 1452 1740 1450 
2692 2428 2495 2427 
2693 2389 2871 2870 
2694 2640 4215 1180 
2695 929 930 928 
2696 1987 1988 1709 
2697 1804 3047 1093 
2698 3030 4211 2689 
2699 857 859 858 
2700 2778 3325 3315 
2701 865 871 866 
2702 2661 3043 2382 
2703 433 477 434 
2704 546 2640 1180 
2705 527 528 526 
2706 506 4072 508 
2707 3287 3289 2976 
2708 1341 1503 1342 
2709 401 402 400 
2710 635 1527 1331 
2711 399 1601 401 
2712 871 872 866 
2713 401 406 402 
2714 524 2571 1150 
2715 2390 4062 3042 
2716 2558 4179 413 
2717 861 862 860 
2718 2558 4180 4179 
2719 300 302 301 
2720 879 4194 874 
2721 2348 3173 2409 
2722 1510 2087 1509 
2723 1177 1395 1394 
2724 3266 3294 1312 
2725 3291 3317 2528 
2726 1964 2420 1966 
2727 410 2558 413 
2728 2507 3177 2384 
2729 2661 3044 3043 
2730 364 365 363 
2731 2831 2832 2137 
2732 391 3700 405 
2733 2760 3041 2484 
2734 1684 1863 1481 
2735 476 4071 485 
2736 427 428 354 
2737 373 2611 380 
2738 1767 2150 2149 
2739 3258 3533 2863 
2740 1408 4134 1475 
2741 2759 3126 2848 
2742 2877 2878 2808 
2743 859 861 860 
2744 1019 3416 952 
2745 2056 4093 1063 
2746 913 972 915 
2747 626 1588 624 
2748 1236 4293 1099 
2749 2415 3362 1735 
2750 1747 2113 1758 
2751 929 937 930 
2752 2517 3259 3117 
2753 3927 4398 3926 
2754 3296 3297 2409 
2755 429 430 428 
2756 431 432 430 
2757 601 602 600 
2758 2604 2606 2605 
2759 3064 3070 3066 
2760 1959 2399 2314 
2761 527 529 528 
2762 1760 1955 1761 
2763 409 490 489 
2764 980 982 940 
2765 2662 4051 4050 
2766 2846 3414 3368 
2767 1040 1041 1039 
2768 2130 2783 2782 
2769 406 407 402 
2770 2167 2709 2268 
2771 2780 2931 2779 
2772 871 896 872 
2773 858 1033 856 
2774 197 199 196 
2775 598 1233 554 
2776 3052 3053 2556 
2777 2873 3466 3465 
2778 930 953 928 
2779 824 839 838 
2780 2416 3195 2415 
2781 937 938 930 
2782 2185 2319 1988 
2783 1437 1896 1895 
2784 2025 2027 2026 
2785 3348 3349 2588 
2786 986 992 898 
2787 1042 1043 1041 
2788 896 897 872 
2789 865 1597 871 
2790 954 955 879 
2791 2149 2408 2407 
2792 939 980 940 
2793 406 408 407 
2794 398 399 397 
2795 873 879 874 
2796 433 434 432 
2797 982 983 940 
2798 861 863 862 
2799 1615 2560 1907 
2800 3206 3382 2911 
2801 3319 3322 2478 
2802 1895 2214 1435 
2803 3064 3066 3065 
2804 951 1018 952 
2805 963 973 962 
2806 982 984 983 
2807 615 991 939 
2808 2635 4239 1368 
2809 956 1640 909 
2810 506 508 507 
2811 873 874 868 
2812 970 979 971 
2813 2517 3117 1710 
2814 1779 4167 1654 
2815 476 485 484 
2816 485 506 505 
2817 1629 3657 1630 
2818 2744 3437 3099 
2819 873 954 879 
2820 1040 1042 1041 
2821 3398 3399 3271 
2822 2271 3957 2272 
2823 1796 1958 1501 
2824 979 1021 971 
2825 425 4200 302 
2826 408 409 407 
2827 2175 2507 2384 
2828 391 405 390 
2829 2294 4279 4278 
2830 191 4373 1667 
2831 2171 3913 2383 
2832 934 935 897 
2833 984 985 983 
2834 937 941 938 
2835 969 970 955 
2836 896 934 897 
2837 423 476 475 
2838 1044 1045 1043 
2839 508 526 525 
2840 3173 3296 2409 
2841 490 491 489 
2842 508 525 507 
2843 1253 1256 1254 
2844 2686 2956 2370 
2845 429 1589 431 
2846 954 969 955 
2847 984 987 985 
2848 529 530 528 
2849 485 505 484 
2850 839 876 875 
2851 970 971 955 
2852 1042 1044 1043 
2853 506 507 505 
2854 949 962 948 
2855 1094 3876 1802 
2856 201 202 193 
2857 941 942 938 
2858 1046 1047 1045 
2859 476 484 475 
2860 1253 1254 1252 
2861 3175 3398 3271 
2862 867 868 842 
2863 3066 3068 3067 
2864 2282 2303 2281 
2865 435 4210 432 
2866 300 425 302 
2867 1393 4149 513 
2868 3243 3245 2709 
2869 2410 3284 3102 
2870 3175 3271 2489 
2871 526 1186 525 
2872 1177 1396 1395 
2873 893 894 892 
2874 485 1316 506 
2875 633 634 632 
2876 1048 1049 1047 
2877 2846 3368 3367 
2878 434 436 435 
2879 1049 1050 1047 
2880 1012 1032 1031 
2881 499 4212 524 
2882 949 963 962 
2883 1044 1046 1045 
2884 2997 4113 3000 
2885 1207 4145 1232 
2886 288 290 289 
2887 981 986 898 
2888 1013 1090 979 
2889 3239 4299 2690 
2890 1046 1048 1047 
2891 987 995 985 
2892 2873 3465 2871 
2893 2048 4177 1048 
2894 1256 1258 1257 
2895 433 478 477 
2896 508 527 526 
2897 970 1013 979 
2898 1160 4296 1066 
2899 28 103 27 
2900 1049 1051 1050 
2901 1032 1135 1031 
2902 951 1020 1018 
2903 1437 1897 1896 
2904 888 922 920 
2905 6 104 5 
2906 957 958 922 
2907 1227 4258 1319 
2908 984 990 987 
2909 2548 3089 2127 
2910 399 4081 1601 
2911 406 410 408 
2912 1162 1163 530 
2913 1000 1012 1011 
2914 1256 1257 1254 
2915 529 1162 530 
2916 1955 1956 1761 
2917 2593 4491 2697 
2918 410 411 408 
2919 941 997 942 
2920 3284 3305 3102 
2921 1065 1066 1025 
2922 1150 4130 1244 
2923 849 850 845 
2924 1163 1164 530 
2925 870 888 887 
2926 888 920 887 
2927 199 1378 196 
2928 409 489 407 
2929 286 288 287 
2930 1013 1109 1090 
2931 1165 1166 1164 
2932 2847 3408 3383 
2933 288 1327 290 
2934 1051 1060 1050 
2935 1163 1165 1164 
2936 404 3817 310 
2937 19 75 20 
2938 620 633 632 
2939 1260 1261 1136 
2940 1317 4151 1615 
2941 638 959 634 
2942 833 1034 645 
2943 935 936 897 
2944 824 838 822 
2945 841 842 830 
2946 937 1080 941 
2947 1012 1031 1011 
2948 496 499 498 
2949 997 998 942 
2950 1018 1019 952 
2951 1032 1136 1135 
2952 499 524 523 
2953 1895 2215 2214 
2954 288 289 287 
2955 2794 3085 3084 
2956 633 638 634 
2957 956 1641 1640 
2958 888 957 922 
2959 998 1000 999 
2960 901 949 948 
2961 1395 4326 1394 
2962 1165 1167 1166 
2963 638 1014 959 
2964 1899 4217 1817 
2965 646 833 645 
2966 1156 1187 1076 
2967 896 966 934 
2968 1357 4165 1358 
2969 1065 1110 1066 
2970 1167 1262 1166 
2971 499 523 498 
2972 935 945 936 
2973 488 510 509 
2974 966 967 934 
2975 987 1520 995 
2976 1000 1011 999 
2977 1049 1052 1051 
2978 1403 1405 1404 
2979 507 1114 505 
2980 876 901 885 
2981 1054 1056 1055 
2982 1163 1190 1165 
2983 1396 1483 1395 
2984 3041 3172 2484 
2985 201 203 202 
2986 1014 1027 959 
2987 19 3464 75 
2988 524 1149 523 
2989 997 1096 998 
2990 1032 1260 1136 
2991 1332 1445 1334 
2992 1052 1053 1051 
2993 1445 1764 1763 
2994 3156 3157 2416 
2995 524 1150 1149 
2996 278 286 281 
2997 833 1301 1034 
2998 2838 2973 2839 
2999 510 531 509 
3000 1186 1624 525 
3001 490 492 491 
3002 1086 1087 1085 
3003 1020 1030 1018 
3004 1188 1332 1187 
3005 1332 1334 1187 
3006 510 532 531 
3007 687 688 686 
3008 1013 1146 1109 
3009 1086 1100 1087 
3010 1156 1188 1187 
3011 1042 1632 1044 
3012 1046 1154 1048 
3013 1403 1404 1402 
3014 1521 1524 1523 
3015 685 687 686 
3016 870 887 869 
3017 1020 1095 1030 
3018 1167 1263 1262 
3019 1405 1417 1406 
3020 532 547 531 
3021 1445 1763 1334 
3022 467 473 469 
3023 1138 1194 1115 
3024 1192 1228 1227 
3025 1234 1368 1235 
3026 286 287 281 
3027 644 646 645 
3028 1024 1065 1025 
3029 1155 1156 1076 
3030 1147 1304 1109 
3031 1307 1309 1308 
3032 1408 1475 1410 
3033 531 533 509 
3034 1078 1141 1140 
3035 1161 1312 1311 
3036 1515 1517 1516 
3037 1038 1039 1037 
3038 1110 1161 1160 
3039 1275 1307 1306 
3040 1615 1907 1906 
3041 473 500 474 
3042 687 689 688 
3043 1054 1055 1053 
3044 199 1379 1378 
3045 1014 1097 1027 
3046 1244 1296 1243 
3047 1523 1757 1756 
3048 13 86 14 
3049 1636 4225 428 
3050 473 474 469 
3051 1135 1137 1031 
3052 1095 1139 1138 
3053 1188 1333 1332 
3054 1228 1230 1229 
3055 1405 1406 1404 
3056 1615 1906 1438 
3057 2383 2911 2879 
3058 201 224 203 
3059 1161 1311 1160 
3060 1281 1470 1280 
3061 1310 1335 1309 
3062 1625 1731 1626 
3063 1056 1058 1057 
3064 1075 1155 1076 
3065 1095 1138 1115 
3066 1150 1243 1149 
3067 1487 1488 1302 
3068 1317 1615 1438 
3069 1447 1448 1338 
3070 1646 1653 1652 
3071 1128 1226 1224 
3072 1291 1292 1147 
3073 1186 1625 1624 
3074 1286 1604 1263 
3075 1428 1736 1429 
3076 1075 1076 989 
3077 1074 1085 994 
3078 1194 1231 1115 
3079 1230 1275 1274 
3080 1483 1544 1395 
3081 413 415 411 
3082 689 693 688 
3083 1521 1522 995 
3084 1057 1088 1055 
3085 1074 1086 1085 
3086 1091 1276 1120 
3087 1138 1203 1194 
3088 1193 2057 2056 
3089 1286 1605 1604 
3090 1379 1381 1380 
3091 1424 1477 1476 
3092 1693 1722 1692 
3093 500 501 474 
3094 500 544 501 
3095 1205 1206 1184 
3096 47 83 48 
3097 693 925 688 
3098 997 1627 1096 
3099 1146 1291 1147 
3100 1262 1370 1166 
3101 1275 1306 1274 
3102 1375 1377 1376 
3103 1401 1403 1402 
3104 1476 1768 1423 
3105 1625 1626 1624 
3106 52 78 53 
3107 1621 4175 207 
3108 278 281 279 
3109 629 635 631 
3110 635 1331 631 
3111 695 1079 697 
3112 697 699 698 
3113 1052 1054 1053 
3114 1192 1227 1191 
3115 1323 1324 1266 
3116 1410 1411 1409 
3117 1521 1523 1522 
3118 37 85 38 
3119 867 873 868 
3120 1071 1234 1099 
3121 1075 1687 1155 
3122 1234 1235 1099 
3123 1150 1244 1243 
3124 1285 1286 1263 
3125 1273 1450 1449 
3126 1281 1471 1470 
3127 1307 1308 1306 
3128 1383 1384 1382 
3129 1500 1501 1384 
3130 1736 2005 2004 
3131 26 81 27 
3132 410 413 411 
3133 467 469 415 
3134 998 999 942 
3135 1121 1144 1027 
3136 1301 1302 1034 
3137 1110 1160 1066 
3138 1086 1143 1100 
3139 1141 1281 1280 
3140 1361 1693 1692 
3141 1487 1489 1488 
3142 1605 1775 1604 
3143 1729 1813 1730 
3144 687 690 689 
3145 1520 1521 995 
3146 1121 1464 1145 
3147 1145 1192 1191 
3148 1188 1499 1333 
3149 1268 1419 1418 
3150 1486 1487 1302 
3151 1424 1478 1477 
3152 1655 1817 1778 
3153 2049 2053 2051 
3154 2444 3361 3155 
3155 1024 1025 918 
3156 1095 1115 1030 
3157 1056 1057 1055 
3158 1193 2056 1063 
3159 1235 1236 1099 
3160 1326 1484 1279 
3161 1299 1300 1297 
3162 1299 1357 1300 
3163 1307 1310 1309 
3164 1447 1729 1448 
3165 1515 1516 1514 
3166 1649 1651 1650 
3167 272 4105 270 
3168 1252 1606 1250 
3169 1337 1338 1290 
3170 1317 1438 1318 
3171 1424 1476 1423 
3172 1451 1480 1452 
3173 1787 1788 1472 
3174 1685 1868 1543 
3175 1669 1769 1592 
3176 1653 1656 1652 
3177 1813 1838 1814 
3178 544 545 501 
3179 690 692 689 
3180 1146 1147 1109 
3181 1591 1592 1123 
3182 1155 1282 1156 
3183 1167 1285 1263 
3184 1203 1295 1294 
3185 1244 1297 1296 
3186 1262 1371 1370 
3187 1479 1493 1340 
3188 1480 1481 1452 
3189 1268 1418 541 
3190 1141 1280 1140 
3191 1219 1223 1218 
3192 1276 1428 1277 
3193 1326 1498 1484 
3194 1383 1385 1384 
3195 1441 1443 1442 
3196 1507 1508 1477 
3197 690 695 692 
3198 993 1073 994 
3199 1439 1440 1318 
3200 1337 1447 1338 
3201 1379 1380 1378 
3202 1381 1383 1382 
3203 1385 1502 1500 
3204 1439 1957 1441 
3205 515 1393 513 
3206 1228 1229 1227 
3207 1244 1299 1297 
3208 1273 1451 1450 
3209 1339 1479 1340 
3210 1354 1713 1533 
3211 1381 1382 1380 
3212 1406 1408 1407 
3213 1451 1452 1450 
3214 1508 4139 1477 
3215 1736 2004 1737 
3216 8 77 9 
3217 276 277 275 
3218 276 278 277 
3219 278 279 277 
3220 478 487 477 
3221 684 694 682 
3222 1258 1362 1259 
3223 1267 1323 1266 
3224 1276 1694 1428 
3225 1428 1429 1277 
3226 1438 1439 1318 
3227 1356 1528 1355 
3228 1729 1730 1448 
3229 1541 1542 1540 
3230 1591 1669 1592 
3231 1769 1770 1592 
3232 1649 1650 1648 
3233 280 1599 272 
3234 545 1366 501 
3235 1005 1591 1123 
3236 1339 1340 1271 
3237 1356 1530 1529 
3238 1441 1442 1440 
3239 1443 1444 1442 
3240 2 3527 61 
3241 1091 1120 1073 
3242 1100 1101 1087 
3243 1197 1374 1168 
3244 1337 1551 1447 
3245 1439 1441 1440 
3246 273 280 272 
3247 697 698 696 
3248 698 1369 696 
3249 1054 1122 1056 
3250 1870 2007 1118 
3251 1203 1294 1194 
3252 1449 1454 1272 
3253 1536 1537 1298 
3254 1315 1424 1423 
3255 1354 1533 1352 
3256 1356 1529 1528 
3257 1397 1549 1398 
3258 1530 1534 1529 
3259 1838 1839 1814 
3260 42 79 43 
3261 1073 1074 994 
3262 1361 1692 1196 
3263 1283 1337 1290 
3264 1301 1486 1302 
3265 1754 1755 1367 
3266 1385 1500 1384 
3267 1389 1894 1670 
3268 1419 1793 1792 
3269 1470 1787 1472 
3270 32 82 33 
3271 277 1594 275 
3272 1227 1319 1191 
3273 1205 1207 1206 
3274 1352 1353 1210 
3275 1353 1355 1210 
3276 1295 1539 1420 
3277 1310 1831 1430 
3278 1480 1721 1683 
3279 271 273 272 
3280 537 1289 535 
3281 546 1180 1179 
3282 1154 2048 1048 
3283 1081 1178 1089 
3284 1145 1191 1144 
3285 1204 1367 1205 
3286 1235 1283 1236 
3287 1251 1252 1250 
3288 1299 1603 1357 
3289 1310 1430 1335 
3290 1408 1410 1409 
3291 1540 1547 1420 
3292 1813 1814 1730 
3293 2053 2055 2054 
3294 34 112 33 
3295 61 99 60 
3296 685 686 684 
3297 1627 1628 1096 
3298 1130 1339 1271 
3299 1200 1201 1198 
3300 1283 1290 1236 
3301 1273 1449 1272 
3302 1301 1773 1486 
3303 1371 1485 1370 
3304 1412 1688 1414 
3305 1479 1506 1493 
3306 1480 1683 1481 
3307 1541 1952 1542 
3308 1769 1771 1770 
3309 1778 1880 1779 
3310 271 274 273 
3311 274 275 273 
3312 274 276 275 
3313 1078 1140 1035 
3314 1119 1871 1870 
3315 1240 1397 1330 
3316 1353 1356 1355 
3317 1379 1386 1381 
3318 1408 1409 1407 
3319 1514 1789 1513 
3320 1523 1756 1522 
3321 17 80 18 
3322 496 498 497 
3323 699 702 700 
3324 1293 1305 1153 
3325 1224 1317 1225 
3326 1317 1318 1225 
3327 1375 1376 1269 
3328 1389 1670 1390 
3329 1771 1891 1770 
3330 2055 2096 2054 
3331 943 944 919 
3332 1143 1293 1153 
3333 1270 1314 1159 
3334 1389 1390 1265 
3335 1340 1734 1271 
3336 1293 1543 1305 
3337 1358 1392 1391 
3338 1371 1797 1485 
3339 1443 1446 1444 
3340 1443 1883 1446 
3341 1655 1778 1654 
3342 1669 1925 1924 
3343 2049 2050 2048 
3344 2055 2097 2096 
3345 475 479 424 
3346 546 1179 544 
3347 699 700 698 
3348 1154 2049 2048 
3349 1383 1614 1385 
3350 1736 1737 1429 
3351 1512 1514 1513 
3352 1517 1518 1516 
3353 1647 1649 1648 
3354 1653 1657 1656 
3355 1669 1924 1769 
3356 1894 1984 1670 
3357 514 521 515 
3358 540 541 539 
3359 1061 1193 1063 
3360 1071 1099 1072 
3361 1181 1183 1182 
3362 1232 1279 1208 
3363 1258 1364 1362 
3364 1295 1420 1294 
3365 479 4033 2546 
3366 500 546 544 
3367 536 537 535 
3368 695 697 696 
3369 1143 1153 1100 
3370 1121 1145 1144 
3371 1180 1267 1266 
3372 1209 1354 1352 
3373 1230 1274 1229 
3374 1470 1472 1280 
3375 1412 1414 1413 
3376 1495 1511 1497 
3377 1645 1647 1644 
3378 1729 2115 1813 
3379 1953 1954 1788 
3380 521 534 522 
3381 695 696 692 
3382 1038 1040 1039 
3383 1202 1272 1201 
3384 1202 1273 1272 
3385 1232 1326 1279 
3386 1232 1426 1326 
3387 1419 1792 1418 
3388 1512 1515 1514 
3389 2049 2051 2050 
3390 517 1124 516 
3391 538 540 539 
3392 540 1130 541 
3393 1195 1196 1137 
3394 2987 3277 2988 
3395 21 87 22 
3396 993 994 933 
3397 1072 1108 1070 
3398 1209 1352 1210 
3399 1217 1220 1219 
3400 1296 1298 1243 
3401 1532 1911 1762 
3402 1539 1541 1540 
3403 1771 1898 1891 
3404 2096 2098 2054 
3405 1135 1195 1137 
3406 1169 1197 1168 
3407 1180 1266 1179 
3408 1207 1232 1208 
3409 1293 1685 1543 
3410 1391 1461 1359 
3411 1400 1494 1422 
3412 1683 1684 1481 
3413 1518 1519 1516 
3414 1752 1753 1556 
3415 1643 1644 1642 
3416 1646 1652 1645 
3417 43 124 44 
3418 534 535 522 
3419 534 1328 536 
3420 1117 1616 1126 
3421 1207 1208 1206 
3422 1222 1239 1221 
3423 1357 1358 1300 
3424 1414 1415 1413 
3425 1708 1709 1460 
3426 1512 1513 1497 
3427 1532 1762 1702 
3428 483 518 517 
3429 993 1091 1073 
3430 1276 1277 1120 
3431 1130 1271 1268 
3432 1217 1218 1215 
3433 1220 1221 1219 
3434 1651 1654 1650 
3435 2051 2052 2050 
3436 498 503 497 
3437 1130 1268 541 
3438 1350 1351 946 
3439 1113 1168 1112 
3440 1199 1313 1200 
3441 1200 1202 1201 
3442 1204 1754 1367 
3443 1258 1259 1257 
3444 1315 1423 1314 
3445 1398 1399 1330 
3446 1360 1774 1361 
3447 1414 1416 1415 
3448 1518 1532 1519 
3449 620 632 612 
3450 1097 1121 1027 
3451 1069 1071 1070 
3452 1131 1133 1083 
3453 1113 1169 1168 
3454 1126 1128 1127 
3455 1158 1375 1269 
3456 1296 1536 1298 
3457 2053 2054 2051 
3458 30 111 29 
3459 488 509 487 
3460 1267 1469 1323 
3461 479 1112 424 
3462 512 513 511 
3463 1128 1224 1129 
3464 1132 1216 1215 
3465 1173 1325 1287 
3466 1204 1205 1184 
3467 1517 1846 1518 
3468 1641 1642 1640 
3469 1643 1646 1645 
3470 8 93 7 
3471 483 517 516 
3472 514 515 513 
3473 1058 1061 1059 
3474 1089 1119 1118 
3475 1183 1184 1182 
3476 1459 1708 1460 
3477 1629 1630 1628 
3478 1953 2217 1954 
3479 932 993 933 
3480 1397 1398 1330 
3481 1670 1671 1390 
3482 1410 1412 1411 
3483 1412 1413 1411 
3484 1627 1629 1628 
3485 1787 1953 1788 
3486 33 3453 34 
3487 521 522 515 
3488 1360 1361 1196 
3489 478 488 487 
3490 503 512 511 
3491 1005 1123 1003 
3492 1511 1512 1497 
3493 270 282 268 
3494 503 511 497 
3495 512 514 513 
3496 1358 1391 1359 
3497 1675 1752 1556 
3498 2424 3190 2425 
3499 271 272 270 
3500 512 1185 514 
3501 683 685 684 
3502 1183 1204 1184 
3503 1240 1329 1239 
3504 1117 1126 1125 
3505 1224 1225 1129 
3506 1220 1222 1221 
3507 1398 1400 1399 
3508 1539 1540 1420 
3509 1643 1645 1644 
3510 1647 1648 1644 
3511 534 536 535 
3512 1270 1315 1314 
3513 1532 1702 1519 
3514 538 539 537 
3515 702 703 700 
3516 1119 1870 1118 
3517 1128 1129 1127 
3518 1363 1436 1259 
3519 1071 1072 1070 
3520 1195 1360 1196 
3521 1400 1421 1399 
3522 1778 1779 1654 
3523 1117 1125 1116 
3524 1400 1422 1421 
3525 1406 1407 1404 
3526 1651 1655 1654 
3527 1126 1127 1125 
3528 1181 1182 1171 
3529 1217 1219 1218 
3530 835 870 869 
3531 1240 1330 1329 
3532 479 1113 1112 
3533 945 1372 1350 
3534 1014 1098 1097 
3535 1169 1199 1198 
3536 1358 1359 1300 
3537 693 932 925 
3538 533 4154 509 
3539 965 1104 1103 
3540 1106 1238 1103 
3541 1199 1200 1198 
3542 315 1568 317 
3543 932 933 925 
3544 1038 1134 1040 
3545 1064 1069 1068 
3546 1098 1116 1097 
3547 1222 1240 1239 
3548 644 645 643 
3549 1089 1118 1082 
3550 1270 1619 1315 
3551 1478 1507 1477 
3552 1132 1215 1214 
3553 1064 1067 1062 
3554 693 2064 932 
3555 1169 1198 1197 
3556 416 468 467 
3557 1098 1117 1116 
3558 1209 1210 225 
3559 416 1170 468 
3560 518 542 517 
3561 988 1075 989 
3562 536 538 537 
3563 1362 1363 1259 
3564 53 122 54 
3565 1249 1250 1247 
3566 1789 2167 1866 
3567 874 881 868 
3568 1494 1495 1422 
3569 496 497 495 
3570 1488 4147 1302 
3571 1555 1675 1556 
3572 1216 1217 1215 
3573 1058 1059 1057 
3574 2455 3231 3104 
3575 631 931 630 
3576 1803 1804 1093 
3577 1495 1496 1422 
3578 1495 1497 1496 
3579 1641 1643 1642 
3580 209 1621 207 
3581 423 475 424 
3582 471 483 482 
3583 1104 1173 1106 
3584 1257 1388 1254 
3585 416 467 415 
3586 483 516 482 
3587 1061 1063 1062 
3588 1170 1181 1171 
3589 269 271 270 
3590 1015 1078 1035 
3591 1104 1106 1103 
3592 1269 1270 1159 
3593 2015 2760 2484 
3594 945 946 936 
3595 306 308 307 
3596 1069 1070 1068 
3597 413 416 415 
3598 683 684 682 
3599 1401 1402 944 
3600 203 204 202 
3601 268 4068 266 
3602 410 4054 2558 
3603 1064 1068 1067 
3604 1173 1287 1174 
3605 494 496 495 
3606 629 631 630 
3607 205 206 204 
3608 1065 1111 1110 
3609 214 1157 216 
3610 1082 1107 1029 
3611 943 1401 944 
3612 1132 1214 1131 
3613 599 601 600 
3614 1170 1171 468 
3615 884 943 919 
3616 206 207 204 
3617 1264 1389 1265 
3618 203 205 204 
3619 681 1373 683 
3620 492 494 493 
3621 661 663 662 
3622 1212 1237 1151 
3623 965 1103 1102 
3624 829 830 819 
3625 423 424 422 
3626 945 1350 946 
3627 630 947 628 
3628 1063 1064 1062 
3629 1084 1132 1131 
3630 414 471 470 
3631 2362 3225 3224 
3632 471 482 470 
3633 629 630 628 
3634 315 317 316 
3635 421 423 422 
3636 1081 1089 1082 
3637 869 1582 834 
3638 1158 1269 1159 
3639 269 270 268 
3640 494 495 493 
3641 2668 3467 3405 
3642 1202 4143 1273 
3643 1004 1005 1003 
3644 1737 1829 1738 
3645 1173 1174 1106 
3646 901 948 902 
3647 1036 1037 1016 
3648 1287 1288 1174 
3649 1875 1921 1920 
3650 385 3785 383 
3651 396 414 398 
3652 1248 1563 1249 
3653 968 1083 967 
3654 219 221 220 
3655 919 1024 918 
3656 83 3531 48 
3657 1249 1251 1250 
3658 1459 1460 1458 
3659 1555 1556 194 
3660 414 470 398 
3661 1084 1131 1083 
3662 839 875 838 
3663 988 989 981 
3664 493 1482 491 
3665 622 629 628 
3666 1451 4156 1480 
3667 2036 3830 876 
3668 492 493 491 
3669 2846 3367 2483 
3670 968 1677 1084 
3671 3142 3351 3144 
3672 1061 1062 1059 
3673 1036 1038 1037 
3674 2884 2936 2883 
3675 1158 1159 1023 
3676 1287 3572 1288 
3677 219 220 217 
3678 176 1209 225 
3679 212 214 213 
3680 649 1284 651 
3681 659 1637 661 
3682 3010 4213 2304 
3683 651 652 650 
3684 210 212 211 
3685 213 1631 211 
3686 1092 1803 1093 
3687 208 209 207 
3688 2987 2988 2265 
3689 1248 1249 1247 
3690 2399 2400 2314 
3691 421 422 420 
3692 3097 3348 2588 
3693 206 210 208 
3694 965 1102 964 
3695 681 683 682 
3696 421 4090 423 
3697 622 628 621 
3698 966 968 967 
3699 2794 3084 2793 
3700 661 662 660 
3701 532 549 548 
3702 267 269 268 
3703 2636 2637 2635 
3704 1169 3858 1199 
3705 1802 3078 2811 
3706 876 885 875 
3707 1004 1006 1005 
3708 1389 4027 1894 
3709 968 1084 1083 
3710 835 869 834 
3711 518 543 542 
3712 2816 3413 3353 
3713 3118 3119 2895 
3714 420 1176 418 
3715 1081 1082 1029 
3716 895 898 894 
3717 214 216 215 
3718 1213 1248 1247 
3719 266 1590 264 
3720 2284 2884 2883 
3721 1035 1036 1016 
3722 2767 3425 2943 
3723 419 421 420 
3724 864 2620 893 
3725 299 1660 297 
3726 1152 1212 1151 
3727 206 208 207 
3728 210 211 208 
3729 642 644 643 
3730 212 213 211 
3731 621 1596 617 
3732 2400 4193 4192 
3733 543 1151 542 
3734 543 1152 1151 
3735 1020 4107 1095 
3736 532 548 547 
3737 2422 3122 3121 
3738 2406 3134 3106 
3739 1015 1035 1016 
3740 1879 3156 2416 
3741 228 229 223 
3742 884 918 883 
3743 1022 1158 1023 
3744 214 215 213 
3745 2917 3180 3002 
3746 2443 2444 1910 
3747 611 623 619 
3748 901 902 885 
3749 950 965 964 
3750 316 2565 314 
3751 497 4409 495 
3752 659 661 660 
3753 1008 1172 1006 
3754 267 268 266 
3755 2307 2744 2141 
3756 265 1695 267 
3757 950 964 902 
3758 618 622 621 
3759 550 551 548 
3760 2032 2590 2433 
3761 681 682 680 
3762 1264 1265 1105 
3763 3389 3390 3034 
3764 2095 3111 3110 
3765 874 882 881 
3766 1213 1246 1212 
3767 1094 1802 730 
3768 3249 3250 3248 
3769 1793 4301 1792 
3770 2363 4497 2771 
3771 818 819 761 
3772 2587 3097 2588 
3773 216 219 217 
3774 1004 1007 1006 
3775 895 988 981 
3776 884 919 918 
3777 1152 1213 1212 
3778 2894 3118 2895 
3779 3367 3444 2483 
3780 419 420 418 
3781 864 892 862 
3782 895 981 898 
3783 1213 1247 1246 
3784 1875 1920 1874 
3785 549 550 548 
3786 1924 4148 1769 
3787 882 883 881 
3788 1520 4150 1521 
3789 948 950 902 
3790 1722 2040 1692 
3791 2836 2944 2318 
3792 315 316 314 
3793 3155 3275 2716 
3794 623 624 619 
3795 581 1574 1573 
3796 1634 1635 472 
3797 3174 3175 2489 
3798 1015 1016 961 
3799 453 454 452 
3800 3251 3276 3252 
3801 3059 3060 2183 
3802 2767 2943 2785 
3803 3045 3391 3389 
3804 659 660 658 
3805 216 217 215 
3806 1007 1009 1008 
3807 2250 2981 2252 
3808 225 2567 175 
3809 352 355 353 
3810 1457 1459 1458 
3811 2877 3165 2878 
3812 3068 3069 3067 
3813 171 1555 194 
3814 3064 3065 3062 
3815 1138 3969 1203 
3816 3251 3252 3249 
3817 1743 1745 1744 
3818 3018 3401 2814 
3819 380 3916 374 
3820 434 435 432 
3821 3045 3389 3034 
3822 817 835 834 
3823 1251 1253 1252 
3824 1170 4319 1181 
3825 2838 2839 2154 
3826 1009 1028 1010 
3827 3370 3371 3369 
3828 1958 3869 1501 
3829 882 884 883 
3830 545 2915 1366 
3831 2972 4065 1733 
3832 265 267 266 
3833 176 225 175 
3834 649 651 650 
3835 851 3901 845 
3836 1002 1003 1001 
3837 960 1015 961 
3838 3066 3067 3065 
3839 650 1586 648 
3840 2831 2833 2832 
3841 1092 1093 840 
3842 841 867 842 
3843 844 845 832 
3844 283 419 418 
3845 679 681 680 
3846 1007 1008 1006 
3847 584 585 583 
3848 3302 3303 2579 
3849 3269 3377 3270 
3850 844 891 849 
3851 2894 2895 2262 
3852 1002 1004 1003 
3853 1295 3864 1539 
3854 585 2544 583 
3855 451 453 452 
3856 2917 3002 2394 
3857 2634 2636 2635 
3858 2961 3221 2942 
3859 358 1453 356 
3860 1028 1081 1029 
3861 2587 2588 2586 
3862 2816 3353 2494 
3863 1398 4160 1400 
3864 2767 2785 2766 
3865 1009 1010 1008 
3866 1022 1023 886 
3867 618 621 617 
3868 3039 3323 2887 
3869 1541 3979 1952 
3870 1973 4289 1781 
3871 451 452 450 
3872 2362 3224 3125 
3873 2883 3234 2570 
3874 3223 3331 2891 
3875 3958 4506 3957 
3876 453 455 454 
3877 2707 3442 3311 
3878 3405 3406 3016 
3879 3353 3354 2494 
3880 1767 2149 2148 
3881 2396 3268 3081 
3882 1787 3882 1953 
3883 1573 4189 582 
3884 1684 1864 1863 
3885 3050 3213 2788 
3886 2505 3166 2504 
3887 2253 3059 2183 
3888 2153 2794 2793 
3889 298 300 299 
3890 265 266 264 
3891 2580 3426 3304 
3892 2101 2225 2114 
3893 2170 3936 2011 
3894 642 643 641 
3895 2847 2862 2236 
3896 1251 1255 1253 
3897 3247 3249 3248 
3898 960 961 921 
3899 709 710 706 
3900 2444 3155 2716 
3901 619 620 612 
3902 2294 4278 1378 
3903 3151 3226 3149 
3904 2487 4220 1989 
3905 3220 3386 3218 
3906 3 97 1 
3907 3247 3251 3249 
3908 2714 4350 3228 
3909 625 1365 627 
3910 430 1636 428 
3911 679 680 678 
3912 1500 1795 1501 
3913 657 659 658 
3914 2535 2961 2942 
3915 1132 4183 1216 
3916 217 218 215 
3917 2366 2767 2766 
3918 2240 2846 2483 
3919 2455 3232 3231 
3920 2975 3288 3287 
3921 2488 3309 3174 
3922 863 864 862 
3923 1028 1029 1010 
3924 976 1303 1002 
3925 2250 2251 2249 
3926 2924 3006 2539 
3927 479 2546 1113 
3928 2052 3072 2664 
3929 829 843 841 
3930 2793 3127 2156 
3931 920 960 921 
3932 1262 4124 1371 
3933 2847 3383 2862 
3934 221 228 223 
3935 2282 3187 2303 
3936 2680 3045 3034 
3937 172 176 175 
3938 730 4271 729 
3939 2005 2552 2336 
3940 2849 2894 2262 
3941 791 792 790 
3942 791 793 792 
3943 597 598 554 
3944 2060 4269 2057 
3945 2587 3098 3097 
3946 1767 3725 2150 
3947 2400 4192 2314 
3948 2215 2411 2214 
3949 920 921 887 
3950 2306 3147 2625 
3951 2212 2781 2376 
3952 2431 3330 3222 
3953 2970 3919 283 
3954 817 834 815 
3955 1882 4199 4198 
3956 2872 2873 2871 
3957 2739 3020 2740 
3958 3017 3018 2814 
3959 611 619 612 
3960 3332 3397 2923 
3961 2594 2596 2595 
3962 760 761 757 
3963 791 810 793 
3964 2366 2766 2671 
3965 816 1264 1105 
3966 455 486 457 
3967 2768 3337 2987 
3968 2143 2856 2545 
3969 820 821 763 
3970 850 855 852 
3971 831 832 821 
3972 582 584 583 
3973 820 1535 831 
3974 3269 3270 3268 
3975 2246 2247 1972 
3976 599 600 598 
3977 727 1094 730 
3978 298 299 297 
3979 2527 2708 2526 
3980 976 1002 1001 
3981 2680 3034 3033 
3982 2282 3188 3187 
3983 3321 3339 3338 
3984 274 2066 276 
3985 2714 3199 2773 
3986 893 895 894 
3987 3238 3239 2690 
3988 2444 2716 1910 
3989 263 265 264 
3990 647 648 646 
3991 2488 3174 2489 
3992 829 841 830 
3993 228 2183 229 
3994 1873 1875 1874 
3995 3152 3300 3151 
3996 2451 3223 2891 
3997 2783 3035 2784 
3998 1714 2155 1716 
3999 677 679 678 
4000 2714 2773 2713 
4001 675 691 677 
4002 582 583 580 
4003 976 1001 974 
4004 1371 3714 1797 
4005 2276 2949 2741 
4006 2974 2975 2181 
4007 450 463 448 
4008 1825 1917 1766 
4009 2748 2749 2313 
4010 2470 2905 2269 
4011 2396 3269 3268 
4012 864 893 892 
4013 2314 2748 2313 
4014 800 3335 798 
4015 371 3758 1558 
4016 313 315 314 
4017 2363 2771 2469 
4018 1929 2381 1893 
4019 2261 2850 2849 
4020 2284 2883 2570 
4021 2885 3283 2910 
4022 447 1634 472 
4023 677 678 676 
4024 792 889 790 
4025 581 1573 582 
4026 2061 2062 2059 
4027 2920 3370 3369 
4028 436 438 437 
4029 2394 3278 2001 
4030 2271 3958 3957 
4031 655 814 657 
4032 2504 2564 2163 
4033 2306 3148 3147 
4034 1220 4011 2951 
4035 228 2253 2183 
4036 2392 2917 2394 
4037 611 612 609 
4038 2886 3039 2887 
4039 3182 3324 3183 
4040 3190 4323 2425 
4041 2164 2505 2504 
4042 436 437 435 
4043 1667 2972 1733 
4044 2174 2175 1774 
4045 2313 4434 1958 
4046 2813 2814 2812 
4047 584 586 585 
4048 608 4088 611 
4049 1987 2487 1989 
4050 2580 3304 3302 
4051 1457 1458 1456 
4052 172 175 165 
4053 860 4049 858 
4054 1190 4103 1165 
4055 2555 2940 2930 
4056 383 386 384 
4057 1927 4240 1928 
4058 281 313 279 
4059 171 194 172 
4060 1354 2285 1713 
4061 2555 2930 2553 
4062 843 4077 841 
4063 3193 3435 3279 
4064 261 1142 263 
4065 597 599 598 
4066 2813 3017 2814 
4067 2248 3086 2502 
4068 1743 1744 1742 
4069 1149 2530 523 
4070 649 650 648 
4071 1506 2443 1910 
4072 1773 2181 1486 
4073 3364 3418 3363 
4074 263 264 262 
4075 1928 2154 1864 
4076 2362 3125 2300 
4077 386 387 384 
4078 657 658 656 
4079 2668 3405 3016 
4080 449 451 450 
4081 2707 3311 2855 
4082 2739 2740 1821 
4083 362 618 617 
4084 1292 4168 1147 
4085 2947 3285 2448 
4086 3150 3152 3151 
4087 2527 3051 2708 
4088 2904 3123 2374 
4089 2594 2595 2063 
4090 816 4009 2566 
4091 1959 2314 2313 
4092 2985 4654 4286 
4093 2079 2212 2090 
4094 2175 2384 2176 
4095 886 1092 840 
4096 802 846 800 
4097 3142 3352 3351 
4098 2627 2757 2544 
4099 1950 3301 3087 
4100 1416 2485 1415 
4101 3247 3248 3021 
4102 711 1022 886 
4103 2068 3736 2200 
4104 355 356 353 
4105 3150 3151 3149 
4106 1745 1746 1744 
4107 2218 3496 2967 
4108 2677 2840 2770 
4109 985 2542 983 
4110 1917 1918 1766 
4111 2419 2587 2586 
4112 2270 2471 2470 
4113 2865 2866 2543 
4114 2396 3081 2302 
4115 1772 1781 1454 
4116 1161 2624 1312 
4117 789 790 788 
4118 2626 3732 1841 
4119 1536 2283 1993 
4120 1534 2163 1529 
4121 1971 2816 2494 
4122 2836 3208 2944 
4123 2768 2987 2265 
4124 1790 1929 1893 
4125 2680 3033 2679 
4126 2381 3094 2674 
4127 608 611 609 
4128 2624 3267 3266 
4129 2351 2857 2403 
4130 2418 3115 3114 
4131 2149 2407 2148 
4132 2124 4262 2672 
4133 3244 3363 3243 
4134 2488 2489 2120 
4135 2634 2635 1368 
4136 3113 3295 2618 
4137 2401 2786 2222 
4138 575 596 577 
4139 2175 2176 1774 
4140 2536 4229 1745 
4141 552 553 551 
4142 644 647 646 
4143 756 757 753 
4144 357 358 356 
4145 312 359 328 
4146 3244 3364 3363 
4147 818 829 819 
4148 2347 2861 2795 
4149 2479 3320 3319 
4150 675 677 676 
4151 2995 2996 2994 
4152 2276 2741 2739 
4153 2261 2849 2262 
4154 1773 2974 2181 
4155 647 649 648 
4156 2458 2939 2858 
4157 2710 3243 2709 
4158 2159 2160 1830 
4159 595 3909 590 
4160 2445 3358 3058 
4161 1551 4138 1447 
4162 1230 2559 1275 
4163 734 736 735 
4164 2306 2625 2246 
4165 3182 3183 2551 
4166 313 314 279 
4167 2139 2812 2203 
4168 566 1017 564 
4169 283 418 200 
4170 1901 1972 1781 
4171 2563 4459 1629 
4172 1339 1607 1479 
4173 2458 3214 2939 
4174 3321 3338 3320 
4175 2419 2586 1847 
4176 1416 3240 2485 
4177 789 791 790 
4178 2684 2713 2683 
4179 950 4456 965 
4180 1325 4451 1287 
4181 3148 3150 3149 
4182 2171 2383 2170 
4183 2834 3380 2835 
4184 352 353 350 
4185 294 502 296 
4186 2366 2671 2103 
4187 345 379 347 
4188 2283 2284 1993 
4189 389 390 387 
4190 1561 4012 553 
4191 975 976 974 
4192 2627 2758 2757 
4193 585 2627 2544 
4194 2667 3991 2595 
4195 3148 3149 3147 
4196 1503 4274 1714 
4197 2259 2865 2543 
4198 844 849 845 
4199 357 360 358 
4200 2580 3302 2579 
4201 2153 2793 2156 
4202 2393 3994 2392 
4203 2139 2813 2812 
4204 2284 2570 1993 
4205 1745 1747 1746 
4206 335 480 333 
4207 1901 2246 1972 
4208 2490 3128 2235 
4209 2099 3036 2180 
4210 1011 2632 999 
4211 2270 2470 2269 
4212 3219 3220 3218 
4213 2451 2891 2395 
4214 2538 3332 2923 
4215 1764 4318 1763 
4216 198 2970 283 
4217 2999 3137 2998 
4218 765 766 764 
4219 2552 2553 2336 
4220 2731 3280 2730 
4221 2710 3244 3243 
4222 2013 2170 2011 
4223 260 285 258 
4224 758 817 815 
4225 608 609 606 
4226 990 4084 987 
4227 734 1242 736 
4228 1743 2536 1745 
4229 1006 4044 1005 
4230 705 709 706 
4231 2477 2729 2475 
4232 640 642 641 
4233 2521 2788 1563 
4234 261 263 262 
4235 550 552 551 
4236 1802 2743 730 
4237 2167 2710 2709 
4238 578 1727 576 
4239 3375 3376 3202 
4240 2392 2394 2001 
4241 2120 3093 1599 
4242 2143 2545 1621 
4243 355 357 356 
4244 2624 3266 1312 
4245 972 2068 2067 
4246 2317 2318 1868 
4247 2381 2674 1893 
4248 2383 2879 2170 
4249 1851 2241 2197 
4250 2377 4355 2090 
4251 2707 2855 2706 
4252 2445 3058 3057 
4253 770 3888 1148 
4254 2445 3057 1908 
4255 1536 1993 1537 
4256 1564 1710 1565 
4257 1565 1862 594 
4258 1603 1780 1357 
4259 1419 2561 1793 
4260 701 3810 665 
4261 675 676 674 
4262 351 354 352 
4263 56 76 57 
4264 773 924 775 
4265 2193 2838 2154 
4266 1671 1742 1741 
4267 2385 3182 2551 
4268 2964 3387 2456 
4269 3246 3247 3021 
4270 1710 2792 1565 
4271 2479 3321 3320 
4272 2279 2282 2281 
4273 3112 3381 2377 
4274 2146 2147 2062 
4275 2722 3451 2576 
4276 2300 2984 1835 
4277 816 2566 1264 
4278 640 2621 642 
4279 602 603 600 
4280 2218 2966 1826 
4281 1719 2131 1951 
4282 2139 2203 1780 
4283 455 457 456 
4284 2458 2858 2098 
4285 2164 2504 2163 
4286 1491 1914 1490 
4287 1527 2168 1981 
4288 1986 1987 1709 
4289 3078 3079 2811 
4290 2854 3738 2438 
4291 221 223 222 
4292 787 788 786 
4293 2471 2472 2470 
4294 2551 3230 2550 
4295 3179 3181 2334 
4296 2099 2180 2097 
4297 2389 2872 2871 
4298 3116 3404 3082 
4299 381 385 383 
4300 296 298 297 
4301 2325 2877 2808 
4302 2948 3025 2947 
4303 2829 3366 3008 
4304 3013 3136 2372 
4305 655 657 656 
4306 2133 2362 2300 
4307 1750 2010 1749 
4308 2257 2769 2768 
4309 2449 2499 2225 
4310 2668 3016 3015 
4311 2365 2366 2103 
4312 2201 3834 477 
4313 2775 3219 3218 
4314 1933 2365 2103 
4315 2923 2924 2539 
4316 2096 2457 2098 
4317 2015 2484 2016 
4318 1076 4003 989 
4319 1802 2811 2743 
4320 2248 2502 1995 
4321 760 818 761 
4322 1996 2680 2679 
4323 1795 2731 2730 
4324 1845 2270 2269 
4325 2259 2543 1906 
4326 1534 2447 2164 
4327 2242 2347 1899 
4328 605 608 606 
4329 2261 2262 2038 
4330 2705 2707 2706 
4331 2596 3048 2597 
4332 2479 3319 2478 
4333 2310 3169 2886 
4334 3020 3246 3021 
4335 787 789 788 
4336 2775 3218 3217 
4337 2194 2451 2395 
4338 2742 3170 2941 
4339 2422 3121 3120 
4340 171 172 165 
4341 2783 2784 2782 
4342 1220 2951 1222 
4343 816 1105 759 
4344 349 351 350 
4345 1602 1991 1549 
4346 2418 3114 2419 
4347 261 262 260 
4348 2042 4306 634 
4349 2257 2768 2265 
4350 725 3917 727 
4351 402 2575 400 
4352 789 4216 791 
4353 2872 2874 2873 
4354 2668 3015 2667 
4355 831 844 832 
4356 2276 2739 1821 
4357 1685 2983 2316 
4358 3141 3142 2380 
4359 1901 2306 2246 
4360 2795 2948 2947 
4361 2373 3014 3013 
4362 2697 2907 2867 
4363 581 582 580 
4364 2578 2580 2579 
4365 371 1558 377 
4366 785 811 787 
4367 2795 2947 2448 
4368 602 605 603 
4369 1186 2985 1625 
4370 963 975 974 
4371 1311 1320 1160 
4372 2358 2791 2790 
4373 2295 2578 2577 
4374 2395 2396 2302 
4375 2132 2787 2681 
4376 221 222 220 
4377 2125 2830 2342 
4378 341 1569 343 
4379 2406 3106 2404 
4380 334 336 335 
4381 1760 2364 1955 
4382 1796 1959 1958 
4383 727 730 729 
4384 2010 2363 2014 
4385 2608 2892 2607 
4386 3279 3282 3194 
4387 2842 3751 2843 
4388 2868 2869 2436 
4389 1888 1889 1753 
4390 365 367 363 
4391 1873 1874 1871 
4392 2677 2770 2676 
4393 2341 2538 2537 
4394 2130 2782 2705 
4395 2578 2579 2577 
4396 1894 2357 1984 
4397 2343 2732 2126 
4398 2727 3254 2726 
4399 2841 3185 2413 
4400 1721 2102 1683 
4401 306 307 304 
4402 2985 4286 1625 
4403 590 592 591 
4404 1708 1986 1709 
4405 1642 2573 1640 
4406 605 606 603 
4407 1892 2261 2038 
4408 2000 2393 2392 
4409 1828 2165 2133 
4410 2240 2483 2295 
4411 735 1633 733 
4412 2421 2831 2137 
4413 438 439 437 
4414 1534 2164 2163 
4415 2005 2335 2004 
4416 2775 3217 2774 
4417 2834 2835 2659 
4418 2156 2589 1849 
4419 734 735 733 
4420 1907 2259 1906 
4421 1728 4186 573 
4422 1842 4339 2493 
4423 3082 4337 1900 
4424 673 675 674 
4425 2908 3238 2690 
4426 762 820 763 
4427 2317 2836 2318 
4428 3392 3393 2934 
4429 1667 1733 1732 
4430 3020 3021 2740 
4431 567 607 569 
4432 447 472 445 
4433 2386 3310 3101 
4434 2344 3186 2742 
4435 2061 2703 2134 
4436 1928 2193 2154 
4437 579 580 578 
4438 449 450 448 
4439 445 4335 443 
4440 1811 2107 2008 
4441 1528 1856 1355 
4442 57 95 56 
4443 2341 2537 1905 
4444 2450 3209 2914 
4445 2132 2681 2040 
4446 2059 2060 2057 
4447 3192 3298 2750 
4448 2058 2061 2059 
4449 1457 2166 1459 
4450 2714 3228 3199 
4451 1713 1892 1533 
4452 2119 2488 2120 
4453 1343 1344 1320 
4454 2212 2376 2090 
4455 820 831 821 
4456 2705 2706 2102 
4457 2582 2992 2991 
4458 280 2860 2119 
4459 2434 2868 2436 
4460 2789 3005 3004 
4461 280 2119 1599 
4462 2252 2479 2478 
4463 347 349 348 
4464 2608 2893 2892 
4465 1790 1893 1717 
4466 958 2296 922 
4467 2000 2392 2001 
4468 3215 4366 2725 
4469 1937 2582 2581 
4470 2194 2395 2302 
4471 2218 2967 2966 
4472 1772 1901 1781 
4473 1341 1504 1503 
4474 296 297 295 
4475 1888 1995 1889 
4476 1927 1928 1864 
4477 2596 2597 2595 
4478 2257 2265 1986 
4479 2002 2619 2321 
4480 2385 2551 2550 
4481 2633 3003 2634 
4482 2826 2889 2666 
4483 2077 2079 2078 
4484 351 352 350 
4485 1446 1457 1456 
4486 1690 1766 1657 
4487 1260 1341 1261 
4488 289 2069 287 
4489 414 2569 471 
4490 2325 2808 1843 
4491 2153 2156 1849 
4492 1675 2153 1849 
4493 362 617 330 
4494 2597 2668 2667 
4495 2384 2385 2176 
4496 2385 2550 2176 
4497 348 4329 346 
4498 1888 2248 1995 
4499 1971 2494 2341 
4500 2124 2672 2104 
4501 2310 2886 2169 
4502 1721 4290 2130 
4503 2613 4298 1960 
4504 2599 2676 2598 
4505 785 786 782 
4506 1845 2269 2143 
4507 2133 2300 1835 
4508 2727 3256 3254 
4509 1391 1548 1461 
4510 1981 2240 1982 
4511 1959 2313 1958 
4512 1996 2679 1889 
4513 2075 2238 2068 
4514 732 733 707 
4515 1671 1743 1742 
4516 720 2614 765 
4517 1752 1888 1753 
4518 1933 2103 1856 
4519 989 4209 981 
4520 579 581 580 
4521 2363 2469 2014 
4522 711 886 840 
4523 1446 1456 1444 
4524 2295 2577 1982 
4525 307 2591 304 
4526 1976 1978 1977 
4527 1970 3023 3022 
4528 1733 1820 1732 
4529 673 674 672 
4530 1345 1346 1344 
4531 2777 3412 3411 
4532 2562 2607 1793 
4533 1914 1916 1490 
4534 1985 2424 2110 
4535 2327 3113 2618 
4536 1892 2038 1533 
4537 443 3779 441 
4538 1574 1750 1749 
4539 1684 1927 1864 
4540 2347 2795 2448 
4541 2765 3272 3092 
4542 2597 2667 2595 
4543 2106 3055 2178 
4544 756 760 757 
4545 2605 2834 2659 
4546 255 256 254 
4547 2357 2398 1984 
4548 2335 2722 2576 
4549 3193 3279 3194 
4550 2636 2638 2637 
4551 2119 2120 1599 
4552 362 1663 618 
4553 329 332 331 
4554 2005 2336 2335 
4555 749 1575 754 
4556 727 729 726 
4557 1252 4064 1606 
4558 1656 2594 2063 
4559 259 261 260 
4560 1733 2000 1820 
4561 2373 3013 2372 
4562 713 1077 710 
4563 2538 2923 2539 
4564 2209 4287 2445 
4565 3355 3356 2921 
4566 785 787 786 
4567 2192 3644 1946 
4568 2701 2921 2702 
4569 729 731 726 
4570 349 350 348 
4571 1478 2694 1794 
4572 567 568 566 
4573 365 2035 367 
4574 1821 4092 220 
4575 2026 2592 2024 
4576 1849 4237 1752 
4577 587 3801 588 
4578 2789 3004 2642 
4579 2335 2576 2004 
4580 1667 1732 1662 
4581 2418 2419 1847 
4582 2347 2448 1899 
4583 815 816 759 
4584 2376 3112 2377 
4585 2562 2608 2607 
4586 1981 1982 1331 
4587 1708 2257 1986 
4588 2457 2458 2098 
4589 2853 2933 2852 
4590 577 578 576 
4591 2240 2295 1982 
4592 729 749 731 
4593 1977 2491 1969 
4594 1685 2316 1868 
4595 2367 2368 2343 
4596 1528 1933 1856 
4597 319 417 321 
4598 654 728 652 
4599 773 775 774 
4600 2324 2775 2774 
4601 577 579 578 
4602 2777 4283 3412 
4603 2742 2941 2217 
4604 1506 1910 1904 
4605 2476 2477 2475 
4606 1489 2082 1491 
4607 2085 4025 1648 
4608 588 595 590 
4609 2035 3827 2117 
4610 2655 2842 2656 
4611 655 656 654 
4612 963 974 973 
4613 2358 2790 2357 
4614 1347 1509 1346 
4615 345 347 346 
4616 1880 3116 3082 
4617 2422 3120 2421 
4618 2375 2904 2374 
4619 1505 1867 1342 
4620 1713 1999 1892 
4621 1845 2143 1621 
4622 590 591 589 
4623 1627 2563 1629 
4624 2633 2634 1368 
4625 2342 2367 2343 
4626 1675 1849 1752 
4627 2755 2852 2754 
4628 1305 1611 1610 
4629 1843 2626 1841 
4630 2180 2372 2097 
4631 1603 2139 1780 
4632 891 2615 2198 
4633 1859 2104 1858 
4634 751 756 753 
4635 781 784 782 
4636 2148 2600 1609 
4637 3009 4341 2699 
4638 1902 2421 2137 
4639 1904 1905 1493 
4640 2000 2001 1820 
4641 2772 3103 2613 
4642 2538 2539 2537 
4643 2469 2789 2642 
4644 2727 3257 3256 
4645 1902 2137 1865 
4646 1859 2112 2105 
4647 2194 2302 2193 
4648 758 815 759 
4649 567 569 568 
4650 1820 1934 1732 
4651 210 1700 212 
4652 1574 1749 1573 
4653 2599 2977 2677 
4654 565 566 564 
4655 1923 2100 1921 
4656 474 2041 469 
4657 2307 2746 2744 
4658 294 296 295 
4659 723 1666 725 
4660 198 283 200 
4661 2697 2867 2698 
4662 1234 2633 1368 
4663 2896 2898 2897 
4664 2471 2474 2473 
4665 1894 2358 2357 
4666 1900 2527 2526 
4667 222 2276 1821 
4668 2648 4359 3080 
4669 1767 2148 1609 
4670 347 348 346 
4671 2180 2373 2372 
4672 332 1567 334 
4673 1489 1490 1488 
4674 2561 2562 1793 
4675 556 1561 553 
4676 2762 3132 3131 
4677 3132 3133 3131 
4678 678 1578 676 
4679 2342 2343 2126 
4680 1902 2422 2421 
4681 660 1577 658 
4682 2312 4351 1726 
4683 1537 1859 1858 
4684 2290 2685 2289 
4685 2473 2476 2475 
4686 441 1175 439 
4687 2267 3574 1898 
4688 2693 2826 2666 
4689 58 84 59 
4690 2599 2677 2676 
4691 259 260 258 
4692 2379 3141 2380 
4693 1506 1904 1493 
4694 2755 2853 2852 
4695 2130 2705 2102 
4696 2196 2204 1839 
4697 1928 2194 2193 
4698 1278 3836 558 
4699 2317 2837 2836 
4700 1394 2299 227 
4701 1203 2468 1295 
4702 2424 2425 2110 
4703 334 335 333 
4704 2414 2841 2413 
4705 2593 2697 2696 
4706 2715 3032 3031 
4707 1995 1996 1889 
4708 1537 1858 1298 
4709 2648 2683 2647 
4710 209 1845 1621 
4711 1900 2526 1779 
4712 167 3648 163 
4713 773 774 772 
4714 671 673 672 
4715 1961 1962 1755 
4716 2046 2169 2047 
4717 1971 2341 1905 
4718 640 641 639 
4719 1828 2133 1835 
4720 2376 2377 2090 
4721 2263 2908 2690 
4722 839 2036 876 
4723 663 701 665 
4724 1904 1971 1905 
4725 1860 4475 2106 
4726 2469 2642 2014 
4727 705 706 703 
4728 2471 2473 2472 
4729 784 785 782 
4730 565 567 566 
4731 575 577 576 
4732 377 3733 381 
4733 2327 2618 2009 
4734 1650 2085 1648 
4735 1489 1491 1490 
4736 1762 1902 1865 
4737 2751 3193 3192 
4738 2752 2753 2224 
4739 780 2616 778 
4740 779 783 781 
4741 163 171 165 
4742 1309 1427 1308 
4743 1261 1832 1136 
4744 1935 2307 2141 
4745 1527 1981 1331 
4746 2605 2659 2603 
4747 455 456 454 
4748 651 653 652 
4749 383 384 382 
4750 2593 2696 2299 
4751 346 1665 344 
4752 2604 2605 2603 
4753 343 345 344 
4754 1564 1565 594 
4755 1618 2250 2249 
4756 561 977 563 
4757 1484 1767 1609 
4758 767 768 766 
4759 2431 3222 2432 
4760 222 1821 220 
4761 2788 2851 1563 
4762 770 1148 768 
4763 2665 2666 2375 
4764 720 765 764 
4765 2804 2805 2412 
4766 1656 2063 1652 
4767 1721 2130 2102 
4768 2818 2820 2819 
4769 1953 2344 2217 
4770 2898 2899 2897 
4771 571 1728 573 
4772 758 759 755 
4773 3193 3194 3192 
4774 563 564 562 
4775 2234 2490 2235 
4776 1907 2260 2259 
4777 2134 2146 2062 
4778 2827 3392 2934 
4779 1421 2599 2598 
4780 2755 3145 2853 
4781 1021 3835 3027 
4782 669 926 671 
4783 2220 2480 2221 
4784 324 2182 322 
4785 1548 1828 1461 
4786 2665 2693 2666 
4787 329 331 326 
4788 1842 2493 2325 
4789 1722 2132 2040 
4790 2233 2980 2925 
4791 2979 4115 2007 
4792 2562 2609 2608 
4793 254 465 252 
4794 2379 2380 2107 
4795 2473 2475 2472 
4796 575 576 574 
4797 2125 2342 2126 
4798 1763 2959 1334 
4799 3263 3318 3264 
4800 419 2039 421 
4801 605 3731 2070 
4802 345 346 344 
4803 198 200 197 
4804 779 781 780 
4805 2480 2896 2481 
4806 253 255 254 
4807 2108 2406 2404 
4808 750 2516 731 
4809 2105 2125 2124 
4810 2209 2445 1908 
4811 771 772 770 
4812 1831 2418 1847 
4813 2075 2456 2238 
4814 2779 2880 2231 
4815 2701 3355 2921 
4816 1861 2291 1313 
4817 671 672 670 
4818 2192 3646 3644 
4819 1980 2222 1979 
4820 2344 2742 2217 
4821 771 773 772 
4822 303 306 304 
4823 563 565 564 
4824 2158 2413 2146 
4825 2752 2901 2753 
4826 767 1336 769 
4827 3083 3140 2978 
4828 1831 1847 1430 
4829 674 708 672 
4830 2134 2158 2146 
4831 2697 2698 2696 
4832 1762 1865 1702 
4833 754 758 755 
4834 2547 2772 2613 
4835 2105 2124 2104 
4836 653 655 654 
4837 1805 1985 1815 
4838 2602 2604 2603 
4839 1859 2105 2104 
4840 2158 2414 2413 
4841 2046 2310 2169 
4842 1394 2593 2299 
4843 1562 2523 2522 
4844 371 377 372 
4845 2061 2134 2062 
4846 1092 2277 1803 
4847 725 727 726 
4848 294 295 293 
4849 2117 2665 2375 
4850 1634 2548 2127 
4851 633 2065 638 
4852 1364 3091 1362 
4853 1829 2159 1830 
4854 781 782 780 
4855 2765 3092 2734 
4856 381 383 382 
4857 1828 1835 1461 
4858 3145 3146 2853 
4859 557 1878 559 
4860 1837 1885 1525 
4861 2125 2126 2124 
4862 716 717 715 
4863 724 1559 722 
4864 336 340 338 
4865 2386 3101 2387 
4866 2880 2881 2231 
4867 2117 2375 2374 
4868 1021 2986 971 
4869 1792 2046 2045 
4870 653 654 652 
4871 1722 2417 2132 
4872 60 70 61 
4873 1021 3026 2986 
4874 312 328 311 
4875 2307 2747 2746 
4876 2997 2999 2998 
4877 1960 1961 1755 
4878 2263 2690 2159 
4879 1920 2298 1874 
4880 1562 2903 2523 
4881 2015 2016 520 
4882 2514 2727 2726 
4883 487 2201 477 
4884 2117 2374 2116 
4885 1402 2572 944 
4886 257 259 258 
4887 323 324 322 
4888 360 370 368 
4889 1872 1873 1871 
4890 2450 2914 242 
4891 303 304 301 
4892 454 2515 452 
4893 321 323 322 
4894 342 412 339 
4895 765 767 766 
4896 2436 2711 2435 
4897 341 343 342 
4898 719 722 718 
4899 1980 2401 2222 
4900 552 978 555 
4901 2467 2995 2994 
4902 1880 3082 1900 
4903 573 575 574 
4904 1842 2325 1843 
4905 2997 2998 2996 
4906 670 1571 668 
4907 1311 1343 1320 
4908 343 344 342 
4909 446 449 448 
4910 754 755 750 
4911 716 719 718 
4912 446 447 445 
4913 1925 2641 2397 
4914 1192 1877 1228 
4915 382 466 378 
4916 292 294 293 
4917 2106 2178 1861 
4918 946 2612 936 
4919 2379 3143 3141 
4920 2699 2701 2700 
4921 2114 3273 2763 
4922 2075 2963 2456 
4923 70 3536 61 
4924 2010 2014 1749 
4925 2058 2059 2057 
4926 284 4345 257 
4927 561 563 562 
4928 2230 2779 2231 
4929 1880 1900 1779 
4930 2079 2090 2078 
4931 2101 2114 2100 
4932 767 769 768 
4933 777 779 778 
4934 327 362 330 
4935 749 754 750 
4936 2751 3192 2750 
4937 1763 2960 2959 
4938 1347 1510 1509 
4939 369 403 361 
4940 2622 3083 2978 
4941 1483 1805 1544 
4942 1870 2622 2007 
4943 714 715 713 
4944 2267 3575 3574 
4945 2435 3686 2033 
4946 2547 2613 1960 
4947 2827 2934 2298 
4948 2638 3009 2699 
4949 779 780 778 
4950 669 671 670 
4951 1860 2106 1861 
4952 444 445 443 
4953 1539 2266 1541 
4954 2386 2387 2320 
4955 2655 2844 2842 
4956 2243 2386 2320 
4957 1860 1861 1313 
4958 1193 2058 2057 
4959 2345 2728 1508 
4960 716 718 717 
4961 2434 2436 2435 
4962 769 771 770 
4963 2638 2699 2637 
4964 749 750 731 
4965 561 562 560 
4966 257 258 256 
4967 1199 1860 1313 
4968 2135 2765 2734 
4969 555 556 553 
4970 552 555 553 
4971 573 574 572 
4972 2978 2979 2007 
4973 1976 1977 1969 
4974 769 770 768 
4975 2649 3619 2650 
4976 29 74 30 
4977 2997 3000 2999 
4978 2684 2714 2713 
4979 2316 2317 1868 
4980 1985 2110 1815 
4981 1478 1794 1507 
4982 1898 2356 2354 
4983 371 372 369 
4984 711 840 462 
4985 1829 2263 2159 
4986 588 590 589 
4987 1257 4170 1388 
4988 11 73 12 
4989 587 588 586 
4990 572 610 570 
4991 3153 3215 2725 
4992 446 448 447 
4993 1681 1786 1785 
4994 1377 2234 1819 
4995 442 443 441 
4996 712 713 710 
4997 669 670 668 
4998 1925 2305 1924 
4999 2035 2117 2116 
5000 444 446 445 
5001 2622 2978 2007 
5002 458 460 456 
5003 321 322 320 
5004 341 342 339 
5005 2482 2815 992 
5006 704 732 707 
5007 381 382 378 
5008 338 341 339 
5009 319 321 320 
5010 320 519 318 
5011 1343 1345 1344 
5012 776 1026 774 
5013 707 3918 705 
5014 2326 2327 2009 
5015 39 72 40 
5016 2391 2669 1775 
5017 1181 1975 1183 
5018 2829 3008 2828 
5019 2963 2964 2456 
5020 2243 2320 2151 
5021 714 716 715 
5022 253 254 252 
5023 292 293 291 
5024 457 459 458 
5025 1952 2151 1542 
5026 2035 2116 367 
5027 775 777 776 
5028 1842 1843 1841 
5029 665 666 664 
5030 777 778 776 
5031 332 334 333 
5032 557 559 558 
5033 3108 3109 2737 
5034 442 444 443 
5035 1840 1841 1626 
5036 405 2076 390 
5037 2648 2684 2683 
5038 2602 2603 2601 
5039 290 292 291 
5040 440 441 439 
5041 255 257 256 
5042 327 330 329 
5043 584 587 586 
5044 571 573 572 
5045 972 2075 2068 
5046 2462 3154 3153 
5047 1952 2243 2151 
5048 2210 2751 2750 
5049 327 329 326 
5050 2818 2819 2817 
5051 368 371 369 
5052 2636 2639 2638 
5053 1920 2827 2298 
5054 664 721 662 
5055 71 3507 50 
5056 1952 2244 2243 
5057 377 381 378 
5058 1807 2331 1809 
5059 355 2071 357 
5060 1991 2610 1549 
5061 894 2037 892 
5062 1484 1609 1279 
5063 560 1278 558 
5064 725 726 724 
5065 2902 3203 2423 
5066 1797 1908 1485 
5067 588 589 586 
5068 2234 2235 1819 
5069 1476 2332 1768 
5070 1754 1960 1755 
5071 160 167 163 
5072 2715 3031 2123 
5073 457 458 456 
5074 593 640 639 
5075 2230 2231 1885 
5076 2378 2429 1903 
5077 712 714 713 
5078 163 165 162 
5079 663 665 664 
5080 1811 2379 2107 
5081 2480 2481 2221 
5082 2229 2230 1885 
5083 1731 2326 2009 
5084 704 705 703 
5085 720 764 717 
5086 438 464 440 
5087 2734 2938 2391 
5088 775 776 774 
5089 667 669 668 
5090 709 1560 712 
5091 2434 2435 2033 
5092 255 284 257 
5093 317 319 318 
5094 332 333 331 
5095 377 378 372 
5096 2077 2078 2076 
5097 3000 3001 2999 
5098 336 338 337 
5099 667 668 666 
5100 440 442 441 
5101 3263 3264 2825 
5102 592 1564 594 
5103 338 339 337 
5104 290 291 289 
5105 2425 3159 2426 
5106 323 2617 325 
5107 1754 2547 1960 
5108 1805 1815 1544 
5109 2114 2763 2100 
5110 319 320 318 
5111 2820 4360 2824 
5112 1343 2142 1345 
5113 1208 1608 1206 
5114 1021 3027 3026 
5115 704 707 705 
5116 1827 2219 2218 
5117 2896 2897 2481 
5118 709 712 710 
5119 2648 3080 2684 
5120 2897 3038 2481 
5121 2762 3131 3077 
5122 1347 2002 1510 
5123 2220 2221 2219 
5124 557 558 556 
5125 2433 2434 2033 
5126 2425 2426 2110 
5127 368 369 361 
5128 49 71 50 
5129 438 440 439 
5130 1797 2209 1908 
5131 559 561 560 
5132 571 572 570 
5133 2228 2647 1824 
5134 2140 2829 2828 
5135 325 326 324 
5136 663 664 662 
5137 325 327 326 
5138 2195 2196 1839 
5139 293 305 291 
5140 605 2070 608 
5141 2429 2431 2430 
5142 1731 1840 1626 
5143 1966 1968 1967 
5144 723 724 722 
5145 702 704 703 
5146 2305 2541 1924 
5147 1731 2009 1840 
5148 1897 3160 1896 
5149 317 318 316 
5150 2397 3108 2737 
5151 336 337 335 
5152 1840 1842 1841 
5153 2032 2433 2033 
5154 2221 2799 2219 
5155 2462 3153 2725 
5156 723 725 724 
5157 1605 2135 1775 
5158 360 361 358 
5159 1968 1976 1969 
5160 1507 2108 1508 
5161 559 560 558 
5162 1245 2450 242 
5163 1553 2015 520 
5164 2429 2430 1903 
5165 853 2034 851 
5166 665 667 666 
5167 1345 1347 1346 
5168 2761 3210 1930 
5169 442 2128 444 
5170 2078 2965 2076 
5171 323 325 324 
5172 2431 2432 2430 
5173 986 2339 992 
5174 718 720 717 
5175 360 368 361 
5176 310 312 311 
5177 2277 2461 1803 
5178 2228 2648 2647 
5179 569 571 570 
5180 1833 2378 1903 
5181 555 557 556 
5182 719 723 722 
5183 2135 2734 2391 
5184 2339 3046 2482 
5185 2206 2902 2423 
5186 2404 2405 2345 
5187 2432 2623 2430 
5188 894 4321 2037 
5189 2108 2404 2345 
5190 311 481 309 
5191 1463 1890 1351 
5192 251 253 252 
5193 569 570 568 
5194 2762 3077 2761 
5195 2210 2750 2209 
5196 1797 2210 2209 
5197 1815 2162 1544 
5198 1819 2583 1376 
5199 2462 2725 2195 
5200 2032 2033 2028 
5201 1757 1980 1979 
5202 1291 1681 1531 
5203 1377 1819 1376 
5204 310 311 309 
5205 1890 3599 1351 
5206 1822 2140 1824 
5207 1968 2274 1976 
5208 2108 2345 1508 
5209 2211 3189 2157 
5210 461 711 462 
5211 462 1554 460 
5212 2157 2807 1854 
5213 2995 2997 2996 
5214 973 2290 2289 
5215 2339 2482 992 
5216 2397 2737 2305 
5217 2135 2391 1775 
5218 1757 2712 1980 
5219 1838 2195 1839 
5220 1931 2762 2761 
5221 2824 3265 3262 
5222 2660 2715 2123 
5223 160 163 162 
5224 2121 3568 3130 
5225 593 639 591 
5226 592 594 593 
5227 2140 2828 2228 
5228 1838 2462 2195 
5229 1925 2397 2305 
5230 2797 2818 2817 
5231 3262 3263 2825 
5232 2797 2817 2460 
5233 543 1686 1152 
5234 592 593 591 
5235 2820 2822 2821 
5236 3160 3161 1896 
5237 241 1245 242 
5238 249 426 251 
5239 2140 2228 1824 
5240 240 1553 520 
5241 1833 1903 1834 
5242 2803 2804 2412 
5243 251 252 250 
5244 2820 2824 2822 
5245 1833 1834 1546 
5246 1931 2761 1930 
5247 2459 4502 2796 
5248 1855 2157 1854 
5249 1855 2211 2157 
5250 25 89 24 
5251 1545 1833 1546 
5252 1834 1930 1546 
5253 461 462 460 
5254 1771 2267 1898 
5255 2824 3262 2825 
5256 1362 1545 1363 
5257 1834 1931 1930 
5258 3772 3773 3770 
5259 2215 2803 2412 
5260 1545 1546 1363 
5261 2824 2825 2822 
5262 2089 2660 2123 
5263 158 3569 160 
5264 160 162 159 
5265 2121 3130 2122 
5266 458 461 460 
5267 2796 2798 2797 
5268 2459 2796 2460 
5269 2796 2797 2460 
5270 2459 2460 2211 
5271 240 520 241 
5272 241 242 239 
5273 249 251 250 
5274 1855 2459 2211 
5275 3771 3772 3770 
5276 159 1552 157 
5277 158 160 159 
5278 2089 2123 2121 
5279 2121 2122 177 
5280 240 241 239 
5281 249 250 248 
5282 247 3565 249 
5283 3768 3771 3770 
5284 158 159 157 
5285 2089 2121 177 
5286 238 240 239 
5287 248 1387 246 
5288 247 249 248 
5289 3768 3770 3769 
5290 156 158 157 
5291 155 2089 177 
5292 236 1211 238 
5293 238 239 237 
5294 1550 3562 3561 
5295 247 248 246 
5296 3768 3769 3767 
5297 155 177 156 
5298 156 157 146 
5299 236 238 237 
5300 1550 3561 245 
5301 237 2506 235 
5302 245 247 246 
5303 3766 3768 3767 
5304 155 156 146 
5305 3503 3504 3501 
5306 236 237 235 
5307 243 1550 245 
5308 245 246 244 
5309 3766 3767 3765 
5310 142 155 146 
5311 3948 3949 3947 
5312 3502 3503 3501 
5313 3499 4387 3502 
5314 234 236 235 
5315 243 245 244 
5316 3764 3766 3765 
5317 142 146 145 
5318 3947 3950 3946 
5319 3945 3948 3947 
5320 3499 3502 3501 
5321 3982 3984 3983 
5322 234 235 233 
5323 243 244 232 
5324 139 3464 80 
5325 133 4523 129 
5326 3764 3765 3762 
5327 142 145 136 
5328 138 3558 142 
5329 2189 4342 2031 
5330 3945 3947 3946 
5331 3932 3934 3933 
5332 3499 3501 3500 
5333 3500 3505 3498 
5334 3612 3616 3614 
5335 3614 3615 3613 
5336 3982 3983 3981 
5337 1341 3855 1504 
5338 231 234 233 
5339 233 243 232 
5340 1742 3805 1926 
5341 176 4104 1209 
5342 111 3522 29 
5343 3717 3719 1576 
5344 3510 3512 72 
5345 3509 3511 3510 
5346 1637 4227 661 
5347 126 133 129 
5348 3763 3764 3762 
5349 1486 3975 1487 
5350 138 142 136 
5351 4021 4022 4020 
5352 3795 3798 783 
5353 3794 3797 3795 
5354 3945 3946 3944 
5355 3932 3933 3931 
5356 3895 3897 3896 
5357 3499 3500 3498 
5358 3612 3614 3613 
5359 3980 3982 3981 
5360 231 233 232 
5361 2198 4288 2455 
5362 2443 4089 2444 
5363 1959 3878 2399 
5364 2093 3647 639 
5365 1655 3879 1848 
5366 2166 4070 1459 
5367 4209 4528 986 
5368 3716 3717 1576 
5369 3509 3510 72 
5370 126 129 122 
5371 78 127 126 
5372 3527 3529 3528 
5373 694 4083 682 
5374 3761 3763 3762 
5375 2021 3641 1538 
5376 3517 4554 4399 
5377 1935 3816 2307 
5378 1603 4481 2139 
5379 289 4330 2069 
5380 3659 3661 2361 
5381 3804 4100 3803 
5382 67 138 136 
5383 3078 4391 3079 
5384 4024 4466 1727 
5385 2529 3925 1852 
5386 1589 3929 431 
5387 129 4523 130 
5388 2537 4153 1905 
5389 3846 3848 3847 
5390 4019 4021 4020 
5391 3859 3918 707 
5392 3793 3796 3794 
5393 3794 3795 783 
5394 607 3945 3944 
5395 1716 4270 1718 
5396 2109 3932 3931 
5397 3895 3896 2534 
5398 91 3499 3498 
5399 3645 4417 1948 
5400 3612 3613 2080 
5401 3737 4438 3736 
5402 3828 4510 3829 
5403 3593 4429 3592 
5404 3980 3981 2244 
5405 1383 4152 1614 
5406 1148 3887 3886 
5407 2962 4285 2184 
5408 460 3618 456 
5409 1097 3987 1121 
5410 2663 3804 3803 
5411 1971 4016 2816 
5412 229 3471 231 
5413 231 232 230 
5414 1032 3854 1260 
5415 1569 3850 343 
5416 2020 3728 764 
5417 1996 4233 2680 
5418 1514 3843 1789 
5419 680 4066 678 
5420 3582 3583 3581 
5421 789 4272 4216 
5422 2632 4552 4521 
5423 193 4367 190 
5424 706 3783 703 
5425 2659 4594 4499 
5426 60 3481 59 
5427 56 3484 55 
5428 18 3486 17 
5429 44 3538 43 
5430 22 3493 21 
5431 39 3497 38 
5432 20 3539 19 
5433 37 3535 36 
5434 54 3542 53 
5435 18 3464 19 
5436 78 122 53 
5437 82 3453 33 
5438 61 3527 99 
5439 79 124 43 
5440 48 3531 49 
5441 50 3507 51 
5442 61 3536 2 
5443 5 3409 4 
5444 2193 4214 2838 
5445 29 3522 28 
5446 2663 3803 2094 
5447 754 3952 758 
5448 2095 4264 3111 
5449 231 3471 234 
5450 2550 4203 2176 
5451 1661 4348 4347 
5452 3993 4465 1957 
5453 492 3807 1598 
5454 2516 3802 731 
5455 94 3513 31 
5456 4140 4239 3845 
5457 4042 4504 2290 
5458 4273 4514 4272 
5459 263 4208 265 
5460 32 3524 94 
5461 1812 3651 848 
5462 2737 4676 2305 
5463 496 4305 499 
5464 3471 4393 234 
5465 3715 3716 1576 
5466 3245 3959 2709 
5467 1866 3747 1513 
5468 3508 3509 72 
5469 141 4411 137 
5470 62 3419 140 
5471 3571 3624 2204 
5472 686 4032 684 
5473 2307 3816 2747 
5474 3600 4416 2612 
5475 78 126 122 
5476 3527 3528 99 
5477 2889 4791 3792 
5478 3761 3762 3760 
5479 1986 4242 1987 
5480 1042 4182 1632 
5481 31 3513 30 
5482 2839 4061 2154 
5483 1023 3712 3711 
5484 340 3780 338 
5485 1211 3563 238 
5486 1940 3874 1944 
5487 2344 4587 3186 
5488 2570 4256 1993 
5489 79 3520 131 
5490 1210 4157 225 
5491 275 4125 273 
5492 4031 4032 686 
5493 2607 4496 4301 
5494 1846 4162 4161 
5495 91 4387 3499 
5496 3824 3825 2772 
5497 1363 3681 1436 
5498 647 4205 649 
5499 4234 4235 2128 
5500 1425 3672 1411 
5501 1929 3788 2520 
5502 3658 3659 2361 
5503 34 68 35 
5504 142 3558 155 
5505 4469 4532 2530 
5506 3174 4764 3175 
5507 245 3561 247 
5508 249 3565 426 
5509 2123 3568 2121 
5510 1765 3636 2329 
5511 1785 3570 1974 
5512 1531 3573 1292 
5513 3212 3570 1806 
5514 160 3569 167 
5515 1288 3572 1433 
5516 1898 3574 2356 
5517 1872 3617 2508 
5518 1332 3636 1445 
5519 2675 3164 2330 
5520 2955 3696 2289 
5521 1776 3592 1998 
5522 1089 3617 1119 
5523 2969 4108 969 
5524 2821 3586 2819 
5525 1979 3590 1756 
5526 2027 3609 2030 
5527 2805 3211 2412 
5528 1875 3622 1922 
5529 1351 3599 946 
5530 2077 3611 2080 
5531 2355 4041 1891 
5532 2650 3619 2653 
5533 1605 3851 2135 
5534 2803 5058 2804 
5535 1946 3644 1948 
5536 962 3696 948 
5537 1635 3813 2023 
5538 2463 4602 4452 
5539 3090 3813 2127 
5540 163 3648 171 
5541 2541 4148 1924 
5542 1630 3657 1698 
5543 1653 3748 1689 
5544 2745 3754 2141 
5545 2440 3679 2854 
5546 2019 3787 1909 
5547 2333 3689 2982 
5548 2101 3632 2226 
5549 1474 4304 1827 
5550 602 3731 605 
5551 1162 3735 1163 
5552 2673 3884 1617 
5553 405 3700 3611 
5554 746 3701 748 
5555 2998 3692 2996 
5556 1320 4296 1160 
5557 1484 3725 1767 
5558 2438 3738 2437 
5559 2454 3739 2602 
5560 884 3822 943 
5561 1850 3754 1983 
5562 2179 3609 2025 
5563 1362 3091 1545 
5564 1623 3906 2519 
5565 828 3753 837 
5566 1739 3871 1483 
5567 2843 3751 2946 
5568 2522 3860 388 
5569 3096 3592 2144 
5570 1286 3937 2337 
5571 2200 3736 3139 
5572 1841 3732 1626 
5573 1830 3750 2704 
5574 876 3830 901 
5575 381 3733 385 
5576 1212 4178 1237 
5577 904 3789 907 
5578 979 3835 1021 
5579 477 3834 434 
5580 2238 3736 2068 
5581 383 3785 386 
5582 826 3828 917 
5583 2806 4232 3421 
5584 1797 3714 2210 
5585 1003 4040 1001 
5586 441 3779 1175 
5587 705 3918 709 
5588 1868 3814 1543 
5589 823 4334 3828 
5590 1600 4057 866 
5591 588 3801 595 
5592 2637 3845 2635 
5593 908 3852 911 
5594 443 4335 3779 
5595 1218 3884 1215 
5596 1070 3906 1068 
5597 389 3860 392 
5598 1039 3868 1037 
5599 821 3857 1241 
5600 2006 4283 2777 
5601 2574 4210 435 
5602 1780 4165 1357 
5603 1469 4197 1879 
5604 368 3758 371 
5605 1512 3976 1515 
5606 2383 3913 3206 
5607 2388 4062 2390 
5608 1247 4191 1246 
5609 2323 3620 2003 
5610 2746 3437 2744 
5611 2349 3881 3011 
5612 982 4320 984 
5613 2704 4047 1738 
5614 2173 3913 2171 
5615 1802 3876 3078 
5616 2245 3977 3073 
5617 2526 4167 1779 
5618 1374 3926 1168 
5619 1629 4459 3657 
5620 472 4335 445 
5621 1501 3869 1384 
5622 2304 4213 2281 
5623 590 3909 592 
5624 558 3836 556 
5625 198 4368 2970 
5626 845 3901 832 
5627 374 3916 376 
5628 2272 3957 2351 
5629 398 4081 399 
5630 1005 4044 1591 
5631 2117 3827 2665 
5632 283 3919 419 
5633 1015 3995 1078 
5634 2545 4175 1621 
5635 727 3917 1094 
5636 1217 4011 1220 
5637 3064 3988 3070 
5638 2213 4050 2529 
5639 2848 3900 2191 
5640 2571 4130 1150 
5641 1429 4047 1277 
5642 2607 4301 1793 
5643 475 4033 479 
5644 1187 4003 1076 
5645 1316 4072 506 
5646 1263 4124 1262 
5647 2718 4171 3258 
5648 1180 4215 1267 
5649 1447 4138 1729 
5650 2595 3991 2063 
5651 1063 4093 1064 
5652 1120 4079 1073 
5653 2050 4073 2048 
5654 2392 3994 2917 
5655 413 4179 416 
5656 1406 4134 1408 
5657 1667 4373 2972 
5658 1615 4151 2560 
5659 513 4149 511 
5660 1232 4145 1426 
5661 266 4068 1590 
5662 1544 4326 1395 
5663 508 4072 527 
5664 1654 4167 1650 
5665 1051 4080 1060 
5666 485 4071 1316 
5667 1048 4177 1049 
5668 282 4068 268 
5669 1244 4130 1299 
5670 1066 4296 2585 
5671 1549 4160 1398 
5672 423 4090 476 
5673 270 4105 282 
5674 1229 4258 1227 
5675 1224 4151 1317 
5676 1358 4165 1392 
5677 1599 4105 272 
5678 1477 4139 1476 
5679 207 4175 204 
5680 1302 4147 1034 
5681 509 4154 487 
5682 1084 4183 1132 
5683 1264 4027 1389 
5684 1113 3858 1169 
5685 553 4012 551 
5686 1914 3900 1916 
5687 1139 3969 1138 
5688 1480 4156 1721 
5689 1273 4143 1451 
5690 1095 4107 1139 
5691 1769 4148 1771 
5692 863 4057 864 
5693 791 4216 810 
5694 302 4200 504 
5695 2920 4080 3370 
5696 511 4409 497 
5697 582 4189 584 
5698 1733 4065 2000 
5699 1371 4124 3714 
5700 970 4108 1013 
5701 2749 4434 2313 
5702 432 4210 430 
5703 2314 4192 2748 
5704 1099 4293 1072 
5705 3297 3881 2409 
5706 2689 4211 2293 
5707 524 4212 2571 
5708 1648 4025 1644 
5709 1028 4363 1081 
5710 1400 4160 1494 
5711 406 4054 410 
5712 1606 4191 1250 
5713 965 4456 1104 
5714 1989 4220 2186 
5715 841 4077 867 
5716 1287 4451 3572 
5717 835 4222 870 
5718 838 4334 822 
5719 874 4194 882 
5720 1368 4239 1235 
5721 220 4092 217 
5722 611 4088 623 
5723 1147 4168 1304 
5724 1953 3882 2344 
5725 1156 3722 1188 
5726 428 4225 354 
5727 1165 4103 1167 
5728 2448 4217 1899 
5729 393 3700 391 
5730 1745 4229 1747 
5731 4003 4209 989 
5732 858 4049 1033 
5733 1770 4327 1592 
5734 742 4276 744 
5735 829 4230 843 
5736 1928 4240 2194 
5737 1378 4278 196 
5738 2743 4271 730 
5739 1625 4286 1731 
5740 2007 4115 1118 
5741 846 3335 800 
5742 2697 4491 2907 
5743 1203 3969 2468 
5744 1521 4150 1524 
5745 1894 4027 2358 
5746 2597 3467 2668 
5747 1123 4327 4040 
5748 573 4186 575 
5749 310 3817 312 
5750 2057 4269 2056 
5751 2690 4299 2159 
5752 1539 3864 2266 
5753 1714 4274 2155 
5754 1985 3299 2424 
5755 1199 3858 1860 
5756 1172 4044 1006 
5757 1958 4434 3869 
5758 1752 4237 1888 
5759 2011 3936 2010 
5760 2126 4262 2124 
5761 1394 4326 2593 
5762 815 4009 816 
5763 1781 4289 1454 
5764 2130 4290 2783 
5765 1504 4274 1503 
5766 729 4271 749 
5767 2468 3864 1295 
5768 2445 4287 3358 
5769 1558 3733 377 
5770 2039 4090 421 
5771 1254 4064 1252 
5772 2740 4092 1821 
5773 981 4209 986 
5774 772 3888 770 
5775 987 4084 1520 
5776 187 4373 191 
5777 2106 4475 3056 
5778 634 4306 632 
5779 2589 4237 1849 
5780 1952 3979 2244 
5781 2510 4453 2649 
5782 2266 3979 1541 
5783 665 3810 667 
5784 1792 4301 2046 
5785 2879 3936 2170 
5786 1763 4318 2960 
5787 2425 4323 3159 
5788 346 4329 1665 
5789 1900 4337 2527 
5790 2728 4139 1508 
5791 702 4344 704 
5792 1181 4319 1975 
5793 257 4345 259 
5794 1960 4298 1961 
5795 2219 3496 2218 
5796 170 4368 195 
5797 2699 4341 2701 
5798 2090 4355 2078 
5799 2684 4350 2714 
5800 1726 4351 1823 
5801 1666 3917 725 
5802 2328 3601 1853 
5803 2750 4287 2209 
5804 898 4321 894 
5805 2655 4354 2844 
5806 1259 4170 1257 
5807 2070 4088 608 
5808 1840 4339 1842 
5809 2034 3901 851 
5810 2818 4360 2820 
5811 1854 4318 1764 
5812 2228 4359 2648 
5813 2824 4360 3265 
5814 1876 3622 1873 
5815 1659 4230 818 
5816 1855 3601 2459 
5817 2995 4113 2997 
5818 2033 3686 2028 
5819 2825 4353 2822 
5820 169 4374 226 
5821 186 4375 184 
5822 1818 2136 1468 
5823 152 4376 166 
5824 182 4378 179 
5825 1783 4377 2500 
5826 148 4382 150 
5827 1466 4377 1322 
5828 4086 4087 3225 
5829 2396 4221 3269 
5830 2181 3975 1486 
5831 331 4253 326 
5832 1926 3805 2535 
5833 1744 3805 1742 
5834 1209 4104 1354 
5835 281 4207 313 
5836 1475 4109 1410 
5837 661 4227 663 
5838 2108 3721 2406 
5839 933 4119 2044 
5840 1189 4383 1465 
5841 1201 4076 1198 
5842 3997 3998 931 
5843 67 136 135 
5844 696 4123 692 
5845 2455 4288 3232 
5846 2615 4288 2198 
5847 1148 3888 3887 
5848 2444 4089 3361 
5849 489 3908 3907 
5850 262 3903 260 
5851 639 3647 591 
5852 222 4052 2276 
5853 1848 3879 2540 
5854 1651 3879 1655 
5855 1459 4070 1708 
5856 1301 4036 1773 
5857 682 4083 680 
5858 690 4141 695 
5859 229 230 223 
5860 1547 4133 4132 
5861 2139 4481 2813 
5862 291 4330 289 
5863 4279 4549 4421 
5864 4918 5021 3615 
5865 2974 4181 2975 
5866 3803 4100 1472 
5867 4204 4205 647 
5868 1852 3925 1335 
5869 2587 4238 3098 
5870 3702 4440 3701 
5871 683 4117 685 
5872 4322 4338 384 
5873 2004 4281 1737 
5874 2184 4285 1067 
5875 1904 4016 1971 
5876 910 3777 956 
5877 1381 4152 1383 
5878 30 3513 111 
5879 532 4223 549 
5880 343 3850 345 
5881 2539 4462 2537 
5882 2680 4233 3045 
5883 678 4066 1578 
5884 2275 4380 178 
5885 1567 3867 334 
5886 787 4272 789 
5887 112 3525 3524 
5888 2706 4265 2102 
5889 190 4367 188 
5890 1846 4161 1518 
5891 4312 4313 977 
5892 2858 4039 2098 
5893 1369 4123 696 
5894 3559 4448 1550 
5895 1519 3843 1516 
5896 1954 4264 2095 
5897 1835 4247 1461 
5898 4112 4113 1282 
5899 2094 3803 1788 
5900 202 4467 193 
5901 3000 4728 3001 
5902 2176 4203 1774 
5903 3846 3847 2408 
5904 4500 4511 2088 
5905 490 3807 492 
5906 1674 4202 1105 
5907 1753 3967 1556 
5908 33 3524 32 
5909 1586 4035 648 
5910 2973 4812 2839 
5911 3343 4397 3344 
5912 265 4208 1695 
5913 1142 4208 263 
5914 620 4018 633 
5915 848 3651 878 
5916 2305 4676 2541 
5917 1690 3742 1825 
5918 499 4305 4212 
5919 494 4305 496 
5920 3831 3832 2043 
5921 2845 3627 3626 
5922 4019 4020 890 
5923 1661 4347 794 
5924 2381 3941 3094 
5925 3729 3730 2606 
5926 552 4310 978 
5927 1865 4280 1869 
5928 2154 4061 1864 
5929 338 3780 341 
5930 238 3563 240 
5931 1800 3668 3666 
5932 3945 3951 3948 
5933 3579 3580 2177 
5934 3793 3794 783 
5935 2278 4075 4074 
5936 3241 4951 2906 
5937 4302 4303 2840 
5938 225 4157 2567 
5939 1355 4157 1210 
5940 273 4125 280 
5941 1594 4125 275 
5942 1144 3791 3790 
5943 3815 3816 1935 
5944 607 3944 3943 
5945 1546 3681 1363 
5946 3522 3523 103 
5947 230 4052 223 
5948 622 3956 3955 
5949 4029 4030 4028 
5950 2517 3910 3259 
5951 1411 3672 1409 
5952 3458 3459 2589 
5953 28 3522 103 
5954 3274 3962 3961 
5955 264 3904 262 
5956 1700 4102 4101 
5957 1665 4268 4267 
5958 685 4116 687 
5959 2109 3931 3930 
5960 3894 3895 2534 
5961 91 3498 3497 
5962 3531 3532 71 
5963 99 3481 60 
5964 91 3497 39 
5965 95 3484 56 
5966 17 3486 90 
5967 21 3493 101 
5968 98 3538 44 
5969 80 3464 18 
5970 115 3535 37 
5971 49 3531 71 
5972 19 3539 107 
5973 108 3542 54 
5974 4066 4067 1578 
5975 3611 3612 2080 
5976 3644 3645 1948 
5977 3733 4562 385 
5978 2238 3737 3736 
5979 3828 3829 917 
5980 3096 3593 3592 
5981 2746 3438 3437 
5982 3852 3853 911 
5983 2179 4396 3609 
5984 282 4069 4068 
5985 4296 4543 2585 
5986 4077 4078 867 
5987 4049 4433 1033 
5988 3979 3980 2244 
5989 2266 4439 3979 
5990 4289 4392 1454 
5991 4290 4428 2783 
5992 4306 4307 632 
5993 4475 4476 3056 
5994 4323 4324 3159 
5995 4351 4352 1823 
5996 1694 4043 1428 
5997 2395 4221 2396 
5998 326 4253 324 
5999 234 4393 236 
6000 287 4207 281 
6001 1410 4109 1412 
6002 2406 3721 3135 
6003 1507 3721 2108 
6004 4257 4449 2977 
6005 262 3904 3903 
6006 333 4254 331 
6007 260 3903 285 
6008 2276 4052 2949 
6009 223 4052 222 
6010 1148 3886 3885 
6011 213 4190 1631 
6012 688 4031 686 
6013 695 4141 1079 
6014 1413 3695 1425 
6015 331 4254 4253 
6016 325 4343 327 
6017 2975 4181 3288 
6018 4189 4333 587 
6019 2419 4238 2587 
6020 3322 4817 4414 
6021 1373 4117 683 
6022 1737 4281 1829 
6023 2576 4281 2004 
6024 956 3777 2072 
6025 912 3777 910 
6026 549 4223 1672 
6027 510 4223 532 
6028 3673 3675 3674 
6029 229 231 230 
6030 3006 4462 2539 
6031 3783 4381 700 
6032 2049 3892 2053 
6033 334 3867 336 
6034 2098 4039 2054 
6035 1518 4161 1532 
6036 1461 4247 1359 
6037 2984 4247 1835 
6038 1984 3971 1670 
6039 1595 4236 1043 
6040 330 3923 329 
6041 1709 4010 1460 
6042 112 3524 33 
6043 2591 4295 304 
6044 1105 4202 759 
6045 561 4312 977 
6046 1045 4091 1595 
6047 2362 4086 3225 
6048 699 3989 2081 
6049 1884 3742 1690 
6050 855 4358 852 
6051 550 4310 552 
6052 2075 3853 2963 
6053 1703 4078 2990 
6054 1645 4250 1647 
6055 4102 4927 3390 
6056 3703 4023 3705 
6057 1154 3892 2049 
6058 1079 3990 3989 
6059 1741 4243 1390 
6060 747 3786 745 
6061 687 4116 690 
6062 568 3902 566 
6063 644 4204 647 
6064 215 4190 213 
6065 2882 3894 2533 
6066 327 4343 362 
6067 2617 4343 325 
6068 1482 4796 3908 
6069 2264 3582 3581 
6070 2538 4241 3332 
6071 1662 4248 192 
6072 4055 4056 353 
6073 1043 4236 1041 
6074 329 3923 332 
6075 2736 3849 2428 
6076 2038 4136 1533 
6077 2331 4570 4569 
6078 559 4312 561 
6079 1457 4058 2166 
6080 1587 4340 786 
6081 1047 4091 1045 
6082 4025 4412 2573 
6083 697 3989 699 
6084 852 4358 854 
6085 1492 3808 1127 
6086 617 3924 330 
6087 2862 4259 2236 
6088 2914 3564 242 
6089 973 4042 2290 
6090 193 4467 4367 
6091 2097 4246 2096 
6092 2532 4243 1741 
6093 1390 4243 1265 
6094 753 3786 747 
6095 3870 4490 2241 
6096 566 3902 1017 
6097 2262 4137 2038 
6098 1999 4255 1892 
6099 2533 3894 2534 
6100 3978 4493 1719 
6101 2428 3849 2496 
6102 1533 4136 1352 
6103 2564 4106 2163 
6104 1446 4058 1457 
6105 2872 3724 2874 
6106 698 4381 1369 
6107 1127 3808 1125 
6108 2565 4201 314 
6109 2236 4259 1917 
6110 684 4032 694 
6111 2096 4246 2457 
6112 2372 4246 2097 
6113 1296 4053 1536 
6114 3719 3720 486 
6115 4202 4386 755 
6116 3683 3684 929 
6117 1034 4147 4029 
6118 767 4292 1336 
6119 700 4381 698 
6120 1044 4384 1046 
6121 4037 4469 2530 
6122 1536 4053 2283 
6123 1297 4053 1296 
6124 1911 3915 1762 
6125 766 3885 2020 
6126 607 3943 569 
6127 1046 4384 1154 
6128 1632 4384 1044 
6129 1762 3915 1902 
6130 1817 4231 1778 
6131 1919 3743 2809 
6132 3667 3668 1800 
6133 1778 4231 1880 
6134 4217 4231 1817 
6135 1880 4231 3116 
6136 1825 3743 1919 
6137 1902 3915 2422 
6138 569 3943 571 
6139 768 3885 766 
6140 2422 3915 3122 
6141 765 4292 767 
6142 571 3943 1728 
6143 1460 4010 3935 
6144 1148 3885 768 
6145 3136 4246 2372 
6146 168 4421 161 
6147 1631 4413 3965 
6148 277 4201 1594 
6149 314 4201 279 
6150 1917 4259 1918 
6151 1125 3808 2735 
6152 2614 4292 765 
6153 2163 4106 1529 
6154 1528 4106 1933 
6155 1883 4058 1446 
6156 1352 4136 1353 
6157 2496 3849 3076 
6158 2183 3471 229 
6159 1444 3930 1881 
6160 2109 3930 1456 
6161 1892 4255 2261 
6162 2895 4137 2262 
6163 2357 4282 2398 
6164 1570 3786 753 
6165 1265 4243 1674 
6166 237 3564 2506 
6167 242 3564 239 
6168 279 4201 277 
6169 2274 3476 3474 
6170 1596 3924 617 
6171 4370 4570 2331 
6172 854 4358 1679 
6173 1079 3989 697 
6174 786 4340 782 
6175 780 4340 2616 
6176 2435 4498 3686 
6177 1529 4106 1528 
6178 1050 4091 1047 
6179 1878 4312 559 
6180 332 3923 1567 
6181 1041 4236 1701 
6182 2109 3935 3932 
6183 192 4248 201 
6184 1687 4728 4112 
6185 3354 4241 2494 
6186 2341 4241 2538 
6187 2585 4544 4263 
6188 1456 3930 1444 
6189 2099 3891 3037 
6190 2053 3891 2055 
6191 362 4343 1663 
6192 2261 4255 2850 
6193 218 4190 215 
6194 1460 3935 1458 
6195 642 4204 644 
6196 911 3853 913 
6197 867 4078 873 
6198 1454 4392 1272 
6199 2783 4428 3035 
6200 632 4307 612 
6201 2790 4282 2357 
6202 692 4123 4122 
6203 1590 3905 3904 
6204 239 3564 237 
6205 3587 4454 1932 
6206 1652 4250 1645 
6207 1391 3953 1548 
6208 254 4245 465 
6209 1622 4310 550 
6210 355 4226 2071 
6211 2133 4086 2362 
6212 3105 3742 1884 
6213 685 4117 4116 
6214 782 4340 780 
6215 2918 4091 1050 
6216 649 4205 1284 
6217 2711 4498 2435 
6218 759 4202 755 
6219 299 4295 1660 
6220 304 4295 301 
6221 1988 4010 1709 
6222 2569 4732 3607 
6223 1743 3971 2536 
6224 1670 3971 1671 
6225 2054 4039 2051 
6226 1532 4161 1911 
6227 565 3951 567 
6228 201 4248 224 
6229 3800 5183 3221 
6230 336 3867 340 
6231 1318 4135 1225 
6232 2494 4241 2341 
6233 3920 3921 1772 
6234 3995 4535 2631 
6235 2549 4223 510 
6236 1829 4281 2263 
6237 214 4101 1157 
6238 1700 4101 212 
6239 607 3951 3945 
6240 3114 4238 2419 
6241 493 4185 1482 
6242 495 4409 4185 
6243 2055 3891 2099 
6244 585 4063 2627 
6245 589 4063 586 
6246 1415 3695 1413 
6247 925 4031 688 
6248 1550 4448 3562 
6249 3511 4640 3510 
6250 1458 3935 2109 
6251 2021 4656 4436 
6252 2621 4204 642 
6253 3673 3674 1022 
6254 480 4254 333 
6255 2005 4043 2552 
6256 1428 4043 1736 
6257 1794 3721 1507 
6258 1412 4109 1688 
6259 2069 4207 287 
6260 2248 4489 3086 
6261 1555 3649 1675 
6262 920 3996 960 
6263 1643 3749 1646 
6264 324 4253 2182 
6265 2891 4221 2395 
6266 219 4048 221 
6267 228 4048 2253 
6268 1590 3904 264 
6269 330 3924 3923 
6270 1409 3672 1557 
6271 1930 3681 1546 
6272 2332 4420 2885 
6273 4014 4552 2632 
6274 280 4125 2860 
6275 1856 4157 1355 
6276 4824 4886 2574 
6277 693 4122 2064 
6278 692 4122 689 
6279 2063 4250 1652 
6280 2137 4280 1865 
6281 240 3563 1553 
6282 341 3780 1569 
6283 1392 3953 1391 
6284 256 4245 254 
6285 23 3547 113 
6286 89 3547 24 
6287 1864 4061 1863 
6288 1414 4129 1416 
6289 2382 3941 2381 
6290 794 4347 792 
6291 3445 5466 1586 
6292 2794 3650 3085 
6293 658 4059 656 
6294 2627 4538 2758 
6295 2702 4613 2700 
6296 1598 4305 494 
6297 2165 4086 2133 
6298 878 3651 903 
6299 811 4273 4272 
6300 648 4035 646 
6301 2053 3892 3891 
6302 3868 4408 1037 
6303 4160 4542 1494 
6304 2038 4137 4136 
6305 3742 3743 1825 
6306 301 4295 299 
6307 3612 4508 3616 
6308 2630 3807 490 
6309 2319 4010 1988 
6310 1774 4203 1361 
6311 1671 3971 1743 
6312 2217 4264 1954 
6313 1380 3922 2294 
6314 1788 3803 1472 
6315 3788 4460 2520 
6316 1684 4265 1927 
6317 2102 4265 1683 
6318 2051 4039 2052 
6319 188 4367 2086 
6320 567 3951 607 
6321 811 4272 787 
6322 1440 4135 1318 
6323 178 4380 181 
6324 1053 4118 4080 
6325 1910 4016 1904 
6326 345 3850 379 
6327 1067 4285 1062 
6328 4116 4141 690 
6329 1386 4152 1381 
6330 2672 4469 2104 
6331 4054 4468 2558 
6332 212 4101 214 
6333 1335 3925 1309 
6334 495 4185 493 
6335 586 4063 585 
6336 2486 3695 1415 
6337 305 4330 291 
6338 2044 4031 925 
6339 833 4036 1301 
6340 62 140 123 
6341 1708 4070 2257 
6342 1658 3879 1651 
6343 591 3647 589 
6344 3781 3783 706 
6345 205 4038 206 
6346 210 4038 1700 
6347 1198 4076 1197 
6348 994 4119 933 
6349 3702 4580 4440 
6350 1889 3966 1753 
6351 155 3558 2089 
6352 1611 3815 1935 
6353 2976 3975 2181 
6354 4227 4228 701 
6355 1736 4043 2005 
6356 663 4227 701 
6357 1354 4104 2285 
6358 2535 3805 2961 
6359 3909 3910 2517 
6360 4543 4544 2585 
6361 3912 4495 2594 
6362 86 4390 3516 
6363 1702 3842 1519 
6364 3599 3600 2612 
6365 3590 3591 2084 
6366 3648 3649 1555 
6367 1646 3749 3748 
6368 3813 4620 2179 
6369 3901 4539 3857 
6370 4057 4546 2620 
6371 960 3996 3995 
6372 4186 4187 596 
6373 4299 4300 2160 
6374 3561 3565 247 
6375 3031 3568 2123 
6376 1433 3572 1437 
6377 3617 4453 2508 
6378 1178 3617 1089 
6379 946 3599 2612 
6380 1922 3622 2953 
6381 2030 3609 2514 
6382 1333 3636 1332 
6383 1756 3590 2084 
6384 376 3916 1583 
6385 2003 3620 1510 
6386 312 3817 1581 
6387 3619 4354 2653 
6388 1923 3632 2101 
6389 171 3648 1555 
6390 2023 3813 2179 
6391 1698 3657 1950 
6392 1593 4320 982 
6393 948 3696 950 
6394 2135 3851 2765 
6395 604 3731 602 
6396 1566 4296 1320 
6397 1646 3748 1653 
6398 1163 3735 1190 
6399 1498 3725 1484 
6400 1626 3732 1624 
6401 2776 3739 2454 
6402 2522 4427 3860 
6403 1983 3754 2353 
6404 748 3701 762 
6405 370 3758 368 
6406 901 3830 949 
6407 1090 3835 979 
6408 386 3785 1562 
6409 556 3836 1561 
6410 434 3834 436 
6411 1844 4304 1474 
6412 882 3822 884 
6413 709 3918 1560 
6414 3845 4239 2635 
6415 1215 3884 1214 
6416 392 3860 1579 
6417 2427 3913 2173 
6418 832 3901 3857 
6419 1384 3869 1382 
6420 1108 3906 1070 
6421 1168 3926 1112 
6422 2528 4165 1780 
6423 2281 4213 2280 
6424 864 4057 2620 
6425 1879 4197 3156 
6426 1947 4283 2006 
6427 592 3909 1564 
6428 1334 4003 1187 
6429 1511 3976 1512 
6430 1857 3700 393 
6431 1216 4011 1217 
6432 2870 4062 2388 
6433 1729 4138 2115 
6434 2351 3957 2857 
6435 1644 4025 1642 
6436 470 4081 398 
6437 484 4033 475 
6438 4156 4290 1721 
6439 1782 4258 1229 
6440 575 4186 596 
6441 960 3995 1015 
6442 1277 4047 2288 
6443 419 3919 2039 
6444 1604 4124 1263 
6445 217 4092 218 
6446 1483 3871 1805 
6447 476 4090 4071 
6448 2000 4065 2393 
6449 3093 4105 1599 
6450 1677 4183 1084 
6451 1053 4080 1051 
6452 1299 4130 1603 
6453 1072 4293 2138 
6454 1226 4151 1224 
6455 1073 4079 1074 
6456 4143 4156 1451 
6457 1049 4177 1052 
6458 416 4179 1170 
6459 1064 4093 1069 
6460 204 4175 202 
6461 401 4054 406 
6462 1417 4134 1406 
6463 1167 4103 1285 
6464 4073 4177 2048 
6465 1267 4215 1882 
6466 1388 4064 1254 
6467 430 4210 1636 
6468 1118 4115 1082 
6469 2546 3858 1113 
6470 3285 4217 2448 
6471 2566 4027 1264 
6472 2194 4240 2451 
6473 1013 4108 1146 
6474 1747 4229 2113 
6475 1235 4239 1283 
6476 4326 4491 2593 
6477 2293 4211 2927 
6478 834 4009 815 
6479 1188 3722 1499 
6480 1650 4167 2085 
6481 196 4278 174 
6482 837 3753 1812 
6483 2732 4262 2126 
6484 3048 3467 2597 
6485 1888 4237 2248 
6486 3858 4475 1860 
6487 749 4271 1575 
6488 584 4189 587 
6489 4041 4327 1770 
6490 2159 4299 2160 
6491 1731 4286 2326 
6492 2010 3936 2363 
6493 487 4154 2201 
6494 2022 4335 472 
6495 2152 3299 1985 
6496 744 4276 2074 
6497 2610 4160 1549 
6498 1436 4170 1259 
6499 2162 4326 1544 
6500 2088 4334 838 
6501 704 4344 732 
6502 1476 4139 2332 
6503 2046 4301 2310 
6504 1961 4298 1964 
6505 3298 4287 2750 
6506 2701 4341 3355 
6507 992 4321 898 
6508 2028 3686 2026 
6509 2799 3496 2219 
6510 3080 4350 2684 
6511 2807 4318 1854 
6512 2078 4355 2965 
6513 2009 4339 1840 
6514 2828 4359 2228 
6515 1678 4363 1028 
6516 3601 4502 2459 
6517 3162 3601 2328 
6518 185 4373 187 
6519 173 4368 170 
6520 2822 4353 2823 
6521 1771 4148 2267 
6522 184 4375 1668 
6523 221 4048 228 
6524 166 4376 4374 
6525 1790 3788 1929 
6526 2273 3788 1791 
6527 2083 4377 1466 
6528 1543 3815 1305 
6529 179 4378 180 
6530 3622 4494 2953 
6531 3814 3815 1543 
6532 2185 3961 2319 
6533 3274 3961 2452 
6534 3210 3681 1930 
6535 2570 4480 4256 
6536 4139 4420 2332 
6537 2497 4382 148 
6538 1465 4383 2446 
6539 1859 4256 2112 
6540 1993 4256 1537 
6541 689 4122 693 
6542 3344 4397 3347 
6543 680 4083 4066 
6544 1938 3874 1940 
6545 2581 3875 3874 
6546 1154 4384 3892 
6547 1717 4395 1715 
6548 2674 4395 1893 
6549 1040 4182 1042 
6550 2265 4242 1986 
6551 2832 4280 2137 
6552 2118 3761 3760 
6553 1688 4129 1414 
6554 3043 3941 2382 
6555 1691 4120 1087 
6556 792 4347 889 
6557 488 3928 2549 
6558 1665 4329 4268 
6559 40 4387 91 
6560 3591 4507 2084 
6561 2813 4482 3017 
6562 1513 3747 1497 
6563 2709 3959 2268 
6564 2671 4478 2103 
6565 1577 4059 658 
6566 3401 4908 4864 
6567 961 4408 2568 
6568 1037 4408 1016 
6569 1074 3974 1086 
6570 2518 4449 3747 
6571 2700 4613 3845 
6572 4310 5176 978 
6573 409 3972 2630 
6574 411 3972 408 
6575 354 4226 352 
6576 646 4035 833 
6577 724 3802 1559 
6578 731 3802 726 
6579 473 4095 500 
6580 1488 4443 4147 
6581 1916 4443 1490 
6582 3698 3699 2952 
6583 1094 3877 3876 
6584 2227 3697 2916 
6585 2156 3458 2589 
6586 974 4042 973 
6587 3294 5316 5184 
6588 758 3952 817 
6589 1361 4203 1693 
6590 2302 4214 2193 
6591 4470 4471 2791 
6592 2941 4264 2217 
6593 710 3781 706 
6594 2708 4556 2526 
6595 1382 3922 1380 
6596 3979 4439 3980 
6597 3486 4432 90 
6598 1683 4265 1684 
6599 764 3728 717 
6600 3842 3843 1519 
6601 3966 3967 1753 
6602 1012 3854 1032 
6603 1001 4042 974 
6604 1116 3987 1097 
6605 456 3618 454 
6606 1201 4392 4076 
6607 181 4380 1682 
6608 1718 4270 2271 
6609 1036 4515 1038 
6610 2716 4016 1910 
6611 1062 4285 1059 
6612 733 3859 707 
6613 3968 4430 4104 
6614 4265 4484 1927 
6615 4389 4536 2072 
6616 1340 4153 1734 
6617 1905 4153 1493 
6618 3970 4145 2956 
6619 352 4226 355 
6620 431 3929 433 
6621 1074 4079 3974 
6622 1122 4410 1056 
6623 236 4393 1211 
6624 4225 4226 354 
6625 4006 4007 200 
6626 2970 4599 3919 
6627 2104 4469 1858 
6628 1732 4249 1662 
6629 2558 4468 4180 
6630 755 4386 750 
6631 2628 4536 2670 
6632 1309 3925 1427 
6633 3248 4485 3021 
6634 2418 4474 3115 
6635 622 3955 629 
6636 635 3955 1580 
6637 1077 3782 3781 
6638 1538 3641 1239 
6639 713 3727 1077 
6640 2179 4620 4396 
6641 4481 4482 2813 
6642 1796 3878 1959 
6643 2129 4483 1746 
6644 1054 4142 1122 
6645 2257 4070 2769 
6646 3893 4672 1857 
6647 1356 4441 1530 
6648 3703 4276 4023 
6649 206 4038 210 
6650 1197 4076 2278 
6651 1085 4119 994 
6652 2679 3966 1889 
6653 235 3559 233 
6654 2032 4342 2590 
6655 2031 4342 2029 
6656 3290 3975 2976 
6657 1313 4144 1200 
6658 3800 5347 2129 
6659 2089 3558 2660 
6660 2296 3996 922 
6661 2153 3649 2794 
6662 2072 3749 1641 
6663 244 4442 232 
6664 2526 4556 4167 
6665 1305 3815 1611 
6666 1437 3572 1897 
6667 1510 3620 2087 
6668 2216 3632 1923 
6669 2026 3686 2592 
6670 1499 3722 2465 
6671 1948 4283 1947 
6672 1564 3909 2517 
6673 1805 3871 2152 
6674 1562 3785 2903 
6675 2280 4213 3927 
6676 1285 4103 3938 
6677 3696 4456 950 
6678 1601 4054 401 
6679 1582 4009 834 
6680 1082 4115 1107 
6681 2959 4003 1334 
6682 4179 4319 1170 
6683 1882 4215 4199 
6684 1950 3657 3301 
6685 1642 4025 2573 
6686 2584 4304 1844 
6687 2074 4276 3703 
6688 3936 4497 2363 
6689 1964 4298 2420 
6690 2815 4321 992 
6691 2618 4339 2009 
6692 1333 4452 3636 
6693 2962 4488 4285 
6694 1034 4029 645 
6695 1869 3842 1702 
6696 1791 3788 1790 
6697 1153 3698 1100 
6698 1948 4417 4283 
6699 3592 4429 1998 
6700 3736 4438 3139 
6701 4334 4510 3828 
6702 2452 3961 2185 
6703 3896 4461 2534 
6704 2585 4263 1025 
6705 918 4263 883 
6706 4130 4481 1603 
6707 4040 4042 1001 
6708 1222 3806 1240 
6709 1055 4118 1053 
6710 4764 5377 3175 
6711 3671 4577 2073 
6712 2001 4277 1820 
6713 24 3547 23 
6714 3361 5404 4781 
6715 3451 4487 2576 
6716 1537 4256 1859 
6717 3347 4397 3556 
6718 4720 4834 2826 
6719 3794 3799 3797 
6720 85 3508 38 
6721 39 3508 72 
6722 2581 3874 1938 
6723 1680 4418 482 
6724 977 4447 563 
6725 3991 4250 2063 
6726 1613 3643 827 
6727 1080 4582 4174 
6728 1405 3588 1724 
6729 1893 4395 1717 
6730 1489 4477 2082 
6731 1134 4182 1040 
6732 2988 4242 2265 
6733 3376 3624 3571 
6734 41 4387 40 
6735 2554 4463 2658 
6736 3663 4507 3591 
6737 3975 4477 1487 
6738 1699 3666 1697 
6739 3991 4450 4250 
6740 3647 4063 589 
6741 3842 4431 3843 
6742 869 4188 1582 
6743 921 4188 887 
6744 4016 4492 2816 
6745 1984 4464 3971 
6746 1087 4120 1085 
6747 2647 4537 4405 
6748 2767 4195 3425 
6749 2365 4195 2366 
6750 478 3928 488 
6751 3417 4805 73 
6752 2315 3699 1612 
6753 1009 3576 1678 
6754 609 4307 1639 
6755 972 3853 2075 
6756 954 4078 1703 
6757 4029 4147 4030 
6758 3951 4447 3948 
6759 922 3996 920 
6760 1675 3649 2153 
6761 1641 3749 1643 
6762 4194 4437 3822 
6763 4373 4424 2972 
6764 194 3968 172 
6765 2576 4487 4281 
6766 4256 4480 2112 
6767 4494 4596 2953 
6768 138 4554 3558 
6769 932 4111 993 
6770 157 3560 146 
6771 722 4294 718 
6772 1497 3747 1496 
6773 2268 3959 2764 
6774 4272 4514 4216 
6775 2103 4478 1856 
6776 3512 3519 41 
6777 1694 4463 4043 
6778 959 3790 2042 
6779 1144 3790 1027 
6780 4467 4519 4367 
6781 2358 4470 2791 
6782 5054 5268 3568 
6783 4080 4118 3370 
6784 1016 4408 961 
6785 3880 4394 1707 
6786 4175 4467 202 
6787 1086 3974 1143 
6788 4015 4552 4014 
6789 4005 4093 2056 
6790 936 3652 897 
6791 1399 3978 1330 
6792 4081 4418 4082 
6793 4574 4753 3589 
6794 1276 4110 1694 
6795 4667 4675 2568 
6796 641 4028 2093 
6797 408 3972 409 
6798 2061 3865 2703 
6799 3611 4508 3612 
6800 3349 4490 2588 
6801 439 3826 437 
6802 909 3992 906 
6803 2669 4619 4472 
6804 1912 3723 2389 
6805 1094 3917 3877 
6806 537 4379 1289 
6807 4121 4520 4053 
6808 913 3853 972 
6809 873 4078 954 
6810 1272 4392 1201 
6811 612 4307 609 
6812 726 3802 724 
6813 889 4942 3469 
6814 2167 4431 2710 
6815 1490 4443 1488 
6816 1035 4099 1036 
6817 3104 3697 2227 
6818 3127 3458 2156 
6819 2394 4206 3278 
6820 1927 4484 4240 
6821 3519 3520 79 
6822 174 4421 168 
6823 244 4525 4442 
6824 4043 4463 2552 
6825 817 3952 2525 
6826 565 4447 3951 
6827 3081 4214 2302 
6828 4355 4356 2965 
6829 3223 5257 3331 
6830 1308 4561 1720 
6831 344 4266 342 
6832 1077 3781 710 
6833 2465 4114 2467 
6834 44 64 45 
6835 2631 4535 4454 
6836 2706 4484 4265 
6837 3060 3471 2183 
6838 3917 4446 3877 
6839 4149 4409 511 
6840 4437 4574 2287 
6841 4136 4441 1353 
6842 1293 3973 1685 
6843 2532 4461 4243 
6844 2299 4422 227 
6845 230 4442 4052 
6846 717 3728 715 
6847 4137 4441 4136 
6848 2273 4460 3788 
6849 3613 4516 4406 
6850 1057 4488 1088 
6851 1061 3866 1193 
6852 2125 4284 2830 
6853 2112 4284 2105 
6854 2073 3854 1012 
6855 1478 3812 2694 
6856 1315 3812 1424 
6857 1704 3724 3723 
6858 2907 3443 2867 
6859 1768 3713 1423 
6860 2735 3987 1116 
6861 3148 4553 3150 
6862 454 3618 2515 
6863 1085 4120 4119 
6864 79 131 124 
6865 203 4166 205 
6866 2677 4302 2840 
6867 1719 4493 2131 
6868 1602 3806 3608 
6869 2271 4270 3958 
6870 1472 4100 1280 
6871 4263 4544 2557 
6872 1851 3870 2241 
6873 1847 3870 1430 
6874 1038 4515 1134 
6875 3303 3998 2579 
6876 2710 4615 3244 
6877 1633 3859 733 
6878 4237 4489 2248 
6879 64 3460 45 
6880 2282 4074 3188 
6881 2278 4074 2279 
6882 4027 4470 2358 
6883 1656 3912 2594 
6884 1766 3912 1657 
6885 1493 4153 1340 
6886 2189 4479 4342 
6887 1895 3631 2215 
6888 2251 3752 3100 
6889 3322 3752 2478 
6890 433 3929 478 
6891 1056 4410 1058 
6892 2945 5042 4547 
6893 1856 4478 4157 
6894 4052 4442 2949 
6895 1233 4618 3899 
6896 4683 4712 3054 
6897 1906 3993 1438 
6898 119 3312 66 
6899 3971 4464 2536 
6900 4039 4473 2052 
6901 1481 3986 1452 
6902 3153 3395 3215 
6903 750 4386 2516 
6904 3748 4536 2628 
6905 2596 4495 3049 
6906 1913 3880 1707 
6907 4499 4594 1943 
6908 4035 4036 833 
6909 3021 4485 2740 
6910 779 3793 783 
6911 1831 4474 2418 
6912 629 3955 635 
6913 1300 4121 1297 
6914 411 4252 3972 
6915 1239 3641 1221 
6916 715 3727 713 
6917 1982 3997 1331 
6918 2858 4473 4039 
6919 2482 3360 2815 
6920 282 4509 4069 
6921 1693 5384 3308 
6922 3723 3724 2872 
6923 4704 4829 3032 
6924 3007 3685 2957 
6925 3608 3806 2951 
6926 4503 5025 4480 
6927 583 4024 580 
6928 2730 3878 1796 
6929 2835 4594 2659 
6930 2520 4460 3216 
6931 849 3630 850 
6932 721 4518 662 
6933 660 4518 1577 
6934 3796 3800 3799 
6935 1746 4483 1744 
6936 2252 4260 2479 
6937 3932 4522 3934 
6938 2592 4617 4486 
6939 1052 4142 1054 
6940 3996 4535 3995 
6941 1353 4441 1356 
6942 175 3567 165 
6943 2008 3579 2177 
6944 2740 4485 4092 
6945 3869 3922 1382 
6946 997 4174 1627 
6947 844 4346 891 
6948 1535 4346 831 
6949 3306 4975 1568 
6950 2612 4416 3652 
6951 734 4251 1242 
6952 1407 3578 1404 
6953 1666 4446 3917 
6954 1799 3682 1937 
6955 1744 4483 3805 
6956 3793 4571 3796 
6957 2846 3954 3414 
6958 1981 3954 2240 
6959 469 4252 415 
6960 914 4388 912 
6961 4368 4422 2970 
6962 2503 3811 2322 
6963 2324 3811 2775 
6964 4442 4525 2949 
6965 3517 4595 4554 
6966 2288 4517 4079 
6967 2506 3559 235 
6968 2029 4342 2032 
6969 3512 3521 3519 
6970 478 3929 3928 
6971 2534 4461 2532 
6972 4247 4520 4121 
6973 3006 4505 4462 
6974 2291 4144 1313 
6975 3905 4503 3904 
6976 42 3519 79 
6977 1665 4267 4266 
6978 3926 4398 1112 
6979 3957 4506 2857 
6980 882 4194 3822 
6981 2760 5343 3458 
6982 645 4029 643 
6983 1450 3920 1449 
6984 2080 4406 2079 
6985 2212 4406 2900 
6986 4134 4537 1475 
6987 2052 4473 3072 
6988 1610 3698 1153 
6989 3633 3634 603 
6990 4038 4572 1700 
6991 2659 4499 2603 
6992 1172 4541 4044 
6993 1649 4450 1658 
6994 3434 4978 2800 
6995 2955 4644 4146 
6996 870 4455 888 
6997 3594 3596 859 
6998 3006 4690 4505 
6999 3700 4508 3611 
7000 3463 4719 1887 
7001 209 3965 3964 
7002 2088 4511 4510 
7003 4215 4625 4199 
7004 159 3566 1552 
7005 4243 4461 1674 
7006 1025 4263 918 
7007 1205 4458 1207 
7008 2620 4748 4098 
7009 2249 3446 2202 
7010 1376 4311 1269 
7011 1270 4311 1619 
7012 4020 4023 890 
7013 715 3728 3727 
7014 1387 4525 246 
7015 232 4442 230 
7016 4144 4540 4143 
7017 2951 3806 1222 
7018 1088 4118 1055 
7019 2398 4464 1984 
7020 2951 4527 3608 
7021 1137 4014 1031 
7022 1011 4014 2632 
7023 3768 3776 3771 
7024 1682 4424 183 
7025 1807 4370 2331 
7026 1992 3608 2439 
7027 45 3460 46 
7028 4440 4580 1535 
7029 5110 5205 153 
7030 587 4333 3801 
7031 3278 4277 2001 
7032 467 4094 473 
7033 2043 4094 468 
7034 3458 5343 3459 
7035 2567 4560 3567 
7036 595 3910 3909 
7037 3760 4606 4444 
7038 2816 4492 3413 
7039 1137 4015 4014 
7040 3707 4580 3704 
7041 3090 4620 3813 
7042 2034 4539 3901 
7043 1600 4546 4057 
7044 4444 4606 481 
7045 480 5213 3332 
7046 1473 3587 1932 
7047 1141 3587 1281 
7048 2728 4420 4139 
7049 2716 4492 4016 
7050 3502 4584 3503 
7051 3843 4431 1789 
7052 3290 4477 3975 
7053 4250 4450 1647 
7054 2652 3625 2657 
7055 1662 4249 4248 
7056 482 4418 470 
7057 626 4001 1588 
7058 952 4001 636 
7059 563 4447 565 
7060 4357 4569 3143 
7061 1071 4004 1234 
7062 4011 4527 2951 
7063 3234 4480 2570 
7064 827 3643 825 
7065 4153 4462 1734 
7066 4105 4509 282 
7067 857 3594 859 
7068 1724 3588 2312 
7069 2634 3856 2636 
7070 1496 4257 1422 
7071 1421 4257 2599 
7072 3822 4437 2287 
7073 1487 4477 1489 
7074 2210 4619 2751 
7075 3649 3650 2794 
7076 1002 3577 1004 
7077 2552 4463 2554 
7078 3921 4553 3148 
7079 1951 3740 2258 
7080 1800 3666 1699 
7081 1052 4177 4142 
7082 3675 3676 3674 
7083 4279 4421 4278 
7084 1359 4247 4121 
7085 1298 4037 1243 
7086 1149 4037 2530 
7087 887 4188 869 
7088 66 3312 118 
7089 3519 3521 3520 
7090 307 4244 2591 
7091 481 4244 309 
7092 4285 4488 1059 
7093 1312 4013 1311 
7094 606 3633 603 
7095 209 3964 1845 
7096 2416 4218 3195 
7097 2366 4195 2767 
7098 3824 4721 3825 
7099 4245 4688 2936 
7100 929 3684 937 
7101 1612 3699 1610 
7102 1007 3576 1009 
7103 1618 3639 2250 
7104 1672 4559 1704 
7105 436 4404 438 
7106 3207 5058 2 
7107 4023 4276 890 
7108 2646 3755 2644 
7109 993 4111 1091 
7110 146 3560 145 
7111 2531 4159 540 
7112 1130 4159 1339 
7113 4019 4624 4021 
7114 2963 3853 3852 
7115 2990 4078 4077 
7116 22 3517 23 
7117 42 3541 41 
7118 1559 4294 722 
7119 2471 3963 2474 
7120 2984 4520 4247 
7121 847 4308 836 
7122 2264 3581 3579 
7123 4079 4517 3974 
7124 4174 4582 2563 
7125 3749 4536 3748 
7126 3904 4503 3903 
7127 3609 4396 2514 
7128 1566 4543 4296 
7129 1496 4449 4257 
7130 4157 4478 2567 
7131 1027 3790 959 
7132 4463 4573 2658 
7133 470 4418 4081 
7134 2612 3652 936 
7135 1348 3585 1526 
7136 2598 3978 1399 
7137 3967 3968 194 
7138 2989 4371 2969 
7139 1365 4844 3665 
7140 1091 4110 1276 
7141 2982 3713 1768 
7142 643 4028 641 
7143 2058 3865 2061 
7144 3670 4577 3671 
7145 3974 4517 3973 
7146 2588 4490 2586 
7147 93 3461 7 
7148 1175 3826 439 
7149 5027 5500 1392 
7150 906 3992 905 
7151 2389 3723 2872 
7152 3275 4492 2716 
7153 4580 4633 1535 
7154 2604 3729 2606 
7155 1164 3745 530 
7156 594 3655 593 
7157 2665 4618 2693 
7158 1610 3699 3698 
7159 1221 3640 1219 
7160 4422 4599 2970 
7161 820 4440 1535 
7162 3796 3799 3794 
7163 38 3508 39 
7164 1789 4431 2167 
7165 4281 4487 2263 
7166 1140 4099 1035 
7167 3108 5016 4876 
7168 643 4029 4028 
7169 77 3429 9 
7170 3002 4206 2394 
7171 3099 5495 2745 
7172 4524 5080 2769 
7173 3874 3875 2192 
7174 4278 4421 174 
7175 968 4513 1677 
7176 2610 4542 4160 
7177 1608 4576 4575 
7178 2751 4647 3193 
7179 2493 5426 3818 
7180 3510 3521 3512 
7181 4145 4458 2956 
7182 740 4019 890 
7183 1975 4721 3824 
7184 3484 5460 5066 
7185 4180 4319 4179 
7186 1427 4561 1308 
7187 1665 4266 344 
7188 2845 3626 2656 
7189 1275 4060 1307 
7190 3652 4416 1600 
7191 4488 4598 1088 
7192 924 4571 775 
7193 2640 4625 4215 
7194 173 4422 4368 
7195 3805 4483 2961 
7196 1601 4468 4054 
7197 4142 4177 4073 
7198 1685 3973 2983 
7199 3386 4948 714 
7200 3330 5112 2515 
7201 2632 4521 4046 
7202 4367 4519 2086 
7203 1949 3688 1945 
7204 3049 4605 3197 
7205 3814 3816 3815 
7206 514 4158 521 
7207 1347 4336 2002 
7208 2142 4336 1345 
7209 2739 4609 3020 
7210 1691 5200 4120 
7211 3869 4434 3922 
7212 227 4422 173 
7213 1091 4111 4110 
7214 3632 4566 2802 
7215 4092 4485 218 
7216 624 4017 619 
7217 1059 4488 1057 
7218 1193 3866 2058 
7219 4017 4018 620 
7220 2105 4284 2125 
7221 390 4322 387 
7222 2965 4322 2076 
7223 2937 3628 2845 
7224 2360 4460 2273 
7225 1424 3812 1478 
7226 2671 4560 4478 
7227 2513 4596 4494 
7228 1696 3670 1628 
7229 2449 4026 2499 
7230 224 4166 203 
7231 2977 4302 2677 
7232 358 3687 1453 
7233 403 3687 361 
7234 4167 4556 2085 
7235 2749 4526 4434 
7236 1280 4100 1140 
7237 2995 4114 4113 
7238 2658 4573 3054 
7239 4207 5314 3305 
7240 1430 3870 1851 
7241 1171 3831 2043 
7242 1246 5392 4178 
7243 3015 4614 2667 
7244 1271 4002 1268 
7245 1419 4002 2561 
7246 3804 4515 4099 
7247 2579 3998 2577 
7248 2651 3610 2512 
7249 2511 3610 2800 
7250 3185 5171 3505 
7251 3684 3685 1080 
7252 4040 4504 4042 
7253 3484 5066 108 
7254 1679 3595 3594 
7255 2513 4494 2509 
7256 4538 4593 2758 
7257 3119 4616 2895 
7258 4143 4540 4156 
7259 2566 4470 4027 
7260 2902 4588 3203 
7261 2279 4074 2282 
7262 4692 4773 3897 
7263 3468 4823 1633 
7264 2954 4566 2216 
7265 2589 4489 4237 
7266 20 3514 21 
7267 1657 3912 1656 
7268 3322 4414 3752 
7269 2676 4493 2598 
7270 4099 4100 3804 
7271 2670 4536 4389 
7272 2215 3631 2803 
7273 2478 3752 2251 
7274 4063 4538 2627 
7275 512 4163 1185 
7276 3686 4498 2592 
7277 732 4344 4251 
7278 2131 3741 3740 
7279 1939 3667 1801 
7280 3891 4555 3037 
7281 2058 3866 3865 
7282 614 4401 604 
7283 3633 3635 3634 
7284 424 4398 422 
7285 2543 3993 1906 
7286 4147 4443 4030 
7287 1970 3709 3023 
7288 1350 3709 1462 
7289 3715 4685 3716 
7290 57 3548 95 
7291 110 3548 58 
7292 1676 4649 4376 
7293 3401 4864 1366 
7294 523 4164 498 
7295 1863 3986 1481 
7296 2594 4495 2596 
7297 4453 4529 2649 
7298 4858 4962 4198 
7299 3628 3629 1638 
7300 2912 3880 1913 
7301 2819 4426 2817 
7302 1704 4559 3724 
7303 2498 3841 3012 
7304 3892 4555 3891 
7305 777 3793 779 
7306 1359 4121 1300 
7307 2598 4493 3978 
7308 3157 4219 4218 
7309 2855 4484 2706 
7310 3648 3650 3649 
7311 1826 4275 1471 
7312 1140 4100 4099 
7313 4055 4890 4056 
7314 1542 3734 1540 
7315 2360 5464 3837 
7316 2950 4455 4222 
7317 2577 3997 1982 
7318 4424 4600 2972 
7319 4754 4875 2326 
7320 3638 4433 4049 
7321 137 4411 139 
7322 2530 4532 4164 
7323 2244 3985 2243 
7324 2638 4331 3009 
7325 999 4046 942 
7326 819 3911 923 
7327 1936 3911 830 
7328 3133 4744 3131 
7329 930 4045 953 
7330 2727 4396 3257 
7331 2545 4467 4175 
7332 367 3759 363 
7333 3060 4393 3471 
7334 2544 4024 583 
7335 2045 3669 1418 
7336 4398 4548 422 
7337 4146 4456 2955 
7338 1246 4191 3840 
7339 850 3630 855 
7340 662 4518 660 
7341 185 4424 4373 
7342 4338 4356 466 
7343 4308 4309 1613 
7344 2021 4436 3641 
7345 2014 4332 1749 
7346 2817 4426 4169 
7347 2981 4260 2252 
7348 3362 4589 1735 
7349 1323 4589 1324 
7350 2040 4552 4015 
7351 420 4548 1176 
7352 2374 3775 2116 
7353 4522 4632 3934 
7354 2957 3685 3684 
7355 47 3515 83 
7356 2467 4114 2995 
7357 165 3567 162 
7358 2264 3579 2008 
7359 1627 4174 2563 
7360 3606 4732 4678 
7361 2506 4448 3559 
7362 831 4346 844 
7363 732 4251 734 
7364 1809 4357 1811 
7365 2683 4537 2647 
7366 1557 3578 1407 
7367 2263 4487 2908 
7368 3914 5324 4895 
7369 4312 4524 4313 
7370 3777 4389 2072 
7371 1937 3682 2582 
7372 2866 4465 2543 
7373 2240 3954 2846 
7374 3407 5206 1571 
7375 415 4252 411 
7376 311 4444 481 
7377 927 4388 914 
7378 2719 3883 2717 
7379 2398 5282 4464 
7380 2322 3811 2324 
7381 2681 4552 2040 
7382 505 4403 484 
7383 4283 4417 3412 
7384 4290 4540 4428 
7385 2571 4481 4130 
7386 3376 4671 3624 
7387 1725 4405 1417 
7388 2647 4405 1824 
7389 2757 4466 2544 
7390 2577 3998 3997 
7391 3209 5277 5248 
7392 2451 4627 3223 
7393 3908 4797 3907 
7394 2446 4383 1 
7395 4202 4604 4386 
7396 2118 3775 3761 
7397 149 4385 147 
7398 1206 3833 1184 
7399 3636 4452 2329 
7400 3572 4451 1897 
7401 2955 4456 3696 
7402 2959 4209 4003 
7403 3657 4459 3301 
7404 2879 4497 3936 
7405 1112 4398 424 
7406 4553 4623 3150 
7407 3567 4560 3566 
7408 3765 4606 3762 
7409 669 4635 926 
7410 1426 3970 3883 
7411 3747 4449 1496 
7412 4010 4522 3935 
7413 457 4585 459 
7414 1173 4146 1325 
7415 4495 4605 3049 
7416 2787 4809 4670 
7417 1932 4454 2692 
7418 4286 4754 2326 
7419 2491 3604 3603 
7420 4313 4592 977 
7421 4104 4430 2285 
7422 3442 5365 3311 
7423 4082 4468 1601 
7424 1740 3920 1450 
7425 3459 4489 2589 
7426 1795 4224 2731 
7427 1502 4224 1500 
7428 2079 4406 2212 
7429 875 4500 2088 
7430 2660 4595 2715 
7431 2787 4670 2681 
7432 2543 4465 3993 
7433 4156 4540 4290 
7434 4478 4560 2567 
7435 3093 4509 4105 
7436 4183 4706 1216 
7437 1007 3577 3576 
7438 4421 4549 161 
7439 3654 5050 5029 
7440 2573 4412 4173 
7441 2603 4499 2601 
7442 1647 4450 1649 
7443 4366 4588 2902 
7444 3387 4686 2456 
7445 3594 3597 3596 
7446 2149 3846 2408 
7447 888 4455 957 
7448 2518 4628 4449 
7449 3857 4661 1241 
7450 3024 4737 4725 
7451 4384 4555 3892 
7452 1748 4658 2129 
7453 3792 4963 2889 
7454 4493 4603 2131 
7455 2544 4466 4024 
7456 1385 4155 1502 
7457 3830 4953 4402 
7458 3714 4619 2210 
7459 162 3566 159 
7460 3701 4440 762 
7461 2633 4005 3003 
7462 1878 4524 4312 
7463 1367 4458 1205 
7464 1876 4494 3622 
7465 3882 4587 2344 
7466 2202 3446 3158 
7467 900 4172 899 
7468 3935 4522 3932 
7469 1269 4311 1270 
7470 1337 4140 1551 
7471 246 4525 244 
7472 1857 4508 3700 
7473 3455 4788 2564 
7474 1279 4297 1208 
7475 2600 4297 1609 
7476 3393 5143 1455 
7477 1632 4555 4384 
7478 1031 4014 1011 
7479 3766 3776 3768 
7480 3767 4665 3765 
7481 183 4424 185 
7482 1786 4370 1807 
7483 3370 4597 3371 
7484 1602 3608 1992 
7485 2319 4522 4010 
7486 1324 4127 1266 
7487 1178 4453 3617 
7488 3860 4427 1579 
7489 2546 4475 3858 
7490 2162 4491 4326 
7491 3162 4502 3601 
7492 4345 4812 2973 
7493 1204 3823 1754 
7494 468 4094 467 
7495 3966 4430 3967 
7496 3967 4430 3968 
7497 507 4400 1114 
7498 1624 4400 525 
7499 3517 4399 23 
7500 1682 4600 4424 
7501 162 3567 3566 
7502 3704 4580 3702 
7503 41 3519 42 
7504 2924 5127 4610 
7505 4403 4476 4033 
7506 3564 4563 2506 
7507 1281 3587 1473 
7508 4075 4392 4289 
7509 1694 4573 4463 
7510 544 4126 545 
7511 4067 5458 1578 
7512 1941 3726 2239 
7513 3086 5363 4608 
7514 2654 3625 2652 
7515 4711 4807 3019 
7516 3920 4553 3921 
7517 638 3756 1014 
7518 3150 4623 3152 
7519 4615 4693 3244 
7520 1700 4572 4102 
7521 636 4001 626 
7522 1234 4004 2633 
7523 1242 4624 736 
7524 1370 3744 1166 
7525 1679 3594 857 
7526 1908 4317 1485 
7527 2636 3856 2639 
7528 2962 4598 4488 
7529 1422 4257 1421 
7530 977 4592 4447 
7531 939 4830 980 
7532 2523 4785 2524 
7533 4471 4675 4667 
7534 2514 4396 2727 
7535 4457 4694 2992 
7536 1004 3577 1007 
7537 2376 4314 3112 
7538 2238 4686 3737 
7539 3816 4591 2747 
7540 2131 3740 1951 
7541 4004 4093 4005 
7542 2890 4596 2513 
7543 3506 4923 2147 
7544 359 4261 364 
7545 373 4261 2611 
7546 4470 4567 4471 
7547 1243 4037 1149 
7548 1572 4926 3434 
7549 2284 4657 2884 
7550 309 4244 307 
7551 2067 3683 915 
7552 4252 4531 3972 
7553 3734 4982 1547 
7554 2166 4565 4070 
7555 292 5366 3331 
7556 3810 4635 667 
7557 3294 4013 1312 
7558 2084 4176 1522 
7559 995 4176 985 
7560 1639 3633 606 
7561 3575 5463 3528 
7562 4431 4615 2710 
7563 2216 4566 3632 
7564 1845 3964 2270 
7565 3157 4218 2416 
7566 1104 4456 4146 
7567 2548 5447 3089 
7568 151 4549 154 
7569 1223 3639 1618 
7570 3827 4618 2665 
7571 366 3898 365 
7572 2592 4486 2024 
7573 4537 4638 1475 
7574 2231 3778 1885 
7575 2972 4600 4065 
7576 3761 4682 3763 
7577 438 4404 464 
7578 396 4196 414 
7579 2876 3755 2646 
7580 3033 4662 2679 
7581 5074 5242 3022 
7582 2559 4474 4060 
7583 2963 4568 2964 
7584 4223 4559 1672 
7585 3250 4607 3248 
7586 3687 4512 1453 
7587 540 4159 1130 
7588 1920 4325 2827 
7589 2100 4325 1921 
7590 3647 4538 4063 
7591 2270 3963 2471 
7592 3510 4640 3521 
7593 1620 4349 964 
7594 902 4349 885 
7595 836 4308 1613 
7596 4450 4614 1658 
7597 356 4055 353 
7598 2549 4559 4223 
7599 2072 4536 3749 
7600 957 4455 3585 
7601 2093 4593 4538 
7602 777 4571 3793 
7603 881 3844 868 
7604 4301 4496 2310 
7605 2953 4596 2954 
7606 3896 4604 4461 
7607 728 5489 3324 
7608 2958 4379 3669 
7609 2118 3760 3759 
7610 2664 4612 4073 
7611 2928 4708 2441 
7612 3221 5347 3800 
7613 957 3585 1348 
7614 2436 4315 2711 
7615 2088 4510 4334 
7616 3640 4436 3639 
7617 114 4584 3541 
7618 3265 5198 3461 
7619 199 4008 1379 
7620 4907 4918 3615 
7621 4053 4520 2283 
7622 3056 4709 3055 
7623 2833 4578 2832 
7624 2676 4603 4493 
7625 3991 4614 4450 
7626 418 4006 200 
7627 2573 4173 3992 
7628 2093 4538 3647 
7629 2985 4655 4654 
7630 2984 4657 4520 
7631 167 3650 3648 
7632 808 3642 1584 
7633 825 3642 813 
7634 3314 3729 2604 
7635 2663 4663 3804 
7636 1918 4605 4495 
7637 285 4688 258 
7638 1862 3655 594 
7639 4193 5189 5088 
7640 2232 4362 1818 
7641 2914 4563 3564 
7642 2270 3964 3963 
7643 139 4445 3464 
7644 1219 3640 1223 
7645 1547 4132 1420 
7646 762 4440 820 
7647 3132 3439 3133 
7648 1146 4372 1291 
7649 4030 4593 4028 
7650 447 4291 1634 
7651 2196 4365 2206 
7652 2601 4499 3688 
7653 3356 5300 46 
7654 87 3517 22 
7655 114 3541 42 
7656 5223 5325 3013 
7657 1678 4530 4363 
7658 1734 4505 4002 
7659 1233 3899 554 
7660 3589 4753 3588 
7661 218 4607 4190 
7662 2291 4540 4144 
7663 1534 4697 2447 
7664 248 4691 1387 
7665 382 4338 466 
7666 4140 4613 1551 
7667 4539 4661 3857 
7668 3682 4457 2582 
7669 3927 4637 4548 
7670 4710 4721 4180 
7671 2319 4632 4522 
7672 4388 4389 3777 
7673 2288 4664 4517 
7674 1194 4131 1231 
7675 4606 4665 481 
7676 3066 3999 3068 
7677 1223 3640 3639 
7678 13 3485 96 
7679 106 3485 14 
7680 2828 4419 4359 
7681 4075 4641 4074 
7682 1975 3824 3823 
7683 4447 4592 3948 
7684 2267 4423 3575 
7685 2654 3626 3625 
7686 3724 4645 2874 
7687 3883 3970 2717 
7688 2936 4689 4245 
7689 3924 4621 3923 
7690 1283 4239 4140 
7691 966 4513 968 
7692 2329 4452 2675 
7693 2192 3875 3646 
7694 2935 4999 4916 
7695 49 3479 48 
7696 3608 4527 2439 
7697 3193 4647 3435 
7698 3641 4436 3640 
7699 1581 4713 4261 
7700 2505 4622 3166 
7701 896 4085 966 
7702 1597 4085 871 
7703 4070 4565 2769 
7704 4508 4672 3616 
7705 738 4019 740 
7706 971 3942 955 
7707 1574 5208 3365 
7708 2979 4671 4115 
7709 3179 5260 3181 
7710 3948 4592 3949 
7711 3010 4637 4213 
7712 402 3907 2575 
7713 489 3907 407 
7714 2626 4533 3732 
7715 4009 4567 2566 
7716 2296 4535 3996 
7717 2562 4690 2609 
7718 3789 4568 907 
7719 3456 5421 5060 
7720 378 4674 372 
7721 3393 4745 2934 
7722 2944 4591 2318 
7723 2656 3626 2654 
7724 3248 4607 4485 
7725 2559 4060 1275 
7726 3358 5272 380 
7727 2693 4720 2826 
7728 3237 5182 1111 
7729 775 4571 777 
7730 1093 3621 840 
7731 4484 4627 4240 
7732 2968 4511 4500 
7733 4007 4008 199 
7734 3673 4803 3675 
7735 4110 4573 1694 
7736 2502 4705 1995 
7737 2601 3688 1949 
7738 256 4688 4245 
7739 2704 4664 4047 
7740 1839 3623 1814 
7741 1185 4158 514 
7742 1345 4336 1347 
7743 2741 4609 2739 
7744 4567 4675 4471 
7745 4555 4636 3037 
7746 3865 4611 2703 
7747 1996 4705 4233 
7748 1632 4636 4555 
7749 3981 3985 2244 
7750 1588 4017 624 
7751 3088 4694 4457 
7752 4113 4114 1282 
7753 3779 4617 1175 
7754 2669 4472 1775 
7755 1582 4675 4567 
7756 4028 4593 2093 
7757 2721 4479 2189 
7758 2076 4322 390 
7759 98 5300 3355 
7760 4485 4607 218 
7761 3792 4791 3791 
7762 54 63 55 
7763 3398 4976 1328 
7764 4115 4671 1107 
7765 4441 4616 1530 
7766 949 4402 963 
7767 1755 3710 1367 
7768 2370 3710 1962 
7769 1674 4604 4202 
7770 2506 4563 4448 
7771 1582 4567 4009 
7772 4505 4690 2561 
7773 2643 3670 1696 
7774 4702 4726 4413 
7775 3607 4732 3605 
7776 4599 4707 3919 
7777 2785 4900 4802 
7778 1786 4371 4370 
7779 3012 4026 2449 
7780 2546 4476 4475 
7781 2683 4638 4537 
7782 3511 4736 4640 
7783 2823 4872 3373 
7784 52 3518 78 
7785 4094 4095 473 
7786 70 3537 3536 
7787 361 3687 358 
7788 4461 4604 1674 
7789 4468 4710 4180 
7790 4434 4526 3922 
7791 14 3516 15 
7792 3520 3521 2275 
7793 3726 4843 2239 
7794 4118 4597 3370 
7795 3586 4426 2819 
7796 1182 3831 1171 
7797 907 4568 3852 
7798 2667 4614 3991 
7799 2022 4486 4335 
7800 4964 5495 3099 
7801 1268 4002 1419 
7802 2512 3610 2511 
7803 4227 4680 4228 
7804 2472 4749 2470 
7805 2085 4556 4412 
7806 2708 4601 4556 
7807 2222 3658 2361 
7808 2770 4603 2676 
7809 2509 4494 1876 
7810 3015 4701 4614 
7811 2764 4628 2518 
7812 1870 3784 2622 
7813 1874 3784 1871 
7814 3321 4758 3339 
7815 3285 4669 4217 
7816 2131 4603 3741 
7817 2582 4457 2992 
7818 4557 4645 3928 
7819 4393 4608 1211 
7820 3746 4655 2985 
7821 442 4234 2128 
7822 464 4234 440 
7823 3842 4615 4431 
7824 2064 4683 4111 
7825 4011 4706 4527 
7826 4002 4505 2561 
7827 503 4163 512 
7828 2405 4782 2345 
7829 2239 3667 1939 
7830 1740 4553 3920 
7831 4449 4628 2977 
7832 3854 4639 3855 
7833 4410 4611 3865 
7834 1585 4401 614 
7835 2726 3680 2187 
7836 2669 4647 4619 
7837 3973 4517 2983 
7838 4577 4639 2073 
7839 1462 3709 1970 
7840 4096 4748 4097 
7841 4266 4610 412 
7842 498 4164 503 
7843 2782 4762 2705 
7844 2707 4762 3442 
7845 4559 4645 3724 
7846 3507 3518 51 
7847 3623 4854 2359 
7848 3882 4275 2966 
7849 2571 4482 4481 
7850 3962 4632 3961 
7851 4548 4637 1176 
7852 2301 4648 3024 
7853 4142 4612 1122 
7854 3205 3841 2498 
7855 3119 4697 4616 
7856 2566 4567 4470 
7857 2895 4616 4137 
7858 2545 4519 4467 
7859 2966 4275 1826 
7860 4231 4669 3116 
7861 2199 3734 1542 
7862 3832 4550 2043 
7863 4073 4612 4142 
7864 3665 4994 1365 
7865 2286 4655 3744 
7866 2299 4599 4422 
7867 4137 4616 4441 
7868 75 3514 20 
7869 2639 4331 2638 
7870 942 4046 938 
7871 1925 4407 2641 
7872 1591 4407 1669 
7873 830 3911 819 
7874 2524 4678 4427 
7875 3778 4755 1349 
7876 1598 4700 4305 
7877 938 4045 930 
7878 4005 4269 3003 
7879 2118 3759 367 
7880 503 4164 4163 
7881 2958 3669 2045 
7882 1475 4638 4109 
7883 3887 5244 3886 
7884 2678 4629 3124 
7885 2643 4577 3670 
7886 58 3548 57 
7887 3004 4333 2642 
7888 1608 4575 3833 
7889 2642 4332 2014 
7890 1735 4589 1323 
7891 3338 5411 4983 
7892 2682 4577 2643 
7893 3039 4882 4674 
7894 422 4548 420 
7895 2116 3775 2118 
7896 1676 4735 4649 
7897 4554 4595 2660 
7898 1681 4371 1786 
7899 2733 4729 2242 
7900 2347 4729 2861 
7901 2318 4591 3814 
7902 1092 3711 2277 
7903 1023 3711 886 
7904 4196 4579 2569 
7905 2746 4776 3438 
7906 4074 4641 3188 
7907 395 3893 1857 
7908 400 3893 397 
7909 1973 4641 4289 
7910 4259 4605 1918 
7911 3244 4693 3364 
7912 2310 4496 3169 
7913 3588 4753 2312 
7914 944 3914 919 
7915 3731 4838 2070 
7916 2331 4357 1809 
7917 4327 4504 4040 
7918 1589 4557 3929 
7919 3923 4621 1567 
7920 4511 4723 4510 
7921 1182 3833 3831 
7922 2312 4871 4351 
7923 3072 4747 2664 
7924 2547 3824 2772 
7925 4262 4820 4660 
7926 2234 4714 2490 
7927 2541 4423 4148 
7928 3881 4715 3011 
7929 2439 4527 2695 
7930 1760 4743 2364 
7931 2113 4743 1758 
7932 938 4046 4045 
7933 328 4444 311 
7934 2950 4648 2301 
7935 3061 3883 2719 
7936 1604 4472 4124 
7937 2294 4526 4279 
7938 1114 4403 505 
7939 4261 4713 2611 
7940 3986 4623 1740 
7941 3907 4797 2575 
7942 3665 4634 3664 
7943 4240 4627 2451 
7944 1824 4405 1725 
7945 3125 4738 2300 
7946 1349 4786 958 
7947 4330 4949 2069 
7948 2499 4731 2225 
7949 2114 4731 3273 
7950 2681 4670 4521 
7951 2642 4333 4332 
7952 2568 4675 4188 
7953 3693 5488 1524 
7954 154 4385 149 
7955 4520 4657 2283 
7956 2855 4627 4484 
7957 1184 3833 1182 
7958 3292 4823 3468 
7959 1122 4611 4410 
7960 2205 3571 2204 
7961 3202 3571 2311 
7962 667 4635 669 
7963 2296 4581 4535 
7964 2874 4645 4557 
7965 486 4585 457 
7966 2893 5096 2892 
7967 4182 4636 1632 
7968 46 3515 47 
7969 2433 3653 2434 
7970 1104 4146 1173 
7971 1713 4750 1999 
7972 4408 4667 2568 
7973 4670 4809 953 
7974 3250 4726 4702 
7975 2922 4643 2702 
7976 1088 4597 4118 
7977 4213 4637 3927 
7978 2034 5118 3583 
7979 2128 4685 3718 
7980 3659 4994 3661 
7981 451 3715 1576 
7982 10 3543 109 
7983 3558 4554 2660 
7984 2788 4328 2851 
7985 4173 4601 4172 
7986 738 4624 4019 
7987 2713 4638 2683 
7988 3605 4732 3606 
7989 3103 4810 2613 
7990 1122 4612 4611 
7991 2525 4648 4222 
7992 4098 4748 4096 
7993 4374 4376 2971 
7994 2738 4663 2663 
7995 1500 4224 1795 
7996 885 4500 875 
7997 1216 4706 4011 
7998 3545 3569 158 
7999 3762 4606 3760 
8000 3821 5491 2493 
8001 3285 5492 4669 
8002 3615 5021 4516 
8003 3442 4762 425 
8004 1502 5249 4865 
8005 3597 3598 1597 
8006 3339 4840 3340 
8007 1740 4623 4553 
8008 4558 4986 1936 
8009 2380 3584 2107 
8010 3922 4526 2294 
8011 4428 4642 3035 
8012 2190 4316 2721 
8013 4262 4660 2672 
8014 2456 4686 2238 
8015 2150 3846 2149 
8016 3961 4632 2319 
8017 4041 4504 4327 
8018 2944 4777 4591 
8019 2378 3420 2429 
8020 2264 3584 3582 
8021 1175 4717 3826 
8022 1759 4658 1748 
8023 4047 4664 2288 
8024 2622 4501 3083 
8025 126 3546 133 
8026 444 3718 446 
8027 3667 4629 3668 
8028 3351 5238 1241 
8029 1631 4702 4413 
8030 3814 4591 3816 
8031 1614 4155 1385 
8032 3010 4730 4637 
8033 3008 4419 2828 
8034 3615 4516 3613 
8035 3769 4784 3767 
8036 905 4172 900 
8037 4605 4703 3197 
8038 1283 4140 1337 
8039 3160 5093 3161 
8040 4698 4757 1585 
8041 3852 4568 2963 
8042 3804 4663 4515 
8043 1609 4297 1279 
8044 905 4173 4172 
8045 2749 4847 4739 
8046 4058 4761 2166 
8047 5018 5321 3797 
8048 5067 5470 97 
8049 4674 4882 372 
8050 5120 5469 3224 
8051 4591 4777 2747 
8052 3763 4682 3774 
8053 3184 5285 5284 
8054 1266 4127 1179 
8055 2404 4828 2405 
8056 417 4771 321 
8057 323 4771 2617 
8058 4506 5000 88 
8059 3514 4704 87 
8060 2675 4719 3164 
8061 3540 5069 3038 
8062 4604 4696 4386 
8063 4687 4710 4082 
8064 4217 4669 4231 
8065 261 4772 1142 
8066 1754 3823 2547 
8067 574 4779 572 
8068 525 4400 507 
8069 4397 5383 1570 
8070 711 3673 1022 
8071 3263 4965 3318 
8072 3919 4707 2039 
8073 3060 4608 4393 
8074 4535 4581 4454 
8075 4430 4662 2285 
8076 2696 4599 2299 
8077 4576 4819 4575 
8078 4365 4366 2902 
8079 4396 4620 3257 
8080 4517 4664 2983 
8081 2702 4643 4613 
8082 3825 4710 4687 
8083 1978 3472 2752 
8084 5149 5290 3014 
8085 3293 4811 2724 
8086 1179 4126 544 
8087 3928 4645 2549 
8088 2462 3694 3154 
8089 1813 3694 1838 
8090 2856 4519 2545 
8091 3879 4701 2540 
8092 2915 4995 1366 
8093 3569 4767 167 
8094 1965 3656 1963 
8095 2441 4708 3385 
8096 4315 4886 4824 
8097 1943 3726 1941 
8098 892 3637 862 
8099 1088 4598 4597 
8100 1933 4788 2365 
8101 3013 5325 3136 
8102 1575 4737 3952 
8103 2686 3970 2956 
8104 1869 4615 3842 
8105 4305 4700 4212 
8106 4376 4649 2971 
8107 2065 3756 638 
8108 4896 4966 2082 
8109 3689 4650 2982 
8110 4122 4712 2064 
8111 3365 5390 1574 
8112 3464 4445 75 
8113 3972 4531 2630 
8114 736 4624 738 
8115 2286 3744 1370 
8116 4573 4683 3054 
8117 625 4844 1365 
8118 1485 4317 2286 
8119 3668 4629 2678 
8120 4926 4978 3434 
8121 3868 4667 4408 
8122 351 4790 427 
8123 1179 4127 4126 
8124 991 4830 939 
8125 804 5409 3438 
8126 2199 5394 3734 
8127 1396 3678 2292 
8128 226 3678 1177 
8129 610 4794 570 
8130 2060 4699 4269 
8131 4061 4740 1863 
8132 2277 4650 2461 
8133 535 4827 522 
8134 2331 4569 4357 
8135 3980 4818 3982 
8136 3960 4724 3959 
8137 3214 4684 2939 
8138 4639 4695 3855 
8139 2781 4314 2376 
8140 1559 4692 4294 
8141 370 5261 3758 
8142 2766 4677 2671 
8143 4171 5045 3546 
8144 3992 4173 905 
8145 4602 4719 2675 
8146 1155 4112 1282 
8147 1114 4534 4403 
8148 4654 4754 4286 
8149 4529 4530 3619 
8150 2983 4679 2316 
8151 2073 4639 3854 
8152 4267 4610 4266 
8153 4370 4371 2989 
8154 3966 4662 4430 
8155 4033 4476 2546 
8156 4616 4697 1530 
8157 1637 4680 4227 
8158 4046 4521 4045 
8159 3166 5496 3454 
8160 364 4261 373 
8161 1681 4372 4371 
8162 3381 4806 2377 
8163 4498 4617 2592 
8164 2834 5387 3380 
8165 928 4807 927 
8166 2239 4629 3667 
8167 3019 4836 2629 
8168 4345 4772 259 
8169 2786 3660 3658 
8170 2283 4657 2284 
8171 2957 3683 2067 
8172 90 4831 16 
8173 15 4831 106 
8174 3505 5433 3185 
8175 1916 4716 4443 
8176 4452 4602 2675 
8177 4271 4725 1575 
8178 2880 4673 2881 
8179 1522 4176 995 
8180 2151 4769 2199 
8181 3454 5496 82 
8182 568 4794 3902 
8183 3600 4666 4416 
8184 3276 5500 5027 
8185 3634 3635 1233 
8186 1836 4369 2233 
8187 2971 4649 2688 
8188 4550 4625 2640 
8189 161 4549 151 
8190 2258 4656 2021 
8191 4363 4530 4529 
8192 3896 4696 4604 
8193 2981 4656 4260 
8194 3570 5498 3046 
8195 375 3898 366 
8196 2873 4842 3466 
8197 2024 4486 2022 
8198 4427 4579 1579 
8199 4462 4505 1734 
8200 2881 3778 2231 
8201 2957 3684 3683 
8202 4672 4797 3616 
8203 1590 4789 3905 
8204 4783 5458 4067 
8205 4575 4819 3832 
8206 414 4196 2569 
8207 4164 4532 4163 
8208 1464 5271 3367 
8209 2930 5084 3886 
8210 4212 4482 2571 
8211 1249 4184 1251 
8212 2851 4184 1563 
8213 4607 4702 4190 
8214 4031 4760 4032 
8215 2967 4587 2966 
8216 3109 4774 2737 
8217 4069 4789 4068 
8218 2682 4639 4577 
8219 1921 4325 1920 
8220 4617 4717 1175 
8221 4294 4692 2614 
8222 4088 4844 623 
8223 2037 4727 3638 
8224 2715 4704 3032 
8225 3312 4883 2691 
8226 964 4349 902 
8227 4648 4737 3024 
8228 471 3607 483 
8229 56 3534 76 
8230 2892 5096 4512 
8231 1616 4862 1126 
8232 1128 4862 1226 
8233 13 4805 86 
8234 73 4805 12 
8235 1857 4672 4508 
8236 4763 5189 4193 
8237 3250 4702 4607 
8238 666 5230 3378 
8239 4390 4852 2497 
8240 4382 4735 1676 
8241 1453 4055 356 
8242 81 4841 27 
8243 4669 5492 2346 
8244 2557 3844 881 
8245 4770 5394 2199 
8246 1843 4863 2626 
8247 3707 4759 4633 
8248 2670 4711 3019 
8249 1366 4995 3401 
8250 2934 4745 4501 
8251 2977 4628 4302 
8252 26 4825 25 
8253 3555 5459 1990 
8254 4090 4798 4071 
8255 5078 5217 4195 
8256 2575 4797 4672 
8257 3217 5049 2774 
8258 3656 4921 3233 
8259 2143 4850 2856 
8260 2905 4850 2269 
8261 2869 4315 2436 
8262 4188 4675 1582 
8263 4289 4641 4075 
8264 2888 4631 2962 
8265 3718 4685 3715 
8266 3482 5463 3575 
8267 1701 4815 3868 
8268 1869 4693 4615 
8269 3769 4889 4784 
8270 2986 4437 3942 
8271 295 4860 293 
8272 3460 3515 46 
8273 3596 3597 1597 
8274 2147 5433 3505 
8275 4595 4704 2715 
8276 4515 4663 1134 
8277 253 4849 255 
8278 3308 5384 3230 
8279 1176 4006 418 
8280 3011 4730 3010 
8281 4022 4902 4020 
8282 813 3642 808 
8283 5083 5428 2519 
8284 4416 4546 1600 
8285 258 4688 256 
8286 3744 3745 1164 
8287 2926 4362 2232 
8288 5092 5234 3198 
8289 1482 4907 4796 
8290 2679 4662 3966 
8291 3084 4865 2793 
8292 1661 5159 4348 
8293 3897 4696 3896 
8294 4614 4701 1658 
8295 4647 4741 3435 
8296 1420 4132 1294 
8297 3123 4682 3775 
8298 2774 4823 2723 
8299 3374 5355 3375 
8300 375 3899 3898 
8301 4082 4710 4468 
8302 4004 4005 2633 
8303 1291 4372 1681 
8304 3521 4640 2275 
8305 4509 5311 2367 
8306 1634 4291 2548 
8307 2206 4365 2902 
8308 2815 4727 4321 
8309 2966 4587 3882 
8310 4758 4840 3339 
8311 3755 4695 2682 
8312 2682 4695 4639 
8313 2811 4867 2743 
8314 4190 4702 1631 
8315 4298 4810 2420 
8316 4159 4764 1607 
8317 2734 3549 2938 
8318 554 3899 375 
8319 3062 4893 3061 
8320 1328 5348 3400 
8321 1530 4697 1534 
8322 250 4691 248 
8323 384 4338 382 
8324 4560 4677 3566 
8325 2688 4649 2720 
8326 1448 4891 1338 
8327 1833 4364 2378 
8328 101 4857 3540 
8329 4097 4728 1687 
8330 1294 4131 1194 
8331 1969 3602 1967 
8332 73 4928 3417 
8333 4148 4423 2267 
8334 4222 4648 2950 
8335 940 4034 616 
8336 2542 4034 983 
8337 3070 3999 3066 
8338 543 3605 1686 
8339 4416 4666 4546 
8340 3390 4861 3034 
8341 1878 5080 4524 
8342 4657 4738 2884 
8343 2931 4905 2779 
8344 4110 4683 4573 
8345 3033 4750 4662 
8346 2835 4630 4594 
8347 2525 4737 4648 
8348 1495 4881 1511 
8349 4249 4751 4248 
8350 4363 4529 1178 
8351 474 4864 2041 
8352 1366 4864 501 
8353 269 4977 3394 
8354 4146 4644 1325 
8355 4510 4723 3829 
8356 1897 4586 3160 
8357 3532 3533 71 
8358 3604 5064 3489 
8359 1678 4775 4530 
8360 893 4098 895 
8361 871 4085 896 
8362 4007 4897 4008 
8363 1294 4132 4131 
8364 4163 4660 1185 
8365 3003 4699 3856 
8366 809 4906 803 
8367 805 4906 1638 
8368 4660 4820 1185 
8369 2986 3942 971 
8370 4562 4901 385 
8371 4111 4683 4110 
8372 3400 5264 4933 
8373 2565 4781 4201 
8374 2296 4786 4581 
8375 4355 4806 4356 
8376 407 3907 402 
8377 4204 4817 4205 
8378 1427 4991 3776 
8379 3256 5236 4766 
8380 3494 4857 3493 
8381 2766 4802 4677 
8382 3222 4415 2432 
8383 4180 4721 4319 
8384 2561 4690 2562 
8385 1178 4529 4453 
8386 4750 4861 1999 
8387 466 4674 378 
8388 2672 4660 4532 
8389 2393 4919 3994 
8390 2564 4788 4106 
8391 3252 4884 3249 
8392 3855 4695 1504 
8393 3158 5237 2673 
8394 2671 4677 4560 
8395 14 3485 13 
8396 2317 4874 2837 
8397 4412 4601 4173 
8398 2738 4752 4663 
8399 4351 4855 4352 
8400 4259 4703 4605 
8401 3047 3621 1093 
8402 4319 4721 1975 
8403 92 3479 49 
8404 1535 4633 4346 
8405 1997 3429 77 
8406 2860 5404 3361 
8407 2275 4640 4380 
8408 3070 5116 3999 
8409 1248 3863 2521 
8410 1152 3863 1213 
8411 3744 4655 3745 
8412 2549 4645 4559 
8413 3132 5323 3439 
8414 3566 4677 1552 
8415 4435 4913 3050 
8416 3929 4557 3928 
8417 1995 4705 1996 
8418 1751 4958 3443 
8419 74 4974 3425 
8420 1974 5177 3573 
8421 1369 4848 4123 
8422 2839 4832 4061 
8423 3620 4811 2087 
8424 3555 5178 1566 
8425 2204 3623 1839 
8426 3091 4364 1545 
8427 1255 4766 1253 
8428 4000 5481 180 
8429 3831 4575 3832 
8430 3790 4791 2042 
8431 595 4718 3910 
8432 3379 5014 1195 
8433 4646 4880 3046 
8434 2429 3557 2431 
8435 4542 4881 1494 
8436 1775 4472 1604 
8437 2477 4734 2729 
8438 1432 4744 2145 
8439 2134 4877 2158 
8440 3938 5161 3939 
8441 1303 4590 3577 
8442 4482 4700 3017 
8443 4307 4834 1639 
8444 4638 4742 4109 
8445 3360 5498 3212 
8446 3802 4773 1559 
8447 459 4803 458 
8448 3380 5387 2857 
8449 2962 4631 4598 
8450 4065 4821 2393 
8451 4348 5414 5188 
8452 4030 4716 4593 
8453 963 4402 975 
8454 2868 5029 2869 
8455 3900 4859 1916 
8456 1962 3710 1755 
8457 1551 4643 4138 
8458 3417 4928 3028 
8459 1075 4096 1687 
8460 2692 4581 3040 
8461 4623 4740 3152 
8462 2630 4846 3807 
8463 4427 4678 4579 
8464 4666 4856 4097 
8465 2989 4570 4370 
8466 708 5056 3406 
8467 3672 5012 1557 
8468 3072 4877 4747 
8469 2574 4886 4210 
8470 3495 5432 2967 
8471 3180 5303 3002 
8472 1943 4594 3726 
8473 2698 4707 2696 
8474 87 4595 3517 
8475 3524 4873 94 
8476 4280 4693 1869 
8477 3685 4582 1080 
8478 1911 4837 3915 
8479 4578 4795 2832 
8480 2470 4749 2905 
8481 1751 5092 3198 
8482 3318 5309 3264 
8483 2862 4703 4259 
8484 3958 5000 4506 
8485 4123 4712 4122 
8486 2786 3658 2222 
8487 2420 4810 3477 
8488 2673 4833 3884 
8489 2773 4742 2713 
8490 4707 4798 2039 
8491 4527 4706 2695 
8492 3037 4765 3036 
8493 3209 5338 5277 
8494 1871 3784 1870 
8495 1065 4895 1111 
8496 2540 4793 2733 
8497 4389 4711 2670 
8498 51 3518 52 
8499 440 4234 442 
8500 3372 4896 3333 
8501 2713 4742 4638 
8502 4736 4821 4600 
8503 86 3516 14 
8504 4663 4752 1134 
8505 4654 4655 2286 
8506 4344 4892 4251 
8507 2696 4707 4599 
8508 1115 4813 1030 
8509 2345 4782 2728 
8510 1819 4903 2583 
8511 2110 3861 1815 
8512 4386 4696 2516 
8513 3079 4954 2811 
8514 4717 4824 3826 
8515 2835 4878 4630 
8516 3897 4773 4696 
8517 4800 4801 2115 
8518 3255 3680 2726 
8519 2693 4618 3635 
8520 3227 4511 2968 
8521 3635 4618 1233 
8522 2669 4741 4647 
8523 3818 5504 2493 
8524 2059 4923 2060 
8525 2147 4923 2062 
8526 2625 5353 5320 
8527 2705 4762 2707 
8528 2747 4776 2746 
8529 4556 4601 4412 
8530 4701 4793 2540 
8531 2827 5005 3392 
8532 4533 4534 1114 
8533 3801 4718 595 
8534 305 5007 4051 
8535 2037 3638 3637 
8536 58 3488 84 
8537 76 3488 57 
8538 4693 4795 3364 
8539 3886 5244 2930 
8540 2531 5377 4764 
8541 3663 4698 4507 
8542 1557 4564 3578 
8543 481 4665 4244 
8544 1387 5478 5167 
8545 2466 4722 2464 
8546 2493 5504 3821 
8547 3340 5023 814 
8548 1682 4736 4600 
8549 4428 4540 2291 
8550 3887 5398 5244 
8551 4346 4633 2615 
8552 3302 5462 5052 
8553 4471 4815 2791 
8554 795 4926 1572 
8555 810 4926 793 
8556 4225 4869 4226 
8557 1506 4915 2443 
8558 1607 4915 1479 
8559 2982 4651 3713 
8560 3597 4909 3598 
8561 1658 4701 3879 
8562 4649 4735 2720 
8563 3333 4896 3290 
8564 12 4870 11 
8565 2223 5064 1977 
8566 3785 4901 2903 
8567 2557 4558 3844 
8568 3664 4757 3663 
8569 4637 4730 1176 
8570 1669 4407 1925 
8571 369 4882 403 
8572 2922 4800 4643 
8573 4752 4765 4636 
8574 3005 4718 3004 
8575 2615 4759 4288 
8576 3110 4917 2111 
8577 4696 4773 2516 
8578 2743 4725 4271 
8579 3222 5175 4415 
8580 3801 4333 3004 
8581 899 4910 877 
8582 4593 4716 2758 
8583 4061 4832 4740 
8584 2368 4933 2343 
8585 3663 4757 4698 
8586 4212 4700 4482 
8587 4109 4742 1688 
8588 3018 4908 3401 
8589 4443 4716 4030 
8590 2391 4741 2669 
8591 4612 4747 4611 
8592 2491 5064 3604 
8593 3650 4767 3085 
8594 3783 4911 4381 
8595 5044 5174 2866 
8596 4664 4679 2983 
8597 4182 4752 4636 
8598 3795 4681 3798 
8599 2242 4729 2347 
8600 3599 4929 3600 
8601 3147 5353 2625 
8602 886 3711 1092 
8603 1131 4925 1133 
8604 26 5283 4825 
8605 316 4930 2565 
8606 519 4930 318 
8607 3832 4625 4550 
8608 1238 3691 3690 
8609 4489 4778 3086 
8610 4409 4918 4185 
8611 397 3893 395 
8612 2959 4528 4209 
8613 4077 4814 2990 
8614 379 4934 347 
8615 1326 4668 1498 
8616 3212 5267 3360 
8617 2572 3914 944 
8618 3051 4733 2708 
8619 843 4957 4814 
8620 1613 4964 3643 
8621 3465 4934 379 
8622 3025 5359 4120 
8623 771 4932 773 
8624 4842 4936 3466 
8625 4498 4717 4617 
8626 2450 5338 3209 
8627 1883 5220 3950 
8628 4677 4802 1552 
8629 996 5494 3341 
8630 3439 3440 3133 
8631 714 4948 716 
8632 3377 4756 3450 
8633 3959 4724 2764 
8634 3952 4737 2525 
8635 2254 4714 2234 
8636 2764 4746 4628 
8637 1090 5376 3373 
8638 4418 4687 4082 
8639 1758 4743 1760 
8640 3560 4900 145 
8641 4785 4913 2524 
8642 1566 5459 3555 
8643 3728 4899 3727 
8644 3708 4835 4759 
8645 564 4944 562 
8646 1580 4937 1527 
8647 4008 4897 4715 
8648 1677 4787 4183 
8649 4260 4758 3321 
8650 2300 4738 2984 
8651 427 4936 429 
8652 958 4786 2296 
8653 3427 5309 3318 
8654 2225 4731 2114 
8655 519 5119 3413 
8656 3963 4726 2474 
8657 1903 3873 1834 
8658 4300 4947 2160 
8659 4759 4835 4288 
8660 621 4946 1596 
8661 947 4946 628 
8662 2548 5152 3420 
8663 3841 4681 3012 
8664 4530 4775 4354 
8665 2662 4949 4051 
8666 574 5172 4779 
8667 1491 4950 1915 
8668 3017 4792 3018 
8669 4613 4643 1551 
8670 5261 5382 3758 
8671 3850 5048 379 
8672 2148 4962 2600 
8673 3708 4759 3707 
8674 4507 4698 2542 
8675 2842 4987 3751 
8676 4254 5410 3354 
8677 3635 4720 2693 
8678 3767 4784 4665 
8679 2311 3571 2205 
8680 3791 4791 3790 
8681 4662 4750 2285 
8682 1706 4945 1673 
8683 2762 3872 3132 
8684 1106 3691 1238 
8685 2984 4738 4657 
8686 4388 4711 4389 
8687 931 4956 630 
8688 3071 3653 2433 
8689 2285 4750 1713 
8690 4321 4727 2037 
8691 4690 4768 2609 
8692 935 5251 3984 
8693 3368 5310 1464 
8694 3053 4911 3782 
8695 4220 4938 2186 
8696 4625 4819 4199 
8697 4656 4758 4260 
8698 2039 4798 4090 
8699 2326 4875 2327 
8700 4166 4988 205 
8701 2915 5126 4995 
8702 449 3715 451 
8703 3213 4328 2788 
8704 4236 4922 1701 
8705 4315 4824 2711 
8706 4881 5430 1511 
8707 2613 4810 4298 
8708 2616 4971 778 
8709 776 4971 1026 
8710 4757 4838 4401 
8711 35 4959 36 
8712 4544 4558 2557 
8713 3024 4867 2340 
8714 4501 4745 3083 
8715 29 4974 74 
8716 4302 4746 4303 
8717 127 4171 3546 
8718 4299 4942 4300 
8719 4581 4786 3040 
8720 675 4969 691 
8721 87 4704 4595 
8722 3038 5254 3540 
8723 2861 4960 2795 
8724 2695 4787 2810 
8725 4513 4780 1677 
8726 2809 4997 3308 
8727 86 4853 4390 
8728 75 4829 3514 
8729 370 5050 3654 
8730 2720 4735 3029 
8731 3281 3569 3545 
8732 4873 5325 94 
8733 3986 4740 4623 
8734 2258 4758 4656 
8735 4382 4852 4735 
8736 319 4975 417 
8737 1568 4975 317 
8738 3633 4720 3635 
8739 4183 4787 4706 
8740 2924 4768 3006 
8741 11 3543 10 
8742 4404 5308 3411 
8743 2107 3584 2264 
8744 3807 4792 1598 
8745 978 4967 555 
8746 557 4967 1878 
8747 1622 4945 4310 
8748 2309 4316 2190 
8749 267 4977 269 
8750 4185 4907 1482 
8751 3773 4968 3770 
8752 1585 4757 4401 
8753 153 4883 119 
8754 4041 4652 4504 
8755 4295 4889 1660 
8756 4827 5274 522 
8757 4819 4858 4199 
8758 3629 5508 5072 
8759 1026 4971 3890 
8760 2044 4760 4031 
8761 3120 5345 3990 
8762 4628 4746 4302 
8763 2784 5156 2782 
8764 4354 4775 2844 
8765 3252 4985 4884 
8766 1284 4983 651 
8767 529 4958 1751 
8768 446 3718 449 
8769 449 3718 3715 
8770 3227 4723 4511 
8771 3825 4721 4710 
8772 2259 4981 2865 
8773 4643 4800 4138 
8774 2178 4642 1861 
8775 1124 5035 516 
8776 3397 5213 337 
8777 3782 4911 3781 
8778 253 5435 4849 
8779 2796 5067 2798 
8780 4023 4902 3705 
8781 4715 4897 3011 
8782 2773 4845 4742 
8783 2986 4574 4437 
8784 538 4976 2531 
8785 1328 4976 536 
8786 2473 4985 2476 
8787 4248 4751 224 
8788 4038 4988 4572 
8789 5072 5508 5101 
8790 2182 5226 3353 
8791 1134 4752 4182 
8792 127 3546 126 
8793 3809 5335 3444 
8794 2423 5016 2207 
8795 4796 4797 3908 
8796 4640 4736 4380 
8797 3015 4793 4701 
8798 3054 4848 3052 
8799 2158 4961 2414 
8800 2605 4979 2834 
8801 3354 5226 4254 
8802 2698 4798 4707 
8803 2889 4963 2666 
8804 2375 4963 2904 
8805 3349 5468 5350 
8806 3401 4995 2814 
8807 3077 5243 4626 
8808 2785 4802 2766 
8809 4413 4726 3963 
8810 3630 4914 855 
8811 4381 4941 1369 
8812 3600 4856 4666 
8813 3511 4821 4736 
8814 3950 5313 1883 
8815 4509 5342 4069 
8816 4230 4957 843 
8817 4692 4868 2614 
8818 2042 4940 4306 
8819 2993 4826 2466 
8820 4919 5019 3994 
8821 2491 3603 3602 
8822 3106 4828 2404 
8823 321 4771 323 
8824 4199 4858 4198 
8825 4454 4581 2692 
8826 3750 4679 2704 
8827 2708 4733 4601 
8828 3900 4955 4859 
8829 259 4772 261 
8830 3578 4564 2572 
8831 3833 4575 3831 
8832 572 4779 610 
8833 4214 5013 2838 
8834 4713 5197 3113 
8835 3169 5107 2886 
8836 3381 5455 2887 
8837 2704 4679 4664 
8838 3745 4655 3746 
8839 4072 4958 527 
8840 2417 4993 2132 
8841 4601 4733 4172 
8842 461 3673 711 
8843 4611 4747 2703 
8844 4878 5193 4630 
8845 1172 5355 3374 
8846 4477 4896 2082 
8847 2664 4747 4612 
8848 1598 4792 4700 
8849 3619 4530 4354 
8850 2500 4547 3940 
8851 2925 4920 3286 
8852 3281 4767 3569 
8853 2960 4528 2959 
8854 3818 5426 3295 
8855 4753 4871 2312 
8856 3664 4838 4757 
8857 2724 4811 3620 
8858 3773 5059 4968 
8859 4306 4834 4307 
8860 4679 4874 2316 
8861 4439 4818 3980 
8862 1838 3694 2462 
8863 167 4767 3650 
8864 4594 4630 3726 
8865 2878 4970 2808 
8866 927 4711 4388 
8867 4380 4736 1682 
8868 4742 4845 1688 
8869 2492 3656 1965 
8870 1666 5386 4446 
8871 2691 4883 2929 
8872 4724 4746 2764 
8873 3269 5009 3377 
8874 2711 4717 4498 
8875 2037 3637 892 
8876 3341 5331 3293 
8877 2531 4764 4159 
8878 3372 4966 4896 
8879 2717 3970 2686 
8880 2516 4773 3802 
8881 3382 4813 2911 
8882 3356 4816 2921 
8883 1552 4802 3560 
8884 4633 4759 2615 
8885 1231 4813 1115 
8886 4201 4781 1594 
8887 3067 4972 3065 
8888 2747 4777 4776 
8889 3336 5033 3836 
8890 3022 5242 3095 
8891 1467 3463 1711 
8892 1195 5014 1360 
8893 2938 4741 2391 
8894 3782 5028 3053 
8895 4532 4660 4163 
8896 2297 5018 1761 
8897 4280 4795 4693 
8898 2415 5008 3362 
8899 1863 4740 3986 
8900 2992 5147 2991 
8901 623 4844 625 
8902 4644 4822 1325 
8903 3424 5005 2763 
8904 4610 5127 412 
8905 4045 4670 953 
8906 2932 5499 5012 
8907 659 5023 1637 
8908 814 5023 657 
8909 4328 4996 2851 
8910 349 4790 351 
8911 3016 4793 3015 
8912 3279 5231 3282 
8913 4138 4800 2115 
8914 3462 4992 81 
8915 4106 4788 1933 
8916 4068 4789 1590 
8917 3057 4754 4317 
8918 1757 5488 2712 
8919 1177 3678 1396 
8920 2807 4545 4318 
8921 570 4794 568 
8922 3128 5439 4582 
8923 3775 4682 3761 
8924 4329 4890 4268 
8925 3341 5494 1777 
8926 4048 5252 3391 
8927 4521 4670 4045 
8928 3069 5047 3067 
8929 2731 5032 3280 
8930 1289 4827 535 
8931 4172 4733 899 
8932 4776 4777 846 
8933 4292 4973 1336 
8934 3826 4824 2574 
8935 3453 5496 3166 
8936 3750 4874 4679 
8937 3743 4997 2809 
8938 1861 4642 2291 
8939 2166 4761 4565 
8940 3550 5281 3346 
8941 4279 4739 4549 
8942 3053 5028 2556 
8943 2555 5028 2940 
8944 1679 4998 3595 
8945 4268 5233 4267 
8946 3983 5026 3981 
8947 1687 4112 1155 
8948 4401 4838 3731 
8949 3985 5026 3310 
8950 3090 5163 4551 
8951 2071 5050 357 
8952 360 5050 370 
8953 83 5407 3988 
8954 1636 5015 4225 
8955 2960 4646 4528 
8956 4186 5002 4187 
8957 2748 4847 2749 
8958 1886 5046 1517 
8959 3390 4927 4861 
8960 51 5219 3395 
8961 3449 4851 2736 
8962 2377 4806 4355 
8963 2442 5408 121 
8964 3576 4775 1678 
8965 2180 5043 2373 
8966 1680 4687 4418 
8967 2155 4999 4270 
8968 4269 4699 3003 
8969 953 4807 928 
8970 2629 4836 3105 
8971 2921 4816 2922 
8972 4133 4982 2789 
8973 3976 5430 3232 
8974 3033 4861 4750 
8975 3823 3824 2547 
8976 2763 5005 4325 
8977 3465 5048 2871 
8978 2400 4763 4193 
8979 3006 4768 4690 
8980 3050 4913 4785 
8981 4769 5228 3117 
8982 2732 4820 4262 
8983 2320 4769 2151 
8984 2990 4570 2989 
8985 4667 4815 4471 
8986 2229 5038 3544 
8987 3030 4583 3385 
8988 69 5058 3530 
8989 1887 4369 1836 
8990 3317 5027 2528 
8991 4572 4988 2850 
8992 2497 4852 4382 
8993 2738 4765 4752 
8994 74 5060 30 
8995 3925 4991 1427 
8996 1578 5056 676 
8997 674 5056 708 
8998 3415 5106 1877 
8999 130 5062 3534 
9000 1990 5281 3550 
9001 3492 4879 2754 
9002 4987 5085 3751 
9003 3988 5202 83 
9004 4534 4709 3056 
9005 2291 4642 4428 
9006 2874 4842 2873 
9007 16 4831 15 
9008 4700 4792 3017 
9009 337 5420 3397 
9010 379 5048 3465 
9011 3812 4943 2694 
9012 2600 4858 4576 
9013 2621 4817 4204 
9014 3441 5481 4000 
9015 757 5041 1570 
9016 923 5041 761 
9017 2277 4651 4650 
9018 1593 5493 3549 
9019 3602 5070 2492 
9020 4192 4885 2748 
9021 1563 4184 1249 
9022 2711 4824 4717 
9023 4687 4924 3825 
9024 4071 4799 1316 
9025 2371 5045 2687 
9026 2832 4795 4280 
9027 2748 4885 4847 
9028 3061 4668 3883 
9029 2859 5280 3357 
9030 3267 3787 3266 
9031 4091 5004 1595 
9032 2266 5074 4439 
9033 2737 4774 4676 
9034 2755 3839 3145 
9035 2901 3839 2753 
9036 1558 5030 3733 
9037 1548 5077 1828 
9038 3459 4778 4489 
9039 4251 5275 1242 
9040 297 5059 295 
9041 1102 5034 1664 
9042 1238 5034 1103 
9043 450 5112 463 
9044 2515 5112 452 
9045 483 3607 518 
9046 3662 4994 3665 
9047 3038 5069 2481 
9048 2221 5069 2799 
9049 3624 4854 3623 
9050 1583 5100 597 
9051 1701 4922 4815 
9052 1126 4862 1128 
9053 4799 4980 1316 
9054 3110 5043 4917 
9055 4411 5088 139 
9056 4451 4586 1897 
9057 4725 4867 3024 
9058 3438 5263 804 
9059 562 5075 560 
9060 4740 4832 3152 
9061 3074 5229 3416 
9062 627 5086 637 
9063 2808 4863 1843 
9064 4236 5022 4922 
9065 89 5011 3547 
9066 1242 4804 4624 
9067 3168 5081 2882 
9068 2769 5080 2768 
9069 1911 5279 4837 
9070 2810 4909 3679 
9071 3755 4808 4695 
9072 3915 4837 3122 
9073 1916 4859 4716 
9074 3385 4211 3030 
9075 743 5095 1777 
9076 751 5097 756 
9077 4747 4877 2703 
9078 55 3534 56 
9079 4636 4765 3037 
9080 3850 5165 5048 
9081 12 4805 13 
9082 4420 5296 2885 
9083 1079 4984 3990 
9084 1319 5104 3792 
9085 2269 4850 2143 
9086 853 5118 2034 
9087 1033 5118 856 
9088 27 4841 28 
9089 3944 5044 3943 
9090 154 4847 4385 
9091 3984 5388 935 
9092 4084 5133 1520 
9093 3241 5138 4309 
9094 3152 4832 3300 
9095 5052 5462 1881 
9096 596 5091 577 
9097 2867 4799 2698 
9098 4735 4852 3029 
9099 947 5437 4946 
9100 4165 5027 1392 
9101 3424 5083 1108 
9102 293 4860 305 
9103 25 4825 89 
9104 3786 5095 745 
9105 3625 5098 3433 
9106 4419 4870 96 
9107 3414 5020 3415 
9108 2800 4978 2890 
9109 2482 5498 3360 
9110 3931 5052 3930 
9111 255 4849 284 
9112 5037 5090 4152 
9113 4877 4961 2158 
9114 2826 4940 2889 
9115 2752 3428 2901 
9116 824 5072 839 
9117 2365 5078 4195 
9118 1688 4845 4129 
9119 119 4883 3312 
9120 2939 5073 2858 
9121 1881 5105 1442 
9122 2712 5488 3693 
9123 3258 5349 3533 
9124 4036 5114 1773 
9125 2492 4921 3656 
9126 2623 5323 3872 
9127 4706 4787 2695 
9128 3026 4574 2986 
9129 3616 4797 4796 
9130 461 4803 3673 
9131 4244 4784 2591 
9132 4895 5324 3236 
9133 3774 5402 1720 
9134 2258 4840 4758 
9135 975 5085 976 
9136 3838 5115 2360 
9137 1777 5095 3343 
9138 2792 5117 1565 
9139 1369 4941 4848 
9140 3515 5407 83 
9141 2793 4865 3127 
9142 3616 4796 3614 
9143 3680 4996 2308 
9144 4210 4886 1636 
9145 4226 4869 2071 
9146 4585 5147 2992 
9147 3308 5329 1693 
9148 4317 4654 2286 
9149 518 3607 3605 
9150 97 5470 1 
9151 3311 5040 2855 
9152 3029 4853 3417 
9153 3390 5215 4102 
9154 2723 4823 3292 
9155 3606 4913 4435 
9156 3004 4718 3801 
9157 1230 5106 2559 
9158 1877 5106 1228 
9159 3140 5124 2978 
9160 3141 5145 3142 
9161 385 4901 3785 
9162 4695 4808 1504 
9163 2182 5119 322 
9164 320 5119 519 
9165 3411 5367 4404 
9166 3954 5020 3414 
9167 3604 5062 3603 
9168 4856 4929 3001 
9169 1440 5105 4135 
9170 2203 5126 3291 
9171 3832 4819 4625 
9172 1504 4808 4274 
9173 1589 4842 4557 
9174 3884 4833 1214 
9175 465 5120 252 
9176 3837 5464 3336 
9177 2772 4924 3103 
9178 3847 5362 5287 
9179 3568 5268 3130 
9180 4809 4836 3019 
9181 3092 3549 2734 
9182 3065 4893 3062 
9183 3397 5127 2923 
9184 4772 5013 1142 
9185 4219 5362 4375 
9186 1338 4891 1455 
9187 1316 4980 4072 
9188 3493 4857 101 
9189 3111 5290 5149 
9190 5028 5166 2940 
9191 3646 5139 3644 
9192 2337 5042 3851 
9193 3203 4876 2423 
9194 1545 4364 1833 
9195 4825 5283 3170 
9196 2505 5170 4206 
9197 2491 3602 1969 
9198 3886 5084 3885 
9199 3404 5155 3082 
9200 4590 4775 3576 
9201 2083 4547 4377 
9202 983 4034 940 
9203 85 5019 3508 
9204 531 5142 533 
9205 518 3605 543 
9206 1185 4820 4158 
9207 4784 4889 2591 
9208 3034 4861 3033 
9209 4018 5221 2065 
9210 3179 5472 5260 
9211 3426 5146 1492 
9212 4600 4821 4065 
9213 3217 5288 5049 
9214 2779 4905 2880 
9215 3327 4981 2260 
9216 2353 5138 3241 
9217 4821 4919 2393 
9218 4438 5132 2583 
9219 2578 5146 2580 
9220 4230 5063 4957 
9221 1416 5111 3240 
9222 3067 5047 4972 
9223 1133 5137 1083 
9224 1494 4881 1495 
9225 3479 4931 3480 
9226 3906 5083 2519 
9227 1455 5143 1290 
9228 1236 5143 4293 
9229 501 4864 474 
9230 3956 5061 3955 
9231 2844 4775 4590 
9232 2876 4808 3755 
9233 1759 5018 4658 
9234 4727 5211 3580 
9235 2897 5429 3038 
9236 3598 4780 4513 
9237 3776 4991 3771 
9238 3255 4996 3680 
9239 2758 4859 2757 
9240 895 4098 988 
9241 3431 4888 3306 
9242 3122 5275 3121 
9243 3055 4970 2178 
9244 3740 4840 2258 
9245 803 4906 805 
9246 548 5164 547 
9247 3160 5487 5093 
9248 4665 4784 4244 
9249 2917 5136 3180 
9250 4184 5286 1255 
9251 2041 4908 4531 
9252 3522 5131 3523 
9253 4875 4952 2327 
9254 3057 4875 4754 
9255 4779 5172 3126 
9256 2614 4868 4292 
9257 1325 4822 4451 
9258 4712 4848 3054 
9259 1176 4730 4006 
9260 3727 5166 1077 
9261 2373 5149 3014 
9262 2891 5121 4221 
9263 2815 5211 4727 
9264 2848 4955 3900 
9265 4949 5314 2069 
9266 3577 4590 3576 
9267 3249 4884 3250 
9268 4539 5381 4661 
9269 4874 4947 2837 
9270 2980 5378 4722 
9271 4 3388 3 
9272 3525 4873 3524 
9273 2316 4874 2317 
9274 2164 5170 2505 
9275 3324 5489 4059 
9276 3881 5037 4715 
9277 2837 5159 2836 
9278 2432 5190 2623 
9279 3337 5176 2987 
9280 4847 4885 4385 
9281 3418 5441 679 
9282 1463 5196 1890 
9283 3069 5135 5047 
9284 1727 5172 576 
9285 3505 5171 3498 
9286 679 5227 3418 
9287 4288 4835 3232 
9288 3789 4904 4568 
9289 4497 5250 2771 
9290 980 5493 1593 
9291 3380 4878 2835 
9292 1213 3863 1248 
9293 2784 5406 5156 
9294 6 3461 104 
9295 2914 5057 4563 
9296 3026 4753 4574 
9297 1997 4583 3429 
9298 2617 5108 4343 
9299 4012 5164 551 
9300 4634 4838 3664 
9301 4994 5086 1365 
9302 3245 4969 3960 
9303 2881 4755 3778 
9304 1111 5182 1110 
9305 1161 5182 2624 
9306 5188 5414 4300 
9307 3440 5472 5319 
9308 796 5173 1661 
9309 3335 5173 798 
9310 3364 5055 3418 
9311 3902 5199 1017 
9312 4566 5130 2802 
9313 3643 5203 3642 
9314 4846 4908 3018 
9315 769 5195 771 
9316 1492 5369 3426 
9317 2488 5192 3309 
9318 2860 5192 2119 
9319 4798 4799 4071 
9320 2081 4892 4344 
9321 1253 4766 1256 
9322 3280 5032 3281 
9323 988 4098 4096 
9324 4678 4913 3606 
9325 2745 5138 3754 
9326 2947 5200 3285 
9327 4056 4890 4329 
9328 349 4934 4790 
9329 5167 5478 4087 
9330 3273 5428 5083 
9331 92 4931 3479 
9332 3834 5308 4404 
9333 4135 5105 3304 
9334 4855 4871 3027 
9335 3497 5171 115 
9336 2661 5199 3044 
9337 1730 5385 1448 
9338 3432 5480 1572 
9339 2881 4894 4755 
9340 2869 5029 4869 
9341 3825 4924 2772 
9342 1434 4744 1432 
9343 2703 4877 2134 
9344 3742 5129 3743 
9345 1426 4668 1326 
9346 4013 5184 2142 
9347 4228 5246 2770 
9348 812 5235 824 
9349 1638 5235 807 
9350 2364 5039 4631 
9351 100 5219 52 
9352 2916 4914 3630 
9353 3868 4815 4667 
9354 581 5208 1574 
9355 4379 5089 1289 
9356 4849 5435 3226 
9357 3679 4909 3595 
9358 3849 4989 3076 
9359 4008 4715 1386 
9360 3460 5116 3515 
9361 458 4803 461 
9362 3136 5325 4873 
9363 1804 5276 3439 
9364 739 5494 996 
9365 480 5410 4254 
9366 2805 4425 3211 
9367 4624 4804 4021 
9368 1837 5232 2229 
9369 337 5213 335 
9370 615 5231 991 
9371 3231 5430 4881 
9372 4716 4859 2758 
9373 4557 4842 2874 
9374 4089 5192 2860 
9375 2559 5051 4474 
9376 723 5224 1666 
9377 2789 4982 3005 
9378 3028 4928 3030 
9379 2932 5012 2931 
9380 988 4096 1075 
9381 2583 5132 4311 
9382 4582 5439 2563 
9383 3251 5306 3953 
9384 1241 5238 763 
9385 1957 5220 1441 
9386 1443 5220 1883 
9387 1453 5096 4055 
9388 4631 5039 4598 
9389 2876 4916 4808 
9390 4697 4898 2447 
9391 4889 4968 1660 
9392 2626 4709 4533 
9393 1033 5336 5118 
9394 2736 4851 3849 
9395 1386 5037 4152 
9396 545 5501 2915 
9397 3020 5486 3246 
9398 5066 5460 3109 
9399 2608 5233 2893 
9400 3196 5206 3048 
9401 4273 5130 4566 
9402 668 5230 666 
9403 3538 5148 114 
9404 3395 5344 92 
9405 2878 5001 4970 
9406 2862 4990 4703 
9407 3144 5381 3584 
9408 2461 5276 1803 
9409 4317 4754 4654 
9410 1915 5113 2338 
9411 3377 5009 4756 
9412 4158 5348 521 
9413 3543 4870 3008 
9414 953 4809 4807 
9415 1808 5267 3212 
9416 2177 5267 1810 
9417 5242 5401 3095 
9418 2941 5140 4264 
9419 5012 5499 4564 
9420 5319 5472 3179 
9421 3758 5382 1558 
9422 855 5128 4358 
9423 4480 5025 2112 
9424 3106 5400 5356 
9425 3167 5274 4827 
9426 3480 4816 105 
9427 2930 5244 2553 
9428 4549 4739 154 
9429 4026 4866 2499 
9430 36 5247 37 
9431 3443 5092 1751 
9432 4959 5303 3180 
9433 5181 5442 3088 
9434 4796 4907 3614 
9435 3730 5164 4012 
9436 3757 4989 1616 
9437 2247 5248 1972 
9438 1596 5158 3924 
9439 83 5202 3531 
9440 2142 5184 4391 
9441 3787 5232 1909 
9442 4961 5073 2414 
9443 1157 5252 216 
9444 2996 5273 2994 
9445 1572 5480 797 
9446 934 5251 935 
9447 2239 4843 4629 
9448 4808 4916 4274 
9449 3220 4948 3386 
9450 2888 5053 4631 
9451 4880 5177 1974 
9452 3953 5306 1548 
9453 292 5257 294 
9454 3646 5440 3720 
9455 2020 4899 3728 
9456 3618 5175 2515 
9457 107 5254 3487 
9458 180 5082 4000 
9459 4547 5042 3940 
9460 3410 5241 2776 
9461 109 5269 9 
9462 8 5269 93 
9463 4780 4909 2810 
9464 3280 5456 2730 
9465 2811 4954 4867 
9466 219 5252 4048 
9467 1024 4895 1065 
9468 1364 4551 3091 
9469 5287 5362 4219 
9470 3716 5139 3717 
9471 103 5283 27 
9472 4833 4925 1214 
9473 3796 5183 3800 
9474 2907 5092 3443 
9475 3299 5205 3191 
9476 145 4900 3462 
9477 2355 4652 4041 
9478 2759 5284 3126 
9479 3627 5098 3626 
9480 2087 5281 1509 
9481 1890 4929 3599 
9482 3210 5239 3681 
9483 3302 5052 3303 
9484 3540 5254 3539 
9485 45 5300 98 
9486 2879 5087 4497 
9487 2157 5218 2807 
9488 1304 4426 3586 
9489 3096 5292 3593 
9490 1020 5317 4107 
9491 637 5317 951 
9492 180 5481 164 
9493 1637 5368 4680 
9494 2949 5167 2741 
9495 4629 4843 3124 
9496 4839 5292 3204 
9497 1258 5236 1364 
9498 801 5322 809 
9499 2235 4903 1819 
9500 2426 3861 2110 
9501 4923 5122 2060 
9502 515 5274 1393 
9503 3247 5306 3251 
9504 4083 5212 4066 
9505 1589 4936 4842 
9506 5006 5507 3146 
9507 4254 5226 4253 
9508 533 5241 4154 
9509 2857 5387 2403 
9510 3947 5313 3950 
9511 2942 5315 3168 
9512 3011 4897 4730 
9513 1639 4720 3633 
9514 4841 4974 28 
9515 1464 5310 1145 
9516 1192 5310 1877 
9517 4568 4904 2964 
9518 2490 5439 3128 
9519 4840 5017 3340 
9520 3553 4986 3554 
9521 3894 4973 3895 
9522 4102 5215 4101 
9523 3447 5228 2387 
9524 3349 5350 4888 
9525 1990 5459 1346 
9526 785 5339 811 
9527 3027 4871 3026 
9528 3327 5266 4981 
9529 2062 4923 2059 
9530 4586 5024 3160 
9531 2350 5464 2360 
9532 4924 5035 3103 
9533 3444 5335 2483 
9534 2295 5335 2578 
9535 315 5337 1568 
9536 4339 5426 2493 
9537 4782 5467 2728 
9538 63 3534 55 
9539 2742 5340 3170 
9540 1008 5355 1172 
9541 1574 5390 1750 
9542 4228 5298 701 
9543 3416 5229 4001 
9544 1435 5243 1434 
9545 2830 5342 2342 
9546 3185 5433 2413 
9547 3290 4896 4477 
9548 4576 4858 4819 
9549 4337 5299 2527 
9550 3162 5470 4502 
9551 4020 4902 4023 
9552 5003 5491 3821 
9553 2411 4626 2214 
9554 1553 5343 2015 
9555 3940 5042 2337 
9556 3851 5327 2765 
9557 4207 5337 313 
9558 4162 5279 4161 
9559 534 5348 1328 
9560 655 5411 814 
9561 3078 5332 4391 
9562 4149 4918 4409 
9563 32 5421 82 
9564 1595 5022 4236 
9565 2017 5467 3227 
9566 4804 5275 3122 
9567 3467 5206 3407 
9568 2743 4867 4725 
9569 3133 5319 4744 
9570 1720 5402 1306 
9571 654 5489 728 
9572 926 5479 671 
9573 502 5365 296 
9574 2503 5010 3877 
9575 2457 5475 2458 
9576 3918 5288 1560 
9577 3651 5484 903 
9578 2464 4722 3129 
9579 4059 5489 656 
9580 3012 5253 4026 
9581 4233 5307 3045 
9582 1129 5369 1492 
9583 4123 4848 4712 
9584 4234 4887 4235 
9585 2233 5378 2980 
9586 2941 5210 5140 
9587 57 3488 58 
9588 679 5441 681 
9589 2591 4889 4295 
9590 3386 5453 3218 
9591 3230 5384 2550 
9592 3161 5093 3529 
9593 4451 4822 4586 
9594 4859 4955 2757 
9595 2524 4913 4678 
9596 1498 4972 3725 
9597 4531 4846 2630 
9598 3168 5195 5081 
9599 3551 5412 3553 
9600 793 4926 795 
9601 3987 5271 1464 
9602 426 5435 251 
9603 339 5420 337 
9604 3629 5235 1638 
9605 4650 4651 2982 
9606 4017 5065 4018 
9607 3250 4884 4726 
9608 2417 5129 4993 
9609 4514 5194 4216 
9610 3472 3473 3428 
9611 3562 5320 3561 
9612 1479 4915 1506 
9613 4135 5369 1225 
9614 3140 5385 5124 
9615 1274 5402 1782 
9616 3191 5109 3190 
9617 3420 3557 2429 
9618 2752 3472 3428 
9619 2908 5160 3238 
9620 1782 5225 4258 
9621 3151 5473 3226 
9622 1680 5035 4924 
9623 1977 5064 2491 
9624 250 5120 4691 
9625 1387 5167 4525 
9626 1569 5165 3850 
9627 2698 4799 4798 
9628 3672 5450 5012 
9629 677 5227 679 
9630 372 4882 369 
9631 4744 5319 2145 
9632 3342 5331 3341 
9633 3781 4911 3783 
9634 3586 5376 1304 
9635 4807 4809 3019 
9636 2943 4992 2785 
9637 3998 5144 931 
9638 2867 4980 4799 
9639 4445 4829 75 
9640 2111 4917 2738 
9641 2335 5398 2722 
9642 3336 5464 2402 
9643 3532 5202 3063 
9644 2355 4653 4652 
9645 4739 4847 154 
9646 2146 5433 2147 
9647 877 4910 880 
9648 1344 5459 1566 
9649 4734 5501 2729 
9650 2791 4922 2790 
9651 2619 5010 2321 
9652 2368 5311 3436 
9653 3027 4872 4855 
9654 7 3461 6 
9655 4815 4922 2791 
9656 4627 5040 3223 
9657 4006 4897 4007 
9658 2360 5115 4460 
9659 3378 5230 3196 
9660 2961 5347 3221 
9661 4385 4885 1712 
9662 4884 4985 2474 
9663 2343 4933 2732 
9664 3990 5345 3989 
9665 3614 4907 3615 
9666 4837 5279 4022 
9667 2070 4634 4088 
9668 2935 4916 2876 
9669 4192 5036 4885 
9670 4394 5289 2988 
9671 3239 4942 4299 
9672 4985 5076 2476 
9673 2988 5289 4242 
9674 4597 5039 3371 
9675 3395 5219 3215 
9676 4715 5037 1386 
9677 3457 5217 5078 
9678 3385 4583 1997 
9679 3167 5371 2781 
9680 3108 4876 3109 
9681 2367 5311 2368 
9682 3286 4912 2926 
9683 132 5481 3441 
9684 5086 5157 637 
9685 1659 5063 4230 
9686 115 5187 3535 
9687 2160 4947 3750 
9688 1214 4925 1131 
9689 4120 5359 4119 
9690 318 4930 316 
9691 1124 5099 5035 
9692 3261 5033 2909 
9693 4097 4856 4728 
9694 4364 5447 2378 
9695 1999 4927 4255 
9696 3654 5261 370 
9697 4714 5181 3087 
9698 4861 4927 1999 
9699 88 5193 4878 
9700 4765 4917 3036 
9701 347 4934 349 
9702 3880 5289 4394 
9703 2186 4938 2453 
9704 4402 5169 975 
9705 4570 4814 4569 
9706 4116 5370 4141 
9707 2801 4653 2355 
9708 3509 4919 3511 
9709 2036 4953 3830 
9710 1231 5087 4813 
9711 3903 5476 285 
9712 773 4932 924 
9713 2327 4952 3113 
9714 2731 5341 5032 
9715 3840 5006 3145 
9716 3384 4965 3263 
9717 3212 5498 3570 
9718 1566 5178 4543 
9719 716 4948 719 
9720 1587 5372 4340 
9721 3052 4941 3053 
9722 4291 5152 2548 
9723 2939 5168 5073 
9724 1777 5494 741 
9725 3136 5379 4246 
9726 4713 5245 2611 
9727 935 5388 945 
9728 4274 4916 2155 
9729 2915 5501 4734 
9730 4813 5087 2911 
9731 2165 5374 4086 
9732 4726 4884 2474 
9733 3058 4875 3057 
9734 3008 4870 4419 
9735 4533 4709 4534 
9736 1017 4944 564 
9737 4337 5155 2352 
9738 3081 5186 4214 
9739 2321 5010 2503 
9740 3378 5446 666 
9741 1527 4937 2168 
9742 3720 5147 486 
9743 3575 4423 3482 
9744 3146 5201 3421 
9745 3026 4871 4753 
9746 4563 5256 4448 
9747 4950 5113 1915 
9748 2400 5054 4763 
9749 4203 5384 1693 
9750 2849 5278 2894 
9751 2065 5102 3756 
9752 2973 5013 4772 
9753 924 5183 4571 
9754 429 4936 1589 
9755 3846 5135 3848 
9756 1834 3873 1931 
9757 3867 5216 340 
9758 2887 5455 2169 
9759 3883 4668 1426 
9760 4904 5031 2964 
9761 3134 5400 3106 
9762 628 4946 621 
9763 4125 5404 2860 
9764 3102 4949 2662 
9765 2082 4950 1491 
9766 5131 5290 3523 
9767 3126 5071 2848 
9768 4973 5081 1336 
9769 4348 5188 4347 
9770 3295 5426 2618 
9771 806 5409 804 
9772 2407 4962 2148 
9773 2844 4987 2842 
9774 95 5358 4774 
9775 4848 4941 3052 
9776 4429 5328 1998 
9777 3119 4898 4697 
9778 4141 4984 1079 
9779 4197 5079 3156 
9780 4241 5410 3332 
9781 1673 4945 1622 
9782 1931 3872 2762 
9783 2999 5068 3137 
9784 5043 5149 2373 
9785 2340 4954 2501 
9786 4608 5363 1211 
9787 1931 3873 3872 
9788 3548 5358 95 
9789 2070 4838 4634 
9790 630 4956 947 
9791 5136 5247 3180 
9792 2493 5491 2325 
9793 4350 5391 106 
9794 3058 4952 4875 
9795 4309 4964 1613 
9796 2485 5094 3357 
9797 4375 5362 1668 
9798 1619 4943 3812 
9799 2129 5347 4483 
9800 1570 5383 3786 
9801 3153 5344 3395 
9802 3187 5380 3452 
9803 68 4959 35 
9804 2354 5024 2801 
9805 4816 5334 2922 
9806 2909 5033 3336 
9807 4238 5431 5061 
9808 3087 5181 3088 
9809 71 3533 3507 
9810 778 4971 776 
9811 464 4887 4234 
9812 3835 4872 3027 
9813 3829 5356 917 
9814 4155 5373 3041 
9815 3106 5356 4828 
9816 3511 4919 4821 
9817 4198 5079 4197 
9818 85 5136 5019 
9819 599 5100 3282 
9820 673 4969 675 
9821 3072 4961 4877 
9822 4761 5436 4565 
9823 3721 5503 3135 
9824 2795 4960 2948 
9825 4946 5437 3962 
9826 4419 5191 4359 
9827 2848 5071 4955 
9828 3474 5419 3478 
9829 3581 5438 3579 
9830 1680 4924 4687 
9831 93 5269 3384 
9832 4149 5021 4918 
9833 4318 4545 2960 
9834 28 4974 29 
9835 3171 5443 3134 
9836 4287 5272 3358 
9837 2787 4836 4809 
9838 317 4975 319 
9839 4703 5207 3197 
9840 3871 5265 2152 
9841 4238 5061 3098 
9842 4609 5374 2165 
9843 3191 5110 5109 
9844 3461 5198 104 
9845 4255 5415 2850 
9846 1190 5474 4324 
9847 555 4967 557 
9848 1663 5482 3956 
9849 4730 4897 4006 
9850 4991 5222 3771 
9851 4473 4961 3072 
9852 1695 4977 267 
9853 4684 5168 2939 
9854 1784 4939 2442 
9855 3770 4968 3769 
9856 1303 4987 4590 
9857 3750 4947 4874 
9858 3383 4990 2862 
9859 3504 5122 3506 
9860 2461 5472 5276 
9861 4673 4894 2881 
9862 4133 5457 4132 
9863 651 4983 653 
9864 527 4958 529 
9865 1241 5490 3351 
9866 4922 5022 2790 
9867 4390 4853 4852 
9868 2738 4917 4765 
9869 4214 5186 5013 
9870 4917 5043 3036 
9871 2260 4981 2259 
9872 975 5169 5085 
9873 3170 5210 2941 
9874 2529 4991 3925 
9875 2853 5449 2933 
9876 516 5035 1680 
9877 4502 5067 2796 
9878 3227 5467 4782 
9879 536 4976 538 
9880 2474 4985 2473 
9881 2757 4955 4466 
9882 2801 4822 4653 
9883 2020 5084 4899 
9884 2916 5103 4914 
9885 4981 5266 4187 
9886 3518 5349 127 
9887 3126 5284 4779 
9888 5268 5456 3130 
9889 2207 5016 3200 
9890 2831 4984 2833 
9891 2142 5483 4336 
9892 3124 5125 2875 
9893 2801 5024 4586 
9894 2606 4979 2605 
9895 5113 5294 2338 
9896 3509 5019 4919 
9897 3769 4968 4889 
9898 2666 4963 2375 
9899 1569 5295 5165 
9900 4608 5293 2502 
9901 2814 4995 2812 
9902 5143 5422 4293 
9903 4514 5413 5194 
9904 1547 4982 4133 
9905 3297 5090 5037 
9906 2616 5160 4971 
9907 2900 5153 3167 
9908 721 4990 4518 
9909 4391 5483 2142 
9910 5090 5373 1614 
9911 205 4988 4038 
9912 3134 5443 5400 
9913 2850 5415 4572 
9914 4968 5059 1660 
9915 4518 4990 3383 
9916 3170 5340 4825 
9917 1712 5036 4411 
9918 121 5408 153 
9919 1782 5318 5225 
9920 3199 5301 2773 
9921 4545 4646 2960 
9922 4885 5036 1712 
9923 3740 5017 4840 
9924 2898 5111 4129 
9925 2112 5025 4284 
9926 2877 5003 3165 
9927 3533 5349 3507 
9928 3095 5401 3204 
9929 4751 5278 224 
9930 2132 4993 2787 
9931 1722 5329 2417 
9932 5265 5399 2152 
9933 3437 5409 1584 
9934 1728 5002 4186 
9935 4642 5001 3035 
9936 4788 5078 2365 
9937 1524 5488 1523 
9938 3226 5396 3149 
9939 2168 5020 3954 
9940 1393 5021 4149 
9941 3875 5440 3646 
9942 3880 5471 5289 
9943 3001 5068 2999 
9944 2980 4920 2925 
9945 3789 5484 4904 
9946 3877 5010 3876 
9947 5079 5185 3156 
9948 5250 5457 2771 
9949 4152 5090 1614 
9950 2320 5228 4769 
9951 3226 5473 4849 
9952 4578 5055 4795 
9953 2869 5015 4315 
9954 4950 4966 3094 
9955 4834 4940 2826 
9956 2044 5359 4760 
9957 4544 5258 4558 
9958 4404 5367 464 
9959 3443 4980 2867 
9960 3862 5092 2907 
9961 4587 5432 3186 
9962 2880 5452 4673 
9963 1936 4986 3911 
9964 4270 4999 3958 
9965 4756 5009 1327 
9966 3373 5376 3586 
9967 4221 5009 3269 
9968 3598 4909 4780 
9969 2918 5004 4091 
9970 3660 5157 3658 
9971 3661 4994 3662 
9972 2883 5150 3234 
9973 3530 5058 2803 
9974 2437 5312 1991 
9975 2235 5134 4903 
9976 4970 5001 2178 
9977 2964 5031 3387 
9978 2036 5101 4953 
9979 2446 3463 1467 
9980 1304 5376 1109 
9981 4358 4998 1679 
9982 2838 5013 2973 
9983 1360 5014 2174 
9984 3438 5409 3437 
9985 4867 4954 2340 
9986 4989 5102 3076 
9987 3220 5224 4948 
9988 4852 4853 3029 
9989 3480 5334 4816 
9990 5061 5431 1580 
9991 1761 5018 1759 
9992 3195 5008 2415 
9993 4193 5036 4192 
9994 2138 5422 3392 
9995 657 5023 659 
9996 4325 5005 2827 
9997 2854 5128 3738 
9998 3862 5234 5092 
9999 11 4870 3543 
10000 3547 5011 3495 
10001 3081 5364 5186 
10002 1616 4989 4851 
10003 3355 5300 3356 
10004 4685 5262 3716 
10005 4863 4970 3055 
10006 3092 5360 4912 
10007 1728 5044 5002 
10008 3895 4973 4868 
10009 4972 5047 3725 
10010 1619 5132 4943 
10011 3404 5297 2952 
10012 3677 5442 5181 
10013 2990 4814 4570 
10014 3181 5260 3689 
10015 4781 5404 1594 
10016 3050 4785 3213 
10017 4827 5371 3167 
10018 1373 5055 4578 
10019 4661 5381 3144 
10020 2790 5022 4282 
10021 3267 5232 3787 
10022 4699 5330 3856 
10023 2556 5028 2555 
10024 403 5375 3687 
10025 3032 5189 4763 
10026 1664 5296 3253 
10027 4531 4908 4846 
10028 756 5270 760 
10029 2774 5049 4823 
10030 2741 5374 4609 
10031 2936 5150 2883 
10032 3240 5094 2485 
10033 3439 5276 3440 
10034 3246 5486 5077 
10035 357 5050 360 
10036 4235 5262 4685 
10037 3508 5019 3509 
10038 3741 5017 3740 
10039 3297 5037 3881 
10040 4814 4957 4569 
10041 3733 5030 4562 
10042 4551 5505 3257 
10043 1517 5046 1846 
10044 3653 5261 3654 
10045 2178 5001 4642 
10046 4569 4957 3143 
10047 3836 5033 1561 
10048 3905 5025 4503 
10049 4836 4993 3105 
10050 3168 5315 4932 
10051 4904 5484 3171 
10052 5288 5453 1560 
10053 3060 5293 4608 
10054 3036 5043 2180 
10055 4873 5379 3136 
10056 2397 5179 3108 
10057 2875 5125 2935 
10058 4474 5051 3115 
10059 2871 5048 2870 
10060 3363 5227 691 
10061 4829 5189 3032 
10062 4854 5124 2359 
10063 3051 4951 4910 
10064 3943 5044 1728 
10065 2528 5027 4165 
10066 3470 5094 3240 
10067 1303 5085 4987 
10068 3864 5074 2266 
10069 4592 5436 3949 
10070 3007 5389 3685 
10071 4930 5423 2565 
10072 4564 5324 2572 
10073 2625 5305 2246 
10074 3538 5502 5148 
10075 4516 5153 2900 
10076 1157 5215 3389 
10077 4766 5236 1256 
10078 4590 4987 2844 
10079 4473 5073 4961 
10080 2060 5122 4699 
10081 676 5056 674 
10082 3780 5295 1569 
10083 4596 5413 2954 
10084 2536 5393 4229 
10085 4205 5240 1284 
10086 3930 5052 1881 
10087 2584 5094 3470 
10088 4220 5471 2912 
10089 4995 5126 2812 
10090 4969 5479 3960 
10091 30 5060 31 
10092 4957 5063 3143 
10093 2770 5246 4603 
10094 4187 5266 596 
10095 3506 5122 4923 
10096 3725 5047 2150 
10097 3172 5373 5090 
10098 3156 5185 3157 
10099 3253 5296 4420 
10100 3314 5142 3729 
10101 1633 5049 3859 
10102 761 5041 757 
10103 3458 5346 2760 
10104 4206 5170 3278 
10105 2785 4992 4900 
10106 4352 5309 1823 
10107 1557 5012 4564 
10108 2619 5332 5010 
10109 3119 5180 4898 
10110 3276 5076 3252 
10111 923 5412 5041 
10112 3580 5211 2177 
10113 3955 5061 1580 
10114 2081 5345 4892 
10115 3981 5026 3985 
10116 3782 5166 5028 
10117 2338 5294 3184 
10118 4955 5071 4466 
10119 3536 3537 2933 
10120 5001 5162 3035 
10121 3387 5503 1794 
10122 3261 5425 5033 
10123 4360 5198 3265 
10124 3209 5057 2914 
10125 3233 5045 2371 
10126 3385 4708 4211 
10127 3073 5053 2888 
10128 3695 5452 1425 
10129 4948 5224 719 
10130 1520 5133 4150 
10131 4377 4547 2500 
10132 4224 5506 5341 
10133 3457 5078 3455 
10134 2935 5000 4999 
10135 4391 5184 3079 
10136 3203 5066 4876 
10137 4306 4940 4834 
10138 3689 5260 4650 
10139 5051 5454 3115 
10140 3756 5102 3757 
10141 2753 3839 2755 
10142 1828 5077 2165 
10143 4828 5356 3829 
10144 3410 5308 2201 
10145 3544 5038 3237 
10146 2787 4993 4836 
10147 5185 5287 3157 
10148 4598 5039 4597 
10149 1660 5059 297 
10150 5160 5372 3238 
10151 1103 5034 1102 
10152 452 5112 450 
10153 2399 5054 2400 
10154 4586 4822 2801 
10155 2481 5069 2221 
10156 597 5100 599 
10157 2606 5214 4979 
10158 4545 4880 4646 
10159 2857 5395 3380 
10160 4429 5418 5328 
10161 3358 5245 3058 
10162 2886 5107 3039 
10163 1973 5277 4641 
10164 560 5075 1278 
10165 2918 5141 5004 
10166 4825 5340 89 
10167 3127 5346 3458 
10168 4860 5007 305 
10169 1365 5086 627 
10170 4519 5154 2086 
10171 2896 5111 2898 
10172 3795 5321 4681 
10173 2768 5080 3337 
10174 4626 5243 2214 
10175 4632 5437 3934 
10176 5057 5248 2247 
10177 4466 5071 1727 
10178 4258 5104 1319 
10179 2911 5087 2879 
10180 2641 5179 2397 
10181 3534 5062 76 
10182 2882 5081 3894 
10183 3091 5163 4364 
10184 745 5095 743 
10185 752 5097 751 
10186 811 5130 4273 
10187 2858 5073 4473 
10188 4779 5284 610 
10189 4817 5240 4205 
10190 4933 5264 2732 
10191 3885 5084 2020 
10192 3771 5222 3772 
10193 2855 5040 4627 
10194 856 5118 853 
10195 128 5116 3460 
10196 4032 5427 694 
10197 4868 4973 4292 
10198 3255 5286 4996 
10199 4999 5000 3958 
10200 1108 5083 3906 
10201 577 5091 579 
10202 4688 5150 2936 
10203 3697 5103 2916 
10204 3146 5507 5201 
10205 2529 5222 4991 
10206 3189 4169 4168 
10207 3455 5078 4788 
10208 4102 5415 4927 
10209 3949 5436 4761 
10210 2065 5221 5102 
10211 2092 4939 1784 
10212 4315 5015 4886 
10213 610 5285 4794 
10214 425 5156 4200 
10215 804 5263 802 
10216 4359 5191 3080 
10217 3102 5314 4949 
10218 3143 5063 3141 
10219 463 5152 4291 
10220 3654 5029 2868 
10221 2254 5181 4714 
10222 3103 5099 4810 
10223 2356 5024 2354 
10224 4893 4972 1498 
10225 839 5072 2036 
10226 4107 5317 3660 
10227 4849 5473 284 
10228 3116 5297 3404 
10229 139 5088 4445 
10230 1442 5105 1440 
10231 4767 5032 3085 
10232 3041 5346 5249 
10233 3425 5217 74 
10234 3282 5100 3194 
10235 976 5085 1303 
10236 5087 5250 4497 
10237 2754 4879 2224 
10238 2958 5089 4379 
10239 3252 5076 4985 
10240 5047 5135 2150 
10241 5048 5165 2870 
10242 1565 5117 1862 
10243 3894 5081 4973 
10244 3757 5102 4989 
10245 5109 5255 3190 
10246 2808 4970 4863 
10247 5025 5405 4284 
10248 3163 5470 3162 
10249 3780 5397 5295 
10250 3135 5503 5031 
10251 5154 5302 2086 
10252 3332 5213 3397 
10253 4343 5108 1663 
10254 3374 5352 1172 
10255 4993 5129 3105 
10256 5118 5336 3583 
10257 1773 5114 2974 
10258 1588 5065 4017 
10259 3941 5113 3094 
10260 4728 4856 3001 
10261 1228 5106 1230 
10262 3094 5113 4950 
10263 2978 5124 2979 
10264 3159 5357 2426 
10265 3142 5145 3352 
10266 666 5446 664 
10267 1668 5123 4378 
10268 2069 5314 4207 
10269 4211 4708 2927 
10270 4764 5417 1607 
10271 4689 5469 465 
10272 3644 5139 3645 
10273 3093 5311 4509 
10274 3089 5163 3090 
10275 322 5119 320 
10276 2856 5154 4519 
10277 4331 5148 3009 
10278 3416 5477 3074 
10279 3268 5364 3081 
10280 2812 5126 2203 
10281 2926 5360 4362 
10282 2426 5357 5234 
10283 252 5120 250 
10284 4224 5341 2731 
10285 5236 5505 1364 
10286 2802 5130 3205 
10287 802 5263 846 
10288 4551 5163 3091 
10289 4937 5454 2168 
10290 3626 5098 3625 
10291 3065 4972 4893 
10292 3281 5032 4767 
10293 2923 5127 2924 
10294 4886 5015 1636 
10295 4978 5194 2890 
10296 4729 5212 2861 
10297 4823 5049 1633 
10298 4910 4951 880 
10299 3047 5190 4415 
10300 290 5366 292 
10301 2082 4966 4950 
10302 3035 5162 2784 
10303 3353 5226 3354 
10304 673 5479 4969 
10305 3331 5121 2891 
10306 4460 5115 3216 
10307 4938 5259 2453 
10308 111 5131 3522 
10309 4851 4989 3849 
10310 2979 5124 4854 
10311 4681 5321 5253 
10312 547 5142 531 
10313 5019 5136 3994 
10314 760 5270 1659 
10315 3754 5138 2353 
10316 5114 5151 2974 
10317 5010 5332 3876 
10318 3864 5242 5074 
10319 4900 4992 3462 
10320 1588 5229 5065 
10321 3905 5405 5025 
10322 3128 5134 2235 
10323 1388 5201 4064 
10324 1554 5175 3618 
10325 5032 5341 3085 
10326 5109 5110 4939 
10327 4512 5096 1453 
10328 2878 5162 5001 
10329 1581 5197 4713 
10330 2580 5146 3426 
10331 1289 5371 4827 
10332 1083 5137 967 
10333 4264 5140 3111 
10334 3105 5129 3742 
10335 1290 5143 1236 
10336 4983 5411 653 
10337 3542 4588 100 
10338 2919 5141 2918 
10339 3994 5136 2917 
10340 5170 5448 3278 
10341 2935 5125 5000 
10342 2782 5156 4762 
10343 3751 5169 2946 
10344 4882 5107 403 
10345 5091 5208 579 
10346 3082 5155 4337 
10347 3890 5160 2908 
10348 752 5238 5097 
10349 3174 5417 4764 
10350 2152 5399 3299 
10351 551 5164 548 
10352 3111 5149 3110 
10353 4129 5111 1416 
10354 3528 5463 99 
10355 3303 5144 3998 
10356 285 5150 4688 
10357 4795 5055 3364 
10358 2974 5151 4181 
10359 2399 5268 5054 
10360 4630 5193 4843 
10361 5124 5385 2359 
10362 4869 5029 2071 
10363 2798 5465 2797 
10364 5081 5195 1336 
10365 5033 5425 1561 
10366 4929 5068 3001 
10367 2407 5185 5079 
10368 2904 5225 3123 
10369 4311 5132 1619 
10370 4843 5193 3124 
10371 2756 5158 3274 
10372 82 5496 3453 
10373 4669 5297 3116 
10374 4293 5422 2138 
10375 4352 5333 4353 
10376 3861 5234 3862 
10377 3535 5204 102 
10378 5046 5354 1846 
10379 4195 5217 3425 
10380 5140 5210 3523 
10381 2352 5155 2315 
10382 3232 5430 3231 
10383 5012 5450 2931 
10384 2447 5170 2164 
10385 4872 5333 4855 
10386 4800 5334 4801 
10387 5174 5209 4465 
10388 114 5148 4584 
10389 2877 5491 5003 
10390 2836 5159 3208 
10391 4375 5444 4219 
10392 1077 5166 3782 
10393 2987 5176 3277 
10394 4894 5280 2859 
10395 3946 5174 3944 
10396 4277 5448 4898 
10397 4584 5148 4331 
10398 3525 5379 4873 
10399 1998 5196 1463 
10400 4962 5079 4198 
10401 2866 5174 4465 
10402 3848 5123 3847 
10403 3924 5158 4621 
10404 2414 5168 2841 
10405 5341 5506 3084 
10406 2870 5165 4062 
10407 4971 5160 3890 
10408 3681 5239 1436 
10409 3411 5308 3410 
10410 3 3388 97 
10411 4347 5188 889 
10412 5049 5288 3859 
10413 576 5172 574 
10414 3444 5271 2735 
10415 3118 5180 3119 
10416 340 5397 3780 
10417 5073 5168 2414 
10418 5224 5386 1666 
10419 3734 5394 4982 
10420 3063 5202 3988 
10421 111 5223 5131 
10422 3367 5271 3444 
10423 3229 4425 2805 
10424 5332 5483 4391 
10425 3452 5380 1245 
10426 3498 5171 3497 
10427 1823 5309 3427 
10428 2426 5234 3861 
10429 3165 5162 2878 
10430 1110 5182 1161 
10431 3113 5197 3295 
10432 3293 5331 4811 
10433 3322 5240 4817 
10434 3157 5287 4219 
10435 2417 5329 4997 
10436 3658 5157 3659 
10437 4216 5194 810 
10438 4621 5158 2756 
10439 1142 5186 4208 
10440 798 5173 796 
10441 3677 5181 2254 
10442 2841 5187 3185 
10443 3603 5070 3602 
10444 4433 5336 1033 
10445 4942 5188 4300 
10446 4525 5167 2949 
10447 3946 5209 5174 
10448 3110 5149 5043 
10449 1336 5195 769 
10450 4582 5389 3128 
10451 3574 5361 2356 
10452 2119 5192 2488 
10453 5060 5421 31 
10454 2346 5297 4669 
10455 1890 5068 4929 
10456 3025 5200 2947 
10457 2246 5305 2247 
10458 4762 5156 425 
10459 3186 5432 5011 
10460 5035 5099 3103 
10461 5137 5251 967 
10462 1607 5417 4915 
10463 2150 5135 3846 
10464 691 5227 677 
10465 2938 5351 4741 
10466 2927 5265 3871 
10467 3786 5383 5095 
10468 3216 5199 2661 
10469 5013 5186 1142 
10470 2641 5326 5179 
10471 807 5235 812 
10472 4724 5291 4746 
10473 2408 5185 2407 
10474 4794 5285 3044 
10475 4067 5212 4729 
10476 3523 5210 103 
10477 579 5208 581 
10478 2408 5287 5185 
10479 3819 5504 3818 
10480 3076 5221 3075 
10481 3950 5209 3946 
10482 5326 5352 3201 
10483 2919 5282 5141 
10484 3197 5207 3378 
10485 5085 5169 3751 
10486 2958 5304 5089 
10487 2086 5302 189 
10488 3485 5191 96 
10489 3549 5493 2938 
10490 3275 5423 4930 
10491 52 5219 51 
10492 3435 5351 991 
10493 4571 5183 3796 
10494 5156 5406 4200 
10495 1909 5232 1837 
10496 335 5213 480 
10497 613 5231 615 
10498 3389 5215 3390 
10499 4066 5212 4067 
10500 1327 5366 290 
10501 3941 5294 5113 
10502 3195 5302 5154 
10503 719 5224 723 
10504 2912 5471 3880 
10505 3752 5434 3100 
10506 2453 5259 3176 
10507 3074 5477 2495 
10508 3397 5420 5127 
10509 486 5147 4585 
10510 763 5238 752 
10511 1441 5220 1443 
10512 4050 5222 2529 
10513 1425 5452 4905 
10514 3316 5190 3047 
10515 3014 5290 5131 
10516 3048 5206 3467 
10517 3642 5203 1584 
10518 3079 5316 4954 
10519 4622 5303 68 
10520 4101 5215 1157 
10521 3513 5223 111 
10522 4361 5465 2798 
10523 3531 5202 3532 
10524 3418 5227 3363 
10525 1955 5403 1956 
10526 4810 5099 3477 
10527 4415 5190 2432 
10528 4150 5273 1524 
10529 4975 5350 417 
10530 2468 5242 3864 
10531 3730 5214 2606 
10532 3478 5419 1124 
10533 2609 5233 2608 
10534 1571 5230 668 
10535 4465 5209 1957 
10536 4542 5445 3104 
10537 3693 5418 2712 
10538 4253 5226 2182 
10539 3059 5293 3060 
10540 3659 5157 5086 
10541 1803 5276 1804 
10542 3294 5184 4013 
10543 5350 5468 417 
10544 5165 5295 4062 
10545 3821 5504 3819 
10546 1425 5450 3672 
10547 4541 5326 2641 
10548 2208 5255 2092 
10549 3692 5273 2996 
10550 1810 5267 1808 
10551 2387 5228 2320 
10552 380 5272 3916 
10553 102 5204 4684 
10554 3051 5299 4951 
10555 4820 5264 4158 
10556 926 5291 4724 
10557 4541 5352 5326 
10558 2565 5423 4781 
10559 4998 5128 2854 
10560 4855 5333 4352 
10561 2553 5244 2336 
10562 846 5263 4776 
10563 3101 5237 2387 
10564 3319 5240 3322 
10565 2807 5177 4545 
10566 4778 5363 3086 
10567 2447 5448 5170 
10568 1972 5248 1973 
10569 2145 5319 3179 
10570 3190 5255 4323 
10571 1991 5312 2610 
10572 3039 5107 4882 
10573 2495 5477 3396 
10574 216 5252 219 
10575 4001 5229 1588 
10576 5123 5424 4378 
10577 967 5251 934 
10578 2901 5392 3839 
10579 4776 5263 3438 
10580 4448 5256 3562 
10581 2776 5241 3739 
10582 3108 5179 5016 
10583 4572 5415 4102 
10584 37 5247 85 
10585 4876 5066 3109 
10586 2712 5418 4429 
10587 3539 5254 107 
10588 85 5247 5136 
10589 294 5257 502 
10590 3137 5328 3138 
10591 4543 5258 4544 
10592 3098 5482 3097 
10593 3204 5292 3096 
10594 4303 5291 4635 
10595 3080 5391 4350 
10596 1693 5329 1722 
10597 5023 5368 1637 
10598 5253 5485 4026 
10599 5088 5189 4445 
10600 1364 5505 4551 
10601 2765 5327 3272 
10602 3329 5266 3327 
10603 4680 5246 4228 
10604 1862 5434 4414 
10605 3360 5211 2815 
10606 4131 5250 1231 
10607 694 5427 4960 
10608 522 5274 515 
10609 3859 5288 3918 
10610 2851 5286 4184 
10611 4161 5279 1911 
10612 3421 5449 3146 
10613 3878 5268 2399 
10614 9 5269 8 
10615 3436 5311 3093 
10616 5194 5413 2890 
10617 4603 5246 3741 
10618 4242 5289 2487 
10619 3529 5361 3528 
10620 3184 5284 2759 
10621 3848 5424 5123 
10622 3146 5449 2853 
10623 3953 5500 3251 
10624 3107 5282 2919 
10625 27 5283 26 
10626 3201 5352 3374 
10627 1509 5281 1990 
10628 810 5194 4978 
10629 5103 5312 2437 
10630 4650 5260 2461 
10631 2841 5204 5187 
10632 5186 5364 4208 
10633 3189 5218 2157 
10634 3357 5280 2486 
10635 3513 5325 5223 
10636 3348 5468 3349 
10637 2952 5297 2346 
10638 4062 5295 3042 
10639 2527 5299 3051 
10640 2092 5255 5109 
10641 4635 5291 926 
10642 4414 5434 3752 
10643 5041 5412 3556 
10644 2047 5304 2958 
10645 951 5317 1020 
10646 701 5298 3810 
10647 46 5300 45 
10648 3298 5272 4287 
10649 4324 5474 3159 
10650 104 5198 4361 
10651 2201 5308 3834 
10652 5008 5154 2856 
10653 2502 5293 4705 
10654 5148 5502 3009 
10655 1256 5236 1258 
10656 799 5322 801 
10657 2885 5296 3283 
10658 2735 5271 3987 
10659 3393 5422 5143 
10660 2928 5399 5265 
10661 3246 5306 3247 
10662 3043 5294 3941 
10663 2928 5265 4708 
10664 3847 5287 2408 
10665 4951 5299 2906 
10666 3797 5321 3795 
10667 5116 5407 3515 
10668 98 5502 3538 
10669 2047 5455 5304 
10670 3045 5307 3391 
10671 2407 5079 4962 
10672 3563 5363 4778 
10673 5200 5492 3285 
10674 5021 5153 4516 
10675 3949 5313 3947 
10676 3221 5315 2942 
10677 224 5278 4166 
10678 3305 5314 3102 
10679 3741 5246 4680 
10680 5244 5398 2336 
10681 4218 5302 3195 
10682 3200 5326 3201 
10683 3295 5197 3817 
10684 2468 5401 5242 
10685 3817 5197 1581 
10686 3583 5336 3581 
10687 1145 5310 1192 
10688 5000 5125 88 
10689 94 5325 3513 
10690 5356 5400 3753 
10691 3251 5500 3276 
10692 5179 5326 3200 
10693 4746 5291 4303 
10694 3561 5320 3565 
10695 5134 5389 3007 
10696 784 5339 785 
10697 3085 5341 3084 
10698 4694 5442 4659 
10699 5055 5441 3418 
10700 3876 5332 3078 
10701 2823 5333 4872 
10702 5201 5507 4064 
10703 2483 5335 2295 
10704 96 5191 4419 
10705 2486 5280 4673 
10706 3041 5373 3172 
10707 313 5337 315 
10708 3483 5358 3548 
10709 5277 5338 3188 
10710 3186 5340 2742 
10711 1010 5355 1008 
10712 3420 5152 3557 
10713 3154 5344 3153 
10714 664 5446 721 
10715 3345 5331 3342 
10716 2214 5243 1435 
10717 5289 5471 2487 
10718 2342 5342 2367 
10719 4826 5416 2980 
10720 3720 5440 5147 
10721 4705 5293 3059 
10722 95 5460 3484 
10723 3159 5474 5357 
10724 189 5444 4375 
10725 991 5351 4830 
10726 3872 5323 3132 
10727 5102 5221 3076 
10728 3188 5338 3187 
10729 4932 5315 924 
10730 4996 5286 2851 
10731 4830 5351 2938 
10732 4760 5427 4032 
10733 3989 5345 2081 
10734 5225 5318 3123 
10735 2015 5343 2760 
10736 2616 5372 5160 
10737 5320 5353 3565 
10738 2760 5346 3041 
10739 3272 5360 3092 
10740 1846 5354 4162 
10741 917 5356 3753 
10742 5126 5451 3291 
10743 1524 5273 3692 
10744 2933 5449 4232 
10745 521 5348 534 
10746 4781 5423 3155 
10747 5234 5357 3198 
10748 3149 5396 3147 
10749 5302 5444 189 
10750 3071 5382 5261 
10751 4811 5331 3345 
10752 4362 5360 3272 
10753 3565 5353 426 
10754 4976 5377 2531 
10755 4119 5359 2044 
10756 4464 5393 2536 
10757 1109 5376 1090 
10758 3412 5367 3411 
10759 4191 5006 3840 
10760 1245 5380 2450 
10761 5312 5445 2610 
10762 4641 5277 3188 
10763 5295 5397 3042 
10764 3198 5357 3735 
10765 3507 5349 3518 
10766 2980 5416 4920 
10767 1881 5462 5105 
10768 296 5365 298 
10769 2519 5428 3977 
10770 4336 5483 2619 
10771 1211 5363 3563 
10772 4445 5189 4829 
10773 4208 5364 1695 
10774 1606 5006 4191 
10775 2 5058 69 
10776 4691 5478 1387 
10777 4483 5347 2961 
10778 1225 5369 1129 
10779 1578 5458 5056 
10780 4086 5374 4087 
10781 3175 5377 3398 
10782 4340 5372 2616 
10783 2359 5385 1730 
10784 945 5388 1372 
10785 3528 5361 3574 
10786 4084 5461 5133 
10787 4117 5370 4116 
10788 3278 5448 4277 
10789 3343 5383 4397 
10790 106 5391 3485 
10791 4681 5253 3012 
10792 3219 5386 3220 
10793 2550 5384 4203 
10794 5276 5472 3440 
10795 4353 5333 2823 
10796 2403 5387 3260 
10797 3856 5330 2639 
10798 3584 5381 3582 
10799 4564 5499 5324 
10800 4246 5379 2457 
10801 1750 5390 2012 
10802 4789 5405 3905 
10803 99 5463 3481 
10804 3042 5397 3307 
10805 3969 5401 2468 
10806 1580 5431 4937 
10807 889 5188 4942 
10808 799 5480 5322 
10809 3242 5382 3071 
10810 2336 5398 2335 
10811 1306 5402 1274 
10812 3556 5412 3551 
10813 3191 5205 5110 
10814 2797 5465 2818 
10815 3440 5319 3133 
10816 3123 5318 4682 
10817 2745 5495 5138 
10818 653 5411 655 
10819 3109 5460 4774 
10820 4300 5414 4947 
10821 5016 5179 3200 
10822 3309 5417 3174 
10823 4741 5351 3435 
10824 3753 5400 1812 
10825 1594 5404 4125 
10826 4369 5378 2233 
10827 2938 5493 4830 
10828 2929 5399 2928 
10829 4506 5395 2857 
10830 1584 5409 806 
10831 31 5421 32 
10832 5110 5408 4939 
10833 2899 5429 2897 
10834 3138 5418 3693 
10835 4284 5405 2830 
10836 3155 5423 3275 
10837 412 5420 339 
10838 1502 5506 4224 
10839 1561 5425 4012 
10840 3839 5392 3840 
10841 3697 5445 5312 
10842 2732 5264 4820 
10843 3071 5261 3653 
10844 2563 5439 4459 
10845 3354 5410 4241 
10846 251 5435 253 
10847 3392 5422 3393 
10848 3988 5407 3070 
10849 2413 5433 2146 
10850 2356 5361 5093 
10851 681 5441 1373 
10852 2991 5440 3875 
10853 2933 3537 2852 
10854 4378 5424 180 
10855 1812 5443 3651 
10856 3125 5469 4689 
10857 4915 5417 3309 
10858 2931 5450 4905 
10859 2169 5455 2047 
10860 4731 5428 3273 
10861 68 5303 4959 
10862 5072 5101 2036 
10863 2223 5497 5064 
10864 4358 5128 4998 
10865 3878 5456 5268 
10866 1393 5153 5021 
10867 2610 5445 4542 
10868 1346 5459 1344 
10869 3218 5453 3217 
10870 2402 5464 2350 
10871 3304 5462 3302 
10872 1523 5488 1757 
10873 3178 5466 3177 
10874 3114 5431 4238 
10875 3257 5505 3256 
10876 3579 5438 3580 
10877 4865 5249 3127 
10878 2487 5471 4220 
10879 4774 5358 4676 
10880 3224 5469 3125 
10881 3300 5473 3151 
10882 5191 5391 3080 
10883 2458 5475 3214 
10884 3735 5474 1190 
10885 671 5479 673 
10886 3046 5498 2482 
10887 1956 5485 2297 
10888 3687 5375 4512 
10889 3236 5499 2932 
10890 164 5481 132 
10891 2325 5491 2877 
10892 4064 5507 1606 
10893 1511 5430 3976 
10894 797 5480 799 
10895 3489 5497 3490 
10896 903 5484 3789 
10897 2618 5426 4339 
10898 741 5494 739 
10899 3253 5467 2017 
10900 3084 5506 4865 
10901 417 5468 4771 
10902 656 5489 654 
10903 4087 5478 3225 
10904 3009 5502 4341 
10905 2346 5492 1691 
10906 3351 5490 3144 
10907 4232 5449 3421 
10908 1231 5250 5087 
10909 4219 5444 4218 
10910 4830 5493 980 
10911 4131 5457 5250 
10912 2890 5413 4596 
10913 1242 5275 4804 
10914 4132 5457 4131 
10915 4771 5468 3348 
10916 3104 5445 3697 
10917 4218 5444 5302 
10918 4313 5436 4592 
10919 4609 5486 3020 
10920 4126 5501 545 
10921 3209 5248 5057 
10922 3005 5394 4770 
10923 1392 5500 3953 
10924 3628 5508 3629 
10925 1794 5503 3721 
10926 2572 5324 3914 
10927 2730 5456 3878 
10928 3195 5154 5008 
10929 2948 5427 4760 
10930 92 5344 4931 
10931 1614 5373 4155 
10932 4661 5490 1241 
10933 1172 5352 4541 
10934 4545 5177 4880 
10935 2165 5486 4609 
10936 2781 5371 4314 
10937 4774 5460 95 
10938 4866 5403 3073 
10939 5400 5443 1812 
10940 4503 5476 3903 
10941 3225 5478 4691 
10942 5011 5432 3495 
10943 3217 5453 5288 
10944 2937 5508 3628 
10945 4673 5280 4894 
10946 3962 5437 4632 
10947 4905 5450 1425 
10948 3685 5389 4582 
10949 3088 5442 4694 
10950 3977 5428 4731 
10951 2773 5301 4845 
10952 3916 5272 3298 
10953 1956 5403 4866 
10954 5162 5406 2784 
10955 4676 5358 3483 
10956 2922 5334 4800 
10957 3306 5350 4975 
10958 2967 5432 4587 
10959 2378 5447 3420 
10960 5104 5225 2904 
10961 5140 5290 3111 
10962 3256 5505 5236 
10963 3058 5245 4952 
10964 4659 5442 3677 
10965 5328 5418 3138 
10966 5053 5403 1955 
10967 3485 5391 5191 
10968 5031 5503 3387 
10969 2830 5405 4789 
10970 5357 5474 3735 
10971 1659 5270 5145 
10972 3165 5406 5162 
10973 4912 5360 2926 
10974 5260 5472 2461 
10975 4341 5502 98 
10976 4888 5350 3306 
10977 4258 5225 5104 
10978 5253 5321 2297 
10979 3144 5490 4661 
10980 4954 5316 2501 
10981 3388 5067 97 
10982 4947 5414 2837 
10983 5121 5366 1327 
10984 3100 5434 5117 
10985 4939 5408 2442 
10986 5095 5383 3343 
10987 4178 5392 2901 
10988 4734 5451 2915 
10989 1373 5441 5055 
10990 3406 5458 4783 
10991 3554 5258 5178 
10992 3380 5395 4878 
10993 5123 5362 3847 
10994 2993 5461 4826 
10995 4682 5318 3774 
10996 3340 5368 5023 
10997 5178 5258 4543 
10998 4931 5344 3154 
10999 1124 5419 5099 
11000 3097 5482 5108 
11001 4997 5329 3308 
11002 4865 5506 1502 
11003 5093 5487 2356 
11004 464 5367 4887 
11005 5187 5204 3535 
11006 3073 5403 5053 
11007 4887 5367 3412 
11008 5099 5419 3477 
11009 4905 5452 2880 
11010 2247 5305 5256 
11011 5147 5440 2991 
11012 5127 5420 412 
11013 2092 5109 4939 
11014 3176 5259 5216 
11015 4722 5378 3129 
11016 4982 5394 3005 
11017 4898 5448 2447 
11018 3398 5377 4976 
11019 3697 5312 5103 
11020 5145 5270 3352 
11021 180 5424 5082 
11022 4927 5415 4255 
11023 4937 5431 3114 
11024 5196 5328 3137 
11025 3220 5386 5224 
11026 3523 5290 5140 
11027 5024 5487 3160 
11028 5017 5368 3340 
11029 5214 5425 3261 
11030 5216 5259 3307 
11031 4960 5427 2948 
11032 5249 5346 3127 
11033 1998 5328 5196 
11034 4309 5495 4964 
11035 1668 5362 5123 
11036 3070 5407 5116 
11037 5077 5486 2165 
11038 5256 5305 3562 
11039 153 5408 5110 
11040 2619 5483 5332 
11041 3331 5366 5121 
11042 2168 5454 5020 
11043 721 5446 5207 
11044 5056 5458 3406 
11045 4708 5265 2927 
11046 3129 5378 4369 
11047 5282 5393 4464 
11048 3128 5389 5134 
11049 5117 5434 1862 
11050 2915 5451 5126 
11051 5105 5462 3304 
11052 1691 5492 5200 
11053 5093 5361 3529 
11054 5108 5482 1663 
11055 2450 5380 5338 
11056 3147 5396 5353 
11057 2356 5487 5024 
11058 3107 5393 5282 
11059 5133 5461 2993 
11060 5101 5508 2937 
11061 5207 5446 3378 
11062 5138 5495 4309 
11063 5338 5380 3187 
11064 5064 5497 3489 
11065 5353 5396 426 
11066 2297 5485 5253 
11067 5416 5461 4084 
11068 5324 5499 3236 
11069 4826 5461 5416 
11070 1606 5507 5006 
11071 1 65 3 
11072 1 4383 65 
11073 69 3527 2 
11074 3163 3164 2446 
$EndElements
